timestamp,_header_stamp_sec,_header_stamp_nanosec,_header_frame_id,_child_frame_id,_pose_pose_position_x,_pose_pose_position_y,_pose_pose_position_z,_pose_pose_orientation_x,_pose_pose_orientation_y,_pose_pose_orientation_z,_pose_pose_orientation_w,_pose_covariance_0,_pose_covariance_1,_pose_covariance_2,_pose_covariance_3,_pose_covariance_4,_pose_covariance_5,_pose_covariance_6,_pose_covariance_7,_pose_covariance_8,_pose_covariance_9,_pose_covariance_10,_pose_covariance_11,_pose_covariance_12,_pose_covariance_13,_pose_covariance_14,_pose_covariance_15,_pose_covariance_16,_pose_covariance_17,_pose_covariance_18,_pose_covariance_19,_pose_covariance_20,_pose_covariance_21,_pose_covariance_22,_pose_covariance_23,_pose_covariance_24,_pose_covariance_25,_pose_covariance_26,_pose_covariance_27,_pose_covariance_28,_pose_covariance_29,_pose_covariance_30,_pose_covariance_31,_pose_covariance_32,_pose_covariance_33,_pose_covariance_34,_pose_covariance_35,_twist_twist_linear_x,_twist_twist_linear_y,_twist_twist_linear_z,_twist_twist_angular_x,_twist_twist_angular_y,_twist_twist_angular_z,_twist_covariance_0,_twist_covariance_1,_twist_covariance_2,_twist_covariance_3,_twist_covariance_4,_twist_covariance_5,_twist_covariance_6,_twist_covariance_7,_twist_covariance_8,_twist_covariance_9,_twist_covariance_10,_twist_covariance_11,_twist_covariance_12,_twist_covariance_13,_twist_covariance_14,_twist_covariance_15,_twist_covariance_16,_twist_covariance_17,_twist_covariance_18,_twist_covariance_19,_twist_covariance_20,_twist_covariance_21,_twist_covariance_22,_twist_covariance_23,_twist_covariance_24,_twist_covariance_25,_twist_covariance_26,_twist_covariance_27,_twist_covariance_28,_twist_covariance_29,_twist_covariance_30,_twist_covariance_31,_twist_covariance_32,_twist_covariance_33,_twist_covariance_34,_twist_covariance_35
101000000,0,100000000,Archimede_odom,Archimede_base_link,-5.803613544393509,11.697849566906733,346.0996003926438,-0.11873231826693131,0.1761496146949139,0.9766604627395237,0.03175358819429688,0.0,0.0,0.0,0.0,0.0,0.0,0.0,0.0,0.0,0.0,0.0,0.0,0.0,0.0,0.0,0.0,0.0,0.0,0.0,0.0,0.0,0.0,0.0,0.0,0.0,0.0,0.0,0.0,0.0,0.0,0.0,0.0,0.0,0.0,0.0,0.0,0.28655352076081153,0.00858223592588373,0.007190893616616935,-0.05605411487071675,-0.07820599128035144,0.0007568692460548723,0.0,0.0,0.0,0.0,0.0,0.0,0.0,0.0,0.0,0.0,0.0,0.0,0.0,0.0,0.0,0.0,0.0,0.0,0.0,0.0,0.0,0.0,0.0,0.0,0.0,0.0,0.0,0.0,0.0,0.0,0.0,0.0,0.0,0.0,0.0,0.0
200000000,0,200000000,Archimede_odom,Archimede_base_link,-5.832156458958453,11.69887228337079,346.09298857304145,-0.11684824689089474,0.17671068919408697,0.9767738628777599,0.03213472143857083,0.0,0.0,0.0,0.0,0.0,0.0,0.0,0.0,0.0,0.0,0.0,0.0,0.0,0.0,0.0,0.0,0.0,0.0,0.0,0.0,0.0,0.0,0.0,0.0,0.0,0.0,0.0,0.0,0.0,0.0,0.0,0.0,0.0,0.0,0.0,0.0,0.2988865331660705,-0.010670680766525727,0.006747900413453431,0.06609011640085909,-0.0018069340262698804,0.0005301147990050278,0.0,0.0,0.0,0.0,0.0,0.0,0.0,0.0,0.0,0.0,0.0,0.0,0.0,0.0,0.0,0.0,0.0,0.0,0.0,0.0,0.0,0.0,0.0,0.0,0.0,0.0,0.0,0.0,0.0,0.0,0.0,0.0,0.0,0.0,0.0,0.0
300000000,0,300000000,Archimede_odom,Archimede_base_link,-5.861674916143816,11.701858829290781,346.0857214852716,-0.11835837512795207,0.18337992715775311,0.9753472138163005,0.03257161115861516,0.0,0.0,0.0,0.0,0.0,0.0,0.0,0.0,0.0,0.0,0.0,0.0,0.0,0.0,0.0,0.0,0.0,0.0,0.0,0.0,0.0,0.0,0.0,0.0,0.0,0.0,0.0,0.0,0.0,0.0,0.0,0.0,0.0,0.0,0.0,0.0,0.3095037026764177,-0.03063558358769764,0.010468141711213014,0.19155360940085306,0.0675948116893328,0.0008466602412849969,0.0,0.0,0.0,0.0,0.0,0.0,0.0,0.0,0.0,0.0,0.0,0.0,0.0,0.0,0.0,0.0,0.0,0.0,0.0,0.0,0.0,0.0,0.0,0.0,0.0,0.0,0.0,0.0,0.0,0.0,0.0,0.0,0.0,0.0,0.0,0.0
400000000,0,400000000,Archimede_odom,Archimede_base_link,-5.8903595412672916,11.703235614307522,346.07934011521775,-0.11672090501262043,0.184595372476737,0.9753017045299297,0.032975201807165656,0.0,0.0,0.0,0.0,0.0,0.0,0.0,0.0,0.0,0.0,0.0,0.0,0.0,0.0,0.0,0.0,0.0,0.0,0.0,0.0,0.0,0.0,0.0,0.0,0.0,0.0,0.0,0.0,0.0,0.0,0.0,0.0,0.0,0.0,0.0,0.0,0.2884618170811423,0.004267786266537147,0.009151368404184986,-0.0285156128460591,-0.06549895774150771,0.0006555204833986354,0.0,0.0,0.0,0.0,0.0,0.0,0.0,0.0,0.0,0.0,0.0,0.0,0.0,0.0,0.0,0.0,0.0,0.0,0.0,0.0,0.0,0.0,0.0,0.0,0.0,0.0,0.0,0.0,0.0,0.0,0.0,0.0,0.0,0.0,0.0,0.0
500000000,0,500000000,Archimede_odom,Archimede_base_link,-5.919120909279373,11.704800149681832,346.07287138805594,-0.11545533220433915,0.18647444012115796,0.9750804434485016,0.033398776195545085,0.0,0.0,0.0,0.0,0.0,0.0,0.0,0.0,0.0,0.0,0.0,0.0,0.0,0.0,0.0,0.0,0.0,0.0,0.0,0.0,0.0,0.0,0.0,0.0,0.0,0.0,0.0,0.0,0.0,0.0,0.0,0.0,0.0,0.0,0.0,0.0,0.3003543345008426,-0.015216022306498083,0.008643681455838218,0.09477993052132352,0.009053645323517883,0.0005597690495806884,0.0,0.0,0.0,0.0,0.0,0.0,0.0,0.0,0.0,0.0,0.0,0.0,0.0,0.0,0.0,0.0,0.0,0.0,0.0,0.0,0.0,0.0,0.0,0.0,0.0,0.0,0.0,0.0,0.0,0.0,0.0,0.0,0.0,0.0,0.0,0.0
600000000,0,600000000,Archimede_odom,Archimede_base_link,-5.9480071937293655,11.706595448531559,346.0662917360719,-0.11457668336819259,0.18908049659170525,0.9746674677362579,0.03382420396062066,0.0,0.0,0.0,0.0,0.0,0.0,0.0,0.0,0.0,0.0,0.0,0.0,0.0,0.0,0.0,0.0,0.0,0.0,0.0,0.0,0.0,0.0,0.0,0.0,0.0,0.0,0.0,0.0,0.0,0.0,0.0,0.0,0.0,0.0,0.0,0.0,0.29140100092993215,-0.0014517949466523064,0.010114022216583226,0.009192511725052373,-0.04838336319805462,0.0005121242992610651,0.0,0.0,0.0,0.0,0.0,0.0,0.0,0.0,0.0,0.0,0.0,0.0,0.0,0.0,0.0,0.0,0.0,0.0,0.0,0.0,0.0,0.0,0.0,0.0,0.0,0.0,0.0,0.0,0.0,0.0,0.0,0.0,0.0,0.0,0.0,0.0
701000000,0,700000000,Archimede_odom,Archimede_base_link,-5.976902556739106,11.708677669309433,346.05987279865894,-0.11374466051695227,0.19231936549246484,0.9741139418838649,0.03431387602613984,0.0,0.0,0.0,0.0,0.0,0.0,0.0,0.0,0.0,0.0,0.0,0.0,0.0,0.0,0.0,0.0,0.0,0.0,0.0,0.0,0.0,0.0,0.0,0.0,0.0,0.0,0.0,0.0,0.0,0.0,0.0,0.0,0.0,0.0,0.0,0.0,0.2952986427208461,-0.008906833314507588,0.010870874627121671,0.05244941952363066,-0.02400675334847072,0.0011389973847252977,0.0,0.0,0.0,0.0,0.0,0.0,0.0,0.0,0.0,0.0,0.0,0.0,0.0,0.0,0.0,0.0,0.0,0.0,0.0,0.0,0.0,0.0,0.0,0.0,0.0,0.0,0.0,0.0,0.0,0.0,0.0,0.0,0.0,0.0,0.0,0.0
800000000,0,800000000,Archimede_odom,Archimede_base_link,-6.0055767084792295,11.710258142283317,346.0535707193397,-0.11224216540553902,0.19405182856687994,0.9739278573968582,0.034786674478753596,0.0,0.0,0.0,0.0,0.0,0.0,0.0,0.0,0.0,0.0,0.0,0.0,0.0,0.0,0.0,0.0,0.0,0.0,0.0,0.0,0.0,0.0,0.0,0.0,0.0,0.0,0.0,0.0,0.0,0.0,0.0,0.0,0.0,0.0,0.0,0.0,0.29091608204534,0.0029007847887875526,0.0025311725084136813,-0.020814814858319024,-0.049309271508281405,0.0010063504719773147,0.0,0.0,0.0,0.0,0.0,0.0,0.0,0.0,0.0,0.0,0.0,0.0,0.0,0.0,0.0,0.0,0.0,0.0,0.0,0.0,0.0,0.0,0.0,0.0,0.0,0.0,0.0,0.0,0.0,0.0,0.0,0.0,0.0,0.0,0.0,0.0
900000000,0,900000000,Archimede_odom,Archimede_base_link,-6.034024148581306,11.71147733269579,346.0475318588187,-0.10996264408283409,0.1945294879531498,0.9740740084016805,0.03530327717479139,0.0,0.0,0.0,0.0,0.0,0.0,0.0,0.0,0.0,0.0,0.0,0.0,0.0,0.0,0.0,0.0,0.0,0.0,0.0,0.0,0.0,0.0,0.0,0.0,0.0,0.0,0.0,0.0,0.0,0.0,0.0,0.0,0.0,0.0,0.0,0.0,0.2916458541480923,-0.003230362324518532,0.007487903788970483,0.019862281857671273,-0.04142049000259667,-0.00024846886365633894,0.0,0.0,0.0,0.0,0.0,0.0,0.0,0.0,0.0,0.0,0.0,0.0,0.0,0.0,0.0,0.0,0.0,0.0,0.0,0.0,0.0,0.0,0.0,0.0,0.0,0.0,0.0,0.0,0.0,0.0,0.0,0.0,0.0,0.0,0.0,0.0
1001000000,1,0,Archimede_odom,Archimede_base_link,-6.062447798820083,11.712677913733406,346.04150296787816,-0.10764394333242025,0.19494160210574749,0.9742312933498274,0.03583211255583223,0.0,0.0,0.0,0.0,0.0,0.0,0.0,0.0,0.0,0.0,0.0,0.0,0.0,0.0,0.0,0.0,0.0,0.0,0.0,0.0,0.0,0.0,0.0,0.0,0.0,0.0,0.0,0.0,0.0,0.0,0.0,0.0,0.0,0.0,0.0,0.0,0.2905869052509544,-0.0016039608469933686,0.0059878818028158524,0.00932469757165891,-0.0477038422312683,-0.0003531225387850124,0.0,0.0,0.0,0.0,0.0,0.0,0.0,0.0,0.0,0.0,0.0,0.0,0.0,0.0,0.0,0.0,0.0,0.0,0.0,0.0,0.0,0.0,0.0,0.0,0.0,0.0,0.0,0.0,0.0,0.0,0.0,0.0,0.0,0.0,0.0,0.0
1100000000,1,100000000,Archimede_odom,Archimede_base_link,-6.090851008801967,11.713866696117824,346.03547496204044,-0.10530810050381849,0.1953087009940327,0.9743932351646762,0.03636672310804336,0.0,0.0,0.0,0.0,0.0,0.0,0.0,0.0,0.0,0.0,0.0,0.0,0.0,0.0,0.0,0.0,0.0,0.0,0.0,0.0,0.0,0.0,0.0,0.0,0.0,0.0,0.0,0.0,0.0,0.0,0.0,0.0,0.0,0.0,0.0,0.0,0.29051799714724025,-0.0016434374082108713,0.0045771767328611325,0.009357780769158792,-0.04766877401955192,-0.0004444764700382046,0.0,0.0,0.0,0.0,0.0,0.0,0.0,0.0,0.0,0.0,0.0,0.0,0.0,0.0,0.0,0.0,0.0,0.0,0.0,0.0,0.0,0.0,0.0,0.0,0.0,0.0,0.0,0.0,0.0,0.0,0.0,0.0,0.0,0.0,0.0,0.0
1200000000,1,200000000,Archimede_odom,Archimede_base_link,-6.119254141220333,11.715063808462075,346.0294559048825,-0.10299043983254812,0.195673730111005,0.974547615603664,0.03690129494688763,0.0,0.0,0.0,0.0,0.0,0.0,0.0,0.0,0.0,0.0,0.0,0.0,0.0,0.0,0.0,0.0,0.0,0.0,0.0,0.0,0.0,0.0,0.0,0.0,0.0,0.0,0.0,0.0,0.0,0.0,0.0,0.0,0.0,0.0,0.0,0.0,0.29122731637351074,-0.001571030341648482,0.004551365688003248,0.008960240816886463,-0.04422967420345983,-0.0004200150985992156,0.0,0.0,0.0,0.0,0.0,0.0,0.0,0.0,0.0,0.0,0.0,0.0,0.0,0.0,0.0,0.0,0.0,0.0,0.0,0.0,0.0,0.0,0.0,0.0,0.0,0.0,0.0,0.0,0.0,0.0,0.0,0.0,0.0,0.0,0.0,0.0
1300000000,1,300000000,Archimede_odom,Archimede_base_link,-6.147997196010995,11.716403552798885,346.02374334105104,-0.10118416766558487,0.19606591165367354,0.9746420548420593,0.037320067450163086,0.0,0.0,0.0,0.0,0.0,0.0,0.0,0.0,0.0,0.0,0.0,0.0,0.0,0.0,0.0,0.0,0.0,0.0,0.0,0.0,0.0,0.0,0.0,0.0,0.0,0.0,0.0,0.0,0.0,0.0,0.0,0.0,0.0,0.0,0.0,0.0,0.2933029910247596,-0.0013943521768363268,0.00618076267855198,0.00941747183680357,-0.03679861444195488,-0.00026292095298894295,0.0,0.0,0.0,0.0,0.0,0.0,0.0,0.0,0.0,0.0,0.0,0.0,0.0,0.0,0.0,0.0,0.0,0.0,0.0,0.0,0.0,0.0,0.0,0.0,0.0,0.0,0.0,0.0,0.0,0.0,0.0,0.0,0.0,0.0,0.0,0.0
1400000000,1,400000000,Archimede_odom,Archimede_base_link,-6.17674139614513,11.71784996834951,346.01809636128235,-0.0993691481305004,0.1966779648610963,0.9746885087444386,0.037760580761671,0.0,0.0,0.0,0.0,0.0,0.0,0.0,0.0,0.0,0.0,0.0,0.0,0.0,0.0,0.0,0.0,0.0,0.0,0.0,0.0,0.0,0.0,0.0,0.0,0.0,0.0,0.0,0.0,0.0,0.0,0.0,0.0,0.0,0.0,0.0,0.0,0.29320209960551236,-0.0023173829615184783,0.00638948954915067,0.01516521643462447,-0.036758803097772505,-0.00022831466835384687,0.0,0.0,0.0,0.0,0.0,0.0,0.0,0.0,0.0,0.0,0.0,0.0,0.0,0.0,0.0,0.0,0.0,0.0,0.0,0.0,0.0,0.0,0.0,0.0,0.0,0.0,0.0,0.0,0.0,0.0,0.0,0.0,0.0,0.0,0.0,0.0
1501000000,1,500000000,Archimede_odom,Archimede_base_link,-6.205488386280024,11.719321283598656,346.01246573638673,-0.09755153953012788,0.19734567156226857,0.9747195725551566,0.03821175118771684,0.0,0.0,0.0,0.0,0.0,0.0,0.0,0.0,0.0,0.0,0.0,0.0,0.0,0.0,0.0,0.0,0.0,0.0,0.0,0.0,0.0,0.0,0.0,0.0,0.0,0.0,0.0,0.0,0.0,0.0,0.0,0.0,0.0,0.0,0.0,0.0,0.2932613643626859,-0.0022723116663118798,0.0052927242848488185,0.015162009637345195,-0.03676936571863386,-0.00034915526987299074,0.0,0.0,0.0,0.0,0.0,0.0,0.0,0.0,0.0,0.0,0.0,0.0,0.0,0.0,0.0,0.0,0.0,0.0,0.0,0.0,0.0,0.0,0.0,0.0,0.0,0.0,0.0,0.0,0.0,0.0,0.0,0.0,0.0,0.0,0.0,0.0
1601000000,1,600000000,Archimede_odom,Archimede_base_link,-6.234238833027733,11.72078951780553,346.0068335395981,-0.09573413296552992,0.19801187890916802,0.9747466336415677,0.03866874449255763,0.0,0.0,0.0,0.0,0.0,0.0,0.0,0.0,0.0,0.0,0.0,0.0,0.0,0.0,0.0,0.0,0.0,0.0,0.0,0.0,0.0,0.0,0.0,0.0,0.0,0.0,0.0,0.0,0.0,0.0,0.0,0.0,0.0,0.0,0.0,0.0,0.29331368792105683,-0.002227860537123487,0.004198460386901938,0.015160258822553455,-0.03678290141209748,-0.0004691437321847132,0.0,0.0,0.0,0.0,0.0,0.0,0.0,0.0,0.0,0.0,0.0,0.0,0.0,0.0,0.0,0.0,0.0,0.0,0.0,0.0,0.0,0.0,0.0,0.0,0.0,0.0,0.0,0.0,0.0,0.0,0.0,0.0,0.0,0.0,0.0,0.0
1700000000,1,700000000,Archimede_odom,Archimede_base_link,-6.262986420693826,11.72248023383244,346.0013360037142,-0.09390256527253239,0.19913137360409652,0.9746769988021972,0.03916314961446909,0.0,0.0,0.0,0.0,0.0,0.0,0.0,0.0,0.0,0.0,0.0,0.0,0.0,0.0,0.0,0.0,0.0,0.0,0.0,0.0,0.0,0.0,0.0,0.0,0.0,0.0,0.0,0.0,0.0,0.0,0.0,0.0,0.0,0.0,0.0,0.0,0.29307542534165587,-0.003933036355600056,0.0054983102856601945,0.02564716110551176,-0.036692069530028334,-0.00034594265971742025,0.0,0.0,0.0,0.0,0.0,0.0,0.0,0.0,0.0,0.0,0.0,0.0,0.0,0.0,0.0,0.0,0.0,0.0,0.0,0.0,0.0,0.0,0.0,0.0,0.0,0.0,0.0,0.0,0.0,0.0,0.0,0.0,0.0,0.0,0.0,0.0
1800000000,1,800000000,Archimede_odom,Archimede_base_link,-6.291679185965598,11.724100227085302,345.9959001631906,-0.09189134015277892,0.19998546049912644,0.9746731695846106,0.03967379091752492,0.0,0.0,0.0,0.0,0.0,0.0,0.0,0.0,0.0,0.0,0.0,0.0,0.0,0.0,0.0,0.0,0.0,0.0,0.0,0.0,0.0,0.0,0.0,0.0,0.0,0.0,0.0,0.0,0.0,0.0,0.0,0.0,0.0,0.0,0.0,0.0,0.2885342896075351,0.004483482285491393,0.0019469913771191887,-0.028242076770822917,-0.06344235191277107,-3.379160170214647e-05,0.0,0.0,0.0,0.0,0.0,0.0,0.0,0.0,0.0,0.0,0.0,0.0,0.0,0.0,0.0,0.0,0.0,0.0,0.0,0.0,0.0,0.0,0.0,0.0,0.0,0.0,0.0,0.0,0.0,0.0,0.0,0.0,0.0,0.0,0.0,0.0
1900000000,1,900000000,Archimede_odom,Archimede_base_link,-6.320131879905394,11.725257144022216,345.9906993598185,-0.08902858258131546,0.1992984647255512,0.9750565093546086,0.04023477360202275,0.0,0.0,0.0,0.0,0.0,0.0,0.0,0.0,0.0,0.0,0.0,0.0,0.0,0.0,0.0,0.0,0.0,0.0,0.0,0.0,0.0,0.0,0.0,0.0,0.0,0.0,0.0,0.0,0.0,0.0,0.0,0.0,0.0,0.0,0.0,0.0,0.28970089814437233,0.0015955902844917995,0.0024213072076602767,-0.009216818924758514,-0.057836128898925275,-0.0005424587766966199,0.0,0.0,0.0,0.0,0.0,0.0,0.0,0.0,0.0,0.0,0.0,0.0,0.0,0.0,0.0,0.0,0.0,0.0,0.0,0.0,0.0,0.0,0.0,0.0,0.0,0.0,0.0,0.0,0.0,0.0,0.0,0.0,0.0,0.0,0.0,0.0
2000000000,2,0,Archimede_odom,Archimede_base_link,-6.348628187657312,11.726460634945344,345.9854665786528,-0.08626729947294136,0.1987925165422041,0.975384424303799,0.04080089746574007,0.0,0.0,0.0,0.0,0.0,0.0,0.0,0.0,0.0,0.0,0.0,0.0,0.0,0.0,0.0,0.0,0.0,0.0,0.0,0.0,0.0,0.0,0.0,0.0,0.0,0.0,0.0,0.0,0.0,0.0,0.0,0.0,0.0,0.0,0.0,0.0,0.290046803375842,0.0015231420564001973,0.0007269150595297284,-0.007944141386194717,-0.057112271108385196,-0.0007549712212324778,0.0,0.0,0.0,0.0,0.0,0.0,0.0,0.0,0.0,0.0,0.0,0.0,0.0,0.0,0.0,0.0,0.0,0.0,0.0,0.0,0.0,0.0,0.0,0.0,0.0,0.0,0.0,0.0,0.0,0.0,0.0,0.0,0.0,0.0,0.0,0.0
2100000000,2,100000000,Archimede_odom,Archimede_base_link,-6.377139584113641,11.727656547516087,345.980230105445,-0.08350548551647827,0.19828414944852732,0.9757039863341332,0.04137585065968858,0.0,0.0,0.0,0.0,0.0,0.0,0.0,0.0,0.0,0.0,0.0,0.0,0.0,0.0,0.0,0.0,0.0,0.0,0.0,0.0,0.0,0.0,0.0,0.0,0.0,0.0,0.0,0.0,0.0,0.0,0.0,0.0,0.0,0.0,0.0,0.0,0.2901672340332209,0.0016006525730063001,-0.0009666292167953901,-0.007940260767738544,-0.05713737199616235,-0.0009212915952783223,0.0,0.0,0.0,0.0,0.0,0.0,0.0,0.0,0.0,0.0,0.0,0.0,0.0,0.0,0.0,0.0,0.0,0.0,0.0,0.0,0.0,0.0,0.0,0.0,0.0,0.0,0.0,0.0,0.0,0.0,0.0,0.0,0.0,0.0,0.0,0.0
2200000000,2,200000000,Archimede_odom,Archimede_base_link,-6.4056592106230665,11.72884872664274,345.9749900511894,-0.08074364794713786,0.19777367988567163,0.9760151483649486,0.041957895833990226,0.0,0.0,0.0,0.0,0.0,0.0,0.0,0.0,0.0,0.0,0.0,0.0,0.0,0.0,0.0,0.0,0.0,0.0,0.0,0.0,0.0,0.0,0.0,0.0,0.0,0.0,0.0,0.0,0.0,0.0,0.0,0.0,0.0,0.0,0.0,0.0,0.29023249411184965,0.0016531841571903881,-0.0026577324360811195,-0.007935840847309786,-0.05715149354783901,-0.0010654129756709073,0.0,0.0,0.0,0.0,0.0,0.0,0.0,0.0,0.0,0.0,0.0,0.0,0.0,0.0,0.0,0.0,0.0,0.0,0.0,0.0,0.0,0.0,0.0,0.0,0.0,0.0,0.0,0.0,0.0,0.0,0.0,0.0,0.0,0.0,0.0,0.0
2300000000,2,300000000,Archimede_odom,Archimede_base_link,-6.434297041187682,11.730157936573947,345.9699260269493,-0.07827454556292275,0.19727539114624715,0.9762954938754292,0.042457322142886285,0.0,0.0,0.0,0.0,0.0,0.0,0.0,0.0,0.0,0.0,0.0,0.0,0.0,0.0,0.0,0.0,0.0,0.0,0.0,0.0,0.0,0.0,0.0,0.0,0.0,0.0,0.0,0.0,0.0,0.0,0.0,0.0,0.0,0.0,0.0,0.0,0.29234792123029396,0.0012411600026902233,0.0006157118553331785,-0.008057806667885133,-0.04423464992801266,-0.00010128949435173705,0.0,0.0,0.0,0.0,0.0,0.0,0.0,0.0,0.0,0.0,0.0,0.0,0.0,0.0,0.0,0.0,0.0,0.0,0.0,0.0,0.0,0.0,0.0,0.0,0.0,0.0,0.0,0.0,0.0,0.0,0.0,0.0,0.0,0.0,0.0,0.0
2400000000,2,400000000,Archimede_odom,Archimede_base_link,-6.463092977712565,11.731584889603146,345.9650642777555,-0.07613284042142543,0.19678780641214633,0.9765452355685516,0.04286901847749145,0.0,0.0,0.0,0.0,0.0,0.0,0.0,0.0,0.0,0.0,0.0,0.0,0.0,0.0,0.0,0.0,0.0,0.0,0.0,0.0,0.0,0.0,0.0,0.0,0.0,0.0,0.0,0.0,0.0,0.0,0.0,0.0,0.0,0.0,0.0,0.0,0.29242257089814366,0.0012762257270491045,-0.0007054165510761632,-0.008033068193169008,-0.04425965965813257,-0.0001777259671761986,0.0,0.0,0.0,0.0,0.0,0.0,0.0,0.0,0.0,0.0,0.0,0.0,0.0,0.0,0.0,0.0,0.0,0.0,0.0,0.0,0.0,0.0,0.0,0.0,0.0,0.0,0.0,0.0,0.0,0.0,0.0,0.0,0.0,0.0,0.0,0.0
2500000000,2,500000000,Archimede_odom,Archimede_base_link,-6.491898692259834,11.732993631826341,345.9601915315588,-0.07399179263969723,0.1962708973345724,0.9767955459221274,0.043282917509556956,0.0,0.0,0.0,0.0,0.0,0.0,0.0,0.0,0.0,0.0,0.0,0.0,0.0,0.0,0.0,0.0,0.0,0.0,0.0,0.0,0.0,0.0,0.0,0.0,0.0,0.0,0.0,0.0,0.0,0.0,0.0,0.0,0.0,0.0,0.0,0.0,0.29251472464632755,0.0014294327534040536,-0.0021707872665070777,-0.008690163263216796,-0.044283690210149905,-0.000268384683433281,0.0,0.0,0.0,0.0,0.0,0.0,0.0,0.0,0.0,0.0,0.0,0.0,0.0,0.0,0.0,0.0,0.0,0.0,0.0,0.0,0.0,0.0,0.0,0.0,0.0,0.0,0.0,0.0,0.0,0.0,0.0,0.0,0.0,0.0,0.0,0.0
2600000000,2,600000000,Archimede_odom,Archimede_base_link,-6.520713536610552,11.734396851452304,345.955315618362,-0.07185034373117126,0.19574885953285026,0.9770415314517313,0.04370077706124464,0.0,0.0,0.0,0.0,0.0,0.0,0.0,0.0,0.0,0.0,0.0,0.0,0.0,0.0,0.0,0.0,0.0,0.0,0.0,0.0,0.0,0.0,0.0,0.0,0.0,0.0,0.0,0.0,0.0,0.0,0.0,0.0,0.0,0.0,0.0,0.0,0.2926017587786872,0.0014808949573939286,-0.003488963908388139,-0.008692575954649716,-0.04429773898347043,-0.0003563114689040829,0.0,0.0,0.0,0.0,0.0,0.0,0.0,0.0,0.0,0.0,0.0,0.0,0.0,0.0,0.0,0.0,0.0,0.0,0.0,0.0,0.0,0.0,0.0,0.0,0.0,0.0,0.0,0.0,0.0,0.0,0.0,0.0,0.0,0.0,0.0,0.0
2700000000,2,700000000,Archimede_odom,Archimede_base_link,-6.549536297256142,11.735977929991869,345.9505502567891,-0.06969365965318623,0.1956047583953712,0.9772065900681256,0.04414581095257793,0.0,0.0,0.0,0.0,0.0,0.0,0.0,0.0,0.0,0.0,0.0,0.0,0.0,0.0,0.0,0.0,0.0,0.0,0.0,0.0,0.0,0.0,0.0,0.0,0.0,0.0,0.0,0.0,0.0,0.0,0.0,0.0,0.0,0.0,0.0,0.0,0.2925363554921562,-0.0002850283171183912,-0.002263294930799806,0.0025759605554139717,-0.044292515135925026,-0.0003337037479925316,0.0,0.0,0.0,0.0,0.0,0.0,0.0,0.0,0.0,0.0,0.0,0.0,0.0,0.0,0.0,0.0,0.0,0.0,0.0,0.0,0.0,0.0,0.0,0.0,0.0,0.0,0.0,0.0,0.0,0.0,0.0,0.0,0.0,0.0,0.0,0.0
2800000000,2,800000000,Archimede_odom,Archimede_base_link,-6.5783638208617035,11.737639082804629,345.9458365044247,-0.06752759338691766,0.1956319464802232,0.9773322899989796,0.044606732373944885,0.0,0.0,0.0,0.0,0.0,0.0,0.0,0.0,0.0,0.0,0.0,0.0,0.0,0.0,0.0,0.0,0.0,0.0,0.0,0.0,0.0,0.0,0.0,0.0,0.0,0.0,0.0,0.0,0.0,0.0,0.0,0.0,0.0,0.0,0.0,0.0,0.29257807073619324,-0.0002549665639729148,-0.0035786500994485966,0.0026053104323917756,-0.044287481387081294,-0.0004280466272290574,0.0,0.0,0.0,0.0,0.0,0.0,0.0,0.0,0.0,0.0,0.0,0.0,0.0,0.0,0.0,0.0,0.0,0.0,0.0,0.0,0.0,0.0,0.0,0.0,0.0,0.0,0.0,0.0,0.0,0.0,0.0,0.0,0.0,0.0,0.0,0.0
2900000000,2,900000000,Archimede_odom,Archimede_base_link,-6.607050765972048,11.73904777968645,345.94124278038873,-0.0649029134652104,0.1948110823007491,0.977650977681519,0.04510897776394698,0.0,0.0,0.0,0.0,0.0,0.0,0.0,0.0,0.0,0.0,0.0,0.0,0.0,0.0,0.0,0.0,0.0,0.0,0.0,0.0,0.0,0.0,0.0,0.0,0.0,0.0,0.0,0.0,0.0,0.0,0.0,0.0,0.0,0.0,0.0,0.0,0.29087426208058587,0.0023692115675138124,-0.0051826435095022275,-0.01412417653357741,-0.0543856991245039,-0.00046752536416841075,0.0,0.0,0.0,0.0,0.0,0.0,0.0,0.0,0.0,0.0,0.0,0.0,0.0,0.0,0.0,0.0,0.0,0.0,0.0,0.0,0.0,0.0,0.0,0.0,0.0,0.0,0.0,0.0,0.0,0.0,0.0,0.0,0.0,0.0,0.0,0.0
3000000000,3,0,Archimede_odom,Archimede_base_link,-6.635751116981056,11.740454060717804,345.93664462509884,-0.06228060508930838,0.19399825421480216,0.9779594375300955,0.04561953679223096,0.0,0.0,0.0,0.0,0.0,0.0,0.0,0.0,0.0,0.0,0.0,0.0,0.0,0.0,0.0,0.0,0.0,0.0,0.0,0.0,0.0,0.0,0.0,0.0,0.0,0.0,0.0,0.0,0.0,0.0,0.0,0.0,0.0,0.0,0.0,0.0,0.2910712814336195,0.0023745027316142914,-0.006783639702588882,-0.01359997758308539,-0.05405209037425821,-0.0006153323515599954,0.0,0.0,0.0,0.0,0.0,0.0,0.0,0.0,0.0,0.0,0.0,0.0,0.0,0.0,0.0,0.0,0.0,0.0,0.0,0.0,0.0,0.0,0.0,0.0,0.0,0.0,0.0,0.0,0.0,0.0,0.0,0.0,0.0,0.0,0.0,0.0
3100000000,3,100000000,Archimede_odom,Archimede_base_link,-6.664513495306212,11.741943740563903,345.9320035009886,-0.05981808920481218,0.19347376479550704,0.9781935446155013,0.04612036223078992,0.0,0.0,0.0,0.0,0.0,0.0,0.0,0.0,0.0,0.0,0.0,0.0,0.0,0.0,0.0,0.0,0.0,0.0,0.0,0.0,0.0,0.0,0.0,0.0,0.0,0.0,0.0,0.0,0.0,0.0,0.0,0.0,0.0,0.0,0.0,0.0,0.29162990183793963,0.0015809534577003906,-0.00830573722971344,-0.008284630313321701,-0.050885029767748655,-0.0007237647580159235,0.0,0.0,0.0,0.0,0.0,0.0,0.0,0.0,0.0,0.0,0.0,0.0,0.0,0.0,0.0,0.0,0.0,0.0,0.0,0.0,0.0,0.0,0.0,0.0,0.0,0.0,0.0,0.0,0.0,0.0,0.0,0.0,0.0,0.0,0.0,0.0
3200000000,3,200000000,Archimede_odom,Archimede_base_link,-6.693281489801806,11.743432115703502,345.9273588174524,-0.057355146539565534,0.1929482368594114,0.9784208709181054,0.04662579125468504,0.0,0.0,0.0,0.0,0.0,0.0,0.0,0.0,0.0,0.0,0.0,0.0,0.0,0.0,0.0,0.0,0.0,0.0,0.0,0.0,0.0,0.0,0.0,0.0,0.0,0.0,0.0,0.0,0.0,0.0,0.0,0.0,0.0,0.0,0.0,0.0,0.2916422917259134,0.0016163736702071631,-0.009818415587469136,-0.008284627308683373,-0.05090608837997547,-0.0008205582237423225,0.0,0.0,0.0,0.0,0.0,0.0,0.0,0.0,0.0,0.0,0.0,0.0,0.0,0.0,0.0,0.0,0.0,0.0,0.0,0.0,0.0,0.0,0.0,0.0,0.0,0.0,0.0,0.0,0.0,0.0,0.0,0.0,0.0,0.0,0.0,0.0
3300000000,3,300000000,Archimede_odom,Archimede_base_link,-6.722235979754789,11.745074965570511,345.9230060129174,-0.05535108031010735,0.19244214790941672,0.9786167125823311,0.04702773087302482,0.0,0.0,0.0,0.0,0.0,0.0,0.0,0.0,0.0,0.0,0.0,0.0,0.0,0.0,0.0,0.0,0.0,0.0,0.0,0.0,0.0,0.0,0.0,0.0,0.0,0.0,0.0,0.0,0.0,0.0,0.0,0.0,0.0,0.0,0.0,0.0,0.2954510259245483,0.0013290416847757884,-0.0023341956480792,-0.00848462563060884,-0.027252577404368532,-5.8552405066487464e-05,0.0,0.0,0.0,0.0,0.0,0.0,0.0,0.0,0.0,0.0,0.0,0.0,0.0,0.0,0.0,0.0,0.0,0.0,0.0,0.0,0.0,0.0,0.0,0.0,0.0,0.0,0.0,0.0,0.0,0.0,0.0,0.0,0.0,0.0,0.0,0.0
3400000000,3,400000000,Archimede_odom,Archimede_base_link,-6.751469085515237,11.747097997848124,345.919190144874,-0.05403031123531383,0.19226635604566766,0.9787125268155407,0.047288092106526076,0.0,0.0,0.0,0.0,0.0,0.0,0.0,0.0,0.0,0.0,0.0,0.0,0.0,0.0,0.0,0.0,0.0,0.0,0.0,0.0,0.0,0.0,0.0,0.0,0.0,0.0,0.0,0.0,0.0,0.0,0.0,0.0,0.0,0.0,0.0,0.0,0.29471990921228153,-0.002933167713662397,0.0008274913621226304,0.017960947997438696,-0.0324169539426981,-0.0002274591321129559,0.0,0.0,0.0,0.0,0.0,0.0,0.0,0.0,0.0,0.0,0.0,0.0,0.0,0.0,0.0,0.0,0.0,0.0,0.0,0.0,0.0,0.0,0.0,0.0,0.0,0.0,0.0,0.0,0.0,0.0,0.0,0.0,0.0,0.0,0.0,0.0
3500000000,3,500000000,Archimede_odom,Archimede_base_link,-6.780705334013387,11.749394745316613,345.91553933893493,-0.0526732302938424,0.19266672919252473,0.9786933442681064,0.04758571380126778,0.0,0.0,0.0,0.0,0.0,0.0,0.0,0.0,0.0,0.0,0.0,0.0,0.0,0.0,0.0,0.0,0.0,0.0,0.0,0.0,0.0,0.0,0.0,0.0,0.0,0.0,0.0,0.0,0.0,0.0,0.0,0.0,0.0,0.0,0.0,0.0,0.2955321482498362,-0.001556923207314659,-4.772680347093456e-06,0.00940890503986493,-0.027247391210702576,-0.00017459701124126264,0.0,0.0,0.0,0.0,0.0,0.0,0.0,0.0,0.0,0.0,0.0,0.0,0.0,0.0,0.0,0.0,0.0,0.0,0.0,0.0,0.0,0.0,0.0,0.0,0.0,0.0,0.0,0.0,0.0,0.0,0.0,0.0,0.0,0.0,0.0,0.0
3600000000,3,600000000,Archimede_odom,Archimede_base_link,-6.809942239638881,11.751688463445143,345.9118887547876,-0.05131882901468928,0.1930617805207565,0.9786730973775917,0.047880007937205434,0.0,0.0,0.0,0.0,0.0,0.0,0.0,0.0,0.0,0.0,0.0,0.0,0.0,0.0,0.0,0.0,0.0,0.0,0.0,0.0,0.0,0.0,0.0,0.0,0.0,0.0,0.0,0.0,0.0,0.0,0.0,0.0,0.0,0.0,0.0,0.0,0.29552113901949434,-0.0015371275781948684,-0.0008160164075448548,0.009410717657544148,-0.027247777304587134,-0.00012004545517435277,0.0,0.0,0.0,0.0,0.0,0.0,0.0,0.0,0.0,0.0,0.0,0.0,0.0,0.0,0.0,0.0,0.0,0.0,0.0,0.0,0.0,0.0,0.0,0.0,0.0,0.0,0.0,0.0,0.0,0.0,0.0,0.0,0.0,0.0,0.0,0.0
3701000000,3,700000000,Archimede_odom,Archimede_base_link,-6.839178271811668,11.753980259966784,345.90823826586325,-0.049963763347839744,0.19345669887680772,0.9786509238027608,0.048171540890990155,0.0,0.0,0.0,0.0,0.0,0.0,0.0,0.0,0.0,0.0,0.0,0.0,0.0,0.0,0.0,0.0,0.0,0.0,0.0,0.0,0.0,0.0,0.0,0.0,0.0,0.0,0.0,0.0,0.0,0.0,0.0,0.0,0.0,0.0,0.0,0.0,0.29550745069945217,-0.0015174713675052541,-0.0016268432157831194,0.00941389715672887,-0.027248338368088976,-6.537278579610865e-05,0.0,0.0,0.0,0.0,0.0,0.0,0.0,0.0,0.0,0.0,0.0,0.0,0.0,0.0,0.0,0.0,0.0,0.0,0.0,0.0,0.0,0.0,0.0,0.0,0.0,0.0,0.0,0.0,0.0,0.0,0.0,0.0,0.0,0.0,0.0,0.0
3800000000,3,800000000,Archimede_odom,Archimede_base_link,-6.86841364535315,11.756285323269221,345.90459693230025,-0.04860600685864745,0.1938832553365614,0.9786205147429541,0.04846264047274153,0.0,0.0,0.0,0.0,0.0,0.0,0.0,0.0,0.0,0.0,0.0,0.0,0.0,0.0,0.0,0.0,0.0,0.0,0.0,0.0,0.0,0.0,0.0,0.0,0.0,0.0,0.0,0.0,0.0,0.0,0.0,0.0,0.0,0.0,0.0,0.0,0.2954951082830296,-0.002527269577976347,-0.0011482824095341304,0.01563246782975029,-0.027542542959571432,-0.0001282010356007039,0.0,0.0,0.0,0.0,0.0,0.0,0.0,0.0,0.0,0.0,0.0,0.0,0.0,0.0,0.0,0.0,0.0,0.0,0.0,0.0,0.0,0.0,0.0,0.0,0.0,0.0,0.0,0.0,0.0,0.0,0.0,0.0,0.0,0.0,0.0,0.0
3900000000,3,900000000,Archimede_odom,Archimede_base_link,-6.897657717850573,11.758704950203285,345.90101060950485,-0.04726111977962436,0.19455982426854826,0.9785370849818924,0.04876509666665613,0.0,0.0,0.0,0.0,0.0,0.0,0.0,0.0,0.0,0.0,0.0,0.0,0.0,0.0,0.0,0.0,0.0,0.0,0.0,0.0,0.0,0.0,0.0,0.0,0.0,0.0,0.0,0.0,0.0,0.0,0.0,0.0,0.0,0.0,0.0,0.0,0.29561094103045726,-0.002443339355260172,-0.00214382971813559,0.015151268609098495,-0.026721291245144947,-0.0001077276537371519,0.0,0.0,0.0,0.0,0.0,0.0,0.0,0.0,0.0,0.0,0.0,0.0,0.0,0.0,0.0,0.0,0.0,0.0,0.0,0.0,0.0,0.0,0.0,0.0,0.0,0.0,0.0,0.0,0.0,0.0,0.0,0.0,0.0,0.0,0.0,0.0
4000000000,4,0,Archimede_odom,Archimede_base_link,-6.92690208373343,11.761122170000911,345.8974224805725,-0.045918062433321076,0.19523590598008292,0.9784513798106048,0.04906495597908359,0.0,0.0,0.0,0.0,0.0,0.0,0.0,0.0,0.0,0.0,0.0,0.0,0.0,0.0,0.0,0.0,0.0,0.0,0.0,0.0,0.0,0.0,0.0,0.0,0.0,0.0,0.0,0.0,0.0,0.0,0.0,0.0,0.0,0.0,0.0,0.0,0.2955991171782172,-0.0024316960458256936,-0.0029465531207983867,0.015162974848612112,-0.026705365404416804,-7.123025204219292e-05,0.0,0.0,0.0,0.0,0.0,0.0,0.0,0.0,0.0,0.0,0.0,0.0,0.0,0.0,0.0,0.0,0.0,0.0,0.0,0.0,0.0,0.0,0.0,0.0,0.0,0.0,0.0,0.0,0.0,0.0,0.0,0.0,0.0,0.0,0.0,0.0
4101000000,4,100000000,Archimede_odom,Archimede_base_link,-6.9561466032765455,11.76358792799031,345.8938638884654,-0.0445701895017761,0.19601473220654106,0.9783426665975113,0.04936952177857036,0.0,0.0,0.0,0.0,0.0,0.0,0.0,0.0,0.0,0.0,0.0,0.0,0.0,0.0,0.0,0.0,0.0,0.0,0.0,0.0,0.0,0.0,0.0,0.0,0.0,0.0,0.0,0.0,0.0,0.0,0.0,0.0,0.0,0.0,0.0,0.0,0.29530181249779996,-0.00474692675608698,-0.0013680860406414135,0.029395404652983848,-0.028961871047060724,-0.00022574254031691425,0.0,0.0,0.0,0.0,0.0,0.0,0.0,0.0,0.0,0.0,0.0,0.0,0.0,0.0,0.0,0.0,0.0,0.0,0.0,0.0,0.0,0.0,0.0,0.0,0.0,0.0,0.0,0.0,0.0,0.0,0.0,0.0,0.0,0.0,0.0,0.0
4200000000,4,200000000,Archimede_odom,Archimede_base_link,-6.985397775821991,11.766248712623732,345.89040460746236,-0.04322893033431748,0.19720689549724735,0.9781466943964514,0.049696520922327056,0.0,0.0,0.0,0.0,0.0,0.0,0.0,0.0,0.0,0.0,0.0,0.0,0.0,0.0,0.0,0.0,0.0,0.0,0.0,0.0,0.0,0.0,0.0,0.0,0.0,0.0,0.0,0.0,0.0,0.0,0.0,0.0,0.0,0.0,0.0,0.0,0.2957243567218022,-0.0041814997667050545,-0.0023696503958644984,0.02571705655023756,-0.026134826009199346,-0.00027544790082396876,0.0,0.0,0.0,0.0,0.0,0.0,0.0,0.0,0.0,0.0,0.0,0.0,0.0,0.0,0.0,0.0,0.0,0.0,0.0,0.0,0.0,0.0,0.0,0.0,0.0,0.0,0.0,0.0,0.0,0.0,0.0,0.0,0.0,0.0,0.0,0.0
4301000000,4,300000000,Archimede_odom,Archimede_base_link,-7.0148869488117755,11.76861685400217,345.88704351106765,-0.04256467882717096,0.1974028163356505,0.9781283988095711,0.049851897268986714,0.0,0.0,0.0,0.0,0.0,0.0,0.0,0.0,0.0,0.0,0.0,0.0,0.0,0.0,0.0,0.0,0.0,0.0,0.0,0.0,0.0,0.0,0.0,0.0,0.0,0.0,0.0,0.0,0.0,0.0,0.0,0.0,0.0,0.0,0.0,0.0,0.29947282290857846,0.0019952268189661606,-0.0028789409275876855,-0.01313805956862151,-0.002415470481625991,-0.00024303937039685036,0.0,0.0,0.0,0.0,0.0,0.0,0.0,0.0,0.0,0.0,0.0,0.0,0.0,0.0,0.0,0.0,0.0,0.0,0.0,0.0,0.0,0.0,0.0,0.0,0.0,0.0,0.0,0.0,0.0,0.0,0.0,0.0,0.0,0.0,0.0,0.0
4400000000,4,400000000,Archimede_odom,Archimede_base_link,-7.044521972038936,11.770811863797906,345.8837457096881,-0.04231173433068169,0.1970031251387513,0.9782173818107539,0.049902302019137666,0.0,0.0,0.0,0.0,0.0,0.0,0.0,0.0,0.0,0.0,0.0,0.0,0.0,0.0,0.0,0.0,0.0,0.0,0.0,0.0,0.0,0.0,0.0,0.0,0.0,0.0,0.0,0.0,0.0,0.0,0.0,0.0,0.0,0.0,0.0,0.0,0.2989902068834935,0.0011989576480210397,-0.003054289227167153,-0.00811447147205668,-0.005523827429848057,-0.00024083822393478876,0.0,0.0,0.0,0.0,0.0,0.0,0.0,0.0,0.0,0.0,0.0,0.0,0.0,0.0,0.0,0.0,0.0,0.0,0.0,0.0,0.0,0.0,0.0,0.0,0.0,0.0,0.0,0.0,0.0,0.0,0.0,0.0,0.0,0.0,0.0,0.0
4500000000,4,500000000,Archimede_odom,Archimede_base_link,-7.074159579411823,11.773003171446103,345.88044703336647,-0.04206412571579206,0.19659183639118197,0.9783083265009367,0.049950750655475835,0.0,0.0,0.0,0.0,0.0,0.0,0.0,0.0,0.0,0.0,0.0,0.0,0.0,0.0,0.0,0.0,0.0,0.0,0.0,0.0,0.0,0.0,0.0,0.0,0.0,0.0,0.0,0.0,0.0,0.0,0.0,0.0,0.0,0.0,0.0,0.0,0.2989918704536321,0.0012070882002143746,-0.00322078100355361,-0.008118215786510844,-0.00552182061175556,-0.00022027627332630407,0.0,0.0,0.0,0.0,0.0,0.0,0.0,0.0,0.0,0.0,0.0,0.0,0.0,0.0,0.0,0.0,0.0,0.0,0.0,0.0,0.0,0.0,0.0,0.0,0.0,0.0,0.0,0.0,0.0,0.0,0.0,0.0,0.0,0.0,0.0,0.0
4600000000,4,600000000,Archimede_odom,Archimede_base_link,-7.103797463249967,11.77519454578929,345.8771481181148,-0.041816386221281844,0.19618042750754486,0.978399107804558,0.04999815550192173,0.0,0.0,0.0,0.0,0.0,0.0,0.0,0.0,0.0,0.0,0.0,0.0,0.0,0.0,0.0,0.0,0.0,0.0,0.0,0.0,0.0,0.0,0.0,0.0,0.0,0.0,0.0,0.0,0.0,0.0,0.0,0.0,0.0,0.0,0.0,0.0,0.29899280918852356,0.00121495987667266,-0.003386301697325849,-0.008119920000225699,-0.005520529220940803,-0.0001995387644044334,0.0,0.0,0.0,0.0,0.0,0.0,0.0,0.0,0.0,0.0,0.0,0.0,0.0,0.0,0.0,0.0,0.0,0.0,0.0,0.0,0.0,0.0,0.0,0.0,0.0,0.0,0.0,0.0,0.0,0.0,0.0,0.0,0.0,0.0,0.0,0.0
4700000000,4,700000000,Archimede_odom,Archimede_base_link,-7.133435584965289,11.777385974582597,345.87384903145625,-0.041568490874361125,0.1957689587125651,0.9784897145906791,0.05004451829398934,0.0,0.0,0.0,0.0,0.0,0.0,0.0,0.0,0.0,0.0,0.0,0.0,0.0,0.0,0.0,0.0,0.0,0.0,0.0,0.0,0.0,0.0,0.0,0.0,0.0,0.0,0.0,0.0,0.0,0.0,0.0,0.0,0.0,0.0,0.0,0.0,0.29899329880196757,0.0012227314089589864,-0.0035514517235852804,-0.008120837389843866,-0.0055195142664899634,-0.00017873813534514312,0.0,0.0,0.0,0.0,0.0,0.0,0.0,0.0,0.0,0.0,0.0,0.0,0.0,0.0,0.0,0.0,0.0,0.0,0.0,0.0,0.0,0.0,0.0,0.0,0.0,0.0,0.0,0.0,0.0,0.0,0.0,0.0,0.0,0.0,0.0,0.0
4800000000,4,800000000,Archimede_odom,Archimede_base_link,-7.163073921223527,11.779577424195766,345.8705498105695,-0.04132042985800421,0.19535745356350118,0.9785801425279407,0.050089839923178774,0.0,0.0,0.0,0.0,0.0,0.0,0.0,0.0,0.0,0.0,0.0,0.0,0.0,0.0,0.0,0.0,0.0,0.0,0.0,0.0,0.0,0.0,0.0,0.0,0.0,0.0,0.0,0.0,0.0,0.0,0.0,0.0,0.0,0.0,0.0,0.0,0.29899344009214734,0.0012304611603047827,-0.003716450675996019,-0.008121426379959686,-0.005518614802709879,-0.00015791548499244102,0.0,0.0,0.0,0.0,0.0,0.0,0.0,0.0,0.0,0.0,0.0,0.0,0.0,0.0,0.0,0.0,0.0,0.0,0.0,0.0,0.0,0.0,0.0,0.0,0.0,0.0,0.0,0.0,0.0,0.0,0.0,0.0,0.0,0.0,0.0,0.0
4900000000,4,900000000,Archimede_odom,Archimede_base_link,-7.192788393727487,11.781691624292108,345.8670400356869,-0.04135866671137465,0.1949497498797934,0.9786602891151222,0.050080876777156544,0.0,0.0,0.0,0.0,0.0,0.0,0.0,0.0,0.0,0.0,0.0,0.0,0.0,0.0,0.0,0.0,0.0,0.0,0.0,0.0,0.0,0.0,0.0,0.0,0.0,0.0,0.0,0.0,0.0,0.0,0.0,0.0,0.0,0.0,0.0,0.0,0.30038606883517244,0.0013015075965834761,-0.007171646079191715,-0.00880895546938588,0.0034863034510220527,-0.0002612104033342232,0.0,0.0,0.0,0.0,0.0,0.0,0.0,0.0,0.0,0.0,0.0,0.0,0.0,0.0,0.0,0.0,0.0,0.0,0.0,0.0,0.0,0.0,0.0,0.0,0.0,0.0,0.0,0.0,0.0,0.0,0.0,0.0,0.0,0.0,0.0,0.0
5000000000,5,0,Archimede_odom,Archimede_base_link,-7.222544773597756,11.783755714741831,345.8634104360578,-0.041554095798193046,0.1945263111003349,0.9787383041320525,0.050041017543652255,0.0,0.0,0.0,0.0,0.0,0.0,0.0,0.0,0.0,0.0,0.0,0.0,0.0,0.0,0.0,0.0,0.0,0.0,0.0,0.0,0.0,0.0,0.0,0.0,0.0,0.0,0.0,0.0,0.0,0.0,0.0,0.0,0.0,0.0,0.0,0.0,0.30039587517954236,0.0013095072586915267,-0.007075769430950505,-0.008828007457503239,0.0034952809881445843,-0.0002477888453055265,0.0,0.0,0.0,0.0,0.0,0.0,0.0,0.0,0.0,0.0,0.0,0.0,0.0,0.0,0.0,0.0,0.0,0.0,0.0,0.0,0.0,0.0,0.0,0.0,0.0,0.0,0.0,0.0,0.0,0.0,0.0,0.0,0.0,0.0,0.0,0.0
5100000000,5,100000000,Archimede_odom,Archimede_base_link,-7.252306729858329,11.785846436511541,345.8598021385186,-0.041760964520836386,0.19414828034986364,0.9788066388705817,0.05000030782260066,0.0,0.0,0.0,0.0,0.0,0.0,0.0,0.0,0.0,0.0,0.0,0.0,0.0,0.0,0.0,0.0,0.0,0.0,0.0,0.0,0.0,0.0,0.0,0.0,0.0,0.0,0.0,0.0,0.0,0.0,0.0,0.0,0.0,0.0,0.0,0.0,0.3007488757271223,-6.535477507689198e-05,-0.004395478028534157,-0.00038635901226956765,0.005343566984417489,-0.0003456059224255934,0.0,0.0,0.0,0.0,0.0,0.0,0.0,0.0,0.0,0.0,0.0,0.0,0.0,0.0,0.0,0.0,0.0,0.0,0.0,0.0,0.0,0.0,0.0,0.0,0.0,0.0,0.0,0.0,0.0,0.0,0.0,0.0,0.0,0.0,0.0,0.0
5200000000,5,200000000,Archimede_odom,Archimede_base_link,-7.282058237305511,11.788189367284206,345.85633539765206,-0.04191260487536508,0.1943087331080443,0.9787686765368441,0.04999327575607533,0.0,0.0,0.0,0.0,0.0,0.0,0.0,0.0,0.0,0.0,0.0,0.0,0.0,0.0,0.0,0.0,0.0,0.0,0.0,0.0,0.0,0.0,0.0,0.0,0.0,0.0,0.0,0.0,0.0,0.0,0.0,0.0,0.0,0.0,0.0,0.0,0.3004598117502569,-0.0005435219870238469,-0.004299876406174663,0.0026038654184647727,0.003495322819906619,-0.0003559253930048591,0.0,0.0,0.0,0.0,0.0,0.0,0.0,0.0,0.0,0.0,0.0,0.0,0.0,0.0,0.0,0.0,0.0,0.0,0.0,0.0,0.0,0.0,0.0,0.0,0.0,0.0,0.0,0.0,0.0,0.0,0.0,0.0,0.0,0.0,0.0,0.0
5300000000,5,300000000,Archimede_odom,Archimede_base_link,-7.311883991733547,11.790434210516505,345.8529699373119,-0.04225044876791328,0.1940650813463027,0.9788057032652713,0.04993034184081554,0.0,0.0,0.0,0.0,0.0,0.0,0.0,0.0,0.0,0.0,0.0,0.0,0.0,0.0,0.0,0.0,0.0,0.0,0.0,0.0,0.0,0.0,0.0,0.0,0.0,0.0,0.0,0.0,0.0,0.0,0.0,0.0,0.0,0.0,0.0,0.0,0.30178967509050797,0.0022017592398916744,-0.003338754412273459,-0.014388230590010131,0.011711464661836696,-0.00022189679714108425,0.0,0.0,0.0,0.0,0.0,0.0,0.0,0.0,0.0,0.0,0.0,0.0,0.0,0.0,0.0,0.0,0.0,0.0,0.0,0.0,0.0,0.0,0.0,0.0,0.0,0.0,0.0,0.0,0.0,0.0,0.0,0.0,0.0,0.0,0.0,0.0
5400000000,5,400000000,Archimede_odom,Archimede_base_link,-7.341809107933901,11.792558743883632,345.84966511711957,-0.04286164989561973,0.19338910100638634,0.9789197330344228,0.049796494414584246,0.0,0.0,0.0,0.0,0.0,0.0,0.0,0.0,0.0,0.0,0.0,0.0,0.0,0.0,0.0,0.0,0.0,0.0,0.0,0.0,0.0,0.0,0.0,0.0,0.0,0.0,0.0,0.0,0.0,0.0,0.0,0.0,0.0,0.0,0.0,0.0,0.3017981277336235,0.0022130853875027326,-0.0029914377165447563,-0.014405505209511615,0.011714102824409559,-0.0001986567149193117,0.0,0.0,0.0,0.0,0.0,0.0,0.0,0.0,0.0,0.0,0.0,0.0,0.0,0.0,0.0,0.0,0.0,0.0,0.0,0.0,0.0,0.0,0.0,0.0,0.0,0.0,0.0,0.0,0.0,0.0,0.0,0.0,0.0,0.0,0.0,0.0
5500000000,5,500000000,Archimede_odom,Archimede_base_link,-7.371700502810933,11.794724251797984,345.8463454137598,-0.043376390691198766,0.19285365890934442,0.9790083387690308,0.04968528551377496,0.0,0.0,0.0,0.0,0.0,0.0,0.0,0.0,0.0,0.0,0.0,0.0,0.0,0.0,0.0,0.0,0.0,0.0,0.0,0.0,0.0,0.0,0.0,0.0,0.0,0.0,0.0,0.0,0.0,0.0,0.0,0.0,0.0,0.0,0.0,0.0,0.3012281333950104,0.0012797267524378268,-0.002682329422726855,-0.008474971985472774,0.008091804766215897,-0.0001777648727920498,0.0,0.0,0.0,0.0,0.0,0.0,0.0,0.0,0.0,0.0,0.0,0.0,0.0,0.0,0.0,0.0,0.0,0.0,0.0,0.0,0.0,0.0,0.0,0.0,0.0,0.0,0.0,0.0,0.0,0.0,0.0,0.0,0.0,0.0,0.0,0.0
5600000000,5,600000000,Archimede_odom,Archimede_base_link,-7.401558242638077,11.796930996424223,345.843011120651,-0.04379499903948985,0.19245871297929265,0.9790718870574019,0.0495971958012101,0.0,0.0,0.0,0.0,0.0,0.0,0.0,0.0,0.0,0.0,0.0,0.0,0.0,0.0,0.0,0.0,0.0,0.0,0.0,0.0,0.0,0.0,0.0,0.0,0.0,0.0,0.0,0.0,0.0,0.0,0.0,0.0,0.0,0.0,0.0,0.0,0.30123011678829964,0.0012843293408471442,-0.0024395596826219295,-0.00846809984445533,0.008086788801185695,-0.00016225589438757147,0.0,0.0,0.0,0.0,0.0,0.0,0.0,0.0,0.0,0.0,0.0,0.0,0.0,0.0,0.0,0.0,0.0,0.0,0.0,0.0,0.0,0.0,0.0,0.0,0.0,0.0,0.0,0.0,0.0,0.0,0.0,0.0,0.0,0.0,0.0,0.0
5700000000,5,700000000,Archimede_odom,Archimede_base_link,-7.4314159533261,11.799137845301042,345.839676610076,-0.04421329411793755,0.1920639248190078,0.9791351060856721,0.04950835724359082,0.0,0.0,0.0,0.0,0.0,0.0,0.0,0.0,0.0,0.0,0.0,0.0,0.0,0.0,0.0,0.0,0.0,0.0,0.0,0.0,0.0,0.0,0.0,0.0,0.0,0.0,0.0,0.0,0.0,0.0,0.0,0.0,0.0,0.0,0.0,0.0,0.30123201775918035,0.00128973926333184,-0.0021963233055453816,-0.008465767862082632,0.008085281051735421,-0.00014647486426167628,0.0,0.0,0.0,0.0,0.0,0.0,0.0,0.0,0.0,0.0,0.0,0.0,0.0,0.0,0.0,0.0,0.0,0.0,0.0,0.0,0.0,0.0,0.0,0.0,0.0,0.0,0.0,0.0,0.0,0.0,0.0,0.0,0.0,0.0,0.0,0.0
5800000000,5,800000000,Archimede_odom,Archimede_base_link,-7.461273648237715,11.801344703822108,345.8363419558962,-0.044631383311579204,0.19166916818832241,0.9791980178377586,0.04941873584275444,0.0,0.0,0.0,0.0,0.0,0.0,0.0,0.0,0.0,0.0,0.0,0.0,0.0,0.0,0.0,0.0,0.0,0.0,0.0,0.0,0.0,0.0,0.0,0.0,0.0,0.0,0.0,0.0,0.0,0.0,0.0,0.0,0.0,0.0,0.0,0.0,0.3012336265331298,0.0012954399971967974,-0.0019529050167762432,-0.00846504759982004,0.008085011050383662,-0.00013059289566210661,0.0,0.0,0.0,0.0,0.0,0.0,0.0,0.0,0.0,0.0,0.0,0.0,0.0,0.0,0.0,0.0,0.0,0.0,0.0,0.0,0.0,0.0,0.0,0.0,0.0,0.0,0.0,0.0,0.0,0.0,0.0,0.0,0.0,0.0,0.0,0.0
5900000000,5,900000000,Archimede_odom,Archimede_base_link,-7.491250864153342,11.803438987081059,345.83265915937966,-0.04552833438551809,0.19129704230292857,0.9792379726800964,0.049250433862117915,0.0,0.0,0.0,0.0,0.0,0.0,0.0,0.0,0.0,0.0,0.0,0.0,0.0,0.0,0.0,0.0,0.0,0.0,0.0,0.0,0.0,0.0,0.0,0.0,0.0,0.0,0.0,0.0,0.0,0.0,0.0,0.0,0.0,0.0,0.0,0.0,0.3042900009911803,0.001066679994601197,-0.008816240135504357,-0.00851439458016551,0.02826533673394902,-0.0007780031983111261,0.0,0.0,0.0,0.0,0.0,0.0,0.0,0.0,0.0,0.0,0.0,0.0,0.0,0.0,0.0,0.0,0.0,0.0,0.0,0.0,0.0,0.0,0.0,0.0,0.0,0.0,0.0,0.0,0.0,0.0,0.0,0.0,0.0,0.0,0.0,0.0
6000000000,6,0,Archimede_odom,Archimede_base_link,-7.521356787256484,11.805384940471141,345.8285833440018,-0.04694351835837356,0.1908890246314292,0.9792636339386017,0.04899409765229705,0.0,0.0,0.0,0.0,0.0,0.0,0.0,0.0,0.0,0.0,0.0,0.0,0.0,0.0,0.0,0.0,0.0,0.0,0.0,0.0,0.0,0.0,0.0,0.0,0.0,0.0,0.0,0.0,0.0,0.0,0.0,0.0,0.0,0.0,0.0,0.0,0.3043168243470672,0.0015668936583387901,-0.00863924438427802,-0.011517659576637876,0.028289010787966407,-0.0007129297291314744,0.0,0.0,0.0,0.0,0.0,0.0,0.0,0.0,0.0,0.0,0.0,0.0,0.0,0.0,0.0,0.0,0.0,0.0,0.0,0.0,0.0,0.0,0.0,0.0,0.0,0.0,0.0,0.0,0.0,0.0,0.0,0.0,0.0,0.0,0.0,0.0
6100000000,6,100000000,Archimede_odom,Archimede_base_link,-7.551465080422431,11.807302859996915,345.8244916876918,-0.0483687436852642,0.1904173518183508,0.9792992979471093,0.04872968090491186,0.0,0.0,0.0,0.0,0.0,0.0,0.0,0.0,0.0,0.0,0.0,0.0,0.0,0.0,0.0,0.0,0.0,0.0,0.0,0.0,0.0,0.0,0.0,0.0,0.0,0.0,0.0,0.0,0.0,0.0,0.0,0.0,0.0,0.0,0.0,0.0,0.30452719470074097,0.0008115991626401985,-0.0061705105899130756,-0.006501069075717372,0.0296516296426562,-0.000602647019486326,0.0,0.0,0.0,0.0,0.0,0.0,0.0,0.0,0.0,0.0,0.0,0.0,0.0,0.0,0.0,0.0,0.0,0.0,0.0,0.0,0.0,0.0,0.0,0.0,0.0,0.0,0.0,0.0,0.0,0.0,0.0,0.0,0.0,0.0,0.0,0.0
6200000000,6,200000000,Archimede_odom,Archimede_base_link,-7.581564792432925,11.80939337288232,345.82050604773525,-0.04976064573761138,0.19032365920633962,0.9792601091974343,0.0484811449608414,0.0,0.0,0.0,0.0,0.0,0.0,0.0,0.0,0.0,0.0,0.0,0.0,0.0,0.0,0.0,0.0,0.0,0.0,0.0,0.0,0.0,0.0,0.0,0.0,0.0,0.0,0.0,0.0,0.0,0.0,0.0,0.0,0.0,0.0,0.0,0.0,0.30431754487831975,0.00036405883080501626,-0.005143813093122171,-0.0035157794845897443,0.028290603692970245,-0.0005317778515088658,0.0,0.0,0.0,0.0,0.0,0.0,0.0,0.0,0.0,0.0,0.0,0.0,0.0,0.0,0.0,0.0,0.0,0.0,0.0,0.0,0.0,0.0,0.0,0.0,0.0,0.0,0.0,0.0,0.0,0.0,0.0,0.0,0.0,0.0,0.0,0.0
6300000000,6,300000000,Archimede_odom,Archimede_base_link,-7.611661368715219,11.811485124936409,345.81651895287314,-0.051145389897740236,0.1902382232165077,0.9792177290799637,0.048230763783221026,0.0,0.0,0.0,0.0,0.0,0.0,0.0,0.0,0.0,0.0,0.0,0.0,0.0,0.0,0.0,0.0,0.0,0.0,0.0,0.0,0.0,0.0,0.0,0.0,0.0,0.0,0.0,0.0,0.0,0.0,0.0,0.0,0.0,0.0,0.0,0.0,0.30422855330770177,0.00024145641429841749,-0.004297852726111915,-0.002580791699780673,0.02770889310165346,-0.00046152308273963576,0.0,0.0,0.0,0.0,0.0,0.0,0.0,0.0,0.0,0.0,0.0,0.0,0.0,0.0,0.0,0.0,0.0,0.0,0.0,0.0,0.0,0.0,0.0,0.0,0.0,0.0,0.0,0.0,0.0,0.0,0.0,0.0,0.0,0.0,0.0,0.0
6400000000,6,400000000,Archimede_odom,Archimede_base_link,-7.641733384108023,11.813599608368243,345.81258651907433,-0.05243382563188003,0.1901737625340244,0.9791738484157709,0.04799175504091375,0.0,0.0,0.0,0.0,0.0,0.0,0.0,0.0,0.0,0.0,0.0,0.0,0.0,0.0,0.0,0.0,0.0,0.0,0.0,0.0,0.0,0.0,0.0,0.0,0.0,0.0,0.0,0.0,0.0,0.0,0.0,0.0,0.0,0.0,0.0,0.0,0.3039641505881964,0.0003056224175737126,-0.002845610403364789,-0.002583166083710067,0.02589078294228414,-0.00028646293897809886,0.0,0.0,0.0,0.0,0.0,0.0,0.0,0.0,0.0,0.0,0.0,0.0,0.0,0.0,0.0,0.0,0.0,0.0,0.0,0.0,0.0,0.0,0.0,0.0,0.0,0.0,0.0,0.0,0.0,0.0,0.0,0.0,0.0,0.0,0.0,0.0
6500000000,6,500000000,Archimede_odom,Archimede_base_link,-7.671802018587585,11.815714952337936,345.808662556652,-0.05371006559156425,0.19010855894049564,0.9791291041145903,0.04775104341768712,0.0,0.0,0.0,0.0,0.0,0.0,0.0,0.0,0.0,0.0,0.0,0.0,0.0,0.0,0.0,0.0,0.0,0.0,0.0,0.0,0.0,0.0,0.0,0.0,0.0,0.0,0.0,0.0,0.0,0.0,0.0,0.0,0.0,0.0,0.0,0.0,0.3039616221345376,0.00032904032781063,-0.0020652238625315845,-0.0025849489924356936,0.02589464260592591,-0.0002229798080517832,0.0,0.0,0.0,0.0,0.0,0.0,0.0,0.0,0.0,0.0,0.0,0.0,0.0,0.0,0.0,0.0,0.0,0.0,0.0,0.0,0.0,0.0,0.0,0.0,0.0,0.0,0.0,0.0,0.0,0.0,0.0,0.0,0.0,0.0,0.0,0.0
6600000000,6,600000000,Archimede_odom,Archimede_base_link,-7.701863409046372,11.817836420633439,345.80473616616797,-0.05496742957915809,0.19006998089050814,0.9790784424020424,0.047511973999534884,0.0,0.0,0.0,0.0,0.0,0.0,0.0,0.0,0.0,0.0,0.0,0.0,0.0,0.0,0.0,0.0,0.0,0.0,0.0,0.0,0.0,0.0,0.0,0.0,0.0,0.0,0.0,0.0,0.0,0.0,0.0,0.0,0.0,0.0,0.0,0.0,0.3038546471683298,0.00018559098415620815,-0.0012926706560567665,-0.0015389882151384691,0.025254037958706538,-0.0001611866041954603,0.0,0.0,0.0,0.0,0.0,0.0,0.0,0.0,0.0,0.0,0.0,0.0,0.0,0.0,0.0,0.0,0.0,0.0,0.0,0.0,0.0,0.0,0.0,0.0,0.0,0.0,0.0,0.0,0.0,0.0,0.0,0.0,0.0,0.0,0.0,0.0
6700000000,6,700000000,Archimede_odom,Archimede_base_link,-7.731918491026599,11.819962798017505,345.80080784047215,-0.05620851803392553,0.19005419991154207,0.9790225605322669,0.047273984021416166,0.0,0.0,0.0,0.0,0.0,0.0,0.0,0.0,0.0,0.0,0.0,0.0,0.0,0.0,0.0,0.0,0.0,0.0,0.0,0.0,0.0,0.0,0.0,0.0,0.0,0.0,0.0,0.0,0.0,0.0,0.0,0.0,0.0,0.0,0.0,0.0,0.303847279955702,0.00020713194453037556,-0.0005303738536821427,-0.001536977705563497,0.025253559961506068,-0.0001010516536028399,0.0,0.0,0.0,0.0,0.0,0.0,0.0,0.0,0.0,0.0,0.0,0.0,0.0,0.0,0.0,0.0,0.0,0.0,0.0,0.0,0.0,0.0,0.0,0.0,0.0,0.0,0.0,0.0,0.0,0.0,0.0,0.0,0.0,0.0,0.0,0.0
6800000000,6,800000000,Archimede_odom,Archimede_base_link,-7.761972794858992,11.822087190526474,345.79687986352917,-0.05744896335295978,0.1900383057582023,0.9789652487864805,0.047032973780598786,0.0,0.0,0.0,0.0,0.0,0.0,0.0,0.0,0.0,0.0,0.0,0.0,0.0,0.0,0.0,0.0,0.0,0.0,0.0,0.0,0.0,0.0,0.0,0.0,0.0,0.0,0.0,0.0,0.0,0.0,0.0,0.0,0.0,0.0,0.0,0.0,0.30383816351415976,0.00022902726385560374,0.0002320262278259815,-0.0015374869628340076,0.025254468128740482,-4.096610426300561e-05,0.0,0.0,0.0,0.0,0.0,0.0,0.0,0.0,0.0,0.0,0.0,0.0,0.0,0.0,0.0,0.0,0.0,0.0,0.0,0.0,0.0,0.0,0.0,0.0,0.0,0.0,0.0,0.0,0.0,0.0,0.0,0.0,0.0,0.0,0.0,0.0
6900000000,6,900000000,Archimede_odom,Archimede_base_link,-7.792089885936178,11.82414486773222,345.79274476967254,-0.05897321510340992,0.19003529602558847,0.9788889266441384,0.046746288176927525,0.0,0.0,0.0,0.0,0.0,0.0,0.0,0.0,0.0,0.0,0.0,0.0,0.0,0.0,0.0,0.0,0.0,0.0,0.0,0.0,0.0,0.0,0.0,0.0,0.0,0.0,0.0,0.0,0.0,0.0,0.0,0.0,0.0,0.0,0.0,0.0,0.3067659234050672,-6.624893718460331e-05,-0.006037243633692067,-0.001517846820430323,0.04502405068861756,-0.0008466751833265855,0.0,0.0,0.0,0.0,0.0,0.0,0.0,0.0,0.0,0.0,0.0,0.0,0.0,0.0,0.0,0.0,0.0,0.0,0.0,0.0,0.0,0.0,0.0,0.0,0.0,0.0,0.0,0.0,0.0,0.0,0.0,0.0,0.0,0.0,0.0,0.0
7000000000,7,0,Archimede_odom,Archimede_base_link,-7.822358582221186,11.826042527770309,345.78810508562975,-0.06118827936527925,0.1900634707311418,0.9787663210917463,0.04635040731727741,0.0,0.0,0.0,0.0,0.0,0.0,0.0,0.0,0.0,0.0,0.0,0.0,0.0,0.0,0.0,0.0,0.0,0.0,0.0,0.0,0.0,0.0,0.0,0.0,0.0,0.0,0.0,0.0,0.0,0.0,0.0,0.0,0.0,0.0,0.0,0.0,0.3067603253523415,-1.6588539234202928e-06,-0.004679213057821348,-0.0015225721905182642,0.04505222561620981,-0.000671264291935113,0.0,0.0,0.0,0.0,0.0,0.0,0.0,0.0,0.0,0.0,0.0,0.0,0.0,0.0,0.0,0.0,0.0,0.0,0.0,0.0,0.0,0.0,0.0,0.0,0.0,0.0,0.0,0.0,0.0,0.0,0.0,0.0,0.0,0.0,0.0,0.0
7100000000,7,100000000,Archimede_odom,Archimede_base_link,-7.852626733296151,11.82787951552692,345.78342696008866,-0.06340871467176995,0.18996759109886163,0.9786629110210481,0.04594078610099898,0.0,0.0,0.0,0.0,0.0,0.0,0.0,0.0,0.0,0.0,0.0,0.0,0.0,0.0,0.0,0.0,0.0,0.0,0.0,0.0,0.0,0.0,0.0,0.0,0.0,0.0,0.0,0.0,0.0,0.0,0.0,0.0,0.0,0.0,0.0,0.0,0.30687272302068214,0.001262476577338232,-0.005073493803703279,-0.009505210378186751,0.04513921997810999,-0.0006765666385025489,0.0,0.0,0.0,0.0,0.0,0.0,0.0,0.0,0.0,0.0,0.0,0.0,0.0,0.0,0.0,0.0,0.0,0.0,0.0,0.0,0.0,0.0,0.0,0.0,0.0,0.0,0.0,0.0,0.0,0.0,0.0,0.0,0.0,0.0,0.0,0.0
7200000000,7,200000000,Archimede_odom,Archimede_base_link,-7.882895886998051,11.829574092725489,345.7786554205522,-0.06564355422065238,0.18956829763190827,0.9786131565255385,0.045509056212389216,0.0,0.0,0.0,0.0,0.0,0.0,0.0,0.0,0.0,0.0,0.0,0.0,0.0,0.0,0.0,0.0,0.0,0.0,0.0,0.0,0.0,0.0,0.0,0.0,0.0,0.0,0.0,0.0,0.0,0.0,0.0,0.0,0.0,0.0,0.0,0.0,0.3068566527347493,0.0014340843892806047,-0.003889209972884168,-0.010231655822801273,0.04508234870882561,-0.0005212570125959903,0.0,0.0,0.0,0.0,0.0,0.0,0.0,0.0,0.0,0.0,0.0,0.0,0.0,0.0,0.0,0.0,0.0,0.0,0.0,0.0,0.0,0.0,0.0,0.0,0.0,0.0,0.0,0.0,0.0,0.0,0.0,0.0,0.0,0.0,0.0,0.0
7300000000,7,300000000,Archimede_odom,Archimede_base_link,-7.913094567251612,11.831347932006654,345.77385920634816,-0.06768451105726735,0.18945033980173392,0.9785147979810851,0.04512389437960993,0.0,0.0,0.0,0.0,0.0,0.0,0.0,0.0,0.0,0.0,0.0,0.0,0.0,0.0,0.0,0.0,0.0,0.0,0.0,0.0,0.0,0.0,0.0,0.0,0.0,0.0,0.0,0.0,0.0,0.0,0.0,0.0,0.0,0.0,0.0,0.0,0.3044544596386757,-0.0023891046297790683,-0.0025810583340644777,0.01420911002960186,0.030028638418843817,-0.0003734569099563058,0.0,0.0,0.0,0.0,0.0,0.0,0.0,0.0,0.0,0.0,0.0,0.0,0.0,0.0,0.0,0.0,0.0,0.0,0.0,0.0,0.0,0.0,0.0,0.0,0.0,0.0,0.0,0.0,0.0,0.0,0.0,0.0,0.0,0.0,0.0,0.0
7400000000,7,400000000,Archimede_odom,Archimede_base_link,-7.943190107837051,11.83324293088808,345.76901307653253,-0.06944399483603425,0.18976509510613562,0.9783447267380849,0.044814461107487075,0.0,0.0,0.0,0.0,0.0,0.0,0.0,0.0,0.0,0.0,0.0,0.0,0.0,0.0,0.0,0.0,0.0,0.0,0.0,0.0,0.0,0.0,0.0,0.0,0.0,0.0,0.0,0.0,0.0,0.0,0.0,0.0,0.0,0.0,0.0,0.0,0.30583492914433286,-0.0008897908832596304,-0.002642444765168311,0.0046141201762253895,0.0391012282051532,-0.0004269742256407439,0.0,0.0,0.0,0.0,0.0,0.0,0.0,0.0,0.0,0.0,0.0,0.0,0.0,0.0,0.0,0.0,0.0,0.0,0.0,0.0,0.0,0.0,0.0,0.0,0.0,0.0,0.0,0.0,0.0,0.0,0.0,0.0,0.0,0.0,0.0,0.0
7501000000,7,500000000,Archimede_odom,Archimede_base_link,-7.973307112869107,11.835107997080671,345.76407655710847,-0.07132979979908655,0.1900839833022102,0.9781622437215506,0.04448329922801617,0.0,0.0,0.0,0.0,0.0,0.0,0.0,0.0,0.0,0.0,0.0,0.0,0.0,0.0,0.0,0.0,0.0,0.0,0.0,0.0,0.0,0.0,0.0,0.0,0.0,0.0,0.0,0.0,0.0,0.0,0.0,0.0,0.0,0.0,0.0,0.0,0.3057446861154855,-0.0008799860972973607,-0.0013736907074634258,0.004774175342315924,0.03871091153149972,-0.00033964376581437127,0.0,0.0,0.0,0.0,0.0,0.0,0.0,0.0,0.0,0.0,0.0,0.0,0.0,0.0,0.0,0.0,0.0,0.0,0.0,0.0,0.0,0.0,0.0,0.0,0.0,0.0,0.0,0.0,0.0,0.0,0.0,0.0,0.0,0.0,0.0,0.0
7600000000,7,600000000,Archimede_odom,Archimede_base_link,-8.003421548309369,11.836966572560645,345.75913823433183,-0.07321473602283599,0.19039858460917547,0.9779770858132861,0.044145226605841525,0.0,0.0,0.0,0.0,0.0,0.0,0.0,0.0,0.0,0.0,0.0,0.0,0.0,0.0,0.0,0.0,0.0,0.0,0.0,0.0,0.0,0.0,0.0,0.0,0.0,0.0,0.0,0.0,0.0,0.0,0.0,0.0,0.0,0.0,0.0,0.0,0.30571676335819664,-0.0007890938684276814,-0.0002566195090294988,0.004520097849119284,0.03874564962288141,-0.00019971346091904882,0.0,0.0,0.0,0.0,0.0,0.0,0.0,0.0,0.0,0.0,0.0,0.0,0.0,0.0,0.0,0.0,0.0,0.0,0.0,0.0,0.0,0.0,0.0,0.0,0.0,0.0,0.0,0.0,0.0,0.0,0.0,0.0,0.0,0.0,0.0,0.0
7700000000,7,700000000,Archimede_odom,Archimede_base_link,-8.033558522126768,11.838785549348808,345.75420791672315,-0.07517142368555742,0.190599779916432,0.9778059352892339,0.043778235117927666,0.0,0.0,0.0,0.0,0.0,0.0,0.0,0.0,0.0,0.0,0.0,0.0,0.0,0.0,0.0,0.0,0.0,0.0,0.0,0.0,0.0,0.0,0.0,0.0,0.0,0.0,0.0,0.0,0.0,0.0,0.0,0.0,0.0,0.0,0.0,0.0,0.3060401900384866,-0.000171018093973239,0.0009440318408555914,0.0009152412012849255,0.040963455152118536,-7.156328324142174e-05,0.0,0.0,0.0,0.0,0.0,0.0,0.0,0.0,0.0,0.0,0.0,0.0,0.0,0.0,0.0,0.0,0.0,0.0,0.0,0.0,0.0,0.0,0.0,0.0,0.0,0.0,0.0,0.0,0.0,0.0,0.0,0.0,0.0,0.0,0.0,0.0
7800000000,7,800000000,Archimede_odom,Archimede_base_link,-8.06370958134508,11.840580930219595,345.74928340252353,-0.07717205484147094,0.19073345116356513,0.977641280911746,0.043390671993201436,0.0,0.0,0.0,0.0,0.0,0.0,0.0,0.0,0.0,0.0,0.0,0.0,0.0,0.0,0.0,0.0,0.0,0.0,0.0,0.0,0.0,0.0,0.0,0.0,0.0,0.0,0.0,0.0,0.0,0.0,0.0,0.0,0.0,0.0,0.0,0.0,0.30602916395528806,-0.0001738765539168396,0.00218269614810406,0.000898807965792943,0.040971117662906543,8.662074236217921e-05,0.0,0.0,0.0,0.0,0.0,0.0,0.0,0.0,0.0,0.0,0.0,0.0,0.0,0.0,0.0,0.0,0.0,0.0,0.0,0.0,0.0,0.0,0.0,0.0,0.0,0.0,0.0,0.0,0.0,0.0,0.0,0.0,0.0,0.0,0.0,0.0
7900000000,7,900000000,Archimede_odom,Archimede_base_link,-8.093863935196469,11.842376130518955,345.7443454166372,-0.07918540703083439,0.19086712674583028,0.9774717858743364,0.04299208137305946,0.0,0.0,0.0,0.0,0.0,0.0,0.0,0.0,0.0,0.0,0.0,0.0,0.0,0.0,0.0,0.0,0.0,0.0,0.0,0.0,0.0,0.0,0.0,0.0,0.0,0.0,0.0,0.0,0.0,0.0,0.0,0.0,0.0,0.0,0.0,0.0,0.3064275928211871,-0.0002017600379963914,0.0023716272297555937,0.000984023742040593,0.04385022384228667,0.00011891036114586428,0.0,0.0,0.0,0.0,0.0,0.0,0.0,0.0,0.0,0.0,0.0,0.0,0.0,0.0,0.0,0.0,0.0,0.0,0.0,0.0,0.0,0.0,0.0,0.0,0.0,0.0,0.0,0.0,0.0,0.0,0.0,0.0,0.0,0.0,0.0,0.0
8000000000,8,0,Archimede_odom,Archimede_base_link,-8.124039152183448,11.844142303393609,345.739323758711,-0.08131137744254568,0.19100410759901543,0.9772890507628467,0.04256761724308132,0.0,0.0,0.0,0.0,0.0,0.0,0.0,0.0,0.0,0.0,0.0,0.0,0.0,0.0,0.0,0.0,0.0,0.0,0.0,0.0,0.0,0.0,0.0,0.0,0.0,0.0,0.0,0.0,0.0,0.0,0.0,0.0,0.0,0.0,0.0,0.0,0.30640367852763706,-0.00026046246693596563,0.0038060941516769226,0.0008660190434828949,0.04361104278788823,0.000341303140966028,0.0,0.0,0.0,0.0,0.0,0.0,0.0,0.0,0.0,0.0,0.0,0.0,0.0,0.0,0.0,0.0,0.0,0.0,0.0,0.0,0.0,0.0,0.0,0.0,0.0,0.0,0.0,0.0,0.0,0.0,0.0,0.0,0.0,0.0,0.0,0.0
8100000000,8,100000000,Archimede_odom,Archimede_base_link,-8.154215729186456,11.845887586103801,345.73428164754745,-0.08343940027825822,0.19108761756537657,0.9771122980951563,0.04213010569171525,0.0,0.0,0.0,0.0,0.0,0.0,0.0,0.0,0.0,0.0,0.0,0.0,0.0,0.0,0.0,0.0,0.0,0.0,0.0,0.0,0.0,0.0,0.0,0.0,0.0,0.0,0.0,0.0,0.0,0.0,0.0,0.0,0.0,0.0,0.0,0.0,0.30647857489234565,0.001516968128773447,0.002706178091946848,-0.009848506179137215,0.04358432434286168,1.4181411716047455e-05,0.0,0.0,0.0,0.0,0.0,0.0,0.0,0.0,0.0,0.0,0.0,0.0,0.0,0.0,0.0,0.0,0.0,0.0,0.0,0.0,0.0,0.0,0.0,0.0,0.0,0.0,0.0,0.0,0.0,0.0,0.0,0.0,0.0,0.0,0.0,0.0
8200000000,8,200000000,Archimede_odom,Archimede_base_link,-8.184382530917405,11.846924702750059,345.72879030149295,-0.08564135731270443,0.18968317744931473,0.9772182690406058,0.04159693214230338,0.0,0.0,0.0,0.0,0.0,0.0,0.0,0.0,0.0,0.0,0.0,0.0,0.0,0.0,0.0,0.0,0.0,0.0,0.0,0.0,0.0,0.0,0.0,0.0,0.0,0.0,0.0,0.0,0.0,0.0,0.0,0.0,0.0,0.0,0.0,0.0,0.3067553300979424,0.004722786950828156,-0.00048765348665309494,-0.030201572520414367,0.04371193606285415,-0.0001884540989044151,0.0,0.0,0.0,0.0,0.0,0.0,0.0,0.0,0.0,0.0,0.0,0.0,0.0,0.0,0.0,0.0,0.0,0.0,0.0,0.0,0.0,0.0,0.0,0.0,0.0,0.0,0.0,0.0,0.0,0.0,0.0,0.0,0.0,0.0,0.0,0.0
8300000000,8,300000000,Archimede_odom,Archimede_base_link,-8.214493065482866,11.848035735438977,345.7232856230366,-0.08768485216252171,0.18852860937162483,0.977281155739481,0.04110806230098858,0.0,0.0,0.0,0.0,0.0,0.0,0.0,0.0,0.0,0.0,0.0,0.0,0.0,0.0,0.0,0.0,0.0,0.0,0.0,0.0,0.0,0.0,0.0,0.0,0.0,0.0,0.0,0.0,0.0,0.0,0.0,0.0,0.0,0.0,0.0,0.0,0.3046823046886254,0.0014247170231236929,0.0007844278974145092,-0.00913583707985859,0.03076500460123031,-6.743717870418822e-05,0.0,0.0,0.0,0.0,0.0,0.0,0.0,0.0,0.0,0.0,0.0,0.0,0.0,0.0,0.0,0.0,0.0,0.0,0.0,0.0,0.0,0.0,0.0,0.0,0.0,0.0,0.0,0.0,0.0,0.0,0.0,0.0,0.0,0.0,0.0,0.0
8400000000,8,400000000,Archimede_odom,Archimede_base_link,-8.24423084196521,11.84960754329061,345.7176535931624,-0.08867907996645613,0.18892425831031393,0.9771217527738442,0.04094784065577825,0.0,0.0,0.0,0.0,0.0,0.0,0.0,0.0,0.0,0.0,0.0,0.0,0.0,0.0,0.0,0.0,0.0,0.0,0.0,0.0,0.0,0.0,0.0,0.0,0.0,0.0,0.0,0.0,0.0,0.0,0.0,0.0,0.0,0.0,0.0,0.0,0.3038487843104573,0.000112200902002701,0.0014417670344642327,-0.0007421702742052975,0.025668808401733995,-1.3854937367221813e-05,0.0,0.0,0.0,0.0,0.0,0.0,0.0,0.0,0.0,0.0,0.0,0.0,0.0,0.0,0.0,0.0,0.0,0.0,0.0,0.0,0.0,0.0,0.0,0.0,0.0,0.0,0.0,0.0,0.0,0.0,0.0,0.0,0.0,0.0,0.0,0.0
8500000000,8,500000000,Archimede_odom,Archimede_base_link,-8.27401687679001,11.85111771031858,345.7119223446576,-0.0898896584682696,0.1892321562983826,0.976960077252476,0.04074368390264157,0.0,0.0,0.0,0.0,0.0,0.0,0.0,0.0,0.0,0.0,0.0,0.0,0.0,0.0,0.0,0.0,0.0,0.0,0.0,0.0,0.0,0.0,0.0,0.0,0.0,0.0,0.0,0.0,0.0,0.0,0.0,0.0,0.0,0.0,0.0,0.0,0.30438174699830506,-0.0006290092796474208,-0.0001301731335490773,0.0031612039639331542,0.029578201079590933,-0.00035188376314714215,0.0,0.0,0.0,0.0,0.0,0.0,0.0,0.0,0.0,0.0,0.0,0.0,0.0,0.0,0.0,0.0,0.0,0.0,0.0,0.0,0.0,0.0,0.0,0.0,0.0,0.0,0.0,0.0,0.0,0.0,0.0,0.0,0.0,0.0,0.0,0.0
8600000000,8,600000000,Archimede_odom,Archimede_base_link,-8.303852871777956,11.852558822760159,345.7060754030105,-0.09133164980737093,0.18944474415020462,0.9767955360336491,0.040493202417978866,0.0,0.0,0.0,0.0,0.0,0.0,0.0,0.0,0.0,0.0,0.0,0.0,0.0,0.0,0.0,0.0,0.0,0.0,0.0,0.0,0.0,0.0,0.0,0.0,0.0,0.0,0.0,0.0,0.0,0.0,0.0,0.0,0.0,0.0,0.0,0.0,0.30436903671650156,-0.0006021181960688211,0.0007522958520787535,0.0031450176697383563,0.029601023301221947,-0.0002852262493848329,0.0,0.0,0.0,0.0,0.0,0.0,0.0,0.0,0.0,0.0,0.0,0.0,0.0,0.0,0.0,0.0,0.0,0.0,0.0,0.0,0.0,0.0,0.0,0.0,0.0,0.0,0.0,0.0,0.0,0.0,0.0,0.0,0.0,0.0,0.0,0.0
8700000000,8,700000000,Archimede_odom,Archimede_base_link,-8.33368742224346,11.853997782547308,345.70022809373677,-0.09277355653553451,0.18965672644563547,0.976628997605303,0.04023921418385989,0.0,0.0,0.0,0.0,0.0,0.0,0.0,0.0,0.0,0.0,0.0,0.0,0.0,0.0,0.0,0.0,0.0,0.0,0.0,0.0,0.0,0.0,0.0,0.0,0.0,0.0,0.0,0.0,0.0,0.0,0.0,0.0,0.0,0.0,0.0,0.0,0.3043495901185353,-0.0005770194511545871,0.0016424153437548702,0.0031376466499553313,0.029611174046623057,-0.00021944094815790202,0.0,0.0,0.0,0.0,0.0,0.0,0.0,0.0,0.0,0.0,0.0,0.0,0.0,0.0,0.0,0.0,0.0,0.0,0.0,0.0,0.0,0.0,0.0,0.0,0.0,0.0,0.0,0.0,0.0,0.0,0.0,0.0,0.0,0.0,0.0,0.0
8800000000,8,800000000,Archimede_odom,Archimede_base_link,-8.363544780407285,11.85540391275693,345.6943888542038,-0.09428403954739178,0.1897661931453052,0.9764745665007493,0.03995913916663327,0.0,0.0,0.0,0.0,0.0,0.0,0.0,0.0,0.0,0.0,0.0,0.0,0.0,0.0,0.0,0.0,0.0,0.0,0.0,0.0,0.0,0.0,0.0,0.0,0.0,0.0,0.0,0.0,0.0,0.0,0.0,0.0,0.0,0.0,0.0,0.0,0.30461670309538624,-7.835810472359562e-05,0.0025691374527625987,0.00015748347430123653,0.03145550817901217,-0.00014763463917296234,0.0,0.0,0.0,0.0,0.0,0.0,0.0,0.0,0.0,0.0,0.0,0.0,0.0,0.0,0.0,0.0,0.0,0.0,0.0,0.0,0.0,0.0,0.0,0.0,0.0,0.0,0.0,0.0,0.0,0.0,0.0,0.0,0.0,0.0,0.0,0.0
8900000000,8,900000000,Archimede_odom,Archimede_base_link,-8.393409816708335,11.85679568633536,345.6885530829596,-0.09582035509353373,0.1898361577991202,0.9763233352362058,0.03966658310300734,0.0,0.0,0.0,0.0,0.0,0.0,0.0,0.0,0.0,0.0,0.0,0.0,0.0,0.0,0.0,0.0,0.0,0.0,0.0,0.0,0.0,0.0,0.0,0.0,0.0,0.0,0.0,0.0,0.0,0.0,0.0,0.0,0.0,0.0,0.0,0.0,0.3045876777905113,-5.192420015896758e-05,0.003518711602640918,0.0001623439854265617,0.031455153548722664,-7.244369508825647e-05,0.0,0.0,0.0,0.0,0.0,0.0,0.0,0.0,0.0,0.0,0.0,0.0,0.0,0.0,0.0,0.0,0.0,0.0,0.0,0.0,0.0,0.0,0.0,0.0,0.0,0.0,0.0,0.0,0.0,0.0,0.0,0.0,0.0,0.0,0.0,0.0
9000000000,9,0,Archimede_odom,Archimede_base_link,-8.423226310740706,11.858259723380556,345.6829179735507,-0.09708188672555612,0.18989551457199602,0.9761972198342939,0.03941812784796179,0.0,0.0,0.0,0.0,0.0,0.0,0.0,0.0,0.0,0.0,0.0,0.0,0.0,0.0,0.0,0.0,0.0,0.0,0.0,0.0,0.0,0.0,0.0,0.0,0.0,0.0,0.0,0.0,0.0,0.0,0.0,0.0,0.0,0.0,0.0,0.0,0.30363127407103263,-6.530505197567811e-05,0.0065793602760011675,0.00014217688473514622,0.025186337547613374,0.0001170701940894219,0.0,0.0,0.0,0.0,0.0,0.0,0.0,0.0,0.0,0.0,0.0,0.0,0.0,0.0,0.0,0.0,0.0,0.0,0.0,0.0,0.0,0.0,0.0,0.0,0.0,0.0,0.0,0.0,0.0,0.0,0.0,0.0,0.0,0.0,0.0,0.0
9100000000,9,100000000,Archimede_odom,Archimede_base_link,-8.45303772440701,11.859734138277542,345.6773064702787,-0.09830944473914031,0.18995271213595663,0.9760731285923133,0.03917228442776506,0.0,0.0,0.0,0.0,0.0,0.0,0.0,0.0,0.0,0.0,0.0,0.0,0.0,0.0,0.0,0.0,0.0,0.0,0.0,0.0,0.0,0.0,0.0,0.0,0.0,0.0,0.0,0.0,0.0,0.0,0.0,0.0,0.0,0.0,0.0,0.0,0.3036231581907523,-8.78748359017573e-05,0.007339531632393055,0.00014251163430268425,0.02518723528852206,0.00017858465585528018,0.0,0.0,0.0,0.0,0.0,0.0,0.0,0.0,0.0,0.0,0.0,0.0,0.0,0.0,0.0,0.0,0.0,0.0,0.0,0.0,0.0,0.0,0.0,0.0,0.0,0.0,0.0,0.0,0.0,0.0,0.0,0.0,0.0,0.0,0.0,0.0
9200000000,9,200000000,Archimede_odom,Archimede_base_link,-8.482806091402711,11.86048322926107,345.6712269047877,-0.09960745961766164,0.18846802538601884,0.9762446046418707,0.038789551470058775,0.0,0.0,0.0,0.0,0.0,0.0,0.0,0.0,0.0,0.0,0.0,0.0,0.0,0.0,0.0,0.0,0.0,0.0,0.0,0.0,0.0,0.0,0.0,0.0,0.0,0.0,0.0,0.0,0.0,0.0,0.0,0.0,0.0,0.0,0.0,0.0,0.30394402877339755,0.0059023154796126786,-0.00040823808831773665,-0.03790302405991836,0.025317282897902714,-0.0003068250338675225,0.0,0.0,0.0,0.0,0.0,0.0,0.0,0.0,0.0,0.0,0.0,0.0,0.0,0.0,0.0,0.0,0.0,0.0,0.0,0.0,0.0,0.0,0.0,0.0,0.0,0.0,0.0,0.0,0.0,0.0,0.0,0.0,0.0,0.0,0.0,0.0
9300000000,9,300000000,Archimede_odom,Archimede_base_link,-8.512551502575379,11.861082810521832,345.66503519873277,-0.10088356276329265,0.1866864325573339,0.9764718792001951,0.03838426493291721,0.0,0.0,0.0,0.0,0.0,0.0,0.0,0.0,0.0,0.0,0.0,0.0,0.0,0.0,0.0,0.0,0.0,0.0,0.0,0.0,0.0,0.0,0.0,0.0,0.0,0.0,0.0,0.0,0.0,0.0,0.0,0.0,0.0,0.0,0.0,0.0,0.30313165217373916,0.0047427109475336685,0.00014278589500691237,-0.03045109540507211,0.020159964609572457,-0.00024388789698240348,0.0,0.0,0.0,0.0,0.0,0.0,0.0,0.0,0.0,0.0,0.0,0.0,0.0,0.0,0.0,0.0,0.0,0.0,0.0,0.0,0.0,0.0,0.0,0.0,0.0,0.0,0.0,0.0,0.0,0.0,0.0,0.0,0.0,0.0,0.0,0.0
9400000000,9,400000000,Archimede_odom,Archimede_base_link,-8.541906062972535,11.862188152260268,345.6587229017972,-0.10105044367131794,0.1865743594332922,0.9764772430448921,0.03835374885631172,0.0,0.0,0.0,0.0,0.0,0.0,0.0,0.0,0.0,0.0,0.0,0.0,0.0,0.0,0.0,0.0,0.0,0.0,0.0,0.0,0.0,0.0,0.0,0.0,0.0,0.0,0.0,0.0,0.0,0.0,0.0,0.0,0.0,0.0,0.0,0.0,0.29952355294183136,-0.0019940489689378458,0.0013188964261398538,0.011651661961831873,-0.0028643865477462013,-0.00040092600795490075,0.0,0.0,0.0,0.0,0.0,0.0,0.0,0.0,0.0,0.0,0.0,0.0,0.0,0.0,0.0,0.0,0.0,0.0,0.0,0.0,0.0,0.0,0.0,0.0,0.0,0.0,0.0,0.0,0.0,0.0,0.0,0.0,0.0,0.0,0.0,0.0
9500000000,9,500000000,Archimede_odom,Archimede_base_link,-8.571302617742736,11.863214032678261,345.6524109868836,-0.10134612212606728,0.18622603497883317,0.9765162163959422,0.038274097531149076,0.0,0.0,0.0,0.0,0.0,0.0,0.0,0.0,0.0,0.0,0.0,0.0,0.0,0.0,0.0,0.0,0.0,0.0,0.0,0.0,0.0,0.0,0.0,0.0,0.0,0.0,0.0,0.0,0.0,0.0,0.0,0.0,0.0,0.0,0.0,0.0,0.3008166395712121,0.0009638569982913516,0.0004677671188213243,-0.006583926252892623,0.005577185720241658,-0.0002209748185780509,0.0,0.0,0.0,0.0,0.0,0.0,0.0,0.0,0.0,0.0,0.0,0.0,0.0,0.0,0.0,0.0,0.0,0.0,0.0,0.0,0.0,0.0,0.0,0.0,0.0,0.0,0.0,0.0,0.0,0.0,0.0,0.0,0.0,0.0,0.0,0.0
9600000000,9,600000000,Archimede_odom,Archimede_base_link,-8.600742016964261,11.864189020390269,345.6458921849914,-0.10191660441041173,0.18592294523974356,0.97651915038439,0.03815773986205647,0.0,0.0,0.0,0.0,0.0,0.0,0.0,0.0,0.0,0.0,0.0,0.0,0.0,0.0,0.0,0.0,0.0,0.0,0.0,0.0,0.0,0.0,0.0,0.0,0.0,0.0,0.0,0.0,0.0,0.0,0.0,0.0,0.0,0.0,0.0,0.0,0.30180343086730704,0.0008664145829234912,-0.0016181821374295115,-0.006601215561865342,0.012178179261608824,-0.000495751605148622,0.0,0.0,0.0,0.0,0.0,0.0,0.0,0.0,0.0,0.0,0.0,0.0,0.0,0.0,0.0,0.0,0.0,0.0,0.0,0.0,0.0,0.0,0.0,0.0,0.0,0.0,0.0,0.0,0.0,0.0,0.0,0.0,0.0,0.0,0.0,0.0
9700000000,9,700000000,Archimede_odom,Archimede_base_link,-8.630187705407126,11.86515467604911,345.63934107639415,-0.10252870618313278,0.1856211513033039,0.976517300429763,0.0380343865287273,0.0,0.0,0.0,0.0,0.0,0.0,0.0,0.0,0.0,0.0,0.0,0.0,0.0,0.0,0.0,0.0,0.0,0.0,0.0,0.0,0.0,0.0,0.0,0.0,0.0,0.0,0.0,0.0,0.0,0.0,0.0,0.0,0.0,0.0,0.0,0.0,0.30180793701546393,0.0008757036724861857,-0.0012581340381185623,-0.0066085900418341075,0.012191772361427789,-0.0004737194131200612,0.0,0.0,0.0,0.0,0.0,0.0,0.0,0.0,0.0,0.0,0.0,0.0,0.0,0.0,0.0,0.0,0.0,0.0,0.0,0.0,0.0,0.0,0.0,0.0,0.0,0.0,0.0,0.0,0.0,0.0,0.0,0.0,0.0,0.0,0.0,0.0
9800000000,9,800000000,Archimede_odom,Archimede_base_link,-8.659633337239374,11.866120731546832,345.6327892051853,-0.10314097906130885,0.18531916846112004,0.9765150209373635,0.037909868409876014,0.0,0.0,0.0,0.0,0.0,0.0,0.0,0.0,0.0,0.0,0.0,0.0,0.0,0.0,0.0,0.0,0.0,0.0,0.0,0.0,0.0,0.0,0.0,0.0,0.0,0.0,0.0,0.0,0.0,0.0,0.0,0.0,0.0,0.0,0.0,0.0,0.3018095026948822,0.000883905047596382,-0.0008934664861237777,-0.006611601335849338,0.012197166198253073,-0.0004526906692255372,0.0,0.0,0.0,0.0,0.0,0.0,0.0,0.0,0.0,0.0,0.0,0.0,0.0,0.0,0.0,0.0,0.0,0.0,0.0,0.0,0.0,0.0,0.0,0.0,0.0,0.0,0.0,0.0,0.0,0.0,0.0,0.0,0.0,0.0,0.0,0.0
9901000000,9,900000000,Archimede_odom,Archimede_base_link,-8.689030203660908,11.867149895700308,345.6262224095973,-0.10361539489078296,0.1852229860051565,0.9764860902177852,0.037831349541674074,0.0,0.0,0.0,0.0,0.0,0.0,0.0,0.0,0.0,0.0,0.0,0.0,0.0,0.0,0.0,0.0,0.0,0.0,0.0,0.0,0.0,0.0,0.0,0.0,0.0,0.0,0.0,0.0,0.0,0.0,0.0,0.0,0.0,0.0,0.0,0.0,0.30135424308395276,0.00014770236413366174,-0.0005940607093802829,-0.0019442532207700832,0.00932924125385488,-0.00044078621920043805,0.0,0.0,0.0,0.0,0.0,0.0,0.0,0.0,0.0,0.0,0.0,0.0,0.0,0.0,0.0,0.0,0.0,0.0,0.0,0.0,0.0,0.0,0.0,0.0,0.0,0.0,0.0,0.0,0.0,0.0,0.0,0.0,0.0,0.0,0.0,0.0
10000000000,10,0,Archimede_odom,Archimede_base_link,-8.718430832342493,11.868172912477561,345.6196178790882,-0.10412661999332361,0.1851453028597927,0.9764496697393807,0.037747931116497824,0.0,0.0,0.0,0.0,0.0,0.0,0.0,0.0,0.0,0.0,0.0,0.0,0.0,0.0,0.0,0.0,0.0,0.0,0.0,0.0,0.0,0.0,0.0,0.0,0.0,0.0,0.0,0.0,0.0,0.0,0.0,0.0,0.0,0.0,0.0,0.0,0.3015735246488142,0.0001404200964137591,-0.0008082028900936224,-0.0019329386028165863,0.01075255650570186,-0.0004559389256200283,0.0,0.0,0.0,0.0,0.0,0.0,0.0,0.0,0.0,0.0,0.0,0.0,0.0,0.0,0.0,0.0,0.0,0.0,0.0,0.0,0.0,0.0,0.0,0.0,0.0,0.0,0.0,0.0,0.0,0.0,0.0,0.0,0.0,0.0,0.0,0.0
10100000000,10,100000000,Archimede_odom,Archimede_base_link,-8.748066639115294,11.868568453483174,345.6129088317277,-0.10346473420017956,0.1856778770681436,0.9767137660394047,0.029137501153606502,0.0,0.0,0.0,0.0,0.0,0.0,0.0,0.0,0.0,0.0,0.0,0.0,0.0,0.0,0.0,0.0,0.0,0.0,0.0,0.0,0.0,0.0,0.0,0.0,0.0,0.0,0.0,0.0,0.0,0.0,0.0,0.0,0.0,0.0,0.0,0.0,0.3031691393654831,0.0019146501767387859,-0.004703826145349515,-0.012684292161142325,0.024230941216616644,0.29322009143189354,0.0,0.0,0.0,0.0,0.0,0.0,0.0,0.0,0.0,0.0,0.0,0.0,0.0,0.0,0.0,0.0,0.0,0.0,0.0,0.0,0.0,0.0,0.0,0.0,0.0,0.0,0.0,0.0,0.0,0.0,0.0,0.0,0.0,0.0,0.0,0.0
10200000000,10,200000000,Archimede_odom,Archimede_base_link,-8.777678841360224,11.868376568626914,345.60618161162006,-0.10190759923612058,0.18650839722634338,0.9770489530842016,0.014310913983966035,0.0,0.0,0.0,0.0,0.0,0.0,0.0,0.0,0.0,0.0,0.0,0.0,0.0,0.0,0.0,0.0,0.0,0.0,0.0,0.0,0.0,0.0,0.0,0.0,0.0,0.0,0.0,0.0,0.0,0.0,0.0,0.0,0.0,0.0,0.0,0.0,0.30360908441399614,0.0029128013046905835,-0.006580207241240447,-0.02290571172767005,0.024195466788365327,0.29774693632412963,0.0,0.0,0.0,0.0,0.0,0.0,0.0,0.0,0.0,0.0,0.0,0.0,0.0,0.0,0.0,0.0,0.0,0.0,0.0,0.0,0.0,0.0,0.0,0.0,0.0,0.0,0.0,0.0,0.0,0.0,0.0,0.0,0.0,0.0,0.0,0.0
10300000000,10,300000000,Archimede_odom,Archimede_base_link,-8.807299163435271,11.867148300746443,345.5996330126434,-0.1002820098025989,0.186946373882311,0.9772380714184628,-0.0005688343610435913,0.0,0.0,0.0,0.0,0.0,0.0,0.0,0.0,0.0,0.0,0.0,0.0,0.0,0.0,0.0,0.0,0.0,0.0,0.0,0.0,0.0,0.0,0.0,0.0,0.0,0.0,0.0,0.0,0.0,0.0,0.0,0.0,0.0,0.0,0.0,0.0,0.3032062799282427,0.0021631929835398468,-0.006080939479265526,-0.018554917908916776,0.0212195433337521,0.2978020534295269,0.0,0.0,0.0,0.0,0.0,0.0,0.0,0.0,0.0,0.0,0.0,0.0,0.0,0.0,0.0,0.0,0.0,0.0,0.0,0.0,0.0,0.0,0.0,0.0,0.0,0.0,0.0,0.0,0.0,0.0,0.0,0.0,0.0,0.0,0.0,0.0
10401000000,10,400000000,Archimede_odom,Archimede_base_link,-8.836933678754614,11.865083470522633,345.59324792625284,-0.09869905473226642,0.18750248719074278,0.9771709171956287,-0.015437372810697018,0.0,0.0,0.0,0.0,0.0,0.0,0.0,0.0,0.0,0.0,0.0,0.0,0.0,0.0,0.0,0.0,0.0,0.0,0.0,0.0,0.0,0.0,0.0,0.0,0.0,0.0,0.0,0.0,0.0,0.0,0.0,0.0,0.0,0.0,0.0,0.0,0.30468000202149853,0.0019041941537579874,-0.009170127414840084,-0.018356394172597996,0.030870427529472222,0.2973675508387225,0.0,0.0,0.0,0.0,0.0,0.0,0.0,0.0,0.0,0.0,0.0,0.0,0.0,0.0,0.0,0.0,0.0,0.0,0.0,0.0,0.0,0.0,0.0,0.0,0.0,0.0,0.0,0.0,0.0,0.0,0.0,0.0,0.0,0.0,0.0,0.0
10500000000,10,500000000,Archimede_odom,Archimede_base_link,-8.866612216430005,11.862093856652857,345.5869448221271,-0.09740569611162662,0.18799983834669948,0.9768556856586021,-0.03035062673301172,0.0,0.0,0.0,0.0,0.0,0.0,0.0,0.0,0.0,0.0,0.0,0.0,0.0,0.0,0.0,0.0,0.0,0.0,0.0,0.0,0.0,0.0,0.0,0.0,0.0,0.0,0.0,0.0,0.0,0.0,0.0,0.0,0.0,0.0,0.0,0.0,0.30477872743092116,0.0019560414318333464,-0.008464849232367273,-0.01912704879172994,0.031147059197291133,0.2974189896773899,0.0,0.0,0.0,0.0,0.0,0.0,0.0,0.0,0.0,0.0,0.0,0.0,0.0,0.0,0.0,0.0,0.0,0.0,0.0,0.0,0.0,0.0,0.0,0.0,0.0,0.0,0.0,0.0,0.0,0.0,0.0,0.0,0.0,0.0,0.0,0.0
10600000000,10,600000000,Archimede_odom,Archimede_base_link,-8.896257865485177,11.858242175203515,345.58095298506026,-0.09609085984029267,0.18840894153446058,0.97632971454397,-0.04526484180362851,0.0,0.0,0.0,0.0,0.0,0.0,0.0,0.0,0.0,0.0,0.0,0.0,0.0,0.0,0.0,0.0,0.0,0.0,0.0,0.0,0.0,0.0,0.0,0.0,0.0,0.0,0.0,0.0,0.0,0.0,0.0,0.0,0.0,0.0,0.0,0.0,0.30474518268283884,0.0023930463303178523,-0.008151278299076274,-0.02142289776422661,0.031199071465739896,0.2974910301431105,0.0,0.0,0.0,0.0,0.0,0.0,0.0,0.0,0.0,0.0,0.0,0.0,0.0,0.0,0.0,0.0,0.0,0.0,0.0,0.0,0.0,0.0,0.0,0.0,0.0,0.0,0.0,0.0,0.0,0.0,0.0,0.0,0.0,0.0,0.0,0.0
10700000000,10,700000000,Archimede_odom,Archimede_base_link,-8.925833633036385,11.853505413444639,345.5752687858787,-0.09475054138458258,0.1886864552700646,0.9756013401708045,-0.0601812392849849,0.0,0.0,0.0,0.0,0.0,0.0,0.0,0.0,0.0,0.0,0.0,0.0,0.0,0.0,0.0,0.0,0.0,0.0,0.0,0.0,0.0,0.0,0.0,0.0,0.0,0.0,0.0,0.0,0.0,0.0,0.0,0.0,0.0,0.0,0.0,0.0,0.3047995506616811,0.0024098023454936016,-0.0074112116695595285,-0.02195516042347617,0.031174704641016137,0.29754559281931325,0.0,0.0,0.0,0.0,0.0,0.0,0.0,0.0,0.0,0.0,0.0,0.0,0.0,0.0,0.0,0.0,0.0,0.0,0.0,0.0,0.0,0.0,0.0,0.0,0.0,0.0,0.0,0.0,0.0,0.0,0.0,0.0,0.0,0.0,0.0,0.0
10800000000,10,800000000,Archimede_odom,Archimede_base_link,-8.955551491586261,11.848808516671635,345.570527095047,-0.09349138931520899,0.19088612093440402,0.9742676255838693,-0.07499628455928856,0.0,0.0,0.0,0.0,0.0,0.0,0.0,0.0,0.0,0.0,0.0,0.0,0.0,0.0,0.0,0.0,0.0,0.0,0.0,0.0,0.0,0.0,0.0,0.0,0.0,0.0,0.0,0.0,0.0,0.0,0.0,0.0,0.0,0.0,0.0,0.0,0.3041852058663447,-0.002964760859188437,0.0036072531668942245,0.013507034936767293,0.026196713997723053,0.2992031448684842,0.0,0.0,0.0,0.0,0.0,0.0,0.0,0.0,0.0,0.0,0.0,0.0,0.0,0.0,0.0,0.0,0.0,0.0,0.0,0.0,0.0,0.0,0.0,0.0,0.0,0.0,0.0,0.0,0.0,0.0,0.0,0.0,0.0,0.0,0.0,0.0
10900000000,10,900000000,Archimede_odom,Archimede_base_link,-8.985342767210417,11.843725186652158,345.5661857751444,-0.09256210312538628,0.19435397196845933,0.9724230086532383,-0.08973451335396404,0.0,0.0,0.0,0.0,0.0,0.0,0.0,0.0,0.0,0.0,0.0,0.0,0.0,0.0,0.0,0.0,0.0,0.0,0.0,0.0,0.0,0.0,0.0,0.0,0.0,0.0,0.0,0.0,0.0,0.0,0.0,0.0,0.0,0.0,0.0,0.0,0.30426508359741605,-0.008206181680965362,0.005376781263412173,0.04871389605565567,0.03216950167215542,0.2992949292879616,0.0,0.0,0.0,0.0,0.0,0.0,0.0,0.0,0.0,0.0,0.0,0.0,0.0,0.0,0.0,0.0,0.0,0.0,0.0,0.0,0.0,0.0,0.0,0.0,0.0,0.0,0.0,0.0,0.0,0.0,0.0,0.0,0.0,0.0,0.0,0.0
11001000000,11,0,Archimede_odom,Archimede_base_link,-9.014982669498231,11.837887925562809,345.56207871442155,-0.09160274903212265,0.19811558754534184,0.970290996884994,-0.10437687342149192,0.0,0.0,0.0,0.0,0.0,0.0,0.0,0.0,0.0,0.0,0.0,0.0,0.0,0.0,0.0,0.0,0.0,0.0,0.0,0.0,0.0,0.0,0.0,0.0,0.0,0.0,0.0,0.0,0.0,0.0,0.0,0.0,0.0,0.0,0.0,0.0,0.30532247453742206,-0.00991848070235823,0.006355325224281982,0.059128002747274665,0.04007900088935578,0.29924668054994097,0.0,0.0,0.0,0.0,0.0,0.0,0.0,0.0,0.0,0.0,0.0,0.0,0.0,0.0,0.0,0.0,0.0,0.0,0.0,0.0,0.0,0.0,0.0,0.0,0.0,0.0,0.0,0.0,0.0,0.0,0.0,0.0,0.0,0.0,0.0,0.0
11100000000,11,100000000,Archimede_odom,Archimede_base_link,-9.044524286219598,11.831117438789773,345.5581849428088,-0.09093752693255751,0.201710894204175,0.9679158905255363,-0.11908782567038648,0.0,0.0,0.0,0.0,0.0,0.0,0.0,0.0,0.0,0.0,0.0,0.0,0.0,0.0,0.0,0.0,0.0,0.0,0.0,0.0,0.0,0.0,0.0,0.0,0.0,0.0,0.0,0.0,0.0,0.0,0.0,0.0,0.0,0.0,0.0,0.0,0.30629640959170296,-0.008356666480087292,0.007871133077753995,0.04875402909494116,0.05036166214642542,0.30004656408142943,0.0,0.0,0.0,0.0,0.0,0.0,0.0,0.0,0.0,0.0,0.0,0.0,0.0,0.0,0.0,0.0,0.0,0.0,0.0,0.0,0.0,0.0,0.0,0.0,0.0,0.0,0.0,0.0,0.0,0.0,0.0,0.0,0.0,0.0,0.0,0.0
11200000000,11,200000000,Archimede_odom,Archimede_base_link,-9.074034383685344,11.823550144216481,345.5548167930333,-0.09065984503284218,0.20508822577228827,0.965294738919078,-0.13388681474792455,0.0,0.0,0.0,0.0,0.0,0.0,0.0,0.0,0.0,0.0,0.0,0.0,0.0,0.0,0.0,0.0,0.0,0.0,0.0,0.0,0.0,0.0,0.0,0.0,0.0,0.0,0.0,0.0,0.0,0.0,0.0,0.0,0.0,0.0,0.0,0.0,0.30626744249339205,-0.008402189836575638,0.009274801270662604,0.04854605935159623,0.0518584131455236,0.2999711734341992,0.0,0.0,0.0,0.0,0.0,0.0,0.0,0.0,0.0,0.0,0.0,0.0,0.0,0.0,0.0,0.0,0.0,0.0,0.0,0.0,0.0,0.0,0.0,0.0,0.0,0.0,0.0,0.0,0.0,0.0,0.0,0.0,0.0,0.0,0.0,0.0
11301000000,11,300000000,Archimede_odom,Archimede_base_link,-9.10301857897946,11.814830179266348,345.5520281875578,-0.08936263028171154,0.20713800782772668,0.9628189420299608,-0.14861981997903853,0.0,0.0,0.0,0.0,0.0,0.0,0.0,0.0,0.0,0.0,0.0,0.0,0.0,0.0,0.0,0.0,0.0,0.0,0.0,0.0,0.0,0.0,0.0,0.0,0.0,0.0,0.0,0.0,0.0,0.0,0.0,0.0,0.0,0.0,0.0,0.0,0.30290229301795357,-0.002323802075802705,0.01005105917826658,0.010576640440516396,0.029055177160847552,0.29996436210257804,0.0,0.0,0.0,0.0,0.0,0.0,0.0,0.0,0.0,0.0,0.0,0.0,0.0,0.0,0.0,0.0,0.0,0.0,0.0,0.0,0.0,0.0,0.0,0.0,0.0,0.0,0.0,0.0,0.0,0.0,0.0,0.0,0.0,0.0,0.0,0.0
11401000000,11,400000000,Archimede_odom,Archimede_base_link,-9.131618851950725,11.805234247888668,345.5496743720056,-0.08771171938855296,0.20873040084566083,0.9602462694182932,-0.16329536464016425,0.0,0.0,0.0,0.0,0.0,0.0,0.0,0.0,0.0,0.0,0.0,0.0,0.0,0.0,0.0,0.0,0.0,0.0,0.0,0.0,0.0,0.0,0.0,0.0,0.0,0.0,0.0,0.0,0.0,0.0,0.0,0.0,0.0,0.0,0.0,0.0,0.30234190771242436,-0.0023248917582063128,0.01068093959078415,0.009876736303720992,0.028734374318897637,0.2999366464749804,0.0,0.0,0.0,0.0,0.0,0.0,0.0,0.0,0.0,0.0,0.0,0.0,0.0,0.0,0.0,0.0,0.0,0.0,0.0,0.0,0.0,0.0,0.0,0.0,0.0,0.0,0.0,0.0,0.0,0.0,0.0,0.0,0.0,0.0,0.0,0.0
11500000000,11,500000000,Archimede_odom,Archimede_base_link,-9.159954397802151,11.7948448107777,345.5476918253248,-0.08601995871054176,0.21024524431861571,0.9574640264826936,-0.17793297034667305,0.0,0.0,0.0,0.0,0.0,0.0,0.0,0.0,0.0,0.0,0.0,0.0,0.0,0.0,0.0,0.0,0.0,0.0,0.0,0.0,0.0,0.0,0.0,0.0,0.0,0.0,0.0,0.0,0.0,0.0,0.0,0.0,0.0,0.0,0.0,0.0,0.3021823095551358,-0.0022326724029846957,0.01129192746942766,0.009200372295160146,0.02839935575042507,0.29992809576410945,0.0,0.0,0.0,0.0,0.0,0.0,0.0,0.0,0.0,0.0,0.0,0.0,0.0,0.0,0.0,0.0,0.0,0.0,0.0,0.0,0.0,0.0,0.0,0.0,0.0,0.0,0.0,0.0,0.0,0.0,0.0,0.0,0.0,0.0,0.0,0.0
11600000000,11,600000000,Archimede_odom,Archimede_base_link,-9.187946836480789,11.783617385170773,345.5461172802561,-0.08410116420313708,0.21148412950201778,0.9545354720519555,-0.19251880360889687,0.0,0.0,0.0,0.0,0.0,0.0,0.0,0.0,0.0,0.0,0.0,0.0,0.0,0.0,0.0,0.0,0.0,0.0,0.0,0.0,0.0,0.0,0.0,0.0,0.0,0.0,0.0,0.0,0.0,0.0,0.0,0.0,0.0,0.0,0.0,0.0,0.30146111984715,-0.0012381016286987785,0.011776006158853668,0.0028890186670265843,0.02437135059230682,0.299930735330617,0.0,0.0,0.0,0.0,0.0,0.0,0.0,0.0,0.0,0.0,0.0,0.0,0.0,0.0,0.0,0.0,0.0,0.0,0.0,0.0,0.0,0.0,0.0,0.0,0.0,0.0,0.0,0.0,0.0,0.0,0.0,0.0,0.0,0.0,0.0,0.0
11700000000,11,700000000,Archimede_odom,Archimede_base_link,-9.21552440024646,11.771598148457823,345.54477140268,-0.08184616848654593,0.2127898533277884,0.9514162624060766,-0.20695115040526307,0.0,0.0,0.0,0.0,0.0,0.0,0.0,0.0,0.0,0.0,0.0,0.0,0.0,0.0,0.0,0.0,0.0,0.0,0.0,0.0,0.0,0.0,0.0,0.0,0.0,0.0,0.0,0.0,0.0,0.0,0.0,0.0,0.0,0.0,0.0,0.0,0.3011322770741816,-0.004103590192921686,0.011414310038263554,0.020450947898912875,0.016374987003133393,0.29780822184428984,0.0,0.0,0.0,0.0,0.0,0.0,0.0,0.0,0.0,0.0,0.0,0.0,0.0,0.0,0.0,0.0,0.0,0.0,0.0,0.0,0.0,0.0,0.0,0.0,0.0,0.0,0.0,0.0,0.0,0.0,0.0,0.0,0.0,0.0,0.0,0.0
11800000000,11,800000000,Archimede_odom,Archimede_base_link,-9.242953791972303,11.759114356079158,345.54372191777884,-0.0795726206711731,0.21464744470966998,0.9480175210776917,-0.2210372191483583,0.0,0.0,0.0,0.0,0.0,0.0,0.0,0.0,0.0,0.0,0.0,0.0,0.0,0.0,0.0,0.0,0.0,0.0,0.0,0.0,0.0,0.0,0.0,0.0,0.0,0.0,0.0,0.0,0.0,0.0,0.0,0.0,0.0,0.0,0.0,0.0,0.30118333032378786,-0.005587747653585329,0.01141933824649213,0.018736687635392563,0.01530592211263504,0.29319777946288816,0.0,0.0,0.0,0.0,0.0,0.0,0.0,0.0,0.0,0.0,0.0,0.0,0.0,0.0,0.0,0.0,0.0,0.0,0.0,0.0,0.0,0.0,0.0,0.0,0.0,0.0,0.0,0.0,0.0,0.0,0.0,0.0,0.0,0.0,0.0,0.0
11900000000,11,900000000,Archimede_odom,Archimede_base_link,-9.270045600656934,11.745955053844613,345.54299188300985,-0.07732146514932595,0.21650667635320023,0.9444108840972983,-0.2350198547361718,0.0,0.0,0.0,0.0,0.0,0.0,0.0,0.0,0.0,0.0,0.0,0.0,0.0,0.0,0.0,0.0,0.0,0.0,0.0,0.0,0.0,0.0,0.0,0.0,0.0,0.0,0.0,0.0,0.0,0.0,0.0,0.0,0.0,0.0,0.0,0.0,0.30057661941892705,-0.004161563904157754,0.010797591445384872,0.01852131038998129,0.013309185700258514,0.29658917267503393,0.0,0.0,0.0,0.0,0.0,0.0,0.0,0.0,0.0,0.0,0.0,0.0,0.0,0.0,0.0,0.0,0.0,0.0,0.0,0.0,0.0,0.0,0.0,0.0,0.0,0.0,0.0,0.0,0.0,0.0,0.0,0.0,0.0,0.0,0.0,0.0
12000000000,12,0,Archimede_odom,Archimede_base_link,-9.296722135583936,11.732054892699676,345.54257418767696,-0.07495751095975933,0.21832231651535397,0.9406110821860891,-0.24893278155116746,0.0,0.0,0.0,0.0,0.0,0.0,0.0,0.0,0.0,0.0,0.0,0.0,0.0,0.0,0.0,0.0,0.0,0.0,0.0,0.0,0.0,0.0,0.0,0.0,0.0,0.0,0.0,0.0,0.0,0.0,0.0,0.0,0.0,0.0,0.0,0.0,0.3005179445057554,-0.0051155696511863665,0.010756824764006372,0.017975099497755737,0.012768245794368338,0.29378502823629526,0.0,0.0,0.0,0.0,0.0,0.0,0.0,0.0,0.0,0.0,0.0,0.0,0.0,0.0,0.0,0.0,0.0,0.0,0.0,0.0,0.0,0.0,0.0,0.0,0.0,0.0,0.0,0.0,0.0,0.0,0.0,0.0,0.0,0.0,0.0,0.0
12100000000,12,100000000,Archimede_odom,Archimede_base_link,-9.322950689692616,11.717397531031507,345.5425449294968,-0.07243186678948481,0.21997300407835724,0.9366401973147203,-0.2628129428402932,0.0,0.0,0.0,0.0,0.0,0.0,0.0,0.0,0.0,0.0,0.0,0.0,0.0,0.0,0.0,0.0,0.0,0.0,0.0,0.0,0.0,0.0,0.0,0.0,0.0,0.0,0.0,0.0,0.0,0.0,0.0,0.0,0.0,0.0,0.0,0.0,0.29945857971520373,-0.0027367159574698137,0.010608584674929162,0.006217227838499939,0.005260115100652319,0.29504102356816775,0.0,0.0,0.0,0.0,0.0,0.0,0.0,0.0,0.0,0.0,0.0,0.0,0.0,0.0,0.0,0.0,0.0,0.0,0.0,0.0,0.0,0.0,0.0,0.0,0.0,0.0,0.0,0.0,0.0,0.0,0.0,0.0,0.0,0.0,0.0,0.0
12200000000,12,200000000,Archimede_odom,Archimede_base_link,-9.34860266861847,11.701996965764268,345.54293403140383,-0.06947603759445255,0.22121690730493548,0.9325962828627518,-0.27658693626632463,0.0,0.0,0.0,0.0,0.0,0.0,0.0,0.0,0.0,0.0,0.0,0.0,0.0,0.0,0.0,0.0,0.0,0.0,0.0,0.0,0.0,0.0,0.0,0.0,0.0,0.0,0.0,0.0,0.0,0.0,0.0,0.0,0.0,0.0,0.0,0.0,0.29895433591953335,-0.0029150302787577373,0.010256153562489443,0.005565030547085693,0.0042318612594327565,0.29418619696901455,0.0,0.0,0.0,0.0,0.0,0.0,0.0,0.0,0.0,0.0,0.0,0.0,0.0,0.0,0.0,0.0,0.0,0.0,0.0,0.0,0.0,0.0,0.0,0.0,0.0,0.0,0.0,0.0,0.0,0.0,0.0,0.0,0.0,0.0,0.0,0.0
12300000000,12,300000000,Archimede_odom,Archimede_base_link,-9.373801445522727,11.685915590824735,345.54368234175087,-0.06646938515993354,0.22242010405900697,0.928351036982477,-0.2903023773247478,0.0,0.0,0.0,0.0,0.0,0.0,0.0,0.0,0.0,0.0,0.0,0.0,0.0,0.0,0.0,0.0,0.0,0.0,0.0,0.0,0.0,0.0,0.0,0.0,0.0,0.0,0.0,0.0,0.0,0.0,0.0,0.0,0.0,0.0,0.0,0.0,0.29876838912019277,-0.0027882094216120437,0.009886024244030739,0.005510831676174171,0.0035286708485243643,0.294368694450778,0.0,0.0,0.0,0.0,0.0,0.0,0.0,0.0,0.0,0.0,0.0,0.0,0.0,0.0,0.0,0.0,0.0,0.0,0.0,0.0,0.0,0.0,0.0,0.0,0.0,0.0,0.0,0.0,0.0,0.0,0.0,0.0,0.0,0.0,0.0,0.0
12400000000,12,400000000,Archimede_odom,Archimede_base_link,-9.398184235216256,11.66895826264757,345.5444200803302,-0.0628801265948425,0.22340757871798206,0.9240088456080975,-0.30387957596517745,0.0,0.0,0.0,0.0,0.0,0.0,0.0,0.0,0.0,0.0,0.0,0.0,0.0,0.0,0.0,0.0,0.0,0.0,0.0,0.0,0.0,0.0,0.0,0.0,0.0,0.0,0.0,0.0,0.0,0.0,0.0,0.0,0.0,0.0,0.0,0.0,0.29678332800080875,-0.0006757779796830587,0.003497731433066435,-0.003424638307441766,-0.00736226171481171,0.29453111828529643,0.0,0.0,0.0,0.0,0.0,0.0,0.0,0.0,0.0,0.0,0.0,0.0,0.0,0.0,0.0,0.0,0.0,0.0,0.0,0.0,0.0,0.0,0.0,0.0,0.0,0.0,0.0,0.0,0.0,0.0,0.0,0.0,0.0,0.0,0.0,0.0
12500000000,12,500000000,Archimede_odom,Archimede_base_link,-9.421820391433927,11.651233807931364,345.54553266380157,-0.058639522104093254,0.22385007787517766,0.919642973296626,-0.31734736606567493,0.0,0.0,0.0,0.0,0.0,0.0,0.0,0.0,0.0,0.0,0.0,0.0,0.0,0.0,0.0,0.0,0.0,0.0,0.0,0.0,0.0,0.0,0.0,0.0,0.0,0.0,0.0,0.0,0.0,0.0,0.0,0.0,0.0,0.0,0.0,0.0,0.29539249106233934,0.0013930868610671503,0.0024553593491277604,-0.015458700337147292,-0.016273326075582923,0.2947071806074274,0.0,0.0,0.0,0.0,0.0,0.0,0.0,0.0,0.0,0.0,0.0,0.0,0.0,0.0,0.0,0.0,0.0,0.0,0.0,0.0,0.0,0.0,0.0,0.0,0.0,0.0,0.0,0.0,0.0,0.0,0.0,0.0,0.0,0.0,0.0,0.0
12600000000,12,600000000,Archimede_odom,Archimede_base_link,-9.4450764999729,11.633096430317671,345.54714004701793,-0.054480680607515646,0.2247531822770492,0.9149600971949912,-0.3307051300445964,0.0,0.0,0.0,0.0,0.0,0.0,0.0,0.0,0.0,0.0,0.0,0.0,0.0,0.0,0.0,0.0,0.0,0.0,0.0,0.0,0.0,0.0,0.0,0.0,0.0,0.0,0.0,0.0,0.0,0.0,0.0,0.0,0.0,0.0,0.0,0.0,0.29515461859477476,-0.0009175891398943313,0.004948783426147943,0.0006468919211190548,-0.017485444627789105,0.29511039734217964,0.0,0.0,0.0,0.0,0.0,0.0,0.0,0.0,0.0,0.0,0.0,0.0,0.0,0.0,0.0,0.0,0.0,0.0,0.0,0.0,0.0,0.0,0.0,0.0,0.0,0.0,0.0,0.0,0.0,0.0,0.0,0.0,0.0,0.0,0.0,0.0
12700000000,12,700000000,Archimede_odom,Archimede_base_link,-9.467650994238056,11.61437894300302,345.54923362514813,-0.04976090428038798,0.225411704807992,0.9101834404927238,-0.34391789775116516,0.0,0.0,0.0,0.0,0.0,0.0,0.0,0.0,0.0,0.0,0.0,0.0,0.0,0.0,0.0,0.0,0.0,0.0,0.0,0.0,0.0,0.0,0.0,0.0,0.0,0.0,0.0,0.0,0.0,0.0,0.0,0.0,0.0,0.0,0.0,0.0,0.2928815323946655,0.002615090099581662,0.003485097462017241,-0.020710121014343448,-0.03207663459668185,0.29520101737909543,0.0,0.0,0.0,0.0,0.0,0.0,0.0,0.0,0.0,0.0,0.0,0.0,0.0,0.0,0.0,0.0,0.0,0.0,0.0,0.0,0.0,0.0,0.0,0.0,0.0,0.0,0.0,0.0,0.0,0.0,0.0,0.0,0.0,0.0,0.0,0.0
12800000000,12,800000000,Archimede_odom,Archimede_base_link,-9.489430562343179,11.595019077047048,345.5516019510991,-0.04441880593141756,0.22582246237148804,0.9053211970933377,-0.3569659861409643,0.0,0.0,0.0,0.0,0.0,0.0,0.0,0.0,0.0,0.0,0.0,0.0,0.0,0.0,0.0,0.0,0.0,0.0,0.0,0.0,0.0,0.0,0.0,0.0,0.0,0.0,0.0,0.0,0.0,0.0,0.0,0.0,0.0,0.0,0.0,0.0,0.29197450160631583,0.0029941785564700204,-0.0002779192905656357,-0.02000437693809311,-0.039440966071367364,0.2955583755829961,0.0,0.0,0.0,0.0,0.0,0.0,0.0,0.0,0.0,0.0,0.0,0.0,0.0,0.0,0.0,0.0,0.0,0.0,0.0,0.0,0.0,0.0,0.0,0.0,0.0,0.0,0.0,0.0,0.0,0.0,0.0,0.0,0.0,0.0,0.0,0.0
12901000000,12,900000000,Archimede_odom,Archimede_base_link,-9.510581528051194,11.575076847348814,345.55422606494636,-0.03890412491281266,0.22628896984722827,0.9002549520216129,-0.36989294741967144,0.0,0.0,0.0,0.0,0.0,0.0,0.0,0.0,0.0,0.0,0.0,0.0,0.0,0.0,0.0,0.0,0.0,0.0,0.0,0.0,0.0,0.0,0.0,0.0,0.0,0.0,0.0,0.0,0.0,0.0,0.0,0.0,0.0,0.0,0.0,0.0,0.2917872464675634,0.0030134884124521795,-0.002009296679647618,-0.019151359425183194,-0.041006359869191204,0.29556127330613635,0.0,0.0,0.0,0.0,0.0,0.0,0.0,0.0,0.0,0.0,0.0,0.0,0.0,0.0,0.0,0.0,0.0,0.0,0.0,0.0,0.0,0.0,0.0,0.0,0.0,0.0,0.0,0.0,0.0,0.0,0.0,0.0,0.0,0.0,0.0,0.0
13000000000,13,0,Archimede_odom,Archimede_base_link,-9.531014789015313,11.554547372192717,345.55697315906866,-0.033102317848279564,0.22680308399683596,0.8950157824258435,-0.3826373568422861,0.0,0.0,0.0,0.0,0.0,0.0,0.0,0.0,0.0,0.0,0.0,0.0,0.0,0.0,0.0,0.0,0.0,0.0,0.0,0.0,0.0,0.0,0.0,0.0,0.0,0.0,0.0,0.0,0.0,0.0,0.0,0.0,0.0,0.0,0.0,0.0,0.29110942487825225,0.0026179958211886784,-0.006698349990135627,-0.01534983887037227,-0.04522035980388582,0.29460590499849976,0.0,0.0,0.0,0.0,0.0,0.0,0.0,0.0,0.0,0.0,0.0,0.0,0.0,0.0,0.0,0.0,0.0,0.0,0.0,0.0,0.0,0.0,0.0,0.0,0.0,0.0,0.0,0.0,0.0,0.0,0.0,0.0,0.0,0.0,0.0,0.0
13100000000,13,100000000,Archimede_odom,Archimede_base_link,-9.55089374345849,11.533497546839074,345.55996911458385,-0.027409022586279166,0.22748298568635528,0.8895253089850288,-0.39527833406243656,0.0,0.0,0.0,0.0,0.0,0.0,0.0,0.0,0.0,0.0,0.0,0.0,0.0,0.0,0.0,0.0,0.0,0.0,0.0,0.0,0.0,0.0,0.0,0.0,0.0,0.0,0.0,0.0,0.0,0.0,0.0,0.0,0.0,0.0,0.0,0.0,0.2908593965126613,0.002635370700257659,-0.008526934591823417,-0.0144301182855189,-0.04687310347051759,0.29455552590490924,0.0,0.0,0.0,0.0,0.0,0.0,0.0,0.0,0.0,0.0,0.0,0.0,0.0,0.0,0.0,0.0,0.0,0.0,0.0,0.0,0.0,0.0,0.0,0.0,0.0,0.0,0.0,0.0,0.0,0.0,0.0,0.0,0.0,0.0,0.0,0.0
13200000000,13,200000000,Archimede_odom,Archimede_base_link,-9.5702141397491,11.511949171225211,345.5633782174886,-0.021749636576729774,0.2281199245820211,0.8838187163591473,-0.4078636168264365,0.0,0.0,0.0,0.0,0.0,0.0,0.0,0.0,0.0,0.0,0.0,0.0,0.0,0.0,0.0,0.0,0.0,0.0,0.0,0.0,0.0,0.0,0.0,0.0,0.0,0.0,0.0,0.0,0.0,0.0,0.0,0.0,0.0,0.0,0.0,0.0,0.29537826995824096,0.002168441142342402,-0.00196182603266169,-0.01623059175251279,-0.02737416424560265,0.2993518190356812,0.0,0.0,0.0,0.0,0.0,0.0,0.0,0.0,0.0,0.0,0.0,0.0,0.0,0.0,0.0,0.0,0.0,0.0,0.0,0.0,0.0,0.0,0.0,0.0,0.0,0.0,0.0,0.0,0.0,0.0,0.0,0.0,0.0,0.0,0.0,0.0
13300000000,13,300000000,Archimede_odom,Archimede_base_link,-9.589321758590419,11.489909022963385,345.5678467164828,-0.01664395391139079,0.2281917331169833,0.877861547269035,-0.4207262953057233,0.0,0.0,0.0,0.0,0.0,0.0,0.0,0.0,0.0,0.0,0.0,0.0,0.0,0.0,0.0,0.0,0.0,0.0,0.0,0.0,0.0,0.0,0.0,0.0,0.0,0.0,0.0,0.0,0.0,0.0,0.0,0.0,0.0,0.0,0.0,0.0,0.29461805755462867,0.0032883089294972433,-0.0029409818209012993,-0.022718096784156892,-0.03243381015795913,0.29933294621230844,0.0,0.0,0.0,0.0,0.0,0.0,0.0,0.0,0.0,0.0,0.0,0.0,0.0,0.0,0.0,0.0,0.0,0.0,0.0,0.0,0.0,0.0,0.0,0.0,0.0,0.0,0.0,0.0,0.0,0.0,0.0,0.0,0.0,0.0,0.0,0.0
13400000000,13,400000000,Archimede_odom,Archimede_base_link,-9.607712644881326,11.467397293244192,345.5726845407151,-0.011358528262732688,0.22815647320030424,0.8717362756018419,-0.4334645007060358,0.0,0.0,0.0,0.0,0.0,0.0,0.0,0.0,0.0,0.0,0.0,0.0,0.0,0.0,0.0,0.0,0.0,0.0,0.0,0.0,0.0,0.0,0.0,0.0,0.0,0.0,0.0,0.0,0.0,0.0,0.0,0.0,0.0,0.0,0.0,0.0,0.2948354918716231,0.0027725428868614526,-0.003978228360929424,-0.018801566533907094,-0.03134847764477048,0.29928850569716636,0.0,0.0,0.0,0.0,0.0,0.0,0.0,0.0,0.0,0.0,0.0,0.0,0.0,0.0,0.0,0.0,0.0,0.0,0.0,0.0,0.0,0.0,0.0,0.0,0.0,0.0,0.0,0.0,0.0,0.0,0.0,0.0,0.0,0.0,0.0,0.0
13501000000,13,500000000,Archimede_odom,Archimede_base_link,-9.625633955196271,11.44459595716238,345.57802933972846,-0.006419902789158736,0.22854411662360752,0.865278464980408,-0.44611607194323505,0.0,0.0,0.0,0.0,0.0,0.0,0.0,0.0,0.0,0.0,0.0,0.0,0.0,0.0,0.0,0.0,0.0,0.0,0.0,0.0,0.0,0.0,0.0,0.0,0.0,0.0,0.0,0.0,0.0,0.0,0.0,0.0,0.0,0.0,0.0,0.0,0.2938053377221998,-0.004028150094936949,0.0035752943028626214,0.026182834950561486,-0.03530748718631495,0.29898790489684623,0.0,0.0,0.0,0.0,0.0,0.0,0.0,0.0,0.0,0.0,0.0,0.0,0.0,0.0,0.0,0.0,0.0,0.0,0.0,0.0,0.0,0.0,0.0,0.0,0.0,0.0,0.0,0.0,0.0,0.0,0.0,0.0,0.0,0.0,0.0,0.0
13600000000,13,600000000,Archimede_odom,Archimede_base_link,-9.64336090186852,11.421767361745117,345.58412100384453,-0.002137913115506634,0.22998452018787047,0.8583298608255778,-0.45866371103087017,0.0,0.0,0.0,0.0,0.0,0.0,0.0,0.0,0.0,0.0,0.0,0.0,0.0,0.0,0.0,0.0,0.0,0.0,0.0,0.0,0.0,0.0,0.0,0.0,0.0,0.0,0.0,0.0,0.0,0.0,0.0,0.0,0.0,0.0,0.0,0.0,0.2954331706034202,-0.002866648290759516,0.003147256916767923,0.017359476995705267,-0.028117990174608455,0.2990840169628791,0.0,0.0,0.0,0.0,0.0,0.0,0.0,0.0,0.0,0.0,0.0,0.0,0.0,0.0,0.0,0.0,0.0,0.0,0.0,0.0,0.0,0.0,0.0,0.0,0.0,0.0,0.0,0.0,0.0,0.0,0.0,0.0,0.0,0.0,0.0,0.0
13700000000,13,700000000,Archimede_odom,Archimede_base_link,-9.660414449363174,11.39852348450978,345.5905833037356,0.0020915018077331928,0.23139299092703206,0.851172077050869,-0.4711252536416834,0.0,0.0,0.0,0.0,0.0,0.0,0.0,0.0,0.0,0.0,0.0,0.0,0.0,0.0,0.0,0.0,0.0,0.0,0.0,0.0,0.0,0.0,0.0,0.0,0.0,0.0,0.0,0.0,0.0,0.0,0.0,0.0,0.0,0.0,0.0,0.0,0.29540912576741246,-0.0028956388142953693,0.002264066720367874,0.018219726015811462,-0.027794348198754964,0.29912552180073826,0.0,0.0,0.0,0.0,0.0,0.0,0.0,0.0,0.0,0.0,0.0,0.0,0.0,0.0,0.0,0.0,0.0,0.0,0.0,0.0,0.0,0.0,0.0,0.0,0.0,0.0,0.0,0.0,0.0,0.0,0.0,0.0,0.0,0.0,0.0,0.0
13800000000,13,800000000,Archimede_odom,Archimede_base_link,-9.67678678930906,11.374918256201129,345.5973618702792,0.006290383413363831,0.23294064497908856,0.8437769594160971,-0.48346616195113906,0.0,0.0,0.0,0.0,0.0,0.0,0.0,0.0,0.0,0.0,0.0,0.0,0.0,0.0,0.0,0.0,0.0,0.0,0.0,0.0,0.0,0.0,0.0,0.0,0.0,0.0,0.0,0.0,0.0,0.0,0.0,0.0,0.0,0.0,0.0,0.0,0.29514778828785093,-0.0033899291691819712,0.0013353817510839746,0.02193535104607439,-0.029081391363143683,0.29915754066687217,0.0,0.0,0.0,0.0,0.0,0.0,0.0,0.0,0.0,0.0,0.0,0.0,0.0,0.0,0.0,0.0,0.0,0.0,0.0,0.0,0.0,0.0,0.0,0.0,0.0,0.0,0.0,0.0,0.0,0.0,0.0,0.0,0.0,0.0,0.0,0.0
13901000000,13,900000000,Archimede_odom,Archimede_base_link,-9.692575935394393,11.35109966924146,345.6046077366709,0.010327949743665887,0.23479963335814844,0.836087379498598,-0.4957018856854781,0.0,0.0,0.0,0.0,0.0,0.0,0.0,0.0,0.0,0.0,0.0,0.0,0.0,0.0,0.0,0.0,0.0,0.0,0.0,0.0,0.0,0.0,0.0,0.0,0.0,0.0,0.0,0.0,0.0,0.0,0.0,0.0,0.0,0.0,0.0,0.0,0.29373574955554216,-0.005032728251274224,0.005066983096729857,0.030039306733607513,-0.036596274642779765,0.2988573401925504,0.0,0.0,0.0,0.0,0.0,0.0,0.0,0.0,0.0,0.0,0.0,0.0,0.0,0.0,0.0,0.0,0.0,0.0,0.0,0.0,0.0,0.0,0.0,0.0,0.0,0.0,0.0,0.0,0.0,0.0,0.0,0.0,0.0,0.0,0.0,0.0
14000000000,14,0,Archimede_odom,Archimede_base_link,-9.707587767209542,11.327033064803464,345.6123118328235,-0.014696047449470818,-0.23660428969084524,-0.828266658333091,0.5077172234452837,0.0,0.0,0.0,0.0,0.0,0.0,0.0,0.0,0.0,0.0,0.0,0.0,0.0,0.0,0.0,0.0,0.0,0.0,0.0,0.0,0.0,0.0,0.0,0.0,0.0,0.0,0.0,0.0,0.0,0.0,0.0,0.0,0.0,0.0,0.0,0.0,0.294099939239864,-0.00312967381270327,0.0013015040644274757,0.019595236315998833,-0.03573388109793422,0.298248950941538,0.0,0.0,0.0,0.0,0.0,0.0,0.0,0.0,0.0,0.0,0.0,0.0,0.0,0.0,0.0,0.0,0.0,0.0,0.0,0.0,0.0,0.0,0.0,0.0,0.0,0.0,0.0,0.0,0.0,0.0,0.0,0.0,0.0,0.0,0.0,0.0
14100000000,14,100000000,Archimede_odom,Archimede_base_link,-9.72168662582205,11.30238918387604,345.6203098707858,-0.01918510456780589,-0.2376656778476311,-0.8204312206810768,0.5196533166137852,0.0,0.0,0.0,0.0,0.0,0.0,0.0,0.0,0.0,0.0,0.0,0.0,0.0,0.0,0.0,0.0,0.0,0.0,0.0,0.0,0.0,0.0,0.0,0.0,0.0,0.0,0.0,0.0,0.0,0.0,0.0,0.0,0.0,0.0,0.0,0.0,0.2955888816448755,-0.0015102974346599624,0.0002393700462270988,0.008588852689230587,-0.02804108462662791,0.29823729648953223,0.0,0.0,0.0,0.0,0.0,0.0,0.0,0.0,0.0,0.0,0.0,0.0,0.0,0.0,0.0,0.0,0.0,0.0,0.0,0.0,0.0,0.0,0.0,0.0,0.0,0.0,0.0,0.0,0.0,0.0,0.0,0.0,0.0,0.0,0.0,0.0
14200000000,14,200000000,Archimede_odom,Archimede_base_link,-9.735010433317346,11.27735883366272,345.62865732870563,-0.023631753347056132,-0.23844911868170227,-0.812455462143832,0.5315069896683537,0.0,0.0,0.0,0.0,0.0,0.0,0.0,0.0,0.0,0.0,0.0,0.0,0.0,0.0,0.0,0.0,0.0,0.0,0.0,0.0,0.0,0.0,0.0,0.0,0.0,0.0,0.0,0.0,0.0,0.0,0.0,0.0,0.0,0.0,0.0,0.0,0.29558914548241744,-0.0015771448132503422,-0.0007178640265308294,0.009492077759794588,-0.027787777060154183,0.2982449048113213,0.0,0.0,0.0,0.0,0.0,0.0,0.0,0.0,0.0,0.0,0.0,0.0,0.0,0.0,0.0,0.0,0.0,0.0,0.0,0.0,0.0,0.0,0.0,0.0,0.0,0.0,0.0,0.0,0.0,0.0,0.0,0.0,0.0,0.0,0.0,0.0
14301000000,14,300000000,Archimede_odom,Archimede_base_link,-9.747555502293647,11.251963848588083,345.6372419704797,-0.027936281553521698,-0.2391389245314074,-0.8042872735092129,0.5432808855629295,0.0,0.0,0.0,0.0,0.0,0.0,0.0,0.0,0.0,0.0,0.0,0.0,0.0,0.0,0.0,0.0,0.0,0.0,0.0,0.0,0.0,0.0,0.0,0.0,0.0,0.0,0.0,0.0,0.0,0.0,0.0,0.0,0.0,0.0,0.0,0.0,0.29652918872526685,-0.001427140981993954,-0.004009575479352158,0.01036988772888672,-0.020986457261712436,0.2985210378662434,0.0,0.0,0.0,0.0,0.0,0.0,0.0,0.0,0.0,0.0,0.0,0.0,0.0,0.0,0.0,0.0,0.0,0.0,0.0,0.0,0.0,0.0,0.0,0.0,0.0,0.0,0.0,0.0,0.0,0.0,0.0,0.0,0.0,0.0,0.0,0.0
14400000000,14,400000000,Archimede_odom,Archimede_base_link,-9.759254419153962,11.226130781082126,345.6460563946015,-0.03206339933638321,-0.23944358912106872,-0.7959866496887155,0.5550170804300987,0.0,0.0,0.0,0.0,0.0,0.0,0.0,0.0,0.0,0.0,0.0,0.0,0.0,0.0,0.0,0.0,0.0,0.0,0.0,0.0,0.0,0.0,0.0,0.0,0.0,0.0,0.0,0.0,0.0,0.0,0.0,0.0,0.0,0.0,0.0,0.0,0.29773803262754145,0.0004770498499075105,-0.004733220377530713,-0.001278750574698383,-0.013240142999883167,0.2985339502221206,0.0,0.0,0.0,0.0,0.0,0.0,0.0,0.0,0.0,0.0,0.0,0.0,0.0,0.0,0.0,0.0,0.0,0.0,0.0,0.0,0.0,0.0,0.0,0.0,0.0,0.0,0.0,0.0,0.0,0.0,0.0,0.0,0.0,0.0,0.0,0.0
14500000000,14,500000000,Archimede_odom,Archimede_base_link,-9.770071615339967,11.19994782762773,345.65523241479747,-0.03618930981311795,-0.23925743861181767,-0.7876061125188185,0.5666770009865909,0.0,0.0,0.0,0.0,0.0,0.0,0.0,0.0,0.0,0.0,0.0,0.0,0.0,0.0,0.0,0.0,0.0,0.0,0.0,0.0,0.0,0.0,0.0,0.0,0.0,0.0,0.0,0.0,0.0,0.0,0.0,0.0,0.0,0.0,0.0,0.0,0.297764972607128,0.0004844985046037844,-0.005294841562740003,-0.00104539484795942,-0.013082130079215631,0.29854206751618656,0.0,0.0,0.0,0.0,0.0,0.0,0.0,0.0,0.0,0.0,0.0,0.0,0.0,0.0,0.0,0.0,0.0,0.0,0.0,0.0,0.0,0.0,0.0,0.0,0.0,0.0,0.0,0.0,0.0,0.0,0.0,0.0,0.0,0.0,0.0,0.0
14601000000,14,600000000,Archimede_odom,Archimede_base_link,-9.78007719140287,11.173539270097232,345.6646970428625,-0.040291363804539224,-0.239015432046394,-0.7790480201386563,0.5782148489657504,0.0,0.0,0.0,0.0,0.0,0.0,0.0,0.0,0.0,0.0,0.0,0.0,0.0,0.0,0.0,0.0,0.0,0.0,0.0,0.0,0.0,0.0,0.0,0.0,0.0,0.0,0.0,0.0,0.0,0.0,0.0,0.0,0.0,0.0,0.0,0.0,0.2980045928336226,0.0005716464644066669,-0.005543186525525351,-0.0016545415585022007,-0.011587481490966892,0.298633759071827,0.0,0.0,0.0,0.0,0.0,0.0,0.0,0.0,0.0,0.0,0.0,0.0,0.0,0.0,0.0,0.0,0.0,0.0,0.0,0.0,0.0,0.0,0.0,0.0,0.0,0.0,0.0,0.0,0.0,0.0,0.0,0.0,0.0,0.0,0.0,0.0
14701000000,14,700000000,Archimede_odom,Archimede_base_link,-9.789192757668566,11.146851934631426,345.6747728985778,-0.04432518947408832,-0.23788248043874755,-0.7704845755616166,0.5897463199546314,0.0,0.0,0.0,0.0,0.0,0.0,0.0,0.0,0.0,0.0,0.0,0.0,0.0,0.0,0.0,0.0,0.0,0.0,0.0,0.0,0.0,0.0,0.0,0.0,0.0,0.0,0.0,0.0,0.0,0.0,0.0,0.0,0.0,0.0,0.0,0.0,0.29926829691810436,0.00151232208605554,-0.002176561702636675,-0.009050482494371532,-0.002506900557657335,0.29893726586978453,0.0,0.0,0.0,0.0,0.0,0.0,0.0,0.0,0.0,0.0,0.0,0.0,0.0,0.0,0.0,0.0,0.0,0.0,0.0,0.0,0.0,0.0,0.0,0.0,0.0,0.0,0.0,0.0,0.0,0.0,0.0,0.0,0.0,0.0,0.0,0.0
14800000000,14,800000000,Archimede_odom,Archimede_base_link,-9.797573132000554,11.120080568987813,345.6852003519284,-0.0482403231915203,-0.23692061836052966,-0.761685658149699,0.6011459473231953,0.0,0.0,0.0,0.0,0.0,0.0,0.0,0.0,0.0,0.0,0.0,0.0,0.0,0.0,0.0,0.0,0.0,0.0,0.0,0.0,0.0,0.0,0.0,0.0,0.0,0.0,0.0,0.0,0.0,0.0,0.0,0.0,0.0,0.0,0.0,0.0,0.2992813148490263,0.0015297698303985867,-0.002426626467725155,-0.009015969168211756,-0.0025870292008108356,0.2989383540055509,0.0,0.0,0.0,0.0,0.0,0.0,0.0,0.0,0.0,0.0,0.0,0.0,0.0,0.0,0.0,0.0,0.0,0.0,0.0,0.0,0.0,0.0,0.0,0.0,0.0,0.0,0.0,0.0,0.0,0.0,0.0,0.0,0.0,0.0,0.0,0.0
14900000000,14,900000000,Archimede_odom,Archimede_base_link,-9.805108222375562,11.093157545833009,345.6958832029165,-0.052146326405805105,-0.23591045266713978,-0.7527155415697774,0.6124102648095321,0.0,0.0,0.0,0.0,0.0,0.0,0.0,0.0,0.0,0.0,0.0,0.0,0.0,0.0,0.0,0.0,0.0,0.0,0.0,0.0,0.0,0.0,0.0,0.0,0.0,0.0,0.0,0.0,0.0,0.0,0.0,0.0,0.0,0.0,0.0,0.0,0.2992948976006363,0.0015464786481521457,-0.002664191435906064,-0.008978215290368737,-0.002659459481494397,0.2989382203502819,0.0,0.0,0.0,0.0,0.0,0.0,0.0,0.0,0.0,0.0,0.0,0.0,0.0,0.0,0.0,0.0,0.0,0.0,0.0,0.0,0.0,0.0,0.0,0.0,0.0,0.0,0.0,0.0,0.0,0.0,0.0,0.0,0.0,0.0,0.0,0.0
15000000000,15,0,Archimede_odom,Archimede_base_link,-9.811831138431689,11.066139296438239,345.7067878351748,-0.05601548447509254,-0.23502348300464596,-0.7435351851943119,0.6235235812007801,0.0,0.0,0.0,0.0,0.0,0.0,0.0,0.0,0.0,0.0,0.0,0.0,0.0,0.0,0.0,0.0,0.0,0.0,0.0,0.0,0.0,0.0,0.0,0.0,0.0,0.0,0.0,0.0,0.0,0.0,0.0,0.0,0.0,0.0,0.0,0.0,0.2987936544174269,0.0007000175350839894,-0.0029365812809192234,-0.003473856738607741,-0.005923486013053477,0.2989360306725858,0.0,0.0,0.0,0.0,0.0,0.0,0.0,0.0,0.0,0.0,0.0,0.0,0.0,0.0,0.0,0.0,0.0,0.0,0.0,0.0,0.0,0.0,0.0,0.0,0.0,0.0,0.0,0.0,0.0,0.0,0.0,0.0,0.0,0.0,0.0,0.0
15100000000,15,100000000,Archimede_odom,Archimede_base_link,-9.818349844704972,11.040534147242093,345.71708193933284,-0.05812193264670547,-0.23455908549932034,-0.7390990105324725,0.6287579255842862,0.0,0.0,0.0,0.0,0.0,0.0,0.0,0.0,0.0,0.0,0.0,0.0,0.0,0.0,0.0,0.0,0.0,0.0,0.0,0.0,0.0,0.0,0.0,0.0,0.0,0.0,0.0,0.0,0.0,0.0,0.0,0.0,0.0,0.0,0.0,0.0,0.2975865614833147,0.0005751732491400778,-0.0031682053904949076,-0.010377080293916225,-0.005818046991628535,0.008522065188235164,0.0,0.0,0.0,0.0,0.0,0.0,0.0,0.0,0.0,0.0,0.0,0.0,0.0,0.0,0.0,0.0,0.0,0.0,0.0,0.0,0.0,0.0,0.0,0.0,0.0,0.0,0.0,0.0,0.0,0.0,0.0,0.0,0.0,0.0,0.0,0.0
15200000000,15,200000000,Archimede_odom,Archimede_base_link,-9.824139910177262,11.013234347206701,345.72807122886803,-0.05845164175325865,-0.23415394971764394,-0.7392073442743428,0.6287510123879317,0.0,0.0,0.0,0.0,0.0,0.0,0.0,0.0,0.0,0.0,0.0,0.0,0.0,0.0,0.0,0.0,0.0,0.0,0.0,0.0,0.0,0.0,0.0,0.0,0.0,0.0,0.0,0.0,0.0,0.0,0.0,0.0,0.0,0.0,0.0,0.0,0.3015477789961082,0.0017577191784851412,-0.009480397152943817,-0.010669430032923515,0.011272061842369443,-0.00016454021072994033,0.0,0.0,0.0,0.0,0.0,0.0,0.0,0.0,0.0,0.0,0.0,0.0,0.0,0.0,0.0,0.0,0.0,0.0,0.0,0.0,0.0,0.0,0.0,0.0,0.0,0.0,0.0,0.0,0.0,0.0,0.0,0.0,0.0,0.0,0.0,0.0
15300000000,15,300000000,Archimede_odom,Archimede_base_link,-9.829679197792098,10.98549429835041,345.73864829064513,-0.058669402784766615,-0.23293765210077563,-0.7395025432107963,0.6288353838608489,0.0,0.0,0.0,0.0,0.0,0.0,0.0,0.0,0.0,0.0,0.0,0.0,0.0,0.0,0.0,0.0,0.0,0.0,0.0,0.0,0.0,0.0,0.0,0.0,0.0,0.0,0.0,0.0,0.0,0.0,0.0,0.0,0.0,0.0,0.0,0.0,0.302175405380677,0.004627391145036071,-0.011781365702774486,-0.02920945969813112,0.01531383843447533,1.6569356672467128e-05,0.0,0.0,0.0,0.0,0.0,0.0,0.0,0.0,0.0,0.0,0.0,0.0,0.0,0.0,0.0,0.0,0.0,0.0,0.0,0.0,0.0,0.0,0.0,0.0,0.0,0.0,0.0,0.0,0.0,0.0,0.0,0.0,0.0,0.0,0.0,0.0
15400000000,15,400000000,Archimede_odom,Archimede_base_link,-9.835114512759404,10.957682948513282,345.7492027204962,-0.059016674175429884,-0.23140702935662277,-0.7398783883084883,0.6289259013966974,0.0,0.0,0.0,0.0,0.0,0.0,0.0,0.0,0.0,0.0,0.0,0.0,0.0,0.0,0.0,0.0,0.0,0.0,0.0,0.0,0.0,0.0,0.0,0.0,0.0,0.0,0.0,0.0,0.0,0.0,0.0,0.0,0.0,0.0,0.0,0.0,0.3019489765063642,0.004200516442131753,-0.011318137362489383,-0.026554892647731615,0.013704937184632704,3.283486182765042e-05,0.0,0.0,0.0,0.0,0.0,0.0,0.0,0.0,0.0,0.0,0.0,0.0,0.0,0.0,0.0,0.0,0.0,0.0,0.0,0.0,0.0,0.0,0.0,0.0,0.0,0.0,0.0,0.0,0.0,0.0,0.0,0.0,0.0,0.0,0.0,0.0
15500000000,15,500000000,Archimede_odom,Archimede_base_link,-9.840581141283467,10.929892601837182,345.7597395958261,-0.05934506449363829,-0.22999354960635163,-0.7402239079057003,0.6290069130180764,0.0,0.0,0.0,0.0,0.0,0.0,0.0,0.0,0.0,0.0,0.0,0.0,0.0,0.0,0.0,0.0,0.0,0.0,0.0,0.0,0.0,0.0,0.0,0.0,0.0,0.0,0.0,0.0,0.0,0.0,0.0,0.0,0.0,0.0,0.0,0.0,0.3019712726909194,0.004194229623059547,-0.010901086273029794,-0.026547611751559785,0.013701628304771996,4.7377932672880995e-05,0.0,0.0,0.0,0.0,0.0,0.0,0.0,0.0,0.0,0.0,0.0,0.0,0.0,0.0,0.0,0.0,0.0,0.0,0.0,0.0,0.0,0.0,0.0,0.0,0.0,0.0,0.0,0.0,0.0,0.0,0.0,0.0,0.0,0.0,0.0,0.0
15600000000,15,600000000,Archimede_odom,Archimede_base_link,-9.846331417346262,10.902138613937698,345.7703984215982,-0.05905001803005839,-0.2290061031477674,-0.7404167342353282,0.629167990091689,0.0,0.0,0.0,0.0,0.0,0.0,0.0,0.0,0.0,0.0,0.0,0.0,0.0,0.0,0.0,0.0,0.0,0.0,0.0,0.0,0.0,0.0,0.0,0.0,0.0,0.0,0.0,0.0,0.0,0.0,0.0,0.0,0.0,0.0,0.0,0.0,0.30323384691102445,0.0015857036532150603,-0.009589898612814347,-0.010736526553845589,0.021104118332948594,-0.00032187330717779245,0.0,0.0,0.0,0.0,0.0,0.0,0.0,0.0,0.0,0.0,0.0,0.0,0.0,0.0,0.0,0.0,0.0,0.0,0.0,0.0,0.0,0.0,0.0,0.0,0.0,0.0,0.0,0.0,0.0,0.0,0.0,0.0,0.0,0.0,0.0,0.0
15700000000,15,700000000,Archimede_odom,Archimede_base_link,-9.85209264406056,10.87429476732528,345.7809803510454,-0.05860283448046079,-0.22794527911765056,-0.7406112968365202,0.6293660020345552,0.0,0.0,0.0,0.0,0.0,0.0,0.0,0.0,0.0,0.0,0.0,0.0,0.0,0.0,0.0,0.0,0.0,0.0,0.0,0.0,0.0,0.0,0.0,0.0,0.0,0.0,0.0,0.0,0.0,0.0,0.0,0.0,0.0,0.0,0.0,0.0,0.30325152856994364,0.0015934033950965084,-0.008958092368375466,-0.010740725404004513,0.02110937810009344,-0.0003027915577476253,0.0,0.0,0.0,0.0,0.0,0.0,0.0,0.0,0.0,0.0,0.0,0.0,0.0,0.0,0.0,0.0,0.0,0.0,0.0,0.0,0.0,0.0,0.0,0.0,0.0,0.0,0.0,0.0,0.0,0.0,0.0,0.0,0.0,0.0,0.0,0.0
15801000000,15,800000000,Archimede_odom,Archimede_base_link,-9.857854750169324,10.846451013289006,345.7915611948897,-0.058155743944995376,-0.22688390244695872,-0.7408042595867725,0.629563859536693,0.0,0.0,0.0,0.0,0.0,0.0,0.0,0.0,0.0,0.0,0.0,0.0,0.0,0.0,0.0,0.0,0.0,0.0,0.0,0.0,0.0,0.0,0.0,0.0,0.0,0.0,0.0,0.0,0.0,0.0,0.0,0.0,0.0,0.0,0.0,0.0,0.3032657981733188,0.001600541337546223,-0.008322271438808095,-0.010741850343281548,0.021111063756016655,-0.0002839632768553013,0.0,0.0,0.0,0.0,0.0,0.0,0.0,0.0,0.0,0.0,0.0,0.0,0.0,0.0,0.0,0.0,0.0,0.0,0.0,0.0,0.0,0.0,0.0,0.0,0.0,0.0,0.0,0.0,0.0,0.0,0.0,0.0,0.0,0.0,0.0,0.0
15901000000,15,900000000,Archimede_odom,Archimede_base_link,-9.863617666726519,10.818607564874405,345.80214113310365,-0.05770876652852329,-0.2258221066998504,-0.7409956004279008,0.6297615378362609,0.0,0.0,0.0,0.0,0.0,0.0,0.0,0.0,0.0,0.0,0.0,0.0,0.0,0.0,0.0,0.0,0.0,0.0,0.0,0.0,0.0,0.0,0.0,0.0,0.0,0.0,0.0,0.0,0.0,0.0,0.0,0.0,0.0,0.0,0.0,0.0,0.30327775095906795,0.0016074818770319646,-0.007684976878822589,-0.010741980161569012,0.02111151480978948,-0.0002652316279919232,0.0,0.0,0.0,0.0,0.0,0.0,0.0,0.0,0.0,0.0,0.0,0.0,0.0,0.0,0.0,0.0,0.0,0.0,0.0,0.0,0.0,0.0,0.0,0.0,0.0,0.0,0.0,0.0,0.0,0.0,0.0,0.0,0.0,0.0,0.0,0.0
16000000000,16,0,Archimede_odom,Archimede_base_link,-9.869381287399078,10.790764511651812,345.8127202450076,-0.0572619113186525,-0.22475993635232108,-0.7411853126299635,0.6299590279253555,0.0,0.0,0.0,0.0,0.0,0.0,0.0,0.0,0.0,0.0,0.0,0.0,0.0,0.0,0.0,0.0,0.0,0.0,0.0,0.0,0.0,0.0,0.0,0.0,0.0,0.0,0.0,0.0,0.0,0.0,0.0,0.0,0.0,0.0,0.0,0.0,0.30328778975524084,0.0016143595251234245,-0.007047138116748504,-0.010741856631437095,0.021111549716324198,-0.00024653782463691205,0.0,0.0,0.0,0.0,0.0,0.0,0.0,0.0,0.0,0.0,0.0,0.0,0.0,0.0,0.0,0.0,0.0,0.0,0.0,0.0,0.0,0.0,0.0,0.0,0.0,0.0,0.0,0.0,0.0,0.0,0.0,0.0,0.0,0.0,0.0,0.0
16100000000,16,100000000,Archimede_odom,Archimede_base_link,-9.875276659061194,10.763133762845174,345.82352809936305,-0.056822193463247024,-0.22407631402133302,-0.7412888202153098,0.6301205669143266,0.0,0.0,0.0,0.0,0.0,0.0,0.0,0.0,0.0,0.0,0.0,0.0,0.0,0.0,0.0,0.0,0.0,0.0,0.0,0.0,0.0,0.0,0.0,0.0,0.0,0.0,0.0,0.0,0.0,0.0,0.0,0.0,0.0,0.0,0.0,0.0,0.3018269603976761,-0.0006095707507322599,2.817146846795598e-05,0.003795033949443339,0.011846878892892206,-2.0394543898983372e-05,0.0,0.0,0.0,0.0,0.0,0.0,0.0,0.0,0.0,0.0,0.0,0.0,0.0,0.0,0.0,0.0,0.0,0.0,0.0,0.0,0.0,0.0,0.0,0.0,0.0,0.0,0.0,0.0,0.0,0.0,0.0,0.0,0.0,0.0,0.0,0.0
16200000000,16,200000000,Archimede_odom,Archimede_base_link,-9.881480808752986,10.73567567610447,345.8346728368461,-0.05585905321491215,-0.2238686393008633,-0.7412333590244314,0.6303457035475628,0.0,0.0,0.0,0.0,0.0,0.0,0.0,0.0,0.0,0.0,0.0,0.0,0.0,0.0,0.0,0.0,0.0,0.0,0.0,0.0,0.0,0.0,0.0,0.0,0.0,0.0,0.0,0.0,0.0,0.0,0.0,0.0,0.0,0.0,0.0,0.0,0.30366740620365157,-0.002092269936300006,0.0028786018734569315,0.013010486014181546,0.023838932903560258,-7.779837483169746e-05,0.0,0.0,0.0,0.0,0.0,0.0,0.0,0.0,0.0,0.0,0.0,0.0,0.0,0.0,0.0,0.0,0.0,0.0,0.0,0.0,0.0,0.0,0.0,0.0,0.0,0.0,0.0,0.0,0.0,0.0,0.0,0.0,0.0,0.0,0.0,0.0
16300000000,16,300000000,Archimede_odom,Archimede_base_link,-9.887883697840463,10.708157298940566,345.8459588893882,-0.054255971142019216,-0.2237019614728374,-0.7411018129745366,0.6306994726765645,0.0,0.0,0.0,0.0,0.0,0.0,0.0,0.0,0.0,0.0,0.0,0.0,0.0,0.0,0.0,0.0,0.0,0.0,0.0,0.0,0.0,0.0,0.0,0.0,0.0,0.0,0.0,0.0,0.0,0.0,0.0,0.0,0.0,0.0,0.0,0.0,0.3046523243713793,-0.003748221047532193,0.0036987933829195152,0.023409670443901312,0.030146890868653013,-9.552904030820159e-05,0.0,0.0,0.0,0.0,0.0,0.0,0.0,0.0,0.0,0.0,0.0,0.0,0.0,0.0,0.0,0.0,0.0,0.0,0.0,0.0,0.0,0.0,0.0,0.0,0.0,0.0,0.0,0.0,0.0,0.0,0.0,0.0,0.0,0.0,0.0,0.0
16400000000,16,400000000,Archimede_odom,Archimede_base_link,-9.894467112320225,10.680565510441738,345.8572363724859,-0.05208778970957831,-0.22372174150140575,-0.7408683611553437,0.631149361072119,0.0,0.0,0.0,0.0,0.0,0.0,0.0,0.0,0.0,0.0,0.0,0.0,0.0,0.0,0.0,0.0,0.0,0.0,0.0,0.0,0.0,0.0,0.0,0.0,0.0,0.0,0.0,0.0,0.0,0.0,0.0,0.0,0.0,0.0,0.0,0.0,0.30563619057958263,-0.005421824970143228,0.004724661454317446,0.03391062872293458,0.036521896754943564,-0.0001180973646224352,0.0,0.0,0.0,0.0,0.0,0.0,0.0,0.0,0.0,0.0,0.0,0.0,0.0,0.0,0.0,0.0,0.0,0.0,0.0,0.0,0.0,0.0,0.0,0.0,0.0,0.0,0.0,0.0,0.0,0.0,0.0,0.0,0.0,0.0,0.0,0.0
16500000000,16,500000000,Archimede_odom,Archimede_base_link,-9.901230026052838,10.652894720953249,345.8684623906463,-0.0493623945182023,-0.22397223404894132,-0.7405214794754225,0.6316864181048117,0.0,0.0,0.0,0.0,0.0,0.0,0.0,0.0,0.0,0.0,0.0,0.0,0.0,0.0,0.0,0.0,0.0,0.0,0.0,0.0,0.0,0.0,0.0,0.0,0.0,0.0,0.0,0.0,0.0,0.0,0.0,0.0,0.0,0.0,0.0,0.0,0.30611621927880783,-0.007451621992154213,0.004081952964978278,0.04680830104379713,0.0392634207650748,-7.234883946577956e-05,0.0,0.0,0.0,0.0,0.0,0.0,0.0,0.0,0.0,0.0,0.0,0.0,0.0,0.0,0.0,0.0,0.0,0.0,0.0,0.0,0.0,0.0,0.0,0.0,0.0,0.0,0.0,0.0,0.0,0.0,0.0,0.0,0.0,0.0,0.0,0.0
16601000000,16,600000000,Archimede_odom,Archimede_base_link,-9.908172045519029,10.62512678479445,345.8795239913549,-0.046087893685004044,-0.22457793130842457,-0.7400308841046633,0.6322934045173795,0.0,0.0,0.0,0.0,0.0,0.0,0.0,0.0,0.0,0.0,0.0,0.0,0.0,0.0,0.0,0.0,0.0,0.0,0.0,0.0,0.0,0.0,0.0,0.0,0.0,0.0,0.0,0.0,0.0,0.0,0.0,0.0,0.0,0.0,0.0,0.0,0.30718042407899787,-0.009284233994322919,0.0054117133311811245,0.05834160386216723,0.04622323857610243,-8.241986515124672e-05,0.0,0.0,0.0,0.0,0.0,0.0,0.0,0.0,0.0,0.0,0.0,0.0,0.0,0.0,0.0,0.0,0.0,0.0,0.0,0.0,0.0,0.0,0.0,0.0,0.0,0.0,0.0,0.0,0.0,0.0,0.0,0.0,0.0,0.0,0.0,0.0
16700000000,16,700000000,Archimede_odom,Archimede_base_link,-9.915245308759951,10.59712118984409,345.89040723599356,-0.0420842897233628,-0.22515469256812903,-0.7394513733229084,0.6330449774414895,0.0,0.0,0.0,0.0,0.0,0.0,0.0,0.0,0.0,0.0,0.0,0.0,0.0,0.0,0.0,0.0,0.0,0.0,0.0,0.0,0.0,0.0,0.0,0.0,0.0,0.0,0.0,0.0,0.0,0.0,0.0,0.0,0.0,0.0,0.0,0.0,0.3108366755630029,-0.009922437528810502,-0.0006699135086096048,0.0624989702449774,0.07010463312160527,2.6787864970100397e-05,0.0,0.0,0.0,0.0,0.0,0.0,0.0,0.0,0.0,0.0,0.0,0.0,0.0,0.0,0.0,0.0,0.0,0.0,0.0,0.0,0.0,0.0,0.0,0.0,0.0,0.0,0.0,0.0,0.0,0.0,0.0,0.0,0.0,0.0,0.0,0.0
16800000000,16,800000000,Archimede_odom,Archimede_base_link,-9.921942065138822,10.568823513475907,345.9008818575732,-0.03847057803343436,-0.2249340445925339,-0.7390623075332192,0.633807222894068,0.0,0.0,0.0,0.0,0.0,0.0,0.0,0.0,0.0,0.0,0.0,0.0,0.0,0.0,0.0,0.0,0.0,0.0,0.0,0.0,0.0,0.0,0.0,0.0,0.0,0.0,0.0,0.0,0.0,0.0,0.0,0.0,0.0,0.0,0.0,0.0,0.30478491126488894,-0.00019673210344896448,0.0011892381437276112,0.000976844455872347,0.03222757768841174,-0.00011599930053796367,0.0,0.0,0.0,0.0,0.0,0.0,0.0,0.0,0.0,0.0,0.0,0.0,0.0,0.0,0.0,0.0,0.0,0.0,0.0,0.0,0.0,0.0,0.0,0.0,0.0,0.0,0.0,0.0,0.0,0.0,0.0,0.0,0.0,0.0,0.0,0.0
16900000000,16,900000000,Archimede_odom,Archimede_base_link,-9.928063542314439,10.540771553093828,345.9113965216122,-0.036695883178299145,-0.22412415774308037,-0.7390155686481559,0.6342537058380995,0.0,0.0,0.0,0.0,0.0,0.0,0.0,0.0,0.0,0.0,0.0,0.0,0.0,0.0,0.0,0.0,0.0,0.0,0.0,0.0,0.0,0.0,0.0,0.0,0.0,0.0,0.0,0.0,0.0,0.0,0.0,0.0,0.0,0.0,0.0,0.0,0.3065494325028541,-0.0031446466588589917,0.0023353994119992274,0.01936011873024627,0.04358119019681356,-0.00020722134225776594,0.0,0.0,0.0,0.0,0.0,0.0,0.0,0.0,0.0,0.0,0.0,0.0,0.0,0.0,0.0,0.0,0.0,0.0,0.0,0.0,0.0,0.0,0.0,0.0,0.0,0.0,0.0,0.0,0.0,0.0,0.0,0.0,0.0,0.0,0.0,0.0
17000000000,17,0,Archimede_odom,Archimede_base_link,-9.934502637417179,10.512585192087995,345.92188516173127,-0.03391442955453646,-0.22363415177717677,-0.7387818164548462,0.6348535305899867,0.0,0.0,0.0,0.0,0.0,0.0,0.0,0.0,0.0,0.0,0.0,0.0,0.0,0.0,0.0,0.0,0.0,0.0,0.0,0.0,0.0,0.0,0.0,0.0,0.0,0.0,0.0,0.0,0.0,0.0,0.0,0.0,0.0,0.0,0.0,0.0,0.3082899702441772,-0.0061235149562381685,0.003859039881094581,0.03787104874236882,0.054978555201716996,-0.0003313928073303494,0.0,0.0,0.0,0.0,0.0,0.0,0.0,0.0,0.0,0.0,0.0,0.0,0.0,0.0,0.0,0.0,0.0,0.0,0.0,0.0,0.0,0.0,0.0,0.0,0.0,0.0,0.0,0.0,0.0,0.0,0.0,0.0,0.0,0.0,0.0,0.0
17100000000,17,100000000,Archimede_odom,Archimede_base_link,-9.94117636906683,10.484314297799688,345.9323965579402,-0.030397475352464016,-0.22332117274832597,-0.7384192424470991,0.6355632696107927,0.0,0.0,0.0,0.0,0.0,0.0,0.0,0.0,0.0,0.0,0.0,0.0,0.0,0.0,0.0,0.0,0.0,0.0,0.0,0.0,0.0,0.0,0.0,0.0,0.0,0.0,0.0,0.0,0.0,0.0,0.0,0.0,0.0,0.0,0.0,0.0,0.3063486759976287,-0.0020648104648361655,0.005583179333539263,0.012074546050659619,0.04392846424426872,-0.0005162126738831958,0.0,0.0,0.0,0.0,0.0,0.0,0.0,0.0,0.0,0.0,0.0,0.0,0.0,0.0,0.0,0.0,0.0,0.0,0.0,0.0,0.0,0.0,0.0,0.0,0.0,0.0,0.0,0.0,0.0,0.0,0.0,0.0,0.0,0.0,0.0,0.0
17200000000,17,200000000,Archimede_odom,Archimede_base_link,-9.94769492680697,10.456570188039645,345.94335332731566,-0.02817369465226094,-0.22317816591104245,-0.7381805065177531,0.6359931516827974,0.0,0.0,0.0,0.0,0.0,0.0,0.0,0.0,0.0,0.0,0.0,0.0,0.0,0.0,0.0,0.0,0.0,0.0,0.0,0.0,0.0,0.0,0.0,0.0,0.0,0.0,0.0,0.0,0.0,0.0,0.0,0.0,0.0,0.0,0.0,0.0,0.3035465194785342,-0.006725198297651361,0.019294770744091593,0.04194131378422973,0.027615901021907207,-0.00022572158159583363,0.0,0.0,0.0,0.0,0.0,0.0,0.0,0.0,0.0,0.0,0.0,0.0,0.0,0.0,0.0,0.0,0.0,0.0,0.0,0.0,0.0,0.0,0.0,0.0,0.0,0.0,0.0,0.0,0.0,0.0,0.0,0.0,0.0,0.0,0.0,0.0
17300000000,17,300000000,Archimede_odom,Archimede_base_link,-9.954693626299582,10.429161955628295,345.95476031563896,-0.02538565326382894,-0.2239857077898655,-0.7376745503192915,0.636413567678654,0.0,0.0,0.0,0.0,0.0,0.0,0.0,0.0,0.0,0.0,0.0,0.0,0.0,0.0,0.0,0.0,0.0,0.0,0.0,0.0,0.0,0.0,0.0,0.0,0.0,0.0,0.0,0.0,0.0,0.0,0.0,0.0,0.0,0.0,0.0,0.0,0.30483671011812297,-0.009035079778240557,0.020348049663912973,0.05640342301635802,0.036475370691738306,-0.0002841838969624991,0.0,0.0,0.0,0.0,0.0,0.0,0.0,0.0,0.0,0.0,0.0,0.0,0.0,0.0,0.0,0.0,0.0,0.0,0.0,0.0,0.0,0.0,0.0,0.0,0.0,0.0,0.0,0.0,0.0,0.0,0.0,0.0,0.0,0.0,0.0,0.0
17401000000,17,400000000,Archimede_odom,Archimede_base_link,-9.961951443315424,10.401651611260853,345.9661370168088,-0.021805647366335622,-0.225048271393829,-0.73700949816057,0.6369417468706925,0.0,0.0,0.0,0.0,0.0,0.0,0.0,0.0,0.0,0.0,0.0,0.0,0.0,0.0,0.0,0.0,0.0,0.0,0.0,0.0,0.0,0.0,0.0,0.0,0.0,0.0,0.0,0.0,0.0,0.0,0.0,0.0,0.0,0.0,0.0,0.0,0.3059958881996253,-0.01145286997936086,0.021321501513393133,0.07149909795863488,0.04468421835348163,-0.00031767483205287565,0.0,0.0,0.0,0.0,0.0,0.0,0.0,0.0,0.0,0.0,0.0,0.0,0.0,0.0,0.0,0.0,0.0,0.0,0.0,0.0,0.0,0.0,0.0,0.0,0.0,0.0,0.0,0.0,0.0,0.0,0.0,0.0,0.0,0.0,0.0,0.0
17500000000,17,500000000,Archimede_odom,Archimede_base_link,-9.969476432440965,10.37404230820266,345.97748794245666,-0.017417422359997665,-0.22635720884371627,-0.7361785566252343,0.637573666463729,0.0,0.0,0.0,0.0,0.0,0.0,0.0,0.0,0.0,0.0,0.0,0.0,0.0,0.0,0.0,0.0,0.0,0.0,0.0,0.0,0.0,0.0,0.0,0.0,0.0,0.0,0.0,0.0,0.0,0.0,0.0,0.0,0.0,0.0,0.0,0.0,0.3073088811461253,-0.01376378589703923,0.023378375984983595,0.08594926845356218,0.05458631881442442,-0.0004567082518199948,0.0,0.0,0.0,0.0,0.0,0.0,0.0,0.0,0.0,0.0,0.0,0.0,0.0,0.0,0.0,0.0,0.0,0.0,0.0,0.0,0.0,0.0,0.0,0.0,0.0,0.0,0.0,0.0,0.0,0.0,0.0,0.0,0.0,0.0,0.0,0.0
17601000000,17,600000000,Archimede_odom,Archimede_base_link,-9.977114496119214,10.346073764934555,345.98841036654187,-0.012176110357260028,-0.2276159648744161,-0.7352206506829931,0.6383520264557264,0.0,0.0,0.0,0.0,0.0,0.0,0.0,0.0,0.0,0.0,0.0,0.0,0.0,0.0,0.0,0.0,0.0,0.0,0.0,0.0,0.0,0.0,0.0,0.0,0.0,0.0,0.0,0.0,0.0,0.0,0.0,0.0,0.0,0.0,0.0,0.0,0.30634700091169725,-0.014740016035598144,0.014726439589240164,0.08704990097395969,0.04780785468850331,0.00252818670008252,0.0,0.0,0.0,0.0,0.0,0.0,0.0,0.0,0.0,0.0,0.0,0.0,0.0,0.0,0.0,0.0,0.0,0.0,0.0,0.0,0.0,0.0,0.0,0.0,0.0,0.0,0.0,0.0,0.0,0.0,0.0,0.0,0.0,0.0,0.0,0.0
17700000000,17,700000000,Archimede_odom,Archimede_base_link,-9.982841609560523,10.318353188405824,345.99849124686904,-0.01207926390850157,-0.22714307559757965,-0.7353230939013462,0.6384043093266626,0.0,0.0,0.0,0.0,0.0,0.0,0.0,0.0,0.0,0.0,0.0,0.0,0.0,0.0,0.0,0.0,0.0,0.0,0.0,0.0,0.0,0.0,0.0,0.0,0.0,0.0,0.0,0.0,0.0,0.0,0.0,0.0,0.0,0.0,0.0,0.0,0.3005656146006999,-0.00011057056976697583,0.009677145373887405,-0.0010822462312376955,0.009219472620679126,-0.000786397155094557,0.0,0.0,0.0,0.0,0.0,0.0,0.0,0.0,0.0,0.0,0.0,0.0,0.0,0.0,0.0,0.0,0.0,0.0,0.0,0.0,0.0,0.0,0.0,0.0,0.0,0.0,0.0,0.0,0.0,0.0,0.0,0.0,0.0,0.0,0.0,0.0
17800000000,17,800000000,Archimede_odom,Archimede_base_link,-9.988902016192174,10.290529901523843,346.008580923361,-0.010999488062121062,-0.22704734188442457,-0.7352125383338627,0.6385851856113381,0.0,0.0,0.0,0.0,0.0,0.0,0.0,0.0,0.0,0.0,0.0,0.0,0.0,0.0,0.0,0.0,0.0,0.0,0.0,0.0,0.0,0.0,0.0,0.0,0.0,0.0,0.0,0.0,0.0,0.0,0.0,0.0,0.0,0.0,0.0,0.0,0.30303704156922945,-0.004164872227656463,0.010262508441458042,0.024394421367038125,0.025000488544117117,-0.0008375683658139206,0.0,0.0,0.0,0.0,0.0,0.0,0.0,0.0,0.0,0.0,0.0,0.0,0.0,0.0,0.0,0.0,0.0,0.0,0.0,0.0,0.0,0.0,0.0,0.0,0.0,0.0,0.0,0.0,0.0,0.0,0.0,0.0,0.0,0.0,0.0,0.0
17900000000,17,900000000,Archimede_odom,Archimede_base_link,-9.995399429704863,10.262512538681344,346.01862020815634,-0.008522546266070694,-0.2273845236062137,-0.7348209946655005,0.6389536371508675,0.0,0.0,0.0,0.0,0.0,0.0,0.0,0.0,0.0,0.0,0.0,0.0,0.0,0.0,0.0,0.0,0.0,0.0,0.0,0.0,0.0,0.0,0.0,0.0,0.0,0.0,0.0,0.0,0.0,0.0,0.0,0.0,0.0,0.0,0.0,0.0,0.30544598289586045,-0.008260206134041707,0.01136439255473421,0.04997484352721486,0.040834426246020454,-0.0009650859770350878,0.0,0.0,0.0,0.0,0.0,0.0,0.0,0.0,0.0,0.0,0.0,0.0,0.0,0.0,0.0,0.0,0.0,0.0,0.0,0.0,0.0,0.0,0.0,0.0,0.0,0.0,0.0,0.0,0.0,0.0,0.0,0.0,0.0,0.0,0.0,0.0
18000000000,18,0,Archimede_odom,Archimede_base_link,-10.002031098180613,10.234398964235071,346.02847956573476,-0.005605434672871276,-0.22802608732327287,-0.7342996242444757,0.6393565080896487,0.0,0.0,0.0,0.0,0.0,0.0,0.0,0.0,0.0,0.0,0.0,0.0,0.0,0.0,0.0,0.0,0.0,0.0,0.0,0.0,0.0,0.0,0.0,0.0,0.0,0.0,0.0,0.0,0.0,0.0,0.0,0.0,0.0,0.0,0.0,0.0,0.2992245295061752,0.0005339742157628088,0.009642843416091177,-0.0044312857842785615,-0.0004436415706907987,-0.0005614327288991176,0.0,0.0,0.0,0.0,0.0,0.0,0.0,0.0,0.0,0.0,0.0,0.0,0.0,0.0,0.0,0.0,0.0,0.0,0.0,0.0,0.0,0.0,0.0,0.0,0.0,0.0,0.0,0.0,0.0,0.0,0.0,0.0,0.0,0.0,0.0,0.0
18100000000,18,100000000,Archimede_odom,Archimede_base_link,-10.00798078252237,10.206584369133184,346.0382958478722,-0.004892514837108155,-0.22814336514208639,-0.734192017872926,0.639444093828299,0.0,0.0,0.0,0.0,0.0,0.0,0.0,0.0,0.0,0.0,0.0,0.0,0.0,0.0,0.0,0.0,0.0,0.0,0.0,0.0,0.0,0.0,0.0,0.0,0.0,0.0,0.0,0.0,0.0,0.0,0.0,0.0,0.0,0.0,0.0,0.0,0.30199200249431163,-0.0040722970540319125,0.009958430391963148,0.024261026804748325,0.01736558220940335,-0.0006325335348019425,0.0,0.0,0.0,0.0,0.0,0.0,0.0,0.0,0.0,0.0,0.0,0.0,0.0,0.0,0.0,0.0,0.0,0.0,0.0,0.0,0.0,0.0,0.0,0.0,0.0,0.0,0.0,0.0,0.0,0.0,0.0,0.0,0.0,0.0,0.0,0.0
18200000000,18,200000000,Archimede_odom,Archimede_base_link,-10.014419306802495,10.178547623262824,346.048049635435,-0.002605811785562936,-0.22874688015661188,-0.7337610884732817,0.6397364610572541,0.0,0.0,0.0,0.0,0.0,0.0,0.0,0.0,0.0,0.0,0.0,0.0,0.0,0.0,0.0,0.0,0.0,0.0,0.0,0.0,0.0,0.0,0.0,0.0,0.0,0.0,0.0,0.0,0.0,0.0,0.0,0.0,0.0,0.0,0.0,0.0,0.3047258853716635,-0.008676523545003194,0.0108684066162693,0.05308498545011984,0.03516491530735097,-0.0007424258361773204,0.0,0.0,0.0,0.0,0.0,0.0,0.0,0.0,0.0,0.0,0.0,0.0,0.0,0.0,0.0,0.0,0.0,0.0,0.0,0.0,0.0,0.0,0.0,0.0,0.0,0.0,0.0,0.0,0.0,0.0,0.0,0.0,0.0,0.0,0.0,0.0
18301000000,18,300000000,Archimede_odom,Archimede_base_link,-10.020635228861336,10.150961271784627,346.0581436915966,-0.0017064803164719537,-0.22940017534204815,-0.7335170272065931,0.6397854470648495,0.0,0.0,0.0,0.0,0.0,0.0,0.0,0.0,0.0,0.0,0.0,0.0,0.0,0.0,0.0,0.0,0.0,0.0,0.0,0.0,0.0,0.0,0.0,0.0,0.0,0.0,0.0,0.0,0.0,0.0,0.0,0.0,0.0,0.0,0.0,0.0,0.29966022744937854,-0.005181809374432105,0.017501963020251098,0.03245900997874426,0.004457099569218659,-0.00011505057929247905,0.0,0.0,0.0,0.0,0.0,0.0,0.0,0.0,0.0,0.0,0.0,0.0,0.0,0.0,0.0,0.0,0.0,0.0,0.0,0.0,0.0,0.0,0.0,0.0,0.0,0.0,0.0,0.0,0.0,0.0,0.0,0.0,0.0,0.0,0.0,0.0
18400000000,18,400000000,Archimede_odom,Archimede_base_link,-10.02731842212312,10.12338010879534,346.06837478560743,0.0003040452413744289,-0.23069833961059322,-0.7329794230785783,0.639936988304943,0.0,0.0,0.0,0.0,0.0,0.0,0.0,0.0,0.0,0.0,0.0,0.0,0.0,0.0,0.0,0.0,0.0,0.0,0.0,0.0,0.0,0.0,0.0,0.0,0.0,0.0,0.0,0.0,0.0,0.0,0.0,0.0,0.0,0.0,0.0,0.0,0.30218470009721654,-0.009477763281937404,0.01803969771297636,0.05936175741045836,0.02101589788408336,-0.00021925103415165368,0.0,0.0,0.0,0.0,0.0,0.0,0.0,0.0,0.0,0.0,0.0,0.0,0.0,0.0,0.0,0.0,0.0,0.0,0.0,0.0,0.0,0.0,0.0,0.0,0.0,0.0,0.0,0.0,0.0,0.0,0.0,0.0,0.0,0.0,0.0,0.0
18500000000,18,500000000,Archimede_odom,Archimede_base_link,-10.033645419040223,10.095742259836008,346.07842023751124,0.0015581925356116797,-0.23142780053225642,-0.7326679606511339,0.6400284404713065,0.0,0.0,0.0,0.0,0.0,0.0,0.0,0.0,0.0,0.0,0.0,0.0,0.0,0.0,0.0,0.0,0.0,0.0,0.0,0.0,0.0,0.0,0.0,0.0,0.0,0.0,0.0,0.0,0.0,0.0,0.0,0.0,0.0,0.0,0.0,0.0,0.2994057984297879,-0.0010958538382008964,0.01242848906854831,0.00512807098294234,0.0032718668106005927,-0.0007917646456750205,0.0,0.0,0.0,0.0,0.0,0.0,0.0,0.0,0.0,0.0,0.0,0.0,0.0,0.0,0.0,0.0,0.0,0.0,0.0,0.0,0.0,0.0,0.0,0.0,0.0,0.0,0.0,0.0,0.0,0.0,0.0,0.0,0.0,0.0,0.0,0.0
18600000000,18,600000000,Archimede_odom,Archimede_base_link,-10.039533872565828,10.068067078834751,346.0882926259727,0.00185829051122195,-0.2315135289868302,-0.7326322523031764,0.6400375110394819,0.0,0.0,0.0,0.0,0.0,0.0,0.0,0.0,0.0,0.0,0.0,0.0,0.0,0.0,0.0,0.0,0.0,0.0,0.0,0.0,0.0,0.0,0.0,0.0,0.0,0.0,0.0,0.0,0.0,0.0,0.0,0.0,0.0,0.0,0.0,0.0,0.29941008835668825,-0.0011245947506585432,0.01251915087121487,0.005278410107678723,0.003346502551372508,-0.0008011611272538517,0.0,0.0,0.0,0.0,0.0,0.0,0.0,0.0,0.0,0.0,0.0,0.0,0.0,0.0,0.0,0.0,0.0,0.0,0.0,0.0,0.0,0.0,0.0,0.0,0.0,0.0,0.0,0.0,0.0,0.0,0.0,0.0,0.0,0.0,0.0,0.0
18700000000,18,700000000,Archimede_odom,Archimede_base_link,-10.045406336677068,10.04039340265305,346.0981124019259,0.0021090176959130476,-0.23164399788739262,-0.7325956949590604,0.6400313726799297,0.0,0.0,0.0,0.0,0.0,0.0,0.0,0.0,0.0,0.0,0.0,0.0,0.0,0.0,0.0,0.0,0.0,0.0,0.0,0.0,0.0,0.0,0.0,0.0,0.0,0.0,0.0,0.0,0.0,0.0,0.0,0.0,0.0,0.0,0.0,0.0,0.29841074895291914,-0.0010929786720233626,0.010071416797384847,0.005284776371794945,-0.0034721571427026657,-0.0007108264723363686,0.0,0.0,0.0,0.0,0.0,0.0,0.0,0.0,0.0,0.0,0.0,0.0,0.0,0.0,0.0,0.0,0.0,0.0,0.0,0.0,0.0,0.0,0.0,0.0,0.0,0.0,0.0,0.0,0.0,0.0,0.0,0.0,0.0,0.0,0.0,0.0
18800000000,18,800000000,Archimede_odom,Archimede_base_link,-10.051204319743537,10.01272755023403,346.1077287418592,0.00215905603233087,-0.23194898098384006,-0.7325577319550203,0.6399642006007243,0.0,0.0,0.0,0.0,0.0,0.0,0.0,0.0,0.0,0.0,0.0,0.0,0.0,0.0,0.0,0.0,0.0,0.0,0.0,0.0,0.0,0.0,0.0,0.0,0.0,0.0,0.0,0.0,0.0,0.0,0.0,0.0,0.0,0.0,0.0,0.0,0.2984062422441216,-0.0010994481860793844,0.009960541207723666,0.0052889092157791685,-0.0034850555188363093,-0.0007233146339504358,0.0,0.0,0.0,0.0,0.0,0.0,0.0,0.0,0.0,0.0,0.0,0.0,0.0,0.0,0.0,0.0,0.0,0.0,0.0,0.0,0.0,0.0,0.0,0.0,0.0,0.0,0.0,0.0,0.0,0.0,0.0,0.0,0.0,0.0,0.0,0.0
18900000000,18,900000000,Archimede_odom,Archimede_base_link,-10.056889132052683,9.985056093746511,346.11705726650393,0.0019145947183170648,-0.23250886043779903,-0.7325108941613787,0.6398154062539274,0.0,0.0,0.0,0.0,0.0,0.0,0.0,0.0,0.0,0.0,0.0,0.0,0.0,0.0,0.0,0.0,0.0,0.0,0.0,0.0,0.0,0.0,0.0,0.0,0.0,0.0,0.0,0.0,0.0,0.0,0.0,0.0,0.0,0.0,0.0,0.0,0.2961824309670818,-0.0008758731188344667,0.0031732303475983875,0.005309582721637099,-0.021078869202747715,-9.877987153499462e-05,0.0,0.0,0.0,0.0,0.0,0.0,0.0,0.0,0.0,0.0,0.0,0.0,0.0,0.0,0.0,0.0,0.0,0.0,0.0,0.0,0.0,0.0,0.0,0.0,0.0,0.0,0.0,0.0,0.0,0.0,0.0,0.0,0.0,0.0,0.0,0.0
19000000000,19,0,Archimede_odom,Archimede_base_link,-10.062434859999847,9.957380524850775,346.1260352897539,0.0013129402415845582,-0.23337812093431562,-0.7324545746863175,0.639564871516702,0.0,0.0,0.0,0.0,0.0,0.0,0.0,0.0,0.0,0.0,0.0,0.0,0.0,0.0,0.0,0.0,0.0,0.0,0.0,0.0,0.0,0.0,0.0,0.0,0.0,0.0,0.0,0.0,0.0,0.0,0.0,0.0,0.0,0.0,0.0,0.0,0.2961725920354386,-0.0008903012375772816,0.002531472677930243,0.005305398604329046,-0.021113214037532278,-0.00013616310082094466,0.0,0.0,0.0,0.0,0.0,0.0,0.0,0.0,0.0,0.0,0.0,0.0,0.0,0.0,0.0,0.0,0.0,0.0,0.0,0.0,0.0,0.0,0.0,0.0,0.0,0.0,0.0,0.0,0.0,0.0,0.0,0.0,0.0,0.0,0.0,0.0
19100000000,19,100000000,Archimede_odom,Archimede_base_link,-10.067947526982914,9.929725399161635,346.1350123646881,0.0006010441772894402,-0.234210261226672,-0.7324207389519624,0.6393004406654921,0.0,0.0,0.0,0.0,0.0,0.0,0.0,0.0,0.0,0.0,0.0,0.0,0.0,0.0,0.0,0.0,0.0,0.0,0.0,0.0,0.0,0.0,0.0,0.0,0.0,0.0,0.0,0.0,0.0,0.0,0.0,0.0,0.0,0.0,0.0,0.0,0.29377730749063724,0.0022121162628498236,0.0016255304076986561,-0.015236567136577112,-0.03297624247107646,0.0004776937209038503,0.0,0.0,0.0,0.0,0.0,0.0,0.0,0.0,0.0,0.0,0.0,0.0,0.0,0.0,0.0,0.0,0.0,0.0,0.0,0.0,0.0,0.0,0.0,0.0,0.0,0.0,0.0,0.0,0.0,0.0,0.0,0.0,0.0,0.0,0.0,0.0
19200000000,19,200000000,Archimede_odom,Archimede_base_link,-10.073119608880933,9.902232159889023,346.14404291362473,-0.0012301299375103618,-0.23469562156308332,-0.7326276664565233,0.6388843043477622,0.0,0.0,0.0,0.0,0.0,0.0,0.0,0.0,0.0,0.0,0.0,0.0,0.0,0.0,0.0,0.0,0.0,0.0,0.0,0.0,0.0,0.0,0.0,0.0,0.0,0.0,0.0,0.0,0.0,0.0,0.0,0.0,0.0,0.0,0.0,0.0,0.2939581016438555,0.00270202119481188,0.0008130738362351574,-0.017488588378640074,-0.035057621874041156,-0.00019179367850868543,0.0,0.0,0.0,0.0,0.0,0.0,0.0,0.0,0.0,0.0,0.0,0.0,0.0,0.0,0.0,0.0,0.0,0.0,0.0,0.0,0.0,0.0,0.0,0.0,0.0,0.0,0.0,0.0,0.0,0.0,0.0,0.0,0.0,0.0,0.0,0.0
19301000000,19,300000000,Archimede_odom,Archimede_base_link,-10.078288758287886,9.874737060682591,346.15307116480625,-0.003069068657881249,-0.2351749022404944,-0.7328354133067483,0.6384634705112538,0.0,0.0,0.0,0.0,0.0,0.0,0.0,0.0,0.0,0.0,0.0,0.0,0.0,0.0,0.0,0.0,0.0,0.0,0.0,0.0,0.0,0.0,0.0,0.0,0.0,0.0,0.0,0.0,0.0,0.0,0.0,0.0,0.0,0.0,0.0,0.0,0.2939636706961273,0.002688621544283268,-0.00022478721272980009,-0.01744291691206285,-0.035028159604226485,-0.0002082041562622398,0.0,0.0,0.0,0.0,0.0,0.0,0.0,0.0,0.0,0.0,0.0,0.0,0.0,0.0,0.0,0.0,0.0,0.0,0.0,0.0,0.0,0.0,0.0,0.0,0.0,0.0,0.0,0.0,0.0,0.0,0.0,0.0,0.0,0.0,0.0,0.0
19400000000,19,400000000,Archimede_odom,Archimede_base_link,-10.083134468125888,9.847106163698658,346.16187551457415,-0.0053995345488382415,-0.23509666589431216,-0.7332216308560805,0.6380332614815497,0.0,0.0,0.0,0.0,0.0,0.0,0.0,0.0,0.0,0.0,0.0,0.0,0.0,0.0,0.0,0.0,0.0,0.0,0.0,0.0,0.0,0.0,0.0,0.0,0.0,0.0,0.0,0.0,0.0,0.0,0.0,0.0,0.0,0.0,0.0,0.0,0.2943538059192217,0.005197722365886038,-0.005713093786133471,-0.033701268366326434,-0.03291246889721146,-0.0003943320044007885,0.0,0.0,0.0,0.0,0.0,0.0,0.0,0.0,0.0,0.0,0.0,0.0,0.0,0.0,0.0,0.0,0.0,0.0,0.0,0.0,0.0,0.0,0.0,0.0,0.0,0.0,0.0,0.0,0.0,0.0,0.0,0.0,0.0,0.0,0.0,0.0
19500000000,19,500000000,Archimede_odom,Archimede_base_link,-10.087970238593572,9.819387979503995,346.170600118616,-0.007606540274232436,-0.23493445421640785,-0.73360353742351,0.6376313924571216,0.0,0.0,0.0,0.0,0.0,0.0,0.0,0.0,0.0,0.0,0.0,0.0,0.0,0.0,0.0,0.0,0.0,0.0,0.0,0.0,0.0,0.0,0.0,0.0,0.0,0.0,0.0,0.0,0.0,0.0,0.0,0.0,0.0,0.0,0.0,0.0,0.29563483065827795,0.0030220789729459878,-0.006532248895602675,-0.019991217233629253,-0.02490782459028308,-0.0003998276920130243,0.0,0.0,0.0,0.0,0.0,0.0,0.0,0.0,0.0,0.0,0.0,0.0,0.0,0.0,0.0,0.0,0.0,0.0,0.0,0.0,0.0,0.0,0.0,0.0,0.0,0.0,0.0,0.0,0.0,0.0,0.0,0.0,0.0,0.0,0.0,0.0
19600000000,19,600000000,Archimede_odom,Archimede_base_link,-10.09298711588473,9.791593620190548,346.1793080206044,-0.009251642003984066,-0.23496305414786567,-0.7338605990967553,0.6373032177849793,0.0,0.0,0.0,0.0,0.0,0.0,0.0,0.0,0.0,0.0,0.0,0.0,0.0,0.0,0.0,0.0,0.0,0.0,0.0,0.0,0.0,0.0,0.0,0.0,0.0,0.0,0.0,0.0,0.0,0.0,0.0,0.0,0.0,0.0,0.0,0.0,0.29527140267665364,0.0036092094152551926,-0.007289978624717429,-0.023646120508387103,-0.027157829303438075,-0.00037880152108160013,0.0,0.0,0.0,0.0,0.0,0.0,0.0,0.0,0.0,0.0,0.0,0.0,0.0,0.0,0.0,0.0,0.0,0.0,0.0,0.0,0.0,0.0,0.0,0.0,0.0,0.0,0.0,0.0,0.0,0.0,0.0,0.0,0.0,0.0,0.0,0.0
19700000000,19,700000000,Archimede_odom,Archimede_base_link,-10.097976223442181,9.763812777319162,346.18801973622567,-0.010997413583658383,-0.23496014724587147,-0.734136544095585,0.6369586491476973,0.0,0.0,0.0,0.0,0.0,0.0,0.0,0.0,0.0,0.0,0.0,0.0,0.0,0.0,0.0,0.0,0.0,0.0,0.0,0.0,0.0,0.0,0.0,0.0,0.0,0.0,0.0,0.0,0.0,0.0,0.0,0.0,0.0,0.0,0.0,0.0,0.29526422499169963,0.003617232748912895,-0.008097142343871714,-0.023659747536955166,-0.027151635825298455,-0.00036264766256726767,0.0,0.0,0.0,0.0,0.0,0.0,0.0,0.0,0.0,0.0,0.0,0.0,0.0,0.0,0.0,0.0,0.0,0.0,0.0,0.0,0.0,0.0,0.0,0.0,0.0,0.0,0.0,0.0,0.0,0.0,0.0,0.0,0.0,0.0,0.0,0.0
19800000000,19,800000000,Archimede_odom,Archimede_base_link,-10.10302262187857,9.736011582051514,346.19690075473795,-0.012584788844114488,-0.23481490223041177,-0.7344075756925126,0.6366703209241952,0.0,0.0,0.0,0.0,0.0,0.0,0.0,0.0,0.0,0.0,0.0,0.0,0.0,0.0,0.0,0.0,0.0,0.0,0.0,0.0,0.0,0.0,0.0,0.0,0.0,0.0,0.0,0.0,0.0,0.0,0.0,0.0,0.0,0.0,0.0,0.0,0.2965343412735511,0.0037524032342928296,-0.0064747782286207894,-0.02368679463751882,-0.020869422080173276,-1.3488242570585404e-05,0.0,0.0,0.0,0.0,0.0,0.0,0.0,0.0,0.0,0.0,0.0,0.0,0.0,0.0,0.0,0.0,0.0,0.0,0.0,0.0,0.0,0.0,0.0,0.0,0.0,0.0,0.0,0.0,0.0,0.0,0.0,0.0,0.0,0.0,0.0,0.0
19900000000,19,900000000,Archimede_odom,Archimede_base_link,-10.108096476654097,9.708191020043035,346.20587263452677,-0.01409263036144558,-0.2345979445082243,-0.734671578063332,0.6364140747877478,0.0,0.0,0.0,0.0,0.0,0.0,0.0,0.0,0.0,0.0,0.0,0.0,0.0,0.0,0.0,0.0,0.0,0.0,0.0,0.0,0.0,0.0,0.0,0.0,0.0,0.0,0.0,0.0,0.0,0.0,0.0,0.0,0.0,0.0,0.0,0.0,0.29662978766863246,0.0037478432827103337,-0.006846143104481101,-0.023693955448667054,-0.020210871381191757,2.9698352221797958e-05,0.0,0.0,0.0,0.0,0.0,0.0,0.0,0.0,0.0,0.0,0.0,0.0,0.0,0.0,0.0,0.0,0.0,0.0,0.0,0.0,0.0,0.0,0.0,0.0,0.0,0.0,0.0,0.0,0.0,0.0,0.0,0.0,0.0,0.0,0.0,0.0
20001000000,20,0,Archimede_odom,Archimede_base_link,-10.113097395158873,9.680422718986952,346.2148547769331,-0.015852726609565167,-0.2342816338024829,-0.7349819072187296,0.6361308066608632,0.0,0.0,0.0,0.0,0.0,0.0,0.0,0.0,0.0,0.0,0.0,0.0,0.0,0.0,0.0,0.0,0.0,0.0,0.0,0.0,0.0,0.0,0.0,0.0,0.0,0.0,0.0,0.0,0.0,0.0,0.0,0.0,0.0,0.0,0.0,0.0,0.2917462332346564,0.010219729189185697,-0.008857243021197097,-0.06785402836019792,-0.04297184122393436,0.0014317145494743807,0.0,0.0,0.0,0.0,0.0,0.0,0.0,0.0,0.0,0.0,0.0,0.0,0.0,0.0,0.0,0.0,0.0,0.0,0.0,0.0,0.0,0.0,0.0,0.0,0.0,0.0,0.0,0.0,0.0,0.0,0.0,0.0,0.0,0.0,0.0,0.0
20100000000,20,100000000,Archimede_odom,Archimede_base_link,-10.11783575825005,9.652923457068272,346.2241518213485,-0.01870577544618688,-0.23361562454957863,-0.7355272147236583,0.6356677987220405,0.0,0.0,0.0,0.0,0.0,0.0,0.0,0.0,0.0,0.0,0.0,0.0,0.0,0.0,0.0,0.0,0.0,0.0,0.0,0.0,0.0,0.0,0.0,0.0,0.0,0.0,0.0,0.0,0.0,0.0,0.0,0.0,0.0,0.0,0.0,0.0,0.29594752347546827,0.0020723870515971616,0.0096469396566746,-0.010799060455124538,-0.018620085214198168,-0.0009587768225512189,0.0,0.0,0.0,0.0,0.0,0.0,0.0,0.0,0.0,0.0,0.0,0.0,0.0,0.0,0.0,0.0,0.0,0.0,0.0,0.0,0.0,0.0,0.0,0.0,0.0,0.0,0.0,0.0,0.0,0.0,0.0,0.0,0.0,0.0,0.0,0.0
20200000000,20,200000000,Archimede_odom,Archimede_base_link,-10.12408667057017,9.62625349962801,346.234343107352,-0.01936619557710058,-0.23602318722373344,-0.7351707945141219,0.6351707710963206,0.0,0.0,0.0,0.0,0.0,0.0,0.0,0.0,0.0,0.0,0.0,0.0,0.0,0.0,0.0,0.0,0.0,0.0,0.0,0.0,0.0,0.0,0.0,0.0,0.0,0.0,0.0,0.0,0.0,0.0,0.0,0.0,0.0,0.0,0.0,0.0,0.29318531322081387,-0.002556435051784874,0.008343560257315455,0.018338767012148836,-0.036403441340686224,-0.0009329487415460282,0.0,0.0,0.0,0.0,0.0,0.0,0.0,0.0,0.0,0.0,0.0,0.0,0.0,0.0,0.0,0.0,0.0,0.0,0.0,0.0,0.0,0.0,0.0,0.0,0.0,0.0,0.0,0.0,0.0,0.0,0.0,0.0,0.0,0.0,0.0,0.0
20300000000,20,300000000,Archimede_odom,Archimede_base_link,-10.130323642641443,9.599567480036496,346.24453917638675,-0.020029453689802953,-0.2383732406093995,-0.7348254187956188,0.6346720594433829,0.0,0.0,0.0,0.0,0.0,0.0,0.0,0.0,0.0,0.0,0.0,0.0,0.0,0.0,0.0,0.0,0.0,0.0,0.0,0.0,0.0,0.0,0.0,0.0,0.0,0.0,0.0,0.0,0.0,0.0,0.0,0.0,0.0,0.0,0.0,0.0,0.2925866799843372,-0.0035418268950160405,0.00708001070028146,0.024580772504344445,-0.040298428207414604,-0.0009430174110595633,0.0,0.0,0.0,0.0,0.0,0.0,0.0,0.0,0.0,0.0,0.0,0.0,0.0,0.0,0.0,0.0,0.0,0.0,0.0,0.0,0.0,0.0,0.0,0.0,0.0,0.0,0.0,0.0,0.0,0.0,0.0,0.0,0.0,0.0,0.0,0.0
20400000000,20,400000000,Archimede_odom,Archimede_base_link,-10.13651472057942,9.57284911942016,346.25475839553275,-0.02071938475146005,-0.24055563850046624,-0.7345199995954077,0.6341798341760138,0.0,0.0,0.0,0.0,0.0,0.0,0.0,0.0,0.0,0.0,0.0,0.0,0.0,0.0,0.0,0.0,0.0,0.0,0.0,0.0,0.0,0.0,0.0,0.0,0.0,0.0,0.0,0.0,0.0,0.0,0.0,0.0,0.0,0.0,0.0,0.0,0.29259314026677397,-0.0035417886648017776,0.005884513512571607,0.02457180928397246,-0.040319193673802954,-0.000940898880914699,0.0,0.0,0.0,0.0,0.0,0.0,0.0,0.0,0.0,0.0,0.0,0.0,0.0,0.0,0.0,0.0,0.0,0.0,0.0,0.0,0.0,0.0,0.0,0.0,0.0,0.0,0.0,0.0,0.0,0.0,0.0,0.0,0.0,0.0,0.0,0.0
20500000000,20,500000000,Archimede_odom,Archimede_base_link,-10.142708859739923,9.546132239011472,346.2649736367777,-0.021409986690102606,-0.24273704368968174,-0.7342104022651796,0.6336840106049122,0.0,0.0,0.0,0.0,0.0,0.0,0.0,0.0,0.0,0.0,0.0,0.0,0.0,0.0,0.0,0.0,0.0,0.0,0.0,0.0,0.0,0.0,0.0,0.0,0.0,0.0,0.0,0.0,0.0,0.0,0.0,0.0,0.0,0.0,0.0,0.0,0.29259294385861023,-0.0035436921035520734,0.0046943249417631654,0.024570018860534556,-0.040332938973776225,-0.0009361686608412087,0.0,0.0,0.0,0.0,0.0,0.0,0.0,0.0,0.0,0.0,0.0,0.0,0.0,0.0,0.0,0.0,0.0,0.0,0.0,0.0,0.0,0.0,0.0,0.0,0.0,0.0,0.0,0.0,0.0,0.0,0.0,0.0,0.0,0.0,0.0,0.0
20600000000,20,600000000,Archimede_odom,Archimede_base_link,-10.148880662237207,9.519267156847384,346.2750536485702,-0.021920809219639084,-0.24476451410300226,-0.7339000432374647,0.6332460321984851,0.0,0.0,0.0,0.0,0.0,0.0,0.0,0.0,0.0,0.0,0.0,0.0,0.0,0.0,0.0,0.0,0.0,0.0,0.0,0.0,0.0,0.0,0.0,0.0,0.0,0.0,0.0,0.0,0.0,0.0,0.0,0.0,0.0,0.0,0.0,0.0,0.2943841074185175,-0.0036044949175848945,-0.00026836565210989853,0.02465062729246028,-0.029771183215774183,-0.0008146922680376676,0.0,0.0,0.0,0.0,0.0,0.0,0.0,0.0,0.0,0.0,0.0,0.0,0.0,0.0,0.0,0.0,0.0,0.0,0.0,0.0,0.0,0.0,0.0,0.0,0.0,0.0,0.0,0.0,0.0,0.0,0.0,0.0,0.0,0.0,0.0,0.0
20700000000,20,700000000,Archimede_odom,Archimede_base_link,-10.155000374838881,9.492219810248615,346.28501931251816,-0.02221351703391993,-0.24648992968624128,-0.7336138249789261,0.632898119782359,0.0,0.0,0.0,0.0,0.0,0.0,0.0,0.0,0.0,0.0,0.0,0.0,0.0,0.0,0.0,0.0,0.0,0.0,0.0,0.0,0.0,0.0,0.0,0.0,0.0,0.0,0.0,0.0,0.0,0.0,0.0,0.0,0.0,0.0,0.0,0.0,0.2959271388820081,-0.0030947778401995206,0.001500378867382,0.020886231335548934,-0.02034266691562674,-0.0008780629245183575,0.0,0.0,0.0,0.0,0.0,0.0,0.0,0.0,0.0,0.0,0.0,0.0,0.0,0.0,0.0,0.0,0.0,0.0,0.0,0.0,0.0,0.0,0.0,0.0,0.0,0.0,0.0,0.0,0.0,0.0,0.0,0.0,0.0,0.0,0.0,0.0
20800000000,20,800000000,Archimede_odom,Archimede_base_link,-10.16165909252506,9.465419504498648,346.2954228022321,-0.021666418566270832,-0.2490052147377898,-0.7330338700815586,0.6326043903208,0.0,0.0,0.0,0.0,0.0,0.0,0.0,0.0,0.0,0.0,0.0,0.0,0.0,0.0,0.0,0.0,0.0,0.0,0.0,0.0,0.0,0.0,0.0,0.0,0.0,0.0,0.0,0.0,0.0,0.0,0.0,0.0,0.0,0.0,0.0,0.0,0.2950258742708524,-0.006873185109303623,0.0047283264703792014,0.04572727353604486,-0.025022032183191913,-0.000998766330353026,0.0,0.0,0.0,0.0,0.0,0.0,0.0,0.0,0.0,0.0,0.0,0.0,0.0,0.0,0.0,0.0,0.0,0.0,0.0,0.0,0.0,0.0,0.0,0.0,0.0,0.0,0.0,0.0,0.0,0.0,0.0,0.0,0.0,0.0,0.0,0.0
20900000000,20,900000000,Archimede_odom,Archimede_base_link,-10.168191389135664,9.438703730605049,346.3060490466179,-0.02142015987919133,-0.2510463761362444,-0.7326058229885467,0.6323018281666465,0.0,0.0,0.0,0.0,0.0,0.0,0.0,0.0,0.0,0.0,0.0,0.0,0.0,0.0,0.0,0.0,0.0,0.0,0.0,0.0,0.0,0.0,0.0,0.0,0.0,0.0,0.0,0.0,0.0,0.0,0.0,0.0,0.0,0.0,0.0,0.0,0.2905128081852732,-0.005118189172911741,0.01263110834078306,0.03181564353564771,-0.04027025448780966,-0.0004313022065104523,0.0,0.0,0.0,0.0,0.0,0.0,0.0,0.0,0.0,0.0,0.0,0.0,0.0,0.0,0.0,0.0,0.0,0.0,0.0,0.0,0.0,0.0,0.0,0.0,0.0,0.0,0.0,0.0,0.0,0.0,0.0,0.0,0.0,0.0,0.0,0.0
21000000000,21,0,Archimede_odom,Archimede_base_link,-10.174262437232999,9.412376621708802,346.3168300689528,-0.022557619654698532,-0.2525758540528379,-0.7325213514205293,0.6317507906271544,0.0,0.0,0.0,0.0,0.0,0.0,0.0,0.0,0.0,0.0,0.0,0.0,0.0,0.0,0.0,0.0,0.0,0.0,0.0,0.0,0.0,0.0,0.0,0.0,0.0,0.0,0.0,0.0,0.0,0.0,0.0,0.0,0.0,0.0,0.0,0.0,0.2909722159294581,7.498275055737506e-05,0.0057712510146046385,0.005399388036656528,-0.038785960609487975,-0.002480913397950409,0.0,0.0,0.0,0.0,0.0,0.0,0.0,0.0,0.0,0.0,0.0,0.0,0.0,0.0,0.0,0.0,0.0,0.0,0.0,0.0,0.0,0.0,0.0,0.0,0.0,0.0,0.0,0.0,0.0,0.0,0.0,0.0,0.0,0.0,0.0,0.0
21100000000,21,100000000,Archimede_odom,Archimede_base_link,-10.180265430346212,9.386003313637268,346.3275761503181,-0.023776801985056717,-0.2540003875124288,-0.7324854649250708,0.631176291145669,0.0,0.0,0.0,0.0,0.0,0.0,0.0,0.0,0.0,0.0,0.0,0.0,0.0,0.0,0.0,0.0,0.0,0.0,0.0,0.0,0.0,0.0,0.0,0.0,0.0,0.0,0.0,0.0,0.0,0.0,0.0,0.0,0.0,0.0,0.0,0.0,0.2910172298794588,5.160685167796995e-05,0.004620236737186072,0.005378470816719416,-0.03877666594488438,-0.002420096443394321,0.0,0.0,0.0,0.0,0.0,0.0,0.0,0.0,0.0,0.0,0.0,0.0,0.0,0.0,0.0,0.0,0.0,0.0,0.0,0.0,0.0,0.0,0.0,0.0,0.0,0.0,0.0,0.0,0.0,0.0,0.0,0.0,0.0,0.0,0.0,0.0
21200000000,21,200000000,Archimede_odom,Archimede_base_link,-10.18627718564413,9.359628209805981,346.3383182139832,-0.024997304630698606,-0.2554231520329019,-0.7324451382873841,0.630601512498941,0.0,0.0,0.0,0.0,0.0,0.0,0.0,0.0,0.0,0.0,0.0,0.0,0.0,0.0,0.0,0.0,0.0,0.0,0.0,0.0,0.0,0.0,0.0,0.0,0.0,0.0,0.0,0.0,0.0,0.0,0.0,0.0,0.0,0.0,0.0,0.0,0.291049787847674,3.0872420767632906e-05,0.0034776227210470594,0.005358857924099398,-0.038782966275061136,-0.0023613290008761695,0.0,0.0,0.0,0.0,0.0,0.0,0.0,0.0,0.0,0.0,0.0,0.0,0.0,0.0,0.0,0.0,0.0,0.0,0.0,0.0,0.0,0.0,0.0,0.0,0.0,0.0,0.0,0.0,0.0,0.0,0.0,0.0,0.0,0.0,0.0,0.0
21300000000,21,300000000,Archimede_odom,Archimede_base_link,-10.19229739044287,9.333251921201095,346.3490566641318,-0.026219421801459933,-0.25684447747665345,-0.7324003858811915,0.6300262939522634,0.0,0.0,0.0,0.0,0.0,0.0,0.0,0.0,0.0,0.0,0.0,0.0,0.0,0.0,0.0,0.0,0.0,0.0,0.0,0.0,0.0,0.0,0.0,0.0,0.0,0.0,0.0,0.0,0.0,0.0,0.0,0.0,0.0,0.0,0.0,0.0,0.2910750031398007,1.1020226687821115e-05,0.0023376684085119107,0.005340232709492808,-0.03879507852388328,-0.002303218703487711,0.0,0.0,0.0,0.0,0.0,0.0,0.0,0.0,0.0,0.0,0.0,0.0,0.0,0.0,0.0,0.0,0.0,0.0,0.0,0.0,0.0,0.0,0.0,0.0,0.0,0.0,0.0,0.0,0.0,0.0,0.0,0.0,0.0,0.0,0.0,0.0
21401000000,21,400000000,Archimede_odom,Archimede_base_link,-10.198325799751014,9.306874657239351,346.3597916879026,-0.027443249173222713,-0.2582645001857174,-0.7323512038110428,0.6294505781196442,0.0,0.0,0.0,0.0,0.0,0.0,0.0,0.0,0.0,0.0,0.0,0.0,0.0,0.0,0.0,0.0,0.0,0.0,0.0,0.0,0.0,0.0,0.0,0.0,0.0,0.0,0.0,0.0,0.0,0.0,0.0,0.0,0.0,0.0,0.0,0.0,0.29109473085826537,-8.591868240460064e-06,0.0011982730461999555,0.005322484649285684,-0.03880943671563147,-0.002245267222645874,0.0,0.0,0.0,0.0,0.0,0.0,0.0,0.0,0.0,0.0,0.0,0.0,0.0,0.0,0.0,0.0,0.0,0.0,0.0,0.0,0.0,0.0,0.0,0.0,0.0,0.0,0.0,0.0,0.0,0.0,0.0,0.0,0.0,0.0,0.0,0.0
21500000000,21,500000000,Archimede_odom,Archimede_base_link,-10.204362358717061,9.280496612088937,346.3705232820527,-0.028668697180299876,-0.25968400571093175,-0.7322974032850962,0.6288742609789452,0.0,0.0,0.0,0.0,0.0,0.0,0.0,0.0,0.0,0.0,0.0,0.0,0.0,0.0,0.0,0.0,0.0,0.0,0.0,0.0,0.0,0.0,0.0,0.0,0.0,0.0,0.0,0.0,0.0,0.0,0.0,0.0,0.0,0.0,0.0,0.0,0.2910970602760615,-4.8496087169991905e-05,5.918216354662178e-05,0.005433938903293443,-0.03890418344705017,-0.0021871638539714446,0.0,0.0,0.0,0.0,0.0,0.0,0.0,0.0,0.0,0.0,0.0,0.0,0.0,0.0,0.0,0.0,0.0,0.0,0.0,0.0,0.0,0.0,0.0,0.0,0.0,0.0,0.0,0.0,0.0,0.0,0.0,0.0,0.0,0.0,0.0,0.0
21601000000,21,600000000,Archimede_odom,Archimede_base_link,-10.210330028674884,9.25404433619232,346.3813078549573,-0.029969083514645594,-0.2606798545170003,-0.7323313389542006,0.6283619000765686,0.0,0.0,0.0,0.0,0.0,0.0,0.0,0.0,0.0,0.0,0.0,0.0,0.0,0.0,0.0,0.0,0.0,0.0,0.0,0.0,0.0,0.0,0.0,0.0,0.0,0.0,0.0,0.0,0.0,0.0,0.0,0.0,0.0,0.0,0.0,0.0,0.29312126721439596,0.0027100333405027364,-0.0009692615281808196,-0.01588588773103453,-0.025527833367767122,-0.0009140121161952022,0.0,0.0,0.0,0.0,0.0,0.0,0.0,0.0,0.0,0.0,0.0,0.0,0.0,0.0,0.0,0.0,0.0,0.0,0.0,0.0,0.0,0.0,0.0,0.0,0.0,0.0,0.0,0.0,0.0,0.0,0.0,0.0,0.0,0.0,0.0,0.0
21700000000,21,700000000,Archimede_odom,Archimede_base_link,-10.216084014931777,9.227360118017527,346.3921729393659,-0.031314554738854514,-0.26076601658892257,-0.7325865623435764,0.6279629064900843,0.0,0.0,0.0,0.0,0.0,0.0,0.0,0.0,0.0,0.0,0.0,0.0,0.0,0.0,0.0,0.0,0.0,0.0,0.0,0.0,0.0,0.0,0.0,0.0,0.0,0.0,0.0,0.0,0.0,0.0,0.0,0.0,0.0,0.0,0.0,0.0,0.2962258101827011,0.0032316944602018894,-0.007926618296537732,-0.017271056784633705,-0.00826836680126146,-0.0021401966765208437,0.0,0.0,0.0,0.0,0.0,0.0,0.0,0.0,0.0,0.0,0.0,0.0,0.0,0.0,0.0,0.0,0.0,0.0,0.0,0.0,0.0,0.0,0.0,0.0,0.0,0.0,0.0,0.0,0.0,0.0,0.0,0.0,0.0,0.0,0.0,0.0
21800000000,21,800000000,Archimede_odom,Archimede_base_link,-10.221747623030872,9.200364152978334,346.4027266403819,-0.03223676231654254,-0.26049033299707836,-0.7328625144077896,0.6277086207360151,0.0,0.0,0.0,0.0,0.0,0.0,0.0,0.0,0.0,0.0,0.0,0.0,0.0,0.0,0.0,0.0,0.0,0.0,0.0,0.0,0.0,0.0,0.0,0.0,0.0,0.0,0.0,0.0,0.0,0.0,0.0,0.0,0.0,0.0,0.0,0.0,0.29047339926953103,0.0028543490167517865,-0.00035469766616117343,-0.013284614445447818,-0.03167169205982516,-0.0025891229871747427,0.0,0.0,0.0,0.0,0.0,0.0,0.0,0.0,0.0,0.0,0.0,0.0,0.0,0.0,0.0,0.0,0.0,0.0,0.0,0.0,0.0,0.0,0.0,0.0,0.0,0.0,0.0,0.0,0.0,0.0,0.0,0.0,0.0,0.0,0.0,0.0
21901000000,21,900000000,Archimede_odom,Archimede_base_link,-10.227067288343418,9.173831367680753,346.4133737618275,-0.034471103700366025,-0.25999252381292565,-0.7333782146081625,0.6271937698265246,0.0,0.0,0.0,0.0,0.0,0.0,0.0,0.0,0.0,0.0,0.0,0.0,0.0,0.0,0.0,0.0,0.0,0.0,0.0,0.0,0.0,0.0,0.0,0.0,0.0,0.0,0.0,0.0,0.0,0.0,0.0,0.0,0.0,0.0,0.0,0.0,0.2909857716691028,0.006909192273313876,-0.005800628009603724,-0.036759486504404595,-0.028939093276684934,-0.0030503285002468463,0.0,0.0,0.0,0.0,0.0,0.0,0.0,0.0,0.0,0.0,0.0,0.0,0.0,0.0,0.0,0.0,0.0,0.0,0.0,0.0,0.0,0.0,0.0,0.0,0.0,0.0,0.0,0.0,0.0,0.0,0.0,0.0,0.0,0.0,0.0,0.0
22000000000,22,0,Archimede_odom,Archimede_base_link,-10.232536927603192,9.147375335573193,346.42398291101836,-0.03656657421776546,-0.2600917567064899,-0.7337555288109144,0.6265923616536705,0.0,0.0,0.0,0.0,0.0,0.0,0.0,0.0,0.0,0.0,0.0,0.0,0.0,0.0,0.0,0.0,0.0,0.0,0.0,0.0,0.0,0.0,0.0,0.0,0.0,0.0,0.0,0.0,0.0,0.0,0.0,0.0,0.0,0.0,0.0,0.0,0.2898964908452801,0.004750182255083888,-0.006560286084743368,-0.02342703385698884,-0.03684854549434892,-0.0028819453424948965,0.0,0.0,0.0,0.0,0.0,0.0,0.0,0.0,0.0,0.0,0.0,0.0,0.0,0.0,0.0,0.0,0.0,0.0,0.0,0.0,0.0,0.0,0.0,0.0,0.0,0.0,0.0,0.0,0.0,0.0,0.0,0.0,0.0,0.0,0.0,0.0
22100000000,22,100000000,Archimede_odom,Archimede_base_link,-10.238069341768265,9.120943074473052,346.4345764018803,-0.03861745927254169,-0.2603909948522584,-0.7340778837266148,0.625967157495215,0.0,0.0,0.0,0.0,0.0,0.0,0.0,0.0,0.0,0.0,0.0,0.0,0.0,0.0,0.0,0.0,0.0,0.0,0.0,0.0,0.0,0.0,0.0,0.0,0.0,0.0,0.0,0.0,0.0,0.0,0.0,0.0,0.0,0.0,0.0,0.0,0.29000875610915083,0.004676988046410522,-0.007637308748526984,-0.02346134008005762,-0.036873784622102654,-0.0026695221279122642,0.0,0.0,0.0,0.0,0.0,0.0,0.0,0.0,0.0,0.0,0.0,0.0,0.0,0.0,0.0,0.0,0.0,0.0,0.0,0.0,0.0,0.0,0.0,0.0,0.0,0.0,0.0,0.0,0.0,0.0,0.0,0.0,0.0,0.0,0.0,0.0
22200000000,22,200000000,Archimede_odom,Archimede_base_link,-10.243626176345783,9.094475934599334,346.44516294488903,-0.04066377838738154,-0.26067710669305194,-0.734387630595543,0.6253548682161716,0.0,0.0,0.0,0.0,0.0,0.0,0.0,0.0,0.0,0.0,0.0,0.0,0.0,0.0,0.0,0.0,0.0,0.0,0.0,0.0,0.0,0.0,0.0,0.0,0.0,0.0,0.0,0.0,0.0,0.0,0.0,0.0,0.0,0.0,0.0,0.0,0.2905914021655131,0.004495766426001867,-0.008994747175735061,-0.02355809307404417,-0.036181096709706116,-0.0021150902889239985,0.0,0.0,0.0,0.0,0.0,0.0,0.0,0.0,0.0,0.0,0.0,0.0,0.0,0.0,0.0,0.0,0.0,0.0,0.0,0.0,0.0,0.0,0.0,0.0,0.0,0.0,0.0,0.0,0.0,0.0,0.0,0.0,0.0,0.0,0.0,0.0
22300000000,22,300000000,Archimede_odom,Archimede_base_link,-10.249206558079852,9.067964880828255,346.45574250540216,-0.042703230287601666,-0.26094561084749057,-0.7346823141572355,0.6247605297768123,0.0,0.0,0.0,0.0,0.0,0.0,0.0,0.0,0.0,0.0,0.0,0.0,0.0,0.0,0.0,0.0,0.0,0.0,0.0,0.0,0.0,0.0,0.0,0.0,0.0,0.0,0.0,0.0,0.0,0.0,0.0,0.0,0.0,0.0,0.0,0.0,0.29069906538759677,0.004423633807616599,-0.010066459908296443,-0.023604846571964218,-0.036168488354725165,-0.0019075688033020704,0.0,0.0,0.0,0.0,0.0,0.0,0.0,0.0,0.0,0.0,0.0,0.0,0.0,0.0,0.0,0.0,0.0,0.0,0.0,0.0,0.0,0.0,0.0,0.0,0.0,0.0,0.0,0.0,0.0,0.0,0.0,0.0,0.0,0.0,0.0,0.0
22400000000,22,400000000,Archimede_odom,Archimede_base_link,-10.254803220860039,9.041441537709407,346.4663201633937,-0.044746563894383924,-0.26121061415255414,-0.734967746087241,0.6241707877537462,0.0,0.0,0.0,0.0,0.0,0.0,0.0,0.0,0.0,0.0,0.0,0.0,0.0,0.0,0.0,0.0,0.0,0.0,0.0,0.0,0.0,0.0,0.0,0.0,0.0,0.0,0.0,0.0,0.0,0.0,0.0,0.0,0.0,0.0,0.0,0.0,0.2907944873849463,0.004354634582707926,-0.011132835893093992,-0.023652945793481824,-0.03617152680055474,-0.001701822310923136,0.0,0.0,0.0,0.0,0.0,0.0,0.0,0.0,0.0,0.0,0.0,0.0,0.0,0.0,0.0,0.0,0.0,0.0,0.0,0.0,0.0,0.0,0.0,0.0,0.0,0.0,0.0,0.0,0.0,0.0,0.0,0.0,0.0,0.0,0.0,0.0
22500000000,22,500000000,Archimede_odom,Archimede_base_link,-10.260314747963365,9.014815233308925,346.4769636210718,-0.046876461752158365,-0.2609653070374296,-0.735363244973787,0.6236510272564944,0.0,0.0,0.0,0.0,0.0,0.0,0.0,0.0,0.0,0.0,0.0,0.0,0.0,0.0,0.0,0.0,0.0,0.0,0.0,0.0,0.0,0.0,0.0,0.0,0.0,0.0,0.0,0.0,0.0,0.0,0.0,0.0,0.0,0.0,0.0,0.0,0.2946144048133286,0.01028031094459187,-0.012320304230837948,-0.061691399740275266,-0.012664651733406649,-0.001503183210919801,0.0,0.0,0.0,0.0,0.0,0.0,0.0,0.0,0.0,0.0,0.0,0.0,0.0,0.0,0.0,0.0,0.0,0.0,0.0,0.0,0.0,0.0,0.0,0.0,0.0,0.0,0.0,0.0,0.0,0.0,0.0,0.0,0.0,0.0,0.0,0.0
22601000000,22,600000000,Archimede_odom,Archimede_base_link,-10.265545950855776,8.98793753382076,346.4878007692027,-0.04919638442113422,-0.2594589633237613,-0.736078634692187,0.6232567734574033,0.0,0.0,0.0,0.0,0.0,0.0,0.0,0.0,0.0,0.0,0.0,0.0,0.0,0.0,0.0,0.0,0.0,0.0,0.0,0.0,0.0,0.0,0.0,0.0,0.0,0.0,0.0,0.0,0.0,0.0,0.0,0.0,0.0,0.0,0.0,0.0,0.29426143223201034,0.009297527314537294,-0.012770161348135073,-0.05612172075035915,-0.016166375621331684,-0.001211851666735532,0.0,0.0,0.0,0.0,0.0,0.0,0.0,0.0,0.0,0.0,0.0,0.0,0.0,0.0,0.0,0.0,0.0,0.0,0.0,0.0,0.0,0.0,0.0,0.0,0.0,0.0,0.0,0.0,0.0,0.0,0.0,0.0,0.0,0.0,0.0,0.0
22700000000,22,700000000,Archimede_odom,Archimede_base_link,-10.270782021608083,8.961029300828557,346.4986457659444,-0.05152809871288518,-0.25789588269841857,-0.7367974874241568,0.6228675872572663,0.0,0.0,0.0,0.0,0.0,0.0,0.0,0.0,0.0,0.0,0.0,0.0,0.0,0.0,0.0,0.0,0.0,0.0,0.0,0.0,0.0,0.0,0.0,0.0,0.0,0.0,0.0,0.0,0.0,0.0,0.0,0.0,0.0,0.0,0.0,0.0,0.29445479673150093,0.009213278158837417,-0.013240918833845067,-0.056242555713214994,-0.016146349956618126,-0.000921701677080565,0.0,0.0,0.0,0.0,0.0,0.0,0.0,0.0,0.0,0.0,0.0,0.0,0.0,0.0,0.0,0.0,0.0,0.0,0.0,0.0,0.0,0.0,0.0,0.0,0.0,0.0,0.0,0.0,0.0,0.0,0.0,0.0,0.0,0.0,0.0,0.0
22801000000,22,800000000,Archimede_odom,Archimede_base_link,-10.27622503484089,8.93425226287678,346.50966541538753,-0.05362369232131754,-0.25671738668127697,-0.7373933761632365,0.6224722417810676,0.0,0.0,0.0,0.0,0.0,0.0,0.0,0.0,0.0,0.0,0.0,0.0,0.0,0.0,0.0,0.0,0.0,0.0,0.0,0.0,0.0,0.0,0.0,0.0,0.0,0.0,0.0,0.0,0.0,0.0,0.0,0.0,0.0,0.0,0.0,0.0,0.2944527129911815,0.006772123061546108,-0.009288784995084426,-0.0391181702191431,-0.017743038454057142,-0.001628772484880451,0.0,0.0,0.0,0.0,0.0,0.0,0.0,0.0,0.0,0.0,0.0,0.0,0.0,0.0,0.0,0.0,0.0,0.0,0.0,0.0,0.0,0.0,0.0,0.0,0.0,0.0,0.0,0.0,0.0,0.0,0.0,0.0,0.0,0.0,0.0,0.0
22900000000,22,900000000,Archimede_odom,Archimede_base_link,-10.281745709047252,8.907223243414164,346.52051036410927,-0.05511996029819346,-0.2554464690810226,-0.7379371009798097,0.6222199983995031,0.0,0.0,0.0,0.0,0.0,0.0,0.0,0.0,0.0,0.0,0.0,0.0,0.0,0.0,0.0,0.0,0.0,0.0,0.0,0.0,0.0,0.0,0.0,0.0,0.0,0.0,0.0,0.0,0.0,0.0,0.0,0.0,0.0,0.0,0.0,0.0,0.2964972934794644,0.007734789495729186,-0.018674603461928115,-0.0511483094255893,6.816033359948493e-05,0.0009239187554015808,0.0,0.0,0.0,0.0,0.0,0.0,0.0,0.0,0.0,0.0,0.0,0.0,0.0,0.0,0.0,0.0,0.0,0.0,0.0,0.0,0.0,0.0,0.0,0.0,0.0,0.0,0.0,0.0,0.0,0.0,0.0,0.0,0.0,0.0,0.0,0.0
23000000000,23,0,Archimede_odom,Archimede_base_link,-10.286654529146723,8.879644240398909,346.53070043763285,-0.05731925322945092,-0.252815939580625,-0.7388481170810881,0.6220145205611479,0.0,0.0,0.0,0.0,0.0,0.0,0.0,0.0,0.0,0.0,0.0,0.0,0.0,0.0,0.0,0.0,0.0,0.0,0.0,0.0,0.0,0.0,0.0,0.0,0.0,0.0,0.0,0.0,0.0,0.0,0.0,0.0,0.0,0.0,0.0,0.0,0.29708464533080237,0.011313500444176054,-0.023274599183349693,-0.07125377856694204,0.00023663200779638834,-0.00017899007578976326,0.0,0.0,0.0,0.0,0.0,0.0,0.0,0.0,0.0,0.0,0.0,0.0,0.0,0.0,0.0,0.0,0.0,0.0,0.0,0.0,0.0,0.0,0.0,0.0,0.0,0.0,0.0,0.0,0.0,0.0,0.0,0.0,0.0,0.0,0.0,0.0
23100000000,23,100000000,Archimede_odom,Archimede_base_link,-10.291734120445957,8.852164843507078,346.54079406282796,-0.05943588354757202,-0.25080764969980385,-0.7395825517683935,0.6217560194471233,0.0,0.0,0.0,0.0,0.0,0.0,0.0,0.0,0.0,0.0,0.0,0.0,0.0,0.0,0.0,0.0,0.0,0.0,0.0,0.0,0.0,0.0,0.0,0.0,0.0,0.0,0.0,0.0,0.0,0.0,0.0,0.0,0.0,0.0,0.0,0.0,0.2954386354790758,0.008441002644959585,-0.023281937420296984,-0.05368801158386978,-0.010640516224964123,-9.271257639464443e-05,0.0,0.0,0.0,0.0,0.0,0.0,0.0,0.0,0.0,0.0,0.0,0.0,0.0,0.0,0.0,0.0,0.0,0.0,0.0,0.0,0.0,0.0,0.0,0.0,0.0,0.0,0.0,0.0,0.0,0.0,0.0,0.0,0.0,0.0,0.0,0.0
23200000000,23,200000000,Archimede_odom,Archimede_base_link,-10.296913245626932,8.824761552321972,346.55082903653573,-0.06149678571881681,-0.24915300957198147,-0.7402290559114904,0.6214514204279058,0.0,0.0,0.0,0.0,0.0,0.0,0.0,0.0,0.0,0.0,0.0,0.0,0.0,0.0,0.0,0.0,0.0,0.0,0.0,0.0,0.0,0.0,0.0,0.0,0.0,0.0,0.0,0.0,0.0,0.0,0.0,0.0,0.0,0.0,0.0,0.0,0.29526109034440084,0.008344387780581528,-0.02356285340517949,-0.053723618788822966,-0.010687392142197081,-0.00036120418258744295,0.0,0.0,0.0,0.0,0.0,0.0,0.0,0.0,0.0,0.0,0.0,0.0,0.0,0.0,0.0,0.0,0.0,0.0,0.0,0.0,0.0,0.0,0.0,0.0,0.0,0.0,0.0,0.0,0.0,0.0,0.0,0.0,0.0,0.0,0.0,0.0
23300000000,23,300000000,Archimede_odom,Archimede_base_link,-10.302111079442037,8.797374347473333,346.5608501491431,-0.06355644543981638,-0.2474972125707764,-0.7408787123880917,0.6211315815050101,0.0,0.0,0.0,0.0,0.0,0.0,0.0,0.0,0.0,0.0,0.0,0.0,0.0,0.0,0.0,0.0,0.0,0.0,0.0,0.0,0.0,0.0,0.0,0.0,0.0,0.0,0.0,0.0,0.0,0.0,0.0,0.0,0.0,0.0,0.0,0.0,0.2950737729979032,0.008246711112129303,-0.02384027836514963,-0.05376039128112879,-0.010722043762960149,-0.0006315365903743759,0.0,0.0,0.0,0.0,0.0,0.0,0.0,0.0,0.0,0.0,0.0,0.0,0.0,0.0,0.0,0.0,0.0,0.0,0.0,0.0,0.0,0.0,0.0,0.0,0.0,0.0,0.0,0.0,0.0,0.0,0.0,0.0,0.0,0.0,0.0,0.0
23400000000,23,400000000,Archimede_odom,Archimede_base_link,-10.307190397478532,8.769870071110146,346.57094183091994,-0.06570579505552752,-0.24523483838566565,-0.7416777476194373,0.620851625772403,0.0,0.0,0.0,0.0,0.0,0.0,0.0,0.0,0.0,0.0,0.0,0.0,0.0,0.0,0.0,0.0,0.0,0.0,0.0,0.0,0.0,0.0,0.0,0.0,0.0,0.0,0.0,0.0,0.0,0.0,0.0,0.0,0.0,0.0,0.0,0.0,0.3003636376898447,0.016635052422848386,-0.02428622190949966,-0.10746150665275367,0.022433351361347893,-0.00047619007354121666,0.0,0.0,0.0,0.0,0.0,0.0,0.0,0.0,0.0,0.0,0.0,0.0,0.0,0.0,0.0,0.0,0.0,0.0,0.0,0.0,0.0,0.0,0.0,0.0,0.0,0.0,0.0,0.0,0.0,0.0,0.0,0.0,0.0,0.0,0.0,0.0
23500000000,23,500000000,Archimede_odom,Archimede_base_link,-10.311966011969963,8.742103189787821,346.58122709935554,-0.06806176328265094,-0.24153032211646197,-0.7428307733388495,0.62067152509035,0.0,0.0,0.0,0.0,0.0,0.0,0.0,0.0,0.0,0.0,0.0,0.0,0.0,0.0,0.0,0.0,0.0,0.0,0.0,0.0,0.0,0.0,0.0,0.0,0.0,0.0,0.0,0.0,0.0,0.0,0.0,0.0,0.0,0.0,0.0,0.0,0.2983813716273555,0.0140220093174263,-0.02375237222836146,-0.09191800231559599,0.012730611041366063,-0.0012700531904369157,0.0,0.0,0.0,0.0,0.0,0.0,0.0,0.0,0.0,0.0,0.0,0.0,0.0,0.0,0.0,0.0,0.0,0.0,0.0,0.0,0.0,0.0,0.0,0.0,0.0,0.0,0.0,0.0,0.0,0.0,0.0,0.0,0.0,0.0,0.0,0.0
23601000000,23,600000000,Archimede_odom,Archimede_base_link,-10.31674451654837,8.7143742513222,346.5914869765384,-0.07042362623981185,-0.23772519896088032,-0.7440217959730459,0.6204504893730751,0.0,0.0,0.0,0.0,0.0,0.0,0.0,0.0,0.0,0.0,0.0,0.0,0.0,0.0,0.0,0.0,0.0,0.0,0.0,0.0,0.0,0.0,0.0,0.0,0.0,0.0,0.0,0.0,0.0,0.0,0.0,0.0,0.0,0.0,0.0,0.0,0.2981379944429912,0.01387190647513822,-0.023292711725046066,-0.09189746546060032,0.012674832550029633,-0.0016505405008899444,0.0,0.0,0.0,0.0,0.0,0.0,0.0,0.0,0.0,0.0,0.0,0.0,0.0,0.0,0.0,0.0,0.0,0.0,0.0,0.0,0.0,0.0,0.0,0.0,0.0,0.0,0.0,0.0,0.0,0.0,0.0,0.0,0.0,0.0,0.0,0.0
23700000000,23,700000000,Archimede_odom,Archimede_base_link,-10.322125395233973,8.686763218536345,346.60220823396844,-0.07170031175283006,-0.234973842359445,-0.7448289677849619,0.62038388716163,0.0,0.0,0.0,0.0,0.0,0.0,0.0,0.0,0.0,0.0,0.0,0.0,0.0,0.0,0.0,0.0,0.0,0.0,0.0,0.0,0.0,0.0,0.0,0.0,0.0,0.0,0.0,0.0,0.0,0.0,0.0,0.0,0.0,0.0,0.0,0.0,0.29876044030137794,0.0020569676635383747,-0.01349712129395442,-0.01162418443456584,-0.00111374883059725,-0.0005921332121475045,0.0,0.0,0.0,0.0,0.0,0.0,0.0,0.0,0.0,0.0,0.0,0.0,0.0,0.0,0.0,0.0,0.0,0.0,0.0,0.0,0.0,0.0,0.0,0.0,0.0,0.0,0.0,0.0,0.0,0.0,0.0,0.0,0.0,0.0,0.0,0.0
23800000000,23,800000000,Archimede_odom,Archimede_base_link,-10.327853213044476,8.659202976621275,346.6132103837765,-0.07234913138700286,-0.23281519973705472,-0.7454072471984842,0.620427853809707,0.0,0.0,0.0,0.0,0.0,0.0,0.0,0.0,0.0,0.0,0.0,0.0,0.0,0.0,0.0,0.0,0.0,0.0,0.0,0.0,0.0,0.0,0.0,0.0,0.0,0.0,0.0,0.0,0.0,0.0,0.0,0.0,0.0,0.0,0.0,0.0,0.30190421497821246,0.006980615007591356,-0.013140176870129739,-0.042937342976298996,0.018135783056981433,-0.0004933236277674315,0.0,0.0,0.0,0.0,0.0,0.0,0.0,0.0,0.0,0.0,0.0,0.0,0.0,0.0,0.0,0.0,0.0,0.0,0.0,0.0,0.0,0.0,0.0,0.0,0.0,0.0,0.0,0.0,0.0,0.0,0.0,0.0,0.0,0.0,0.0,0.0
23900000000,23,900000000,Archimede_odom,Archimede_base_link,-10.333585107980566,8.631634744513349,346.6242111925253,-0.07299989735874557,-0.23065436796561803,-0.7459835297386898,0.6204660755291939,0.0,0.0,0.0,0.0,0.0,0.0,0.0,0.0,0.0,0.0,0.0,0.0,0.0,0.0,0.0,0.0,0.0,0.0,0.0,0.0,0.0,0.0,0.0,0.0,0.0,0.0,0.0,0.0,0.0,0.0,0.0,0.0,0.0,0.0,0.0,0.0,0.3019900458040052,0.006931430229002227,-0.012585838935730795,-0.0429086503574513,0.018116209105052013,-0.0003677924105449248,0.0,0.0,0.0,0.0,0.0,0.0,0.0,0.0,0.0,0.0,0.0,0.0,0.0,0.0,0.0,0.0,0.0,0.0,0.0,0.0,0.0,0.0,0.0,0.0,0.0,0.0,0.0,0.0,0.0,0.0,0.0,0.0,0.0,0.0,0.0,0.0
24000000000,24,0,Archimede_odom,Archimede_base_link,-10.3390131468185,8.603731671571412,346.63479050217927,-0.07392522282837859,-0.22771899793538383,-0.7467449518913004,0.6205248554521717,0.0,0.0,0.0,0.0,0.0,0.0,0.0,0.0,0.0,0.0,0.0,0.0,0.0,0.0,0.0,0.0,0.0,0.0,0.0,0.0,0.0,0.0,0.0,0.0,0.0,0.0,0.0,0.0,0.0,0.0,0.0,0.0,0.0,0.0,0.0,0.0,0.304092705009328,0.013627130011236105,-0.028657373614605665,-0.08702646930148034,0.03704994402769005,0.0003984082163731173,0.0,0.0,0.0,0.0,0.0,0.0,0.0,0.0,0.0,0.0,0.0,0.0,0.0,0.0,0.0,0.0,0.0,0.0,0.0,0.0,0.0,0.0,0.0,0.0,0.0,0.0,0.0,0.0,0.0,0.0,0.0,0.0,0.0,0.0,0.0,0.0
24101000000,24,100000000,Archimede_odom,Archimede_base_link,-10.343884824102684,8.575160269294607,346.64454196961816,-0.07524675852008691,-0.22331309225911108,-0.7478494863351607,0.620637038812646,0.0,0.0,0.0,0.0,0.0,0.0,0.0,0.0,0.0,0.0,0.0,0.0,0.0,0.0,0.0,0.0,0.0,0.0,0.0,0.0,0.0,0.0,0.0,0.0,0.0,0.0,0.0,0.0,0.0,0.0,0.0,0.0,0.0,0.0,0.0,0.0,0.304301969146079,0.013573142391618975,-0.027477467211647212,-0.08710087087143951,0.0370144813535284,0.0006030733487430912,0.0,0.0,0.0,0.0,0.0,0.0,0.0,0.0,0.0,0.0,0.0,0.0,0.0,0.0,0.0,0.0,0.0,0.0,0.0,0.0,0.0,0.0,0.0,0.0,0.0,0.0,0.0,0.0,0.0,0.0,0.0,0.0,0.0,0.0,0.0,0.0
24200000000,24,200000000,Archimede_odom,Archimede_base_link,-10.34897112398349,8.54673684074988,346.65418539358774,-0.07646019244937352,-0.21970508560606267,-0.7487418953090397,0.6207004821477623,0.0,0.0,0.0,0.0,0.0,0.0,0.0,0.0,0.0,0.0,0.0,0.0,0.0,0.0,0.0,0.0,0.0,0.0,0.0,0.0,0.0,0.0,0.0,0.0,0.0,0.0,0.0,0.0,0.0,0.0,0.0,0.0,0.0,0.0,0.0,0.0,0.30094362479157966,0.007718452128339945,-0.02646423175550336,-0.05020377599690088,0.014099792092733024,0.0008108781809386707,0.0,0.0,0.0,0.0,0.0,0.0,0.0,0.0,0.0,0.0,0.0,0.0,0.0,0.0,0.0,0.0,0.0,0.0,0.0,0.0,0.0,0.0,0.0,0.0,0.0,0.0,0.0,0.0,0.0,0.0,0.0,0.0,0.0,0.0,0.0,0.0
24300000000,24,300000000,Archimede_odom,Archimede_base_link,-10.35413831971431,8.518363280538287,346.6637831404837,-0.0776364296865164,-0.21638040165359582,-0.7495546086991568,0.62074148817653,0.0,0.0,0.0,0.0,0.0,0.0,0.0,0.0,0.0,0.0,0.0,0.0,0.0,0.0,0.0,0.0,0.0,0.0,0.0,0.0,0.0,0.0,0.0,0.0,0.0,0.0,0.0,0.0,0.0,0.0,0.0,0.0,0.0,0.0,0.0,0.0,0.30674716583159584,0.017009297025049684,-0.02585559966461844,-0.10964088357923527,0.05097669207068419,0.0009060493713248163,0.0,0.0,0.0,0.0,0.0,0.0,0.0,0.0,0.0,0.0,0.0,0.0,0.0,0.0,0.0,0.0,0.0,0.0,0.0,0.0,0.0,0.0,0.0,0.0,0.0,0.0,0.0,0.0,0.0,0.0,0.0,0.0,0.0,0.0,0.0,0.0
24400000000,24,400000000,Archimede_odom,Archimede_base_link,-10.359009795501754,8.489714648856097,346.6735506301191,-0.07900385596863899,-0.21165589324506087,-0.7506698741371552,0.620850153949912,0.0,0.0,0.0,0.0,0.0,0.0,0.0,0.0,0.0,0.0,0.0,0.0,0.0,0.0,0.0,0.0,0.0,0.0,0.0,0.0,0.0,0.0,0.0,0.0,0.0,0.0,0.0,0.0,0.0,0.0,0.0,0.0,0.0,0.0,0.0,0.0,0.305440593834445,0.014502280822347242,-0.024548757286345792,-0.09421936666354974,0.04134874121323371,0.001187217844075201,0.0,0.0,0.0,0.0,0.0,0.0,0.0,0.0,0.0,0.0,0.0,0.0,0.0,0.0,0.0,0.0,0.0,0.0,0.0,0.0,0.0,0.0,0.0,0.0,0.0,0.0,0.0,0.0,0.0,0.0,0.0,0.0,0.0,0.0,0.0,0.0
24500000000,24,500000000,Archimede_odom,Archimede_base_link,-10.363884692601124,8.461042349731683,346.6833140637653,-0.08039122140093852,-0.2068260678542954,-0.7517802453743655,0.620956272085607,0.0,0.0,0.0,0.0,0.0,0.0,0.0,0.0,0.0,0.0,0.0,0.0,0.0,0.0,0.0,0.0,0.0,0.0,0.0,0.0,0.0,0.0,0.0,0.0,0.0,0.0,0.0,0.0,0.0,0.0,0.0,0.0,0.0,0.0,0.0,0.0,0.3055769890721584,0.014440550425204082,-0.023248823783617582,-0.0943131796903373,0.041345289162046696,0.0014109658945611022,0.0,0.0,0.0,0.0,0.0,0.0,0.0,0.0,0.0,0.0,0.0,0.0,0.0,0.0,0.0,0.0,0.0,0.0,0.0,0.0,0.0,0.0,0.0,0.0,0.0,0.0,0.0,0.0,0.0,0.0,0.0,0.0,0.0,0.0,0.0,0.0
24600000000,24,600000000,Archimede_odom,Archimede_base_link,-10.369670576369987,8.432762492705951,346.69382819037054,-0.07993062452294786,-0.20376101797207297,-0.7524230099880331,0.6212504783570828,0.0,0.0,0.0,0.0,0.0,0.0,0.0,0.0,0.0,0.0,0.0,0.0,0.0,0.0,0.0,0.0,0.0,0.0,0.0,0.0,0.0,0.0,0.0,0.0,0.0,0.0,0.0,0.0,0.0,0.0,0.0,0.0,0.0,0.0,0.0,0.0,0.3084269668590655,0.008771048000620766,-0.01571531361397651,-0.056036327763253256,0.05828113555632584,-0.0002483352119391309,0.0,0.0,0.0,0.0,0.0,0.0,0.0,0.0,0.0,0.0,0.0,0.0,0.0,0.0,0.0,0.0,0.0,0.0,0.0,0.0,0.0,0.0,0.0,0.0,0.0,0.0,0.0,0.0,0.0,0.0,0.0,0.0,0.0,0.0,0.0,0.0
24700000000,24,700000000,Archimede_odom,Archimede_base_link,-10.375526286861762,8.40437440063821,346.70423425788283,-0.07908377095199584,-0.20073061785040638,-0.7530326844477652,0.6216065897195739,0.0,0.0,0.0,0.0,0.0,0.0,0.0,0.0,0.0,0.0,0.0,0.0,0.0,0.0,0.0,0.0,0.0,0.0,0.0,0.0,0.0,0.0,0.0,0.0,0.0,0.0,0.0,0.0,0.0,0.0,0.0,0.0,0.0,0.0,0.0,0.0,0.3077730773129889,0.006298384239736235,-0.011829532735155421,-0.03767305876078396,0.053182418562439014,-0.0009152648855457673,0.0,0.0,0.0,0.0,0.0,0.0,0.0,0.0,0.0,0.0,0.0,0.0,0.0,0.0,0.0,0.0,0.0,0.0,0.0,0.0,0.0,0.0,0.0,0.0,0.0,0.0,0.0,0.0,0.0,0.0,0.0,0.0,0.0,0.0,0.0,0.0
24800000000,24,800000000,Archimede_odom,Archimede_base_link,-10.381377613164277,8.375973639462012,346.71464030578704,-0.07824406233640409,-0.19766057087717287,-0.7536428045685679,0.621957143661547,0.0,0.0,0.0,0.0,0.0,0.0,0.0,0.0,0.0,0.0,0.0,0.0,0.0,0.0,0.0,0.0,0.0,0.0,0.0,0.0,0.0,0.0,0.0,0.0,0.0,0.0,0.0,0.0,0.0,0.0,0.0,0.0,0.0,0.0,0.0,0.0,0.3078402202549292,0.006215234669783944,-0.010207673759683056,-0.03763428458235296,0.05314441494395881,-0.0006968955088544634,0.0,0.0,0.0,0.0,0.0,0.0,0.0,0.0,0.0,0.0,0.0,0.0,0.0,0.0,0.0,0.0,0.0,0.0,0.0,0.0,0.0,0.0,0.0,0.0,0.0,0.0,0.0,0.0,0.0,0.0,0.0,0.0,0.0,0.0,0.0,0.0
24901000000,24,900000000,Archimede_odom,Archimede_base_link,-10.387256315445153,8.347584550406161,346.72503361901715,-0.07739575802845795,-0.19465674255413587,-0.7542252302539655,0.6223045486462121,0.0,0.0,0.0,0.0,0.0,0.0,0.0,0.0,0.0,0.0,0.0,0.0,0.0,0.0,0.0,0.0,0.0,0.0,0.0,0.0,0.0,0.0,0.0,0.0,0.0,0.0,0.0,0.0,0.0,0.0,0.0,0.0,0.0,0.0,0.0,0.0,0.307808915263918,0.005991685030644726,-0.008603139506085202,-0.03645657072115997,0.052418249905703505,-0.0005908035473163189,0.0,0.0,0.0,0.0,0.0,0.0,0.0,0.0,0.0,0.0,0.0,0.0,0.0,0.0,0.0,0.0,0.0,0.0,0.0,0.0,0.0,0.0,0.0,0.0,0.0,0.0,0.0,0.0,0.0,0.0,0.0,0.0,0.0,0.0,0.0,0.0
25000000000,25,0,Archimede_odom,Archimede_base_link,-10.393146256715104,8.319193593311374,346.7354206301705,-0.07654637420884365,-0.19165028605733406,-0.7547947685298073,0.622652132293511,0.0,0.0,0.0,0.0,0.0,0.0,0.0,0.0,0.0,0.0,0.0,0.0,0.0,0.0,0.0,0.0,0.0,0.0,0.0,0.0,0.0,0.0,0.0,0.0,0.0,0.0,0.0,0.0,0.0,0.0,0.0,0.0,0.0,0.0,0.0,0.0,0.30785599153226306,0.005946883454537245,-0.006979361095179469,-0.036510396610861084,0.05239644909134632,-0.0004407673652059973,0.0,0.0,0.0,0.0,0.0,0.0,0.0,0.0,0.0,0.0,0.0,0.0,0.0,0.0,0.0,0.0,0.0,0.0,0.0,0.0,0.0,0.0,0.0,0.0,0.0,0.0,0.0,0.0,0.0,0.0,0.0,0.0,0.0,0.0,0.0,0.0
25100000000,25,100000000,Archimede_odom,Archimede_base_link,-10.392542964494595,8.31010535241718,346.73907495406166,-0.07735780908877835,-0.18280669237892283,-0.7570727709177614,0.6224454210044162,0.0,0.0,0.0,0.0,0.0,0.0,0.0,0.0,0.0,0.0,0.0,0.0,0.0,0.0,0.0,0.0,0.0,0.0,0.0,0.0,0.0,0.0,0.0,0.0,0.0,0.0,0.0,0.0,0.0,0.0,0.0,0.0,0.0,0.0,0.0,0.0,0.014763737564597399,0.02391476610416177,0.0006834224331978912,-0.1508579624515516,0.09305513104347075,-5.8701390157552515e-06,0.0,0.0,0.0,0.0,0.0,0.0,0.0,0.0,0.0,0.0,0.0,0.0,0.0,0.0,0.0,0.0,0.0,0.0,0.0,0.0,0.0,0.0,0.0,0.0,0.0,0.0,0.0,0.0,0.0,0.0,0.0,0.0,0.0,0.0,0.0,0.0
25200000000,25,200000000,Archimede_odom,Archimede_base_link,-10.391276438841857,8.309025910043147,346.73970338712877,-0.07810116953482729,-0.17735840647883722,-0.758161192330225,0.622604055088779,0.0,0.0,0.0,0.0,0.0,0.0,0.0,0.0,0.0,0.0,0.0,0.0,0.0,0.0,0.0,0.0,0.0,0.0,0.0,0.0,0.0,0.0,0.0,0.0,0.0,0.0,0.0,0.0,0.0,0.0,0.0,0.0,0.0,0.0,0.0,0.0,0.004918854472800707,0.007968939200943003,0.00028948799845505274,-0.05027634717292937,0.031004904251992326,9.289717942811103e-07,0.0,0.0,0.0,0.0,0.0,0.0,0.0,0.0,0.0,0.0,0.0,0.0,0.0,0.0,0.0,0.0,0.0,0.0,0.0,0.0,0.0,0.0,0.0,0.0,0.0,0.0,0.0,0.0,0.0,0.0,0.0,0.0,0.0,0.0,0.0,0.0
25300000000,25,300000000,Archimede_odom,Archimede_base_link,-10.391343300454553,8.30908244203281,346.73968419418105,-0.07805534589743854,-0.1776300709123341,-0.7581070317157009,0.6225983049669502,0.0,0.0,0.0,0.0,0.0,0.0,0.0,0.0,0.0,0.0,0.0,0.0,0.0,0.0,0.0,0.0,0.0,0.0,0.0,0.0,0.0,0.0,0.0,0.0,0.0,0.0,0.0,0.0,0.0,0.0,0.0,0.0,0.0,0.0,0.0,0.0,-0.004823067985156198,-0.00793028111773417,-4.063133742708198e-05,0.05000875482903504,-0.030425105252235563,4.2316856185325903e-07,0.0,0.0,0.0,0.0,0.0,0.0,0.0,0.0,0.0,0.0,0.0,0.0,0.0,0.0,0.0,0.0,0.0,0.0,0.0,0.0,0.0,0.0,0.0,0.0,0.0,0.0,0.0,0.0,0.0,0.0,0.0,0.0,0.0,0.0,0.0,0.0
25400000000,25,400000000,Archimede_odom,Archimede_base_link,-10.39274751568666,8.310277532765742,346.73902698061664,-0.07721156217573807,-0.1836227796137391,-0.7569056417860132,0.6224266213023104,0.0,0.0,0.0,0.0,0.0,0.0,0.0,0.0,0.0,0.0,0.0,0.0,0.0,0.0,0.0,0.0,0.0,0.0,0.0,0.0,0.0,0.0,0.0,0.0,0.0,0.0,0.0,0.0,0.0,0.0,0.0,0.0,0.0,0.0,0.0,0.0,-0.01461201704181111,-0.023915079497144765,-0.0001563536019852337,0.1508066385910435,-0.09214632762409761,9.297126465893827e-06,0.0,0.0,0.0,0.0,0.0,0.0,0.0,0.0,0.0,0.0,0.0,0.0,0.0,0.0,0.0,0.0,0.0,0.0,0.0,0.0,0.0,0.0,0.0,0.0,0.0,0.0,0.0,0.0,0.0,0.0,0.0,0.0,0.0,0.0,0.0,0.0
25500000000,25,500000000,Archimede_odom,Archimede_base_link,-10.39502655649775,8.312084234464683,346.738727507589,-0.07521575167394785,-0.19214368848351285,-0.7550819188208295,0.622313979873446,0.0,0.0,0.0,0.0,0.0,0.0,0.0,0.0,0.0,0.0,0.0,0.0,0.0,0.0,0.0,0.0,0.0,0.0,0.0,0.0,0.0,0.0,0.0,0.0,0.0,0.0,0.0,0.0,0.0,0.0,0.0,0.0,0.0,0.0,0.0,0.0,1.0396271892261798e-05,-0.005390064456050196,0.0075551908775944015,0.034003541394894636,6.853332111861698e-05,-4.907299172262188e-06,0.0,0.0,0.0,0.0,0.0,0.0,0.0,0.0,0.0,0.0,0.0,0.0,0.0,0.0,0.0,0.0,0.0,0.0,0.0,0.0,0.0,0.0,0.0,0.0,0.0,0.0,0.0,0.0,0.0,0.0,0.0,0.0,0.0,0.0,0.0,0.0
25600000000,25,600000000,Archimede_odom,Archimede_base_link,-10.393523927709643,8.310949106575773,346.7386261411645,-0.07676389365555066,-0.18695549049941226,-0.7562210979473426,0.622321942584607,0.0,0.0,0.0,0.0,0.0,0.0,0.0,0.0,0.0,0.0,0.0,0.0,0.0,0.0,0.0,0.0,0.0,0.0,0.0,0.0,0.0,0.0,0.0,0.0,0.0,0.0,0.0,0.0,0.0,0.0,0.0,0.0,0.0,0.0,0.0,0.0,0.00770337294347913,0.012452647023839702,0.00030497915308802016,-0.07852086850669115,0.04854418594145917,-1.3645690183541675e-05,0.0,0.0,0.0,0.0,0.0,0.0,0.0,0.0,0.0,0.0,0.0,0.0,0.0,0.0,0.0,0.0,0.0,0.0,0.0,0.0,0.0,0.0,0.0,0.0,0.0,0.0,0.0,0.0,0.0,0.0,0.0,0.0,0.0,0.0,0.0,0.0
25700000000,25,700000000,Archimede_odom,Archimede_base_link,-10.393226723250471,8.310695406353402,346.7387864186673,-0.07693244261998997,-0.18566393265167724,-0.7564855509263725,0.6223663829485475,0.0,0.0,0.0,0.0,0.0,0.0,0.0,0.0,0.0,0.0,0.0,0.0,0.0,0.0,0.0,0.0,0.0,0.0,0.0,0.0,0.0,0.0,0.0,0.0,0.0,0.0,0.0,0.0,0.0,0.0,0.0,0.0,0.0,0.0,0.0,0.0,-0.002221036120064259,-0.003682417186907324,7.515353909344965e-05,0.023224749238785012,-0.014019185650900424,-1.0262285464097488e-06,0.0,0.0,0.0,0.0,0.0,0.0,0.0,0.0,0.0,0.0,0.0,0.0,0.0,0.0,0.0,0.0,0.0,0.0,0.0,0.0,0.0,0.0,0.0,0.0,0.0,0.0,0.0,0.0,0.0,0.0,0.0,0.0,0.0,0.0,0.0,0.0
25800000000,25,800000000,Archimede_odom,Archimede_base_link,-10.394282244710432,8.311590999563393,346.7382825119441,-0.07629513125311851,-0.1901674126325522,-0.7555549023033186,0.6222155556759511,0.0,0.0,0.0,0.0,0.0,0.0,0.0,0.0,0.0,0.0,0.0,0.0,0.0,0.0,0.0,0.0,0.0,0.0,0.0,0.0,0.0,0.0,0.0,0.0,0.0,0.0,0.0,0.0,0.0,0.0,0.0,0.0,0.0,0.0,0.0,0.0,-0.012148775220002208,-0.01986660353032586,1.8032993912458422e-05,0.12527588891608746,-0.07661270824465,1.4776626563990863e-05,0.0,0.0,0.0,0.0,0.0,0.0,0.0,0.0,0.0,0.0,0.0,0.0,0.0,0.0,0.0,0.0,0.0,0.0,0.0,0.0,0.0,0.0,0.0,0.0,0.0,0.0,0.0,0.0,0.0,0.0,0.0,0.0,0.0,0.0,0.0,0.0
25900000000,25,900000000,Archimede_odom,Archimede_base_link,-10.394067954634645,8.311411983212688,346.73837104466776,-0.07642898063715664,-0.18926522312610095,-0.7557390629685092,0.6222505563977201,0.0,0.0,0.0,0.0,0.0,0.0,0.0,0.0,0.0,0.0,0.0,0.0,0.0,0.0,0.0,0.0,0.0,0.0,0.0,0.0,0.0,0.0,0.0,0.0,0.0,0.0,0.0,0.0,0.0,0.0,0.0,0.0,0.0,0.0,0.0,0.0,0.004354969192676882,0.007049855759914766,0.00018523896259072897,-0.04445684917047374,0.027424049116984733,-8.336225640267472e-06,0.0,0.0,0.0,0.0,0.0,0.0,0.0,0.0,0.0,0.0,0.0,0.0,0.0,0.0,0.0,0.0,0.0,0.0,0.0,0.0,0.0,0.0,0.0,0.0,0.0,0.0,0.0,0.0,0.0,0.0,0.0,0.0,0.0,0.0,0.0,0.0
26001000000,26,0,Archimede_odom,Archimede_base_link,-10.394227115879529,8.311547315137844,346.73830497163874,-0.07632958187808726,-0.18993404386312482,-0.7555996526478859,0.6222282690705327,0.0,0.0,0.0,0.0,0.0,0.0,0.0,0.0,0.0,0.0,0.0,0.0,0.0,0.0,0.0,0.0,0.0,0.0,0.0,0.0,0.0,0.0,0.0,0.0,0.0,0.0,0.0,0.0,0.0,0.0,0.0,0.0,0.0,0.0,0.0,0.0,-0.00560740503877627,-0.00918500191421641,5.526368538775265e-05,0.05791976264182509,-0.03537420797504044,6.190790643589416e-06,0.0,0.0,0.0,0.0,0.0,0.0,0.0,0.0,0.0,0.0,0.0,0.0,0.0,0.0,0.0,0.0,0.0,0.0,0.0,0.0,0.0,0.0,0.0,0.0,0.0,0.0,0.0,0.0,0.0,0.0,0.0,0.0,0.0,0.0,0.0,0.0
26100000000,26,100000000,Archimede_odom,Archimede_base_link,-10.394285984447006,8.311598153027106,346.7382716097549,-0.07629520264680448,-0.1901905668005583,-0.7555446448328086,0.6222209254096416,0.0,0.0,0.0,0.0,0.0,0.0,0.0,0.0,0.0,0.0,0.0,0.0,0.0,0.0,0.0,0.0,0.0,0.0,0.0,0.0,0.0,0.0,0.0,0.0,0.0,0.0,0.0,0.0,0.0,0.0,0.0,0.0,0.0,0.0,0.0,0.0,0.0008409278995376628,0.00133894503401332,0.00010632648623300099,-0.00844365670016602,0.005276517522319592,-2.5967165363361814e-06,0.0,0.0,0.0,0.0,0.0,0.0,0.0,0.0,0.0,0.0,0.0,0.0,0.0,0.0,0.0,0.0,0.0,0.0,0.0,0.0,0.0,0.0,0.0,0.0,0.0,0.0,0.0,0.0,0.0,0.0,0.0,0.0,0.0,0.0,0.0,0.0
26200000000,26,200000000,Archimede_odom,Archimede_base_link,-10.394410357077131,8.311705783895675,346.7382150478067,-0.07622245714652526,-0.190722847430537,-0.7554335625691989,0.6222017880386894,0.0,0.0,0.0,0.0,0.0,0.0,0.0,0.0,0.0,0.0,0.0,0.0,0.0,0.0,0.0,0.0,0.0,0.0,0.0,0.0,0.0,0.0,0.0,0.0,0.0,0.0,0.0,0.0,0.0,0.0,0.0,0.0,0.0,0.0,0.0,0.0,0.0003802840246764601,0.0005927944788388073,3.948234281102637e-05,-0.003731748608115455,0.0023938356021059805,-3.374900444072912e-06,0.0,0.0,0.0,0.0,0.0,0.0,0.0,0.0,0.0,0.0,0.0,0.0,0.0,0.0,0.0,0.0,0.0,0.0,0.0,0.0,0.0,0.0,0.0,0.0,0.0,0.0,0.0,0.0,0.0,0.0,0.0,0.0,0.0,0.0,0.0,0.0
26300000000,26,300000000,Archimede_odom,Archimede_base_link,-10.394471628581103,8.31175590903382,346.73818926946603,-0.07618046342958248,-0.19097639026249674,-0.7553801486087879,0.6221940102907821,0.0,0.0,0.0,0.0,0.0,0.0,0.0,0.0,0.0,0.0,0.0,0.0,0.0,0.0,0.0,0.0,0.0,0.0,0.0,0.0,0.0,0.0,0.0,0.0,0.0,0.0,0.0,0.0,0.0,0.0,0.0,0.0,0.0,0.0,0.0,0.0,1.0097636627690806e-05,-8.384275287435337e-06,0.00010909324618094468,0.0,0.0,0.0,0.0,0.0,0.0,0.0,0.0,0.0,0.0,0.0,0.0,0.0,0.0,0.0,0.0,0.0,0.0,0.0,0.0,0.0,0.0,0.0,0.0,0.0,0.0,0.0,0.0,0.0,0.0,0.0,0.0,0.0,0.0,0.0,0.0,0.0,0.0,0.0
26400000000,26,400000000,Archimede_odom,Archimede_base_link,-10.394471670536184,8.311756171427039,346.73819028113707,-0.07618054928015491,-0.19097593533572588,-0.7553802384838205,0.6221940303009544,0.0,0.0,0.0,0.0,0.0,0.0,0.0,0.0,0.0,0.0,0.0,0.0,0.0,0.0,0.0,0.0,0.0,0.0,0.0,0.0,0.0,0.0,0.0,0.0,0.0,0.0,0.0,0.0,0.0,0.0,0.0,0.0,0.0,0.0,0.0,0.0,0.0,0.0,0.0,0.0,0.0,0.0,0.0,0.0,0.0,0.0,0.0,0.0,0.0,0.0,0.0,0.0,0.0,0.0,0.0,0.0,0.0,0.0,0.0,0.0,0.0,0.0,0.0,0.0,0.0,0.0,0.0,0.0,0.0,0.0,0.0,0.0,0.0,0.0,0.0,0.0,0.0,0.0
26500000000,26,500000000,Archimede_odom,Archimede_base_link,-10.394471670536184,8.311756171427039,346.73819028113707,-0.07618054928015491,-0.19097593533572588,-0.7553802384838205,0.6221940303009544,0.0,0.0,0.0,0.0,0.0,0.0,0.0,0.0,0.0,0.0,0.0,0.0,0.0,0.0,0.0,0.0,0.0,0.0,0.0,0.0,0.0,0.0,0.0,0.0,0.0,0.0,0.0,0.0,0.0,0.0,0.0,0.0,0.0,0.0,0.0,0.0,0.0,0.0,0.0,0.0,0.0,0.0,0.0,0.0,0.0,0.0,0.0,0.0,0.0,0.0,0.0,0.0,0.0,0.0,0.0,0.0,0.0,0.0,0.0,0.0,0.0,0.0,0.0,0.0,0.0,0.0,0.0,0.0,0.0,0.0,0.0,0.0,0.0,0.0,0.0,0.0,0.0,0.0
26600000000,26,600000000,Archimede_odom,Archimede_base_link,-10.394471713989008,8.311756435333834,346.7381912818461,-0.07618063389995146,-0.19097548567761782,-0.7553803272237596,0.6221940502223766,0.0,0.0,0.0,0.0,0.0,0.0,0.0,0.0,0.0,0.0,0.0,0.0,0.0,0.0,0.0,0.0,0.0,0.0,0.0,0.0,0.0,0.0,0.0,0.0,0.0,0.0,0.0,0.0,0.0,0.0,0.0,0.0,0.0,0.0,0.0,0.0,0.0,0.0,0.0,0.0,0.0,0.0,0.0,0.0,0.0,0.0,0.0,0.0,0.0,0.0,0.0,0.0,0.0,0.0,0.0,0.0,0.0,0.0,0.0,0.0,0.0,0.0,0.0,0.0,0.0,0.0,0.0,0.0,0.0,0.0,0.0,0.0,0.0,0.0,0.0,0.0,0.0,0.0
26700000000,26,700000000,Archimede_odom,Archimede_base_link,-10.394471713989008,8.311756435333834,346.7381912818461,-0.07618063389995146,-0.19097548567761782,-0.7553803272237596,0.6221940502223766,0.0,0.0,0.0,0.0,0.0,0.0,0.0,0.0,0.0,0.0,0.0,0.0,0.0,0.0,0.0,0.0,0.0,0.0,0.0,0.0,0.0,0.0,0.0,0.0,0.0,0.0,0.0,0.0,0.0,0.0,0.0,0.0,0.0,0.0,0.0,0.0,0.0,0.0,0.0,0.0,0.0,0.0,0.0,0.0,0.0,0.0,0.0,0.0,0.0,0.0,0.0,0.0,0.0,0.0,0.0,0.0,0.0,0.0,0.0,0.0,0.0,0.0,0.0,0.0,0.0,0.0,0.0,0.0,0.0,0.0,0.0,0.0,0.0,0.0,0.0,0.0,0.0,0.0
26800000000,26,800000000,Archimede_odom,Archimede_base_link,-10.394471713989008,8.311756435333834,346.7381912818461,-0.07618063389995146,-0.19097548567761782,-0.7553803272237596,0.6221940502223766,0.0,0.0,0.0,0.0,0.0,0.0,0.0,0.0,0.0,0.0,0.0,0.0,0.0,0.0,0.0,0.0,0.0,0.0,0.0,0.0,0.0,0.0,0.0,0.0,0.0,0.0,0.0,0.0,0.0,0.0,0.0,0.0,0.0,0.0,0.0,0.0,0.0,0.0,0.0,0.0,0.0,0.0,0.0,0.0,0.0,0.0,0.0,0.0,0.0,0.0,0.0,0.0,0.0,0.0,0.0,0.0,0.0,0.0,0.0,0.0,0.0,0.0,0.0,0.0,0.0,0.0,0.0,0.0,0.0,0.0,0.0,0.0,0.0,0.0,0.0,0.0,0.0,0.0
26900000000,26,900000000,Archimede_odom,Archimede_base_link,-10.394471713989008,8.311756435333834,346.7381912818461,-0.07618063389995146,-0.19097548567761782,-0.7553803272237596,0.6221940502223766,0.0,0.0,0.0,0.0,0.0,0.0,0.0,0.0,0.0,0.0,0.0,0.0,0.0,0.0,0.0,0.0,0.0,0.0,0.0,0.0,0.0,0.0,0.0,0.0,0.0,0.0,0.0,0.0,0.0,0.0,0.0,0.0,0.0,0.0,0.0,0.0,0.0,0.0,0.0,0.0,0.0,0.0,0.0,0.0,0.0,0.0,0.0,0.0,0.0,0.0,0.0,0.0,0.0,0.0,0.0,0.0,0.0,0.0,0.0,0.0,0.0,0.0,0.0,0.0,0.0,0.0,0.0,0.0,0.0,0.0,0.0,0.0,0.0,0.0,0.0,0.0,0.0,0.0
27000000000,27,0,Archimede_odom,Archimede_base_link,-10.394471713989008,8.311756435333834,346.7381912818461,-0.07618063389995146,-0.19097548567761782,-0.7553803272237596,0.6221940502223766,0.0,0.0,0.0,0.0,0.0,0.0,0.0,0.0,0.0,0.0,0.0,0.0,0.0,0.0,0.0,0.0,0.0,0.0,0.0,0.0,0.0,0.0,0.0,0.0,0.0,0.0,0.0,0.0,0.0,0.0,0.0,0.0,0.0,0.0,0.0,0.0,0.0,0.0,0.0,0.0,0.0,0.0,0.0,0.0,0.0,0.0,0.0,0.0,0.0,0.0,0.0,0.0,0.0,0.0,0.0,0.0,0.0,0.0,0.0,0.0,0.0,0.0,0.0,0.0,0.0,0.0,0.0,0.0,0.0,0.0,0.0,0.0,0.0,0.0,0.0,0.0,0.0,0.0
27100000000,27,100000000,Archimede_odom,Archimede_base_link,-10.394471713989008,8.311756435333834,346.7381912818461,-0.07618063389995146,-0.19097548567761782,-0.7553803272237596,0.6221940502223766,0.0,0.0,0.0,0.0,0.0,0.0,0.0,0.0,0.0,0.0,0.0,0.0,0.0,0.0,0.0,0.0,0.0,0.0,0.0,0.0,0.0,0.0,0.0,0.0,0.0,0.0,0.0,0.0,0.0,0.0,0.0,0.0,0.0,0.0,0.0,0.0,0.0,0.0,0.0,0.0,0.0,0.0,0.0,0.0,0.0,0.0,0.0,0.0,0.0,0.0,0.0,0.0,0.0,0.0,0.0,0.0,0.0,0.0,0.0,0.0,0.0,0.0,0.0,0.0,0.0,0.0,0.0,0.0,0.0,0.0,0.0,0.0,0.0,0.0,0.0,0.0,0.0,0.0
27200000000,27,200000000,Archimede_odom,Archimede_base_link,-10.394471713989008,8.311756435333834,346.7381912818461,-0.07618063389995146,-0.19097548567761782,-0.7553803272237596,0.6221940502223766,0.0,0.0,0.0,0.0,0.0,0.0,0.0,0.0,0.0,0.0,0.0,0.0,0.0,0.0,0.0,0.0,0.0,0.0,0.0,0.0,0.0,0.0,0.0,0.0,0.0,0.0,0.0,0.0,0.0,0.0,0.0,0.0,0.0,0.0,0.0,0.0,0.0,0.0,0.0,0.0,0.0,0.0,0.0,0.0,0.0,0.0,0.0,0.0,0.0,0.0,0.0,0.0,0.0,0.0,0.0,0.0,0.0,0.0,0.0,0.0,0.0,0.0,0.0,0.0,0.0,0.0,0.0,0.0,0.0,0.0,0.0,0.0,0.0,0.0,0.0,0.0,0.0,0.0
27300000000,27,300000000,Archimede_odom,Archimede_base_link,-10.394471713989008,8.311756435333834,346.7381912818461,-0.07618063389995146,-0.19097548567761782,-0.7553803272237596,0.6221940502223766,0.0,0.0,0.0,0.0,0.0,0.0,0.0,0.0,0.0,0.0,0.0,0.0,0.0,0.0,0.0,0.0,0.0,0.0,0.0,0.0,0.0,0.0,0.0,0.0,0.0,0.0,0.0,0.0,0.0,0.0,0.0,0.0,0.0,0.0,0.0,0.0,0.0,0.0,0.0,0.0,0.0,0.0,0.0,0.0,0.0,0.0,0.0,0.0,0.0,0.0,0.0,0.0,0.0,0.0,0.0,0.0,0.0,0.0,0.0,0.0,0.0,0.0,0.0,0.0,0.0,0.0,0.0,0.0,0.0,0.0,0.0,0.0,0.0,0.0,0.0,0.0,0.0,0.0
27401000000,27,400000000,Archimede_odom,Archimede_base_link,-10.394471713989008,8.311756435333834,346.7381912818461,-0.07618063389995146,-0.19097548567761782,-0.7553803272237596,0.6221940502223766,0.0,0.0,0.0,0.0,0.0,0.0,0.0,0.0,0.0,0.0,0.0,0.0,0.0,0.0,0.0,0.0,0.0,0.0,0.0,0.0,0.0,0.0,0.0,0.0,0.0,0.0,0.0,0.0,0.0,0.0,0.0,0.0,0.0,0.0,0.0,0.0,0.0,0.0,0.0,0.0,0.0,0.0,0.0,0.0,0.0,0.0,0.0,0.0,0.0,0.0,0.0,0.0,0.0,0.0,0.0,0.0,0.0,0.0,0.0,0.0,0.0,0.0,0.0,0.0,0.0,0.0,0.0,0.0,0.0,0.0,0.0,0.0,0.0,0.0,0.0,0.0,0.0,0.0
27500000000,27,500000000,Archimede_odom,Archimede_base_link,-10.394471713989008,8.311756435333834,346.7381912818461,-0.07618063389995146,-0.19097548567761782,-0.7553803272237596,0.6221940502223766,0.0,0.0,0.0,0.0,0.0,0.0,0.0,0.0,0.0,0.0,0.0,0.0,0.0,0.0,0.0,0.0,0.0,0.0,0.0,0.0,0.0,0.0,0.0,0.0,0.0,0.0,0.0,0.0,0.0,0.0,0.0,0.0,0.0,0.0,0.0,0.0,0.0,0.0,0.0,0.0,0.0,0.0,0.0,0.0,0.0,0.0,0.0,0.0,0.0,0.0,0.0,0.0,0.0,0.0,0.0,0.0,0.0,0.0,0.0,0.0,0.0,0.0,0.0,0.0,0.0,0.0,0.0,0.0,0.0,0.0,0.0,0.0,0.0,0.0,0.0,0.0,0.0,0.0
27600000000,27,600000000,Archimede_odom,Archimede_base_link,-10.394471713989008,8.311756435333834,346.7381912818461,-0.07618063389995146,-0.19097548567761782,-0.7553803272237596,0.6221940502223766,0.0,0.0,0.0,0.0,0.0,0.0,0.0,0.0,0.0,0.0,0.0,0.0,0.0,0.0,0.0,0.0,0.0,0.0,0.0,0.0,0.0,0.0,0.0,0.0,0.0,0.0,0.0,0.0,0.0,0.0,0.0,0.0,0.0,0.0,0.0,0.0,0.0,0.0,0.0,0.0,0.0,0.0,0.0,0.0,0.0,0.0,0.0,0.0,0.0,0.0,0.0,0.0,0.0,0.0,0.0,0.0,0.0,0.0,0.0,0.0,0.0,0.0,0.0,0.0,0.0,0.0,0.0,0.0,0.0,0.0,0.0,0.0,0.0,0.0,0.0,0.0,0.0,0.0
27701000000,27,700000000,Archimede_odom,Archimede_base_link,-10.394471713989008,8.311756435333834,346.7381912818461,-0.07618063389995146,-0.19097548567761782,-0.7553803272237596,0.6221940502223766,0.0,0.0,0.0,0.0,0.0,0.0,0.0,0.0,0.0,0.0,0.0,0.0,0.0,0.0,0.0,0.0,0.0,0.0,0.0,0.0,0.0,0.0,0.0,0.0,0.0,0.0,0.0,0.0,0.0,0.0,0.0,0.0,0.0,0.0,0.0,0.0,0.0,0.0,0.0,0.0,0.0,0.0,0.0,0.0,0.0,0.0,0.0,0.0,0.0,0.0,0.0,0.0,0.0,0.0,0.0,0.0,0.0,0.0,0.0,0.0,0.0,0.0,0.0,0.0,0.0,0.0,0.0,0.0,0.0,0.0,0.0,0.0,0.0,0.0,0.0,0.0,0.0,0.0
27800000000,27,800000000,Archimede_odom,Archimede_base_link,-10.394471713989008,8.311756435333834,346.7381912818461,-0.07618063389995146,-0.19097548567761782,-0.7553803272237596,0.6221940502223766,0.0,0.0,0.0,0.0,0.0,0.0,0.0,0.0,0.0,0.0,0.0,0.0,0.0,0.0,0.0,0.0,0.0,0.0,0.0,0.0,0.0,0.0,0.0,0.0,0.0,0.0,0.0,0.0,0.0,0.0,0.0,0.0,0.0,0.0,0.0,0.0,0.0,0.0,0.0,0.0,0.0,0.0,0.0,0.0,0.0,0.0,0.0,0.0,0.0,0.0,0.0,0.0,0.0,0.0,0.0,0.0,0.0,0.0,0.0,0.0,0.0,0.0,0.0,0.0,0.0,0.0,0.0,0.0,0.0,0.0,0.0,0.0,0.0,0.0,0.0,0.0,0.0,0.0
27900000000,27,900000000,Archimede_odom,Archimede_base_link,-10.394471713989008,8.311756435333834,346.7381912818461,-0.07618063389995146,-0.19097548567761782,-0.7553803272237596,0.6221940502223766,0.0,0.0,0.0,0.0,0.0,0.0,0.0,0.0,0.0,0.0,0.0,0.0,0.0,0.0,0.0,0.0,0.0,0.0,0.0,0.0,0.0,0.0,0.0,0.0,0.0,0.0,0.0,0.0,0.0,0.0,0.0,0.0,0.0,0.0,0.0,0.0,0.0,0.0,0.0,0.0,0.0,0.0,0.0,0.0,0.0,0.0,0.0,0.0,0.0,0.0,0.0,0.0,0.0,0.0,0.0,0.0,0.0,0.0,0.0,0.0,0.0,0.0,0.0,0.0,0.0,0.0,0.0,0.0,0.0,0.0,0.0,0.0,0.0,0.0,0.0,0.0,0.0,0.0
28000000000,28,0,Archimede_odom,Archimede_base_link,-10.394471713989008,8.311756435333834,346.7381912818461,-0.07618063389995146,-0.19097548567761782,-0.7553803272237596,0.6221940502223766,0.0,0.0,0.0,0.0,0.0,0.0,0.0,0.0,0.0,0.0,0.0,0.0,0.0,0.0,0.0,0.0,0.0,0.0,0.0,0.0,0.0,0.0,0.0,0.0,0.0,0.0,0.0,0.0,0.0,0.0,0.0,0.0,0.0,0.0,0.0,0.0,0.0,0.0,0.0,0.0,0.0,0.0,0.0,0.0,0.0,0.0,0.0,0.0,0.0,0.0,0.0,0.0,0.0,0.0,0.0,0.0,0.0,0.0,0.0,0.0,0.0,0.0,0.0,0.0,0.0,0.0,0.0,0.0,0.0,0.0,0.0,0.0,0.0,0.0,0.0,0.0,0.0,0.0
28100000000,28,100000000,Archimede_odom,Archimede_base_link,-10.394471713989008,8.311756435333834,346.7381912818461,-0.07618063389995146,-0.19097548567761782,-0.7553803272237596,0.6221940502223766,0.0,0.0,0.0,0.0,0.0,0.0,0.0,0.0,0.0,0.0,0.0,0.0,0.0,0.0,0.0,0.0,0.0,0.0,0.0,0.0,0.0,0.0,0.0,0.0,0.0,0.0,0.0,0.0,0.0,0.0,0.0,0.0,0.0,0.0,0.0,0.0,0.0,0.0,0.0,0.0,0.0,0.0,0.0,0.0,0.0,0.0,0.0,0.0,0.0,0.0,0.0,0.0,0.0,0.0,0.0,0.0,0.0,0.0,0.0,0.0,0.0,0.0,0.0,0.0,0.0,0.0,0.0,0.0,0.0,0.0,0.0,0.0,0.0,0.0,0.0,0.0,0.0,0.0
28200000000,28,200000000,Archimede_odom,Archimede_base_link,-10.394471713989008,8.311756435333834,346.7381912818461,-0.07618063389995146,-0.19097548567761782,-0.7553803272237596,0.6221940502223766,0.0,0.0,0.0,0.0,0.0,0.0,0.0,0.0,0.0,0.0,0.0,0.0,0.0,0.0,0.0,0.0,0.0,0.0,0.0,0.0,0.0,0.0,0.0,0.0,0.0,0.0,0.0,0.0,0.0,0.0,0.0,0.0,0.0,0.0,0.0,0.0,0.0,0.0,0.0,0.0,0.0,0.0,0.0,0.0,0.0,0.0,0.0,0.0,0.0,0.0,0.0,0.0,0.0,0.0,0.0,0.0,0.0,0.0,0.0,0.0,0.0,0.0,0.0,0.0,0.0,0.0,0.0,0.0,0.0,0.0,0.0,0.0,0.0,0.0,0.0,0.0,0.0,0.0
28300000000,28,300000000,Archimede_odom,Archimede_base_link,-10.394471713989008,8.311756435333834,346.7381912818461,-0.07618063389995146,-0.19097548567761782,-0.7553803272237596,0.6221940502223766,0.0,0.0,0.0,0.0,0.0,0.0,0.0,0.0,0.0,0.0,0.0,0.0,0.0,0.0,0.0,0.0,0.0,0.0,0.0,0.0,0.0,0.0,0.0,0.0,0.0,0.0,0.0,0.0,0.0,0.0,0.0,0.0,0.0,0.0,0.0,0.0,0.0,0.0,0.0,0.0,0.0,0.0,0.0,0.0,0.0,0.0,0.0,0.0,0.0,0.0,0.0,0.0,0.0,0.0,0.0,0.0,0.0,0.0,0.0,0.0,0.0,0.0,0.0,0.0,0.0,0.0,0.0,0.0,0.0,0.0,0.0,0.0,0.0,0.0,0.0,0.0,0.0,0.0
28400000000,28,400000000,Archimede_odom,Archimede_base_link,-10.394471713989008,8.311756435333834,346.7381912818461,-0.07618063389995146,-0.19097548567761782,-0.7553803272237596,0.6221940502223766,0.0,0.0,0.0,0.0,0.0,0.0,0.0,0.0,0.0,0.0,0.0,0.0,0.0,0.0,0.0,0.0,0.0,0.0,0.0,0.0,0.0,0.0,0.0,0.0,0.0,0.0,0.0,0.0,0.0,0.0,0.0,0.0,0.0,0.0,0.0,0.0,0.0,0.0,0.0,0.0,0.0,0.0,0.0,0.0,0.0,0.0,0.0,0.0,0.0,0.0,0.0,0.0,0.0,0.0,0.0,0.0,0.0,0.0,0.0,0.0,0.0,0.0,0.0,0.0,0.0,0.0,0.0,0.0,0.0,0.0,0.0,0.0,0.0,0.0,0.0,0.0,0.0,0.0
28500000000,28,500000000,Archimede_odom,Archimede_base_link,-10.394471713989008,8.311756435333834,346.7381912818461,-0.07618063389995146,-0.19097548567761782,-0.7553803272237596,0.6221940502223766,0.0,0.0,0.0,0.0,0.0,0.0,0.0,0.0,0.0,0.0,0.0,0.0,0.0,0.0,0.0,0.0,0.0,0.0,0.0,0.0,0.0,0.0,0.0,0.0,0.0,0.0,0.0,0.0,0.0,0.0,0.0,0.0,0.0,0.0,0.0,0.0,0.0,0.0,0.0,0.0,0.0,0.0,0.0,0.0,0.0,0.0,0.0,0.0,0.0,0.0,0.0,0.0,0.0,0.0,0.0,0.0,0.0,0.0,0.0,0.0,0.0,0.0,0.0,0.0,0.0,0.0,0.0,0.0,0.0,0.0,0.0,0.0,0.0,0.0,0.0,0.0,0.0,0.0
28600000000,28,600000000,Archimede_odom,Archimede_base_link,-10.394471713989008,8.311756435333834,346.7381912818461,-0.07618063389995146,-0.19097548567761782,-0.7553803272237596,0.6221940502223766,0.0,0.0,0.0,0.0,0.0,0.0,0.0,0.0,0.0,0.0,0.0,0.0,0.0,0.0,0.0,0.0,0.0,0.0,0.0,0.0,0.0,0.0,0.0,0.0,0.0,0.0,0.0,0.0,0.0,0.0,0.0,0.0,0.0,0.0,0.0,0.0,0.0,0.0,0.0,0.0,0.0,0.0,0.0,0.0,0.0,0.0,0.0,0.0,0.0,0.0,0.0,0.0,0.0,0.0,0.0,0.0,0.0,0.0,0.0,0.0,0.0,0.0,0.0,0.0,0.0,0.0,0.0,0.0,0.0,0.0,0.0,0.0,0.0,0.0,0.0,0.0,0.0,0.0
28700000000,28,700000000,Archimede_odom,Archimede_base_link,-10.394471713989008,8.311756435333834,346.7381912818461,-0.07618063389995146,-0.19097548567761782,-0.7553803272237596,0.6221940502223766,0.0,0.0,0.0,0.0,0.0,0.0,0.0,0.0,0.0,0.0,0.0,0.0,0.0,0.0,0.0,0.0,0.0,0.0,0.0,0.0,0.0,0.0,0.0,0.0,0.0,0.0,0.0,0.0,0.0,0.0,0.0,0.0,0.0,0.0,0.0,0.0,0.0,0.0,0.0,0.0,0.0,0.0,0.0,0.0,0.0,0.0,0.0,0.0,0.0,0.0,0.0,0.0,0.0,0.0,0.0,0.0,0.0,0.0,0.0,0.0,0.0,0.0,0.0,0.0,0.0,0.0,0.0,0.0,0.0,0.0,0.0,0.0,0.0,0.0,0.0,0.0,0.0,0.0
28800000000,28,800000000,Archimede_odom,Archimede_base_link,-10.394471713989008,8.311756435333834,346.7381912818461,-0.07618063389995146,-0.19097548567761782,-0.7553803272237596,0.6221940502223766,0.0,0.0,0.0,0.0,0.0,0.0,0.0,0.0,0.0,0.0,0.0,0.0,0.0,0.0,0.0,0.0,0.0,0.0,0.0,0.0,0.0,0.0,0.0,0.0,0.0,0.0,0.0,0.0,0.0,0.0,0.0,0.0,0.0,0.0,0.0,0.0,0.0,0.0,0.0,0.0,0.0,0.0,0.0,0.0,0.0,0.0,0.0,0.0,0.0,0.0,0.0,0.0,0.0,0.0,0.0,0.0,0.0,0.0,0.0,0.0,0.0,0.0,0.0,0.0,0.0,0.0,0.0,0.0,0.0,0.0,0.0,0.0,0.0,0.0,0.0,0.0,0.0,0.0
28900000000,28,900000000,Archimede_odom,Archimede_base_link,-10.394471713989008,8.311756435333834,346.7381912818461,-0.07618063389995146,-0.19097548567761782,-0.7553803272237596,0.6221940502223766,0.0,0.0,0.0,0.0,0.0,0.0,0.0,0.0,0.0,0.0,0.0,0.0,0.0,0.0,0.0,0.0,0.0,0.0,0.0,0.0,0.0,0.0,0.0,0.0,0.0,0.0,0.0,0.0,0.0,0.0,0.0,0.0,0.0,0.0,0.0,0.0,0.0,0.0,0.0,0.0,0.0,0.0,0.0,0.0,0.0,0.0,0.0,0.0,0.0,0.0,0.0,0.0,0.0,0.0,0.0,0.0,0.0,0.0,0.0,0.0,0.0,0.0,0.0,0.0,0.0,0.0,0.0,0.0,0.0,0.0,0.0,0.0,0.0,0.0,0.0,0.0,0.0,0.0
29000000000,29,0,Archimede_odom,Archimede_base_link,-10.394471713989008,8.311756435333834,346.7381912818461,-0.07618063389995146,-0.19097548567761782,-0.7553803272237596,0.6221940502223766,0.0,0.0,0.0,0.0,0.0,0.0,0.0,0.0,0.0,0.0,0.0,0.0,0.0,0.0,0.0,0.0,0.0,0.0,0.0,0.0,0.0,0.0,0.0,0.0,0.0,0.0,0.0,0.0,0.0,0.0,0.0,0.0,0.0,0.0,0.0,0.0,0.0,0.0,0.0,0.0,0.0,0.0,0.0,0.0,0.0,0.0,0.0,0.0,0.0,0.0,0.0,0.0,0.0,0.0,0.0,0.0,0.0,0.0,0.0,0.0,0.0,0.0,0.0,0.0,0.0,0.0,0.0,0.0,0.0,0.0,0.0,0.0,0.0,0.0,0.0,0.0,0.0,0.0
29100000000,29,100000000,Archimede_odom,Archimede_base_link,-10.394471713989008,8.311756435333834,346.7381912818461,-0.07618063389995146,-0.19097548567761782,-0.7553803272237596,0.6221940502223766,0.0,0.0,0.0,0.0,0.0,0.0,0.0,0.0,0.0,0.0,0.0,0.0,0.0,0.0,0.0,0.0,0.0,0.0,0.0,0.0,0.0,0.0,0.0,0.0,0.0,0.0,0.0,0.0,0.0,0.0,0.0,0.0,0.0,0.0,0.0,0.0,0.0,0.0,0.0,0.0,0.0,0.0,0.0,0.0,0.0,0.0,0.0,0.0,0.0,0.0,0.0,0.0,0.0,0.0,0.0,0.0,0.0,0.0,0.0,0.0,0.0,0.0,0.0,0.0,0.0,0.0,0.0,0.0,0.0,0.0,0.0,0.0,0.0,0.0,0.0,0.0,0.0,0.0
29201000000,29,200000000,Archimede_odom,Archimede_base_link,-10.394471713989008,8.311756435333834,346.7381912818461,-0.07618063389995146,-0.19097548567761782,-0.7553803272237596,0.6221940502223766,0.0,0.0,0.0,0.0,0.0,0.0,0.0,0.0,0.0,0.0,0.0,0.0,0.0,0.0,0.0,0.0,0.0,0.0,0.0,0.0,0.0,0.0,0.0,0.0,0.0,0.0,0.0,0.0,0.0,0.0,0.0,0.0,0.0,0.0,0.0,0.0,0.0,0.0,0.0,0.0,0.0,0.0,0.0,0.0,0.0,0.0,0.0,0.0,0.0,0.0,0.0,0.0,0.0,0.0,0.0,0.0,0.0,0.0,0.0,0.0,0.0,0.0,0.0,0.0,0.0,0.0,0.0,0.0,0.0,0.0,0.0,0.0,0.0,0.0,0.0,0.0,0.0,0.0
29300000000,29,300000000,Archimede_odom,Archimede_base_link,-10.394471713989008,8.311756435333834,346.7381912818461,-0.07618063389995146,-0.19097548567761782,-0.7553803272237596,0.6221940502223766,0.0,0.0,0.0,0.0,0.0,0.0,0.0,0.0,0.0,0.0,0.0,0.0,0.0,0.0,0.0,0.0,0.0,0.0,0.0,0.0,0.0,0.0,0.0,0.0,0.0,0.0,0.0,0.0,0.0,0.0,0.0,0.0,0.0,0.0,0.0,0.0,0.0,0.0,0.0,0.0,0.0,0.0,0.0,0.0,0.0,0.0,0.0,0.0,0.0,0.0,0.0,0.0,0.0,0.0,0.0,0.0,0.0,0.0,0.0,0.0,0.0,0.0,0.0,0.0,0.0,0.0,0.0,0.0,0.0,0.0,0.0,0.0,0.0,0.0,0.0,0.0,0.0,0.0
29400000000,29,400000000,Archimede_odom,Archimede_base_link,-10.394471713989008,8.311756435333834,346.7381912818461,-0.07618063389995146,-0.19097548567761782,-0.7553803272237596,0.6221940502223766,0.0,0.0,0.0,0.0,0.0,0.0,0.0,0.0,0.0,0.0,0.0,0.0,0.0,0.0,0.0,0.0,0.0,0.0,0.0,0.0,0.0,0.0,0.0,0.0,0.0,0.0,0.0,0.0,0.0,0.0,0.0,0.0,0.0,0.0,0.0,0.0,0.0,0.0,0.0,0.0,0.0,0.0,0.0,0.0,0.0,0.0,0.0,0.0,0.0,0.0,0.0,0.0,0.0,0.0,0.0,0.0,0.0,0.0,0.0,0.0,0.0,0.0,0.0,0.0,0.0,0.0,0.0,0.0,0.0,0.0,0.0,0.0,0.0,0.0,0.0,0.0,0.0,0.0
29500000000,29,500000000,Archimede_odom,Archimede_base_link,-10.394471713989008,8.311756435333834,346.7381912818461,-0.07618063389995146,-0.19097548567761782,-0.7553803272237596,0.6221940502223766,0.0,0.0,0.0,0.0,0.0,0.0,0.0,0.0,0.0,0.0,0.0,0.0,0.0,0.0,0.0,0.0,0.0,0.0,0.0,0.0,0.0,0.0,0.0,0.0,0.0,0.0,0.0,0.0,0.0,0.0,0.0,0.0,0.0,0.0,0.0,0.0,0.0,0.0,0.0,0.0,0.0,0.0,0.0,0.0,0.0,0.0,0.0,0.0,0.0,0.0,0.0,0.0,0.0,0.0,0.0,0.0,0.0,0.0,0.0,0.0,0.0,0.0,0.0,0.0,0.0,0.0,0.0,0.0,0.0,0.0,0.0,0.0,0.0,0.0,0.0,0.0,0.0,0.0
29600000000,29,600000000,Archimede_odom,Archimede_base_link,-10.394471713989008,8.311756435333834,346.7381912818461,-0.07618063389995146,-0.19097548567761782,-0.7553803272237596,0.6221940502223766,0.0,0.0,0.0,0.0,0.0,0.0,0.0,0.0,0.0,0.0,0.0,0.0,0.0,0.0,0.0,0.0,0.0,0.0,0.0,0.0,0.0,0.0,0.0,0.0,0.0,0.0,0.0,0.0,0.0,0.0,0.0,0.0,0.0,0.0,0.0,0.0,0.0,0.0,0.0,0.0,0.0,0.0,0.0,0.0,0.0,0.0,0.0,0.0,0.0,0.0,0.0,0.0,0.0,0.0,0.0,0.0,0.0,0.0,0.0,0.0,0.0,0.0,0.0,0.0,0.0,0.0,0.0,0.0,0.0,0.0,0.0,0.0,0.0,0.0,0.0,0.0,0.0,0.0
29700000000,29,700000000,Archimede_odom,Archimede_base_link,-10.394471713989008,8.311756435333834,346.7381912818461,-0.07618063389995146,-0.19097548567761782,-0.7553803272237596,0.6221940502223766,0.0,0.0,0.0,0.0,0.0,0.0,0.0,0.0,0.0,0.0,0.0,0.0,0.0,0.0,0.0,0.0,0.0,0.0,0.0,0.0,0.0,0.0,0.0,0.0,0.0,0.0,0.0,0.0,0.0,0.0,0.0,0.0,0.0,0.0,0.0,0.0,0.0,0.0,0.0,0.0,0.0,0.0,0.0,0.0,0.0,0.0,0.0,0.0,0.0,0.0,0.0,0.0,0.0,0.0,0.0,0.0,0.0,0.0,0.0,0.0,0.0,0.0,0.0,0.0,0.0,0.0,0.0,0.0,0.0,0.0,0.0,0.0,0.0,0.0,0.0,0.0,0.0,0.0
29800000000,29,800000000,Archimede_odom,Archimede_base_link,-10.394471713989008,8.311756435333834,346.7381912818461,-0.07618063389995146,-0.19097548567761782,-0.7553803272237596,0.6221940502223766,0.0,0.0,0.0,0.0,0.0,0.0,0.0,0.0,0.0,0.0,0.0,0.0,0.0,0.0,0.0,0.0,0.0,0.0,0.0,0.0,0.0,0.0,0.0,0.0,0.0,0.0,0.0,0.0,0.0,0.0,0.0,0.0,0.0,0.0,0.0,0.0,0.0,0.0,0.0,0.0,0.0,0.0,0.0,0.0,0.0,0.0,0.0,0.0,0.0,0.0,0.0,0.0,0.0,0.0,0.0,0.0,0.0,0.0,0.0,0.0,0.0,0.0,0.0,0.0,0.0,0.0,0.0,0.0,0.0,0.0,0.0,0.0,0.0,0.0,0.0,0.0,0.0,0.0
29900000000,29,900000000,Archimede_odom,Archimede_base_link,-10.394471713989008,8.311756435333834,346.7381912818461,-0.07618063389995146,-0.19097548567761782,-0.7553803272237596,0.6221940502223766,0.0,0.0,0.0,0.0,0.0,0.0,0.0,0.0,0.0,0.0,0.0,0.0,0.0,0.0,0.0,0.0,0.0,0.0,0.0,0.0,0.0,0.0,0.0,0.0,0.0,0.0,0.0,0.0,0.0,0.0,0.0,0.0,0.0,0.0,0.0,0.0,0.0,0.0,0.0,0.0,0.0,0.0,0.0,0.0,0.0,0.0,0.0,0.0,0.0,0.0,0.0,0.0,0.0,0.0,0.0,0.0,0.0,0.0,0.0,0.0,0.0,0.0,0.0,0.0,0.0,0.0,0.0,0.0,0.0,0.0,0.0,0.0,0.0,0.0,0.0,0.0,0.0,0.0
30000000000,30,0,Archimede_odom,Archimede_base_link,-10.394471713989008,8.311756435333834,346.7381912818461,-0.07618063389995146,-0.19097548567761782,-0.7553803272237596,0.6221940502223766,0.0,0.0,0.0,0.0,0.0,0.0,0.0,0.0,0.0,0.0,0.0,0.0,0.0,0.0,0.0,0.0,0.0,0.0,0.0,0.0,0.0,0.0,0.0,0.0,0.0,0.0,0.0,0.0,0.0,0.0,0.0,0.0,0.0,0.0,0.0,0.0,0.0,0.0,0.0,0.0,0.0,0.0,0.0,0.0,0.0,0.0,0.0,0.0,0.0,0.0,0.0,0.0,0.0,0.0,0.0,0.0,0.0,0.0,0.0,0.0,0.0,0.0,0.0,0.0,0.0,0.0,0.0,0.0,0.0,0.0,0.0,0.0,0.0,0.0,0.0,0.0,0.0,0.0
30100000000,30,100000000,Archimede_odom,Archimede_base_link,-10.394471713989008,8.311756435333834,346.7381912818461,-0.07618063389995146,-0.19097548567761782,-0.7553803272237596,0.6221940502223766,0.0,0.0,0.0,0.0,0.0,0.0,0.0,0.0,0.0,0.0,0.0,0.0,0.0,0.0,0.0,0.0,0.0,0.0,0.0,0.0,0.0,0.0,0.0,0.0,0.0,0.0,0.0,0.0,0.0,0.0,0.0,0.0,0.0,0.0,0.0,0.0,0.0,0.0,0.0,0.0,0.0,0.0,0.0,0.0,0.0,0.0,0.0,0.0,0.0,0.0,0.0,0.0,0.0,0.0,0.0,0.0,0.0,0.0,0.0,0.0,0.0,0.0,0.0,0.0,0.0,0.0,0.0,0.0,0.0,0.0,0.0,0.0,0.0,0.0,0.0,0.0,0.0,0.0
30200000000,30,200000000,Archimede_odom,Archimede_base_link,-10.394471713989008,8.311756435333834,346.7381912818461,-0.07618063389995146,-0.19097548567761782,-0.7553803272237596,0.6221940502223766,0.0,0.0,0.0,0.0,0.0,0.0,0.0,0.0,0.0,0.0,0.0,0.0,0.0,0.0,0.0,0.0,0.0,0.0,0.0,0.0,0.0,0.0,0.0,0.0,0.0,0.0,0.0,0.0,0.0,0.0,0.0,0.0,0.0,0.0,0.0,0.0,0.0,0.0,0.0,0.0,0.0,0.0,0.0,0.0,0.0,0.0,0.0,0.0,0.0,0.0,0.0,0.0,0.0,0.0,0.0,0.0,0.0,0.0,0.0,0.0,0.0,0.0,0.0,0.0,0.0,0.0,0.0,0.0,0.0,0.0,0.0,0.0,0.0,0.0,0.0,0.0,0.0,0.0
30300000000,30,300000000,Archimede_odom,Archimede_base_link,-10.394471713989008,8.311756435333834,346.7381912818461,-0.07618063389995146,-0.19097548567761782,-0.7553803272237596,0.6221940502223766,0.0,0.0,0.0,0.0,0.0,0.0,0.0,0.0,0.0,0.0,0.0,0.0,0.0,0.0,0.0,0.0,0.0,0.0,0.0,0.0,0.0,0.0,0.0,0.0,0.0,0.0,0.0,0.0,0.0,0.0,0.0,0.0,0.0,0.0,0.0,0.0,0.0,0.0,0.0,0.0,0.0,0.0,0.0,0.0,0.0,0.0,0.0,0.0,0.0,0.0,0.0,0.0,0.0,0.0,0.0,0.0,0.0,0.0,0.0,0.0,0.0,0.0,0.0,0.0,0.0,0.0,0.0,0.0,0.0,0.0,0.0,0.0,0.0,0.0,0.0,0.0,0.0,0.0
30400000000,30,400000000,Archimede_odom,Archimede_base_link,-10.394471713989008,8.311756435333834,346.7381912818461,-0.07618063389995146,-0.19097548567761782,-0.7553803272237596,0.6221940502223766,0.0,0.0,0.0,0.0,0.0,0.0,0.0,0.0,0.0,0.0,0.0,0.0,0.0,0.0,0.0,0.0,0.0,0.0,0.0,0.0,0.0,0.0,0.0,0.0,0.0,0.0,0.0,0.0,0.0,0.0,0.0,0.0,0.0,0.0,0.0,0.0,0.0,0.0,0.0,0.0,0.0,0.0,0.0,0.0,0.0,0.0,0.0,0.0,0.0,0.0,0.0,0.0,0.0,0.0,0.0,0.0,0.0,0.0,0.0,0.0,0.0,0.0,0.0,0.0,0.0,0.0,0.0,0.0,0.0,0.0,0.0,0.0,0.0,0.0,0.0,0.0,0.0,0.0
30500000000,30,500000000,Archimede_odom,Archimede_base_link,-10.394471713989008,8.311756435333834,346.7381912818461,-0.07618063389995146,-0.19097548567761782,-0.7553803272237596,0.6221940502223766,0.0,0.0,0.0,0.0,0.0,0.0,0.0,0.0,0.0,0.0,0.0,0.0,0.0,0.0,0.0,0.0,0.0,0.0,0.0,0.0,0.0,0.0,0.0,0.0,0.0,0.0,0.0,0.0,0.0,0.0,0.0,0.0,0.0,0.0,0.0,0.0,0.0,0.0,0.0,0.0,0.0,0.0,0.0,0.0,0.0,0.0,0.0,0.0,0.0,0.0,0.0,0.0,0.0,0.0,0.0,0.0,0.0,0.0,0.0,0.0,0.0,0.0,0.0,0.0,0.0,0.0,0.0,0.0,0.0,0.0,0.0,0.0,0.0,0.0,0.0,0.0,0.0,0.0
30600000000,30,600000000,Archimede_odom,Archimede_base_link,-10.394471713989008,8.311756435333834,346.7381912818461,-0.07618063389995146,-0.19097548567761782,-0.7553803272237596,0.6221940502223766,0.0,0.0,0.0,0.0,0.0,0.0,0.0,0.0,0.0,0.0,0.0,0.0,0.0,0.0,0.0,0.0,0.0,0.0,0.0,0.0,0.0,0.0,0.0,0.0,0.0,0.0,0.0,0.0,0.0,0.0,0.0,0.0,0.0,0.0,0.0,0.0,0.0,0.0,0.0,0.0,0.0,0.0,0.0,0.0,0.0,0.0,0.0,0.0,0.0,0.0,0.0,0.0,0.0,0.0,0.0,0.0,0.0,0.0,0.0,0.0,0.0,0.0,0.0,0.0,0.0,0.0,0.0,0.0,0.0,0.0,0.0,0.0,0.0,0.0,0.0,0.0,0.0,0.0
30700000000,30,700000000,Archimede_odom,Archimede_base_link,-10.394471713989008,8.311756435333834,346.7381912818461,-0.07618063389995146,-0.19097548567761782,-0.7553803272237596,0.6221940502223766,0.0,0.0,0.0,0.0,0.0,0.0,0.0,0.0,0.0,0.0,0.0,0.0,0.0,0.0,0.0,0.0,0.0,0.0,0.0,0.0,0.0,0.0,0.0,0.0,0.0,0.0,0.0,0.0,0.0,0.0,0.0,0.0,0.0,0.0,0.0,0.0,0.0,0.0,0.0,0.0,0.0,0.0,0.0,0.0,0.0,0.0,0.0,0.0,0.0,0.0,0.0,0.0,0.0,0.0,0.0,0.0,0.0,0.0,0.0,0.0,0.0,0.0,0.0,0.0,0.0,0.0,0.0,0.0,0.0,0.0,0.0,0.0,0.0,0.0,0.0,0.0,0.0,0.0
30800000000,30,800000000,Archimede_odom,Archimede_base_link,-10.394471713989008,8.311756435333834,346.7381912818461,-0.07618063389995146,-0.19097548567761782,-0.7553803272237596,0.6221940502223766,0.0,0.0,0.0,0.0,0.0,0.0,0.0,0.0,0.0,0.0,0.0,0.0,0.0,0.0,0.0,0.0,0.0,0.0,0.0,0.0,0.0,0.0,0.0,0.0,0.0,0.0,0.0,0.0,0.0,0.0,0.0,0.0,0.0,0.0,0.0,0.0,0.0,0.0,0.0,0.0,0.0,0.0,0.0,0.0,0.0,0.0,0.0,0.0,0.0,0.0,0.0,0.0,0.0,0.0,0.0,0.0,0.0,0.0,0.0,0.0,0.0,0.0,0.0,0.0,0.0,0.0,0.0,0.0,0.0,0.0,0.0,0.0,0.0,0.0,0.0,0.0,0.0,0.0
30901000000,30,900000000,Archimede_odom,Archimede_base_link,-10.394471713989008,8.311756435333834,346.7381912818461,-0.07618063389995146,-0.19097548567761782,-0.7553803272237596,0.6221940502223766,0.0,0.0,0.0,0.0,0.0,0.0,0.0,0.0,0.0,0.0,0.0,0.0,0.0,0.0,0.0,0.0,0.0,0.0,0.0,0.0,0.0,0.0,0.0,0.0,0.0,0.0,0.0,0.0,0.0,0.0,0.0,0.0,0.0,0.0,0.0,0.0,0.0,0.0,0.0,0.0,0.0,0.0,0.0,0.0,0.0,0.0,0.0,0.0,0.0,0.0,0.0,0.0,0.0,0.0,0.0,0.0,0.0,0.0,0.0,0.0,0.0,0.0,0.0,0.0,0.0,0.0,0.0,0.0,0.0,0.0,0.0,0.0,0.0,0.0,0.0,0.0,0.0,0.0
31000000000,31,0,Archimede_odom,Archimede_base_link,-10.394471713989008,8.311756435333834,346.7381912818461,-0.07618063389995146,-0.19097548567761782,-0.7553803272237596,0.6221940502223766,0.0,0.0,0.0,0.0,0.0,0.0,0.0,0.0,0.0,0.0,0.0,0.0,0.0,0.0,0.0,0.0,0.0,0.0,0.0,0.0,0.0,0.0,0.0,0.0,0.0,0.0,0.0,0.0,0.0,0.0,0.0,0.0,0.0,0.0,0.0,0.0,0.0,0.0,0.0,0.0,0.0,0.0,0.0,0.0,0.0,0.0,0.0,0.0,0.0,0.0,0.0,0.0,0.0,0.0,0.0,0.0,0.0,0.0,0.0,0.0,0.0,0.0,0.0,0.0,0.0,0.0,0.0,0.0,0.0,0.0,0.0,0.0,0.0,0.0,0.0,0.0,0.0,0.0
31100000000,31,100000000,Archimede_odom,Archimede_base_link,-10.394471713989008,8.311756435333834,346.7381912818461,-0.07618063389995146,-0.19097548567761782,-0.7553803272237596,0.6221940502223766,0.0,0.0,0.0,0.0,0.0,0.0,0.0,0.0,0.0,0.0,0.0,0.0,0.0,0.0,0.0,0.0,0.0,0.0,0.0,0.0,0.0,0.0,0.0,0.0,0.0,0.0,0.0,0.0,0.0,0.0,0.0,0.0,0.0,0.0,0.0,0.0,0.0,0.0,0.0,0.0,0.0,0.0,0.0,0.0,0.0,0.0,0.0,0.0,0.0,0.0,0.0,0.0,0.0,0.0,0.0,0.0,0.0,0.0,0.0,0.0,0.0,0.0,0.0,0.0,0.0,0.0,0.0,0.0,0.0,0.0,0.0,0.0,0.0,0.0,0.0,0.0,0.0,0.0
