timestamp,_header_stamp_sec,_header_stamp_nanosec,_header_frame_id,_child_frame_id,_pose_pose_position_x,_pose_pose_position_y,_pose_pose_position_z,_pose_pose_orientation_x,_pose_pose_orientation_y,_pose_pose_orientation_z,_pose_pose_orientation_w,_pose_covariance_0,_pose_covariance_1,_pose_covariance_2,_pose_covariance_3,_pose_covariance_4,_pose_covariance_5,_pose_covariance_6,_pose_covariance_7,_pose_covariance_8,_pose_covariance_9,_pose_covariance_10,_pose_covariance_11,_pose_covariance_12,_pose_covariance_13,_pose_covariance_14,_pose_covariance_15,_pose_covariance_16,_pose_covariance_17,_pose_covariance_18,_pose_covariance_19,_pose_covariance_20,_pose_covariance_21,_pose_covariance_22,_pose_covariance_23,_pose_covariance_24,_pose_covariance_25,_pose_covariance_26,_pose_covariance_27,_pose_covariance_28,_pose_covariance_29,_pose_covariance_30,_pose_covariance_31,_pose_covariance_32,_pose_covariance_33,_pose_covariance_34,_pose_covariance_35,_twist_twist_linear_x,_twist_twist_linear_y,_twist_twist_linear_z,_twist_twist_angular_x,_twist_twist_angular_y,_twist_twist_angular_z,_twist_covariance_0,_twist_covariance_1,_twist_covariance_2,_twist_covariance_3,_twist_covariance_4,_twist_covariance_5,_twist_covariance_6,_twist_covariance_7,_twist_covariance_8,_twist_covariance_9,_twist_covariance_10,_twist_covariance_11,_twist_covariance_12,_twist_covariance_13,_twist_covariance_14,_twist_covariance_15,_twist_covariance_16,_twist_covariance_17,_twist_covariance_18,_twist_covariance_19,_twist_covariance_20,_twist_covariance_21,_twist_covariance_22,_twist_covariance_23,_twist_covariance_24,_twist_covariance_25,_twist_covariance_26,_twist_covariance_27,_twist_covariance_28,_twist_covariance_29,_twist_covariance_30,_twist_covariance_31,_twist_covariance_32,_twist_covariance_33,_twist_covariance_34,_twist_covariance_35
100000000,0,100000000,Archimede_odom,Archimede_base_link,-38.72353387364639,43.979147080534496,337.43152841074834,-0.003069383250148546,-0.01133856211564884,-0.3825803697906954,0.923847539665733,0.0,0.0,0.0,0.0,0.0,0.0,0.0,0.0,0.0,0.0,0.0,0.0,0.0,0.0,0.0,0.0,0.0,0.0,0.0,0.0,0.0,0.0,0.0,0.0,0.0,0.0,0.0,0.0,0.0,0.0,0.0,0.0,0.0,0.0,0.0,0.0,-0.008106135188543046,-0.001565499517750265,-0.00018019078931323846,-0.06893566688558667,0.042455212309501576,-0.04831612441501644,0.0,0.0,0.0,0.0,0.0,0.0,0.0,0.0,0.0,0.0,0.0,0.0,0.0,0.0,0.0,0.0,0.0,0.0,0.0,0.0,0.0,0.0,0.0,0.0,0.0,0.0,0.0,0.0,0.0,0.0,0.0,0.0,0.0,0.0,0.0,0.0
200000000,0,200000000,Archimede_odom,Archimede_base_link,-38.72003942620543,43.974868217557656,337.43177007135165,-0.003843028501631133,-0.010164858447757183,-0.3844326828882616,0.9230890634776289,0.0,0.0,0.0,0.0,0.0,0.0,0.0,0.0,0.0,0.0,0.0,0.0,0.0,0.0,0.0,0.0,0.0,0.0,0.0,0.0,0.0,0.0,0.0,0.0,0.0,0.0,0.0,0.0,0.0,0.0,0.0,0.0,0.0,0.0,0.0,0.0,0.09852018594255381,-0.00783050234325963,0.002235266980079835,0.012021066241059707,-0.0055704997622875365,-0.03296928705651186,0.0,0.0,0.0,0.0,0.0,0.0,0.0,0.0,0.0,0.0,0.0,0.0,0.0,0.0,0.0,0.0,0.0,0.0,0.0,0.0,0.0,0.0,0.0,0.0,0.0,0.0,0.0,0.0,0.0,0.0,0.0,0.0,0.0,0.0,0.0,0.0
300000000,0,300000000,Archimede_odom,Archimede_base_link,-38.711430873507304,43.96474126924497,337.4323610949083,-0.0019776051271354986,-0.012571065022753016,-0.3855854612615861,0.9225843644165257,0.0,0.0,0.0,0.0,0.0,0.0,0.0,0.0,0.0,0.0,0.0,0.0,0.0,0.0,0.0,0.0,0.0,0.0,0.0,0.0,0.0,0.0,0.0,0.0,0.0,0.0,0.0,0.0,0.0,0.0,0.0,0.0,0.0,0.0,0.0,0.0,0.1537351314969736,-0.01173093107982376,0.003157477483617837,0.08484036364386671,-0.04952559713542438,-0.020458568306215102,0.0,0.0,0.0,0.0,0.0,0.0,0.0,0.0,0.0,0.0,0.0,0.0,0.0,0.0,0.0,0.0,0.0,0.0,0.0,0.0,0.0,0.0,0.0,0.0,0.0,0.0,0.0,0.0,0.0,0.0,0.0,0.0,0.0,0.0,0.0,0.0
400000000,0,400000000,Archimede_odom,Archimede_base_link,-38.699667030588046,43.95204813183346,337.4331226386692,-0.002390833788396731,-0.011872990168643077,-0.38611960869305834,0.9223692123011106,0.0,0.0,0.0,0.0,0.0,0.0,0.0,0.0,0.0,0.0,0.0,0.0,0.0,0.0,0.0,0.0,0.0,0.0,0.0,0.0,0.0,0.0,0.0,0.0,0.0,0.0,0.0,0.0,0.0,0.0,0.0,0.0,0.0,0.0,0.0,0.0,0.18234245199719226,-0.005493339996083453,0.0038522623565524516,0.006911932354344917,-0.002108037088009292,-0.008305190106323645,0.0,0.0,0.0,0.0,0.0,0.0,0.0,0.0,0.0,0.0,0.0,0.0,0.0,0.0,0.0,0.0,0.0,0.0,0.0,0.0,0.0,0.0,0.0,0.0,0.0,0.0,0.0,0.0,0.0,0.0,0.0,0.0,0.0,0.0,0.0,0.0
500000000,0,500000000,Archimede_odom,Archimede_base_link,-38.68692231686216,43.93822990504071,337.43395780636615,-0.001711204900881317,-0.012655441860534529,-0.38639520878719436,0.9222448992514962,0.0,0.0,0.0,0.0,0.0,0.0,0.0,0.0,0.0,0.0,0.0,0.0,0.0,0.0,0.0,0.0,0.0,0.0,0.0,0.0,0.0,0.0,0.0,0.0,0.0,0.0,0.0,0.0,0.0,0.0,0.0,0.0,0.0,0.0,0.0,0.0,0.19344135814526184,-0.004266931195594965,0.003905593392324256,-0.008005705142683974,0.006837337158478378,-0.0038198697257182065,0.0,0.0,0.0,0.0,0.0,0.0,0.0,0.0,0.0,0.0,0.0,0.0,0.0,0.0,0.0,0.0,0.0,0.0,0.0,0.0,0.0,0.0,0.0,0.0,0.0,0.0,0.0,0.0,0.0,0.0,0.0,0.0,0.0,0.0,0.0,0.0
600000000,0,600000000,Archimede_odom,Archimede_base_link,-38.6736095283169,43.92395988520317,337.434831057694,-0.0013587181411121245,-0.01299102432904653,-0.38654139616869226,0.922179557472325,0.0,0.0,0.0,0.0,0.0,0.0,0.0,0.0,0.0,0.0,0.0,0.0,0.0,0.0,0.0,0.0,0.0,0.0,0.0,0.0,0.0,0.0,0.0,0.0,0.0,0.0,0.0,0.0,0.0,0.0,0.0,0.0,0.0,0.0,0.0,0.0,0.1975684004628369,-0.004884569505581734,0.0038874883139630306,0.005206555946870449,-0.0012361004880167632,-0.0025834188343081387,0.0,0.0,0.0,0.0,0.0,0.0,0.0,0.0,0.0,0.0,0.0,0.0,0.0,0.0,0.0,0.0,0.0,0.0,0.0,0.0,0.0,0.0,0.0,0.0,0.0,0.0,0.0,0.0,0.0,0.0,0.0,0.0,0.0,0.0,0.0,0.0
700000000,0,700000000,Archimede_odom,Archimede_base_link,-38.66004487379569,43.90945431914613,337.43571472012235,-0.0011402157774590858,-0.013149900118452528,-0.3866245146010134,0.9221427572476977,0.0,0.0,0.0,0.0,0.0,0.0,0.0,0.0,0.0,0.0,0.0,0.0,0.0,0.0,0.0,0.0,0.0,0.0,0.0,0.0,0.0,0.0,0.0,0.0,0.0,0.0,0.0,0.0,0.0,0.0,0.0,0.0,0.0,0.0,0.0,0.0,0.19932329518794895,-0.004905412496877138,0.0038950236972220198,0.005251107525283372,-0.0012553973020331453,-0.0014409149229250803,0.0,0.0,0.0,0.0,0.0,0.0,0.0,0.0,0.0,0.0,0.0,0.0,0.0,0.0,0.0,0.0,0.0,0.0,0.0,0.0,0.0,0.0,0.0,0.0,0.0,0.0,0.0,0.0,0.0,0.0,0.0,0.0,0.0,0.0,0.0,0.0
800000000,0,800000000,Archimede_odom,Archimede_base_link,-38.64641185285607,43.89487762687501,337.4366025117031,-0.0009213319223214423,-0.013309734137633847,-0.38667303519048274,0.9221203641506103,0.0,0.0,0.0,0.0,0.0,0.0,0.0,0.0,0.0,0.0,0.0,0.0,0.0,0.0,0.0,0.0,0.0,0.0,0.0,0.0,0.0,0.0,0.0,0.0,0.0,0.0,0.0,0.0,0.0,0.0,0.0,0.0,0.0,0.0,0.0,0.0,0.19988492284231718,-0.004878968963146691,0.0038817053804806032,0.0052641111736710195,-0.0012628512953413438,-0.0009356032166550142,0.0,0.0,0.0,0.0,0.0,0.0,0.0,0.0,0.0,0.0,0.0,0.0,0.0,0.0,0.0,0.0,0.0,0.0,0.0,0.0,0.0,0.0,0.0,0.0,0.0,0.0,0.0,0.0,0.0,0.0,0.0,0.0,0.0,0.0,0.0,0.0
900000000,0,900000000,Archimede_odom,Archimede_base_link,-38.63275661466006,43.88027824512675,337.43749161673446,-0.0007024279607562617,-0.013469912828402647,-0.38670612919040426,0.9221043529286311,0.0,0.0,0.0,0.0,0.0,0.0,0.0,0.0,0.0,0.0,0.0,0.0,0.0,0.0,0.0,0.0,0.0,0.0,0.0,0.0,0.0,0.0,0.0,0.0,0.0,0.0,0.0,0.0,0.0,0.0,0.0,0.0,0.0,0.0,0.0,0.0,0.20006861394918948,-0.004863999603663679,0.0038618097871251826,0.005268263742997831,-0.0012660840698768402,-0.0007082632734929071,0.0,0.0,0.0,0.0,0.0,0.0,0.0,0.0,0.0,0.0,0.0,0.0,0.0,0.0,0.0,0.0,0.0,0.0,0.0,0.0,0.0,0.0,0.0,0.0,0.0,0.0,0.0,0.0,0.0,0.0,0.0,0.0,0.0,0.0,0.0,0.0
1001000000,1,0,Archimede_odom,Archimede_base_link,-38.619094684573845,43.865671051231544,337.43838112338864,-0.0004835536254726272,-0.013630231718825804,-0.3867323485499039,0.9220911416689014,0.0,0.0,0.0,0.0,0.0,0.0,0.0,0.0,0.0,0.0,0.0,0.0,0.0,0.0,0.0,0.0,0.0,0.0,0.0,0.0,0.0,0.0,0.0,0.0,0.0,0.0,0.0,0.0,0.0,0.0,0.0,0.0,0.0,0.0,0.0,0.0,0.20012729913426322,-0.0048580292255319905,0.0038397420816729615,0.005269715862478803,-0.0012675946910301497,-0.00060899692842889,0.0,0.0,0.0,0.0,0.0,0.0,0.0,0.0,0.0,0.0,0.0,0.0,0.0,0.0,0.0,0.0,0.0,0.0,0.0,0.0,0.0,0.0,0.0,0.0,0.0,0.0,0.0,0.0,0.0,0.0,0.0,0.0,0.0,0.0,0.0,0.0
1100000000,1,100000000,Archimede_odom,Archimede_base_link,-38.60541249650916,43.85106038123762,337.4392649188406,-0.00027825052869088693,-0.013784844393513084,-0.38676009092344527,0.9220772921564538,0.0,0.0,0.0,0.0,0.0,0.0,0.0,0.0,0.0,0.0,0.0,0.0,0.0,0.0,0.0,0.0,0.0,0.0,0.0,0.0,0.0,0.0,0.0,0.0,0.0,0.0,0.0,0.0,0.0,0.0,0.0,0.0,0.0,0.0,0.0,0.0,0.20147428322175265,-0.0035571621270917633,0.0031884453539100625,0.002312503964731926,-0.001256818075137364,-0.0015044376825309208,0.0,0.0,0.0,0.0,0.0,0.0,0.0,0.0,0.0,0.0,0.0,0.0,0.0,0.0,0.0,0.0,0.0,0.0,0.0,0.0,0.0,0.0,0.0,0.0,0.0,0.0,0.0,0.0,0.0,0.0,0.0,0.0,0.0,0.0,0.0,0.0
1200000000,1,200000000,Archimede_odom,Archimede_base_link,-38.59074124234302,43.836241399122216,337.43982124611074,-0.0006463076373837141,-0.013871376096410115,-0.3871771830745325,0.921900751772174,0.0,0.0,0.0,0.0,0.0,0.0,0.0,0.0,0.0,0.0,0.0,0.0,0.0,0.0,0.0,0.0,0.0,0.0,0.0,0.0,0.0,0.0,0.0,0.0,0.0,0.0,0.0,0.0,0.0,0.0,0.0,0.0,0.0,0.0,0.0,0.0,0.21173034402763333,0.0014799083434736218,-0.0007155144958842018,-0.00591549009390578,-0.0070393482559277885,-0.013671574940636777,0.0,0.0,0.0,0.0,0.0,0.0,0.0,0.0,0.0,0.0,0.0,0.0,0.0,0.0,0.0,0.0,0.0,0.0,0.0,0.0,0.0,0.0,0.0,0.0,0.0,0.0,0.0,0.0,0.0,0.0,0.0,0.0,0.0,0.0,0.0,0.0
1300000000,1,300000000,Archimede_odom,Archimede_base_link,-38.575658921085235,43.82101421434517,337.44030628482943,-0.0010272766529981733,-0.014113633820960038,-0.3879566795672302,0.9215689691076927,0.0,0.0,0.0,0.0,0.0,0.0,0.0,0.0,0.0,0.0,0.0,0.0,0.0,0.0,0.0,0.0,0.0,0.0,0.0,0.0,0.0,0.0,0.0,0.0,0.0,0.0,0.0,0.0,0.0,0.0,0.0,0.0,0.0,0.0,0.0,0.0,0.21569355101570808,0.0012496661671399715,-0.0009388476335939767,-0.0055411422086002774,-0.0075047293771678585,-0.018923361586723843,0.0,0.0,0.0,0.0,0.0,0.0,0.0,0.0,0.0,0.0,0.0,0.0,0.0,0.0,0.0,0.0,0.0,0.0,0.0,0.0,0.0,0.0,0.0,0.0,0.0,0.0,0.0,0.0,0.0,0.0,0.0,0.0,0.0,0.0,0.0,0.0
1400000000,1,400000000,Archimede_odom,Archimede_base_link,-38.56047223727403,43.80561056257329,337.44079063721193,-0.0014179053768659704,-0.014351149656558083,-0.3888954340081206,0.9211690265393822,0.0,0.0,0.0,0.0,0.0,0.0,0.0,0.0,0.0,0.0,0.0,0.0,0.0,0.0,0.0,0.0,0.0,0.0,0.0,0.0,0.0,0.0,0.0,0.0,0.0,0.0,0.0,0.0,0.0,0.0,0.0,0.0,0.0,0.0,0.0,0.0,0.2167050366997974,0.0011511712560811874,-0.0011322964537906696,-0.005674869314425978,-0.007498895892229603,-0.02112666754112229,0.0,0.0,0.0,0.0,0.0,0.0,0.0,0.0,0.0,0.0,0.0,0.0,0.0,0.0,0.0,0.0,0.0,0.0,0.0,0.0,0.0,0.0,0.0,0.0,0.0,0.0,0.0,0.0,0.0,0.0,0.0,0.0,0.0,0.0,0.0,0.0
1500000000,1,500000000,Archimede_odom,Archimede_base_link,-38.54528801953365,43.79013269593449,337.4412742303228,-0.0018100620052334511,-0.014587281994853178,-0.3898971544512287,0.9207410840352322,0.0,0.0,0.0,0.0,0.0,0.0,0.0,0.0,0.0,0.0,0.0,0.0,0.0,0.0,0.0,0.0,0.0,0.0,0.0,0.0,0.0,0.0,0.0,0.0,0.0,0.0,0.0,0.0,0.0,0.0,0.0,0.0,0.0,0.0,0.0,0.0,0.21695423190383364,0.0010893438781394604,-0.0013026880772847296,-0.0056883823981795575,-0.007492148528728396,-0.022010246084709383,0.0,0.0,0.0,0.0,0.0,0.0,0.0,0.0,0.0,0.0,0.0,0.0,0.0,0.0,0.0,0.0,0.0,0.0,0.0,0.0,0.0,0.0,0.0,0.0,0.0,0.0,0.0,0.0,0.0,0.0,0.0,0.0,0.0,0.0,0.0,0.0
1601000000,1,600000000,Archimede_odom,Archimede_base_link,-38.53013306912022,43.774609423594995,337.44175743961773,-0.00220105531838457,-0.014823512945343136,-0.3909239154400489,0.9203009894357749,0.0,0.0,0.0,0.0,0.0,0.0,0.0,0.0,0.0,0.0,0.0,0.0,0.0,0.0,0.0,0.0,0.0,0.0,0.0,0.0,0.0,0.0,0.0,0.0,0.0,0.0,0.0,0.0,0.0,0.0,0.0,0.0,0.0,0.0,0.0,0.0,0.21700668049868083,0.0010495174867607429,-0.0014644737500229513,-0.0056573233265343505,-0.0074893660888215655,-0.022369373315689726,0.0,0.0,0.0,0.0,0.0,0.0,0.0,0.0,0.0,0.0,0.0,0.0,0.0,0.0,0.0,0.0,0.0,0.0,0.0,0.0,0.0,0.0,0.0,0.0,0.0,0.0,0.0,0.0,0.0,0.0,0.0,0.0,0.0,0.0,0.0,0.0
1700000000,1,700000000,Archimede_odom,Archimede_base_link,-38.51502490751857,43.759096096684615,337.4422696155031,-0.0026068499368706783,-0.015097049632655467,-0.39195527876990616,0.9198566969208851,0.0,0.0,0.0,0.0,0.0,0.0,0.0,0.0,0.0,0.0,0.0,0.0,0.0,0.0,0.0,0.0,0.0,0.0,0.0,0.0,0.0,0.0,0.0,0.0,0.0,0.0,0.0,0.0,0.0,0.0,0.0,0.0,0.0,0.0,0.0,0.0,0.2160920310837521,0.0015523049469451356,-0.0012027028610233589,-0.0056541507306875505,-0.008637523647569433,-0.02222650467592046,0.0,0.0,0.0,0.0,0.0,0.0,0.0,0.0,0.0,0.0,0.0,0.0,0.0,0.0,0.0,0.0,0.0,0.0,0.0,0.0,0.0,0.0,0.0,0.0,0.0,0.0,0.0,0.0,0.0,0.0,0.0,0.0,0.0,0.0,0.0,0.0
1800000000,1,800000000,Archimede_odom,Archimede_base_link,-38.4999838361992,43.743630719865735,337.4427933290663,-0.003017792442017532,-0.015386425159637864,-0.3929760832717676,0.9194150035897634,0.0,0.0,0.0,0.0,0.0,0.0,0.0,0.0,0.0,0.0,0.0,0.0,0.0,0.0,0.0,0.0,0.0,0.0,0.0,0.0,0.0,0.0,0.0,0.0,0.0,0.0,0.0,0.0,0.0,0.0,0.0,0.0,0.0,0.0,0.0,0.0,0.215624152613475,0.0016329518545495293,-0.001381355249368832,-0.005595458223389428,-0.008620071322097538,-0.022081657008395233,0.0,0.0,0.0,0.0,0.0,0.0,0.0,0.0,0.0,0.0,0.0,0.0,0.0,0.0,0.0,0.0,0.0,0.0,0.0,0.0,0.0,0.0,0.0,0.0,0.0,0.0,0.0,0.0,0.0,0.0,0.0,0.0,0.0,0.0,0.0,0.0
1900000000,1,900000000,Archimede_odom,Archimede_base_link,-38.48475931309958,43.728072754684945,337.4432138202493,-0.0033702721896659905,-0.015542925009478835,-0.39386376407779744,0.9190312258536085,0.0,0.0,0.0,0.0,0.0,0.0,0.0,0.0,0.0,0.0,0.0,0.0,0.0,0.0,0.0,0.0,0.0,0.0,0.0,0.0,0.0,0.0,0.0,0.0,0.0,0.0,0.0,0.0,0.0,0.0,0.0,0.0,0.0,0.0,0.0,0.0,0.21915231756263504,0.0037132839464546685,-0.002890923305020725,-0.005521953863553962,-0.005004772795663378,-0.016909554644232876,0.0,0.0,0.0,0.0,0.0,0.0,0.0,0.0,0.0,0.0,0.0,0.0,0.0,0.0,0.0,0.0,0.0,0.0,0.0,0.0,0.0,0.0,0.0,0.0,0.0,0.0,0.0,0.0,0.0,0.0,0.0,0.0,0.0,0.0,0.0,0.0
2000000000,2,0,Archimede_odom,Archimede_base_link,-38.46932384828259,43.71241669596019,337.44361296876076,-0.0037071391359077906,-0.015669938773022266,-0.39457465280013815,0.9187227838177995,0.0,0.0,0.0,0.0,0.0,0.0,0.0,0.0,0.0,0.0,0.0,0.0,0.0,0.0,0.0,0.0,0.0,0.0,0.0,0.0,0.0,0.0,0.0,0.0,0.0,0.0,0.0,0.0,0.0,0.0,0.0,0.0,0.0,0.0,0.0,0.0,0.2202004761292425,0.004076333919530545,-0.0029994990031455833,-0.005365018385823933,-0.005058815191051032,-0.014489884696457886,0.0,0.0,0.0,0.0,0.0,0.0,0.0,0.0,0.0,0.0,0.0,0.0,0.0,0.0,0.0,0.0,0.0,0.0,0.0,0.0,0.0,0.0,0.0,0.0,0.0,0.0,0.0,0.0,0.0,0.0,0.0,0.0,0.0,0.0,0.0,0.0
2100000000,2,100000000,Archimede_odom,Archimede_base_link,-38.45386382594658,43.696706512206575,337.4440142813294,-0.004040081496233284,-0.015801095694745127,-0.39521548957910513,0.9184436400308391,0.0,0.0,0.0,0.0,0.0,0.0,0.0,0.0,0.0,0.0,0.0,0.0,0.0,0.0,0.0,0.0,0.0,0.0,0.0,0.0,0.0,0.0,0.0,0.0,0.0,0.0,0.0,0.0,0.0,0.0,0.0,0.0,0.0,0.0,0.0,0.0,0.22049176779596652,0.0041161228295595416,-0.003102741335380913,-0.0052621379315421,-0.005089676766378748,-0.01351877064014067,0.0,0.0,0.0,0.0,0.0,0.0,0.0,0.0,0.0,0.0,0.0,0.0,0.0,0.0,0.0,0.0,0.0,0.0,0.0,0.0,0.0,0.0,0.0,0.0,0.0,0.0,0.0,0.0,0.0,0.0,0.0,0.0,0.0,0.0,0.0,0.0
2200000000,2,200000000,Archimede_odom,Archimede_base_link,-38.43841365667846,43.68096518938235,337.44441659260525,-0.004370282618903604,-0.015934751348568404,-0.39582819670449704,0.9181759216092286,0.0,0.0,0.0,0.0,0.0,0.0,0.0,0.0,0.0,0.0,0.0,0.0,0.0,0.0,0.0,0.0,0.0,0.0,0.0,0.0,0.0,0.0,0.0,0.0,0.0,0.0,0.0,0.0,0.0,0.0,0.0,0.0,0.0,0.0,0.0,0.0,0.22056782003472572,0.004118912690417033,-0.003206970110169815,-0.005196842192859181,-0.005107681491846863,-0.013132819992245129,0.0,0.0,0.0,0.0,0.0,0.0,0.0,0.0,0.0,0.0,0.0,0.0,0.0,0.0,0.0,0.0,0.0,0.0,0.0,0.0,0.0,0.0,0.0,0.0,0.0,0.0,0.0,0.0,0.0,0.0,0.0,0.0,0.0,0.0,0.0,0.0
2300000000,2,300000000,Archimede_odom,Archimede_base_link,-38.42298198561213,43.665200591221854,337.4448194777425,-0.004698437596232227,-0.016070115963610136,-0.39642964453237534,0.9179124211998686,0.0,0.0,0.0,0.0,0.0,0.0,0.0,0.0,0.0,0.0,0.0,0.0,0.0,0.0,0.0,0.0,0.0,0.0,0.0,0.0,0.0,0.0,0.0,0.0,0.0,0.0,0.0,0.0,0.0,0.0,0.0,0.0,0.0,0.0,0.0,0.0,0.22058151333213938,0.0041127803618879475,-0.003312223622320437,-0.005147996839704368,-0.005120630973823441,-0.012981283052651758,0.0,0.0,0.0,0.0,0.0,0.0,0.0,0.0,0.0,0.0,0.0,0.0,0.0,0.0,0.0,0.0,0.0,0.0,0.0,0.0,0.0,0.0,0.0,0.0,0.0,0.0,0.0,0.0,0.0,0.0,0.0,0.0,0.0,0.0,0.0,0.0
2400000000,2,400000000,Archimede_odom,Archimede_base_link,-38.407571295688804,43.64941498106162,337.4452227887343,-0.005024685614966265,-0.016207104232178436,-0.3970265077400047,0.9176502789508942,0.0,0.0,0.0,0.0,0.0,0.0,0.0,0.0,0.0,0.0,0.0,0.0,0.0,0.0,0.0,0.0,0.0,0.0,0.0,0.0,0.0,0.0,0.0,0.0,0.0,0.0,0.0,0.0,0.0,0.0,0.0,0.0,0.0,0.0,0.0,0.0,0.220578928371112,0.004098650138287678,-0.0034182311142919807,-0.005057718757022521,-0.005160806114718794,-0.012917225026425314,0.0,0.0,0.0,0.0,0.0,0.0,0.0,0.0,0.0,0.0,0.0,0.0,0.0,0.0,0.0,0.0,0.0,0.0,0.0,0.0,0.0,0.0,0.0,0.0,0.0,0.0,0.0,0.0,0.0,0.0,0.0,0.0,0.0,0.0,0.0,0.0
2500000000,2,500000000,Archimede_odom,Archimede_base_link,-38.39218137763526,43.633606533996534,337.4456265590242,-0.005349347787848843,-0.01634532246608959,-0.39761993257387823,0.9173890146124863,0.0,0.0,0.0,0.0,0.0,0.0,0.0,0.0,0.0,0.0,0.0,0.0,0.0,0.0,0.0,0.0,0.0,0.0,0.0,0.0,0.0,0.0,0.0,0.0,0.0,0.0,0.0,0.0,0.0,0.0,0.0,0.0,0.0,0.0,0.0,0.0,0.22061577643954516,0.004072642097740357,-0.003524818273739709,-0.005048864347202094,-0.005152227903981609,-0.012839101348911416,0.0,0.0,0.0,0.0,0.0,0.0,0.0,0.0,0.0,0.0,0.0,0.0,0.0,0.0,0.0,0.0,0.0,0.0,0.0,0.0,0.0,0.0,0.0,0.0,0.0,0.0,0.0,0.0,0.0,0.0,0.0,0.0,0.0,0.0,0.0,0.0
2600000000,2,600000000,Archimede_odom,Archimede_base_link,-38.376810610783394,43.61777249406066,337.44603086708025,-0.005671962513668516,-0.01648549082281998,-0.39820932050832286,0.917128886522431,0.0,0.0,0.0,0.0,0.0,0.0,0.0,0.0,0.0,0.0,0.0,0.0,0.0,0.0,0.0,0.0,0.0,0.0,0.0,0.0,0.0,0.0,0.0,0.0,0.0,0.0,0.0,0.0,0.0,0.0,0.0,0.0,0.0,0.0,0.0,0.0,0.22067037812374904,0.004043679942264444,-0.003632295503930359,-0.004981415316483221,-0.005179971522284523,-0.0127559050785019,0.0,0.0,0.0,0.0,0.0,0.0,0.0,0.0,0.0,0.0,0.0,0.0,0.0,0.0,0.0,0.0,0.0,0.0,0.0,0.0,0.0,0.0,0.0,0.0,0.0,0.0,0.0,0.0,0.0,0.0,0.0,0.0,0.0,0.0,0.0,0.0
2700000000,2,700000000,Archimede_odom,Archimede_base_link,-38.36145840185619,43.60191286640366,337.44643571854,-0.005993066595290566,-0.01662688284589658,-0.3987947171477617,0.9168698945295619,0.0,0.0,0.0,0.0,0.0,0.0,0.0,0.0,0.0,0.0,0.0,0.0,0.0,0.0,0.0,0.0,0.0,0.0,0.0,0.0,0.0,0.0,0.0,0.0,0.0,0.0,0.0,0.0,0.0,0.0,0.0,0.0,0.0,0.0,0.0,0.0,0.22071977052898362,0.004018493028454575,-0.0037402860955654295,-0.004960992411345293,-0.005179294534657266,-0.012678411053376812,0.0,0.0,0.0,0.0,0.0,0.0,0.0,0.0,0.0,0.0,0.0,0.0,0.0,0.0,0.0,0.0,0.0,0.0,0.0,0.0,0.0,0.0,0.0,0.0,0.0,0.0,0.0,0.0,0.0,0.0,0.0,0.0,0.0,0.0,0.0,0.0
2800000000,2,800000000,Archimede_odom,Archimede_base_link,-38.346125240163374,43.58602919997264,337.4468410633483,-0.006312477307605679,-0.0167697653397778,-0.3993768834234264,0.9166117130975802,0.0,0.0,0.0,0.0,0.0,0.0,0.0,0.0,0.0,0.0,0.0,0.0,0.0,0.0,0.0,0.0,0.0,0.0,0.0,0.0,0.0,0.0,0.0,0.0,0.0,0.0,0.0,0.0,0.0,0.0,0.0,0.0,0.0,0.0,0.0,0.0,0.22075191862042423,0.003999739359018954,-0.003848759247508557,-0.0049350769044059755,-0.005182274756151737,-0.012621606600023413,0.0,0.0,0.0,0.0,0.0,0.0,0.0,0.0,0.0,0.0,0.0,0.0,0.0,0.0,0.0,0.0,0.0,0.0,0.0,0.0,0.0,0.0,0.0,0.0,0.0,0.0,0.0,0.0,0.0,0.0,0.0,0.0,0.0,0.0,0.0,0.0
2900000000,2,900000000,Archimede_odom,Archimede_base_link,-38.330811918917405,43.57012324545939,337.44724684456367,-0.006630349474122082,-0.016913916648701413,-0.3999567689022642,0.9163539386605553,0.0,0.0,0.0,0.0,0.0,0.0,0.0,0.0,0.0,0.0,0.0,0.0,0.0,0.0,0.0,0.0,0.0,0.0,0.0,0.0,0.0,0.0,0.0,0.0,0.0,0.0,0.0,0.0,0.0,0.0,0.0,0.0,0.0,0.0,0.0,0.0,0.22076536928284218,0.003985491024385933,-0.00395759801308247,-0.004903776391114251,-0.005188702645158696,-0.012586562578793481,0.0,0.0,0.0,0.0,0.0,0.0,0.0,0.0,0.0,0.0,0.0,0.0,0.0,0.0,0.0,0.0,0.0,0.0,0.0,0.0,0.0,0.0,0.0,0.0,0.0,0.0,0.0,0.0,0.0,0.0,0.0,0.0,0.0,0.0,0.0,0.0
3000000000,3,0,Archimede_odom,Archimede_base_link,-38.315519307436894,43.554196726050634,337.4476530046184,-0.006946824968442887,-0.017059129846952598,-0.40053537199091366,0.9160961431508284,0.0,0.0,0.0,0.0,0.0,0.0,0.0,0.0,0.0,0.0,0.0,0.0,0.0,0.0,0.0,0.0,0.0,0.0,0.0,0.0,0.0,0.0,0.0,0.0,0.0,0.0,0.0,0.0,0.0,0.0,0.0,0.0,0.0,0.0,0.0,0.0,0.2207600518830671,0.003975473169626898,-0.004066727978583564,-0.004866440619256884,-0.00519894353601296,-0.012573885824062093,0.0,0.0,0.0,0.0,0.0,0.0,0.0,0.0,0.0,0.0,0.0,0.0,0.0,0.0,0.0,0.0,0.0,0.0,0.0,0.0,0.0,0.0,0.0,0.0,0.0,0.0,0.0,0.0,0.0,0.0,0.0,0.0,0.0,0.0,0.0,0.0
3100000000,3,100000000,Archimede_odom,Archimede_base_link,-38.30034258030866,43.53826075912848,337.4481072988042,-0.007157381553529708,-0.017252677580758928,-0.4010733936259477,0.915855474368613,0.0,0.0,0.0,0.0,0.0,0.0,0.0,0.0,0.0,0.0,0.0,0.0,0.0,0.0,0.0,0.0,0.0,0.0,0.0,0.0,0.0,0.0,0.0,0.0,0.0,0.0,0.0,0.0,0.0,0.0,0.0,0.0,0.0,0.0,0.0,0.0,0.21961734600961508,0.003119948302623807,-0.0036510653593089686,-0.0023725285506371583,-0.005273021683755092,-0.011129269809792203,0.0,0.0,0.0,0.0,0.0,0.0,0.0,0.0,0.0,0.0,0.0,0.0,0.0,0.0,0.0,0.0,0.0,0.0,0.0,0.0,0.0,0.0,0.0,0.0,0.0,0.0,0.0,0.0,0.0,0.0,0.0,0.0,0.0,0.0,0.0,0.0
3200000000,3,200000000,Archimede_odom,Archimede_base_link,-38.285267343011554,43.52254059554644,337.4486767763885,-0.007427034632173481,-0.017114429228481137,-0.40157955027292935,0.9156340973726064,0.0,0.0,0.0,0.0,0.0,0.0,0.0,0.0,0.0,0.0,0.0,0.0,0.0,0.0,0.0,0.0,0.0,0.0,0.0,0.0,0.0,0.0,0.0,0.0,0.0,0.0,0.0,0.0,0.0,0.0,0.0,0.0,0.0,0.0,0.0,0.0,0.21612071827842402,0.0056763337998760165,-0.002207074472632379,-0.009351837686653219,0.0028432475227309194,-0.01134680946997213,0.0,0.0,0.0,0.0,0.0,0.0,0.0,0.0,0.0,0.0,0.0,0.0,0.0,0.0,0.0,0.0,0.0,0.0,0.0,0.0,0.0,0.0,0.0,0.0,0.0,0.0,0.0,0.0,0.0,0.0,0.0,0.0,0.0,0.0,0.0,0.0
3300000000,3,300000000,Archimede_odom,Archimede_base_link,-38.270265479435714,43.50713088455634,337.44925856803087,-0.007789215818486172,-0.016800288206308106,-0.402137794976616,0.9153918681550887,0.0,0.0,0.0,0.0,0.0,0.0,0.0,0.0,0.0,0.0,0.0,0.0,0.0,0.0,0.0,0.0,0.0,0.0,0.0,0.0,0.0,0.0,0.0,0.0,0.0,0.0,0.0,0.0,0.0,0.0,0.0,0.0,0.0,0.0,0.0,0.0,0.2144519329415675,0.006258417943477652,-0.002143134907580501,-0.009385800576961326,0.0028431839953592486,-0.012397897671857757,0.0,0.0,0.0,0.0,0.0,0.0,0.0,0.0,0.0,0.0,0.0,0.0,0.0,0.0,0.0,0.0,0.0,0.0,0.0,0.0,0.0,0.0,0.0,0.0,0.0,0.0,0.0,0.0,0.0,0.0,0.0,0.0,0.0,0.0,0.0,0.0
3400000000,3,400000000,Archimede_odom,Archimede_base_link,-38.255332514406014,43.49178150973368,337.4498371485783,-0.00815040879809814,-0.016486608377830333,-0.402726747105438,0.9151354707072021,0.0,0.0,0.0,0.0,0.0,0.0,0.0,0.0,0.0,0.0,0.0,0.0,0.0,0.0,0.0,0.0,0.0,0.0,0.0,0.0,0.0,0.0,0.0,0.0,0.0,0.0,0.0,0.0,0.0,0.0,0.0,0.0,0.0,0.0,0.0,0.0,0.2139438921043671,0.006285770939380687,-0.0020735909385431787,-0.009361111510084607,0.002844337110068407,-0.012843530016875928,0.0,0.0,0.0,0.0,0.0,0.0,0.0,0.0,0.0,0.0,0.0,0.0,0.0,0.0,0.0,0.0,0.0,0.0,0.0,0.0,0.0,0.0,0.0,0.0,0.0,0.0,0.0,0.0,0.0,0.0,0.0,0.0,0.0,0.0,0.0,0.0
3500000000,3,500000000,Archimede_odom,Archimede_base_link,-38.240438797233324,43.47643366976594,337.45041505227215,-0.008509944118971977,-0.016173491963570496,-0.4033284678760815,0.9148727485336575,0.0,0.0,0.0,0.0,0.0,0.0,0.0,0.0,0.0,0.0,0.0,0.0,0.0,0.0,0.0,0.0,0.0,0.0,0.0,0.0,0.0,0.0,0.0,0.0,0.0,0.0,0.0,0.0,0.0,0.0,0.0,0.0,0.0,0.0,0.0,0.0,0.21378176660015344,0.006273468030475028,-0.0020038344248383137,-0.009328864224743202,0.0028484430885863275,-0.013030397582678896,0.0,0.0,0.0,0.0,0.0,0.0,0.0,0.0,0.0,0.0,0.0,0.0,0.0,0.0,0.0,0.0,0.0,0.0,0.0,0.0,0.0,0.0,0.0,0.0,0.0,0.0,0.0,0.0,0.0,0.0,0.0,0.0,0.0,0.0,0.0,0.0
3600000000,3,600000000,Archimede_odom,Archimede_base_link,-38.22555943109889,43.4610039899696,337.45096930971283,-0.008851819876728416,-0.01582940187712325,-0.40392761134084976,0.9146111524126294,0.0,0.0,0.0,0.0,0.0,0.0,0.0,0.0,0.0,0.0,0.0,0.0,0.0,0.0,0.0,0.0,0.0,0.0,0.0,0.0,0.0,0.0,0.0,0.0,0.0,0.0,0.0,0.0,0.0,0.0,0.0,0.0,0.0,0.0,0.0,0.0,0.21465447627162382,0.005785151021283531,-0.0022252229578603347,-0.0092793853747312,0.003692505243979022,-0.01305168350108015,0.0,0.0,0.0,0.0,0.0,0.0,0.0,0.0,0.0,0.0,0.0,0.0,0.0,0.0,0.0,0.0,0.0,0.0,0.0,0.0,0.0,0.0,0.0,0.0,0.0,0.0,0.0,0.0,0.0,0.0,0.0,0.0,0.0,0.0,0.0,0.0
3700000000,3,700000000,Archimede_odom,Archimede_base_link,-38.210809762477965,43.4455321458451,337.4516695901562,-0.009270265687036176,-0.01567113774417836,-0.4045173599729374,0.9143490488300514,0.0,0.0,0.0,0.0,0.0,0.0,0.0,0.0,0.0,0.0,0.0,0.0,0.0,0.0,0.0,0.0,0.0,0.0,0.0,0.0,0.0,0.0,0.0,0.0,0.0,0.0,0.0,0.0,0.0,0.0,0.0,0.0,0.0,0.0,0.0,0.0,0.2088616001244739,0.000621776896633333,0.004637459466561505,-0.01018763911385132,-0.016022992500637486,-0.010241786861325472,0.0,0.0,0.0,0.0,0.0,0.0,0.0,0.0,0.0,0.0,0.0,0.0,0.0,0.0,0.0,0.0,0.0,0.0,0.0,0.0,0.0,0.0,0.0,0.0,0.0,0.0,0.0,0.0,0.0,0.0,0.0,0.0,0.0,0.0,0.0,0.0
3800000000,3,800000000,Archimede_odom,Archimede_base_link,-38.19769234336695,43.43044804221132,337.45282343170965,-0.009874667522265134,-0.016158268491527523,-0.4047824686258569,0.9142169077378943,0.0,0.0,0.0,0.0,0.0,0.0,0.0,0.0,0.0,0.0,0.0,0.0,0.0,0.0,0.0,0.0,0.0,0.0,0.0,0.0,0.0,0.0,0.0,0.0,0.0,0.0,0.0,0.0,0.0,0.0,0.0,0.0,0.0,0.0,0.0,0.0,0.1952471574709322,-0.006110367710586319,0.0038584545303114977,-0.006712796052015446,-0.01325433626393814,-0.00307676293099963,0.0,0.0,0.0,0.0,0.0,0.0,0.0,0.0,0.0,0.0,0.0,0.0,0.0,0.0,0.0,0.0,0.0,0.0,0.0,0.0,0.0,0.0,0.0,0.0,0.0,0.0,0.0,0.0,0.0,0.0,0.0,0.0,0.0,0.0,0.0,0.0
3900000000,3,900000000,Archimede_odom,Archimede_base_link,-38.18526049382266,43.4157844390727,337.45392543734016,-0.010432370592053878,-0.01662141266814211,-0.4048358662882249,0.9141787656970642,0.0,0.0,0.0,0.0,0.0,0.0,0.0,0.0,0.0,0.0,0.0,0.0,0.0,0.0,0.0,0.0,0.0,0.0,0.0,0.0,0.0,0.0,0.0,0.0,0.0,0.0,0.0,0.0,0.0,0.0,0.0,0.0,0.0,0.0,0.0,0.0,0.190817253062465,-0.0067109419607196494,0.003483399727705496,-0.006341301740755502,-0.012838915406332804,-4.419480122776481e-05,0.0,0.0,0.0,0.0,0.0,0.0,0.0,0.0,0.0,0.0,0.0,0.0,0.0,0.0,0.0,0.0,0.0,0.0,0.0,0.0,0.0,0.0,0.0,0.0,0.0,0.0,0.0,0.0,0.0,0.0,0.0,0.0,0.0,0.0,0.0,0.0
4000000000,4,0,Archimede_odom,Archimede_base_link,-38.17301376320768,43.40129393799458,337.4550113121662,-0.010977598573436387,-0.017077307016415758,-0.4047997512793031,0.9141799709460069,0.0,0.0,0.0,0.0,0.0,0.0,0.0,0.0,0.0,0.0,0.0,0.0,0.0,0.0,0.0,0.0,0.0,0.0,0.0,0.0,0.0,0.0,0.0,0.0,0.0,0.0,0.0,0.0,0.0,0.0,0.0,0.0,0.0,0.0,0.0,0.0,0.1893606345909535,-0.006767401725774891,0.0032011527016859833,-0.0062210382976799735,-0.012711542249252606,0.001249467342122762,0.0,0.0,0.0,0.0,0.0,0.0,0.0,0.0,0.0,0.0,0.0,0.0,0.0,0.0,0.0,0.0,0.0,0.0,0.0,0.0,0.0,0.0,0.0,0.0,0.0,0.0,0.0,0.0,0.0,0.0,0.0,0.0,0.0,0.0,0.0,0.0
4100000000,4,100000000,Archimede_odom,Archimede_base_link,-38.16082267303446,43.38686619441536,337.4560918276713,-0.011518825960636688,-0.01753091918943727,-0.4047250861471163,0.9141977839417854,0.0,0.0,0.0,0.0,0.0,0.0,0.0,0.0,0.0,0.0,0.0,0.0,0.0,0.0,0.0,0.0,0.0,0.0,0.0,0.0,0.0,0.0,0.0,0.0,0.0,0.0,0.0,0.0,0.0,0.0,0.0,0.0,0.0,0.0,0.0,0.0,0.1888753415826518,-0.006764653206361595,0.002945671647420485,-0.00617794028706169,-0.012671904765663017,0.001807283868635649,0.0,0.0,0.0,0.0,0.0,0.0,0.0,0.0,0.0,0.0,0.0,0.0,0.0,0.0,0.0,0.0,0.0,0.0,0.0,0.0,0.0,0.0,0.0,0.0,0.0,0.0,0.0,0.0,0.0,0.0,0.0,0.0,0.0,0.0,0.0,0.0
4201000000,4,200000000,Archimede_odom,Archimede_base_link,-38.148647473438274,43.37246230602176,337.45717048718876,-0.012058763367534598,-0.017983866008568883,-0.4046336677742537,0.9142224902576979,0.0,0.0,0.0,0.0,0.0,0.0,0.0,0.0,0.0,0.0,0.0,0.0,0.0,0.0,0.0,0.0,0.0,0.0,0.0,0.0,0.0,0.0,0.0,0.0,0.0,0.0,0.0,0.0,0.0,0.0,0.0,0.0,0.0,0.0,0.0,0.0,0.18870685331684095,-0.006756738518294758,0.002698476304641432,-0.006162479397639825,-0.012661061154552154,0.0020485485584169406,0.0,0.0,0.0,0.0,0.0,0.0,0.0,0.0,0.0,0.0,0.0,0.0,0.0,0.0,0.0,0.0,0.0,0.0,0.0,0.0,0.0,0.0,0.0,0.0,0.0,0.0,0.0,0.0,0.0,0.0,0.0,0.0,0.0,0.0,0.0,0.0
4300000000,4,300000000,Archimede_odom,Archimede_base_link,-38.13647508451401,43.3580691169519,337.45824847018054,-0.012598379347148475,-0.018436694581395404,-0.4045349230311343,0.9142498920858192,0.0,0.0,0.0,0.0,0.0,0.0,0.0,0.0,0.0,0.0,0.0,0.0,0.0,0.0,0.0,0.0,0.0,0.0,0.0,0.0,0.0,0.0,0.0,0.0,0.0,0.0,0.0,0.0,0.0,0.0,0.0,0.0,0.0,0.0,0.0,0.0,0.18865242887344882,-0.0067441562646144175,0.0024542256062854567,-0.0061586901504756516,-0.012661118293999176,0.002151337776520369,0.0,0.0,0.0,0.0,0.0,0.0,0.0,0.0,0.0,0.0,0.0,0.0,0.0,0.0,0.0,0.0,0.0,0.0,0.0,0.0,0.0,0.0,0.0,0.0,0.0,0.0,0.0,0.0,0.0,0.0,0.0,0.0,0.0,0.0,0.0,0.0
4400000000,4,400000000,Archimede_odom,Archimede_base_link,-38.1243008581482,43.343682049746725,337.45932619740154,-0.013138049062457715,-0.01888960067152988,-0.40443292879669934,0.914278174713925,0.0,0.0,0.0,0.0,0.0,0.0,0.0,0.0,0.0,0.0,0.0,0.0,0.0,0.0,0.0,0.0,0.0,0.0,0.0,0.0,0.0,0.0,0.0,0.0,0.0,0.0,0.0,0.0,0.0,0.0,0.0,0.0,0.0,0.0,0.0,0.0,0.1886340143921869,-0.006731438191907956,0.0022108459203679055,-0.006159273901768239,-0.012664768837057023,0.002195435212144312,0.0,0.0,0.0,0.0,0.0,0.0,0.0,0.0,0.0,0.0,0.0,0.0,0.0,0.0,0.0,0.0,0.0,0.0,0.0,0.0,0.0,0.0,0.0,0.0,0.0,0.0,0.0,0.0,0.0,0.0,0.0,0.0,0.0,0.0,0.0,0.0
4500000000,4,500000000,Archimede_odom,Archimede_base_link,-38.112122076871955,43.32929922425493,337.46040387698787,-0.013681774714755079,-0.01934317496770753,-0.40432994505107134,0.9143062649669536,0.0,0.0,0.0,0.0,0.0,0.0,0.0,0.0,0.0,0.0,0.0,0.0,0.0,0.0,0.0,0.0,0.0,0.0,0.0,0.0,0.0,0.0,0.0,0.0,0.0,0.0,0.0,0.0,0.0,0.0,0.0,0.0,0.0,0.0,0.0,0.0,0.18867026784523178,-0.006691243080706443,0.0019680210188117086,-0.006436723864259221,-0.012838038854145153,0.002173264076621729,0.0,0.0,0.0,0.0,0.0,0.0,0.0,0.0,0.0,0.0,0.0,0.0,0.0,0.0,0.0,0.0,0.0,0.0,0.0,0.0,0.0,0.0,0.0,0.0,0.0,0.0,0.0,0.0,0.0,0.0,0.0,0.0,0.0,0.0,0.0,0.0
4600000000,4,600000000,Archimede_odom,Archimede_base_link,-38.09992210640988,43.31490971392134,337.46148267466015,-0.014261011287073973,-0.019801893126667858,-0.40423332958525476,0.9143303144039843,0.0,0.0,0.0,0.0,0.0,0.0,0.0,0.0,0.0,0.0,0.0,0.0,0.0,0.0,0.0,0.0,0.0,0.0,0.0,0.0,0.0,0.0,0.0,0.0,0.0,0.0,0.0,0.0,0.0,0.0,0.0,0.0,0.0,0.0,0.0,0.0,0.1889039307864343,-0.006747334031862717,0.0017162172452144092,-0.007035106417494874,-0.013213694449795657,0.0020985891267094846,0.0,0.0,0.0,0.0,0.0,0.0,0.0,0.0,0.0,0.0,0.0,0.0,0.0,0.0,0.0,0.0,0.0,0.0,0.0,0.0,0.0,0.0,0.0,0.0,0.0,0.0,0.0,0.0,0.0,0.0,0.0,0.0,0.0,0.0,0.0,0.0
4700000000,4,700000000,Archimede_odom,Archimede_base_link,-38.08774525658929,43.3005082916442,337.4625602566757,-0.01485034132238332,-0.02026192655334299,-0.40411890108925685,0.91436143590889,0.0,0.0,0.0,0.0,0.0,0.0,0.0,0.0,0.0,0.0,0.0,0.0,0.0,0.0,0.0,0.0,0.0,0.0,0.0,0.0,0.0,0.0,0.0,0.0,0.0,0.0,0.0,0.0,0.0,0.0,0.0,0.0,0.0,0.0,0.0,0.0,0.1886863459298173,-0.007006056529351115,0.0014503650654783052,-0.006987331380578441,-0.013190646789969734,0.002662501039120151,0.0,0.0,0.0,0.0,0.0,0.0,0.0,0.0,0.0,0.0,0.0,0.0,0.0,0.0,0.0,0.0,0.0,0.0,0.0,0.0,0.0,0.0,0.0,0.0,0.0,0.0,0.0,0.0,0.0,0.0,0.0,0.0,0.0,0.0,0.0,0.0
4800000000,4,800000000,Archimede_odom,Archimede_base_link,-38.075578722777045,43.28611520704022,337.46363676590425,-0.015438751983103861,-0.02072181934766322,-0.403987353188557,0.9143995131253249,0.0,0.0,0.0,0.0,0.0,0.0,0.0,0.0,0.0,0.0,0.0,0.0,0.0,0.0,0.0,0.0,0.0,0.0,0.0,0.0,0.0,0.0,0.0,0.0,0.0,0.0,0.0,0.0,0.0,0.0,0.0,0.0,0.0,0.0,0.0,0.0,0.1886068396669852,-0.00701009083844256,0.0011951936482917063,-0.0069738670205638275,-0.01318994850485732,0.002909871423309303,0.0,0.0,0.0,0.0,0.0,0.0,0.0,0.0,0.0,0.0,0.0,0.0,0.0,0.0,0.0,0.0,0.0,0.0,0.0,0.0,0.0,0.0,0.0,0.0,0.0,0.0,0.0,0.0,0.0,0.0,0.0,0.0,0.0,0.0,0.0,0.0
4900000000,4,900000000,Archimede_odom,Archimede_base_link,-38.0634103345282,43.27173001616097,337.46471293142076,-0.01602701828523278,-0.021181845747785075,-0.4038482148320659,0.9144403115964187,0.0,0.0,0.0,0.0,0.0,0.0,0.0,0.0,0.0,0.0,0.0,0.0,0.0,0.0,0.0,0.0,0.0,0.0,0.0,0.0,0.0,0.0,0.0,0.0,0.0,0.0,0.0,0.0,0.0,0.0,0.0,0.0,0.0,0.0,0.0,0.0,0.18858000527153712,-0.006993598807854046,0.0009417090800110947,-0.006969495829224011,-0.013194139206572563,0.003016363701072716,0.0,0.0,0.0,0.0,0.0,0.0,0.0,0.0,0.0,0.0,0.0,0.0,0.0,0.0,0.0,0.0,0.0,0.0,0.0,0.0,0.0,0.0,0.0,0.0,0.0,0.0,0.0,0.0,0.0,0.0,0.0,0.0,0.0,0.0,0.0,0.0
5001000000,5,0,Archimede_odom,Archimede_base_link,-38.051237456191046,43.25735098414173,337.4657889716052,-0.01661534243931785,-0.02164208180946564,-0.40370569009211205,0.9144819661851338,0.0,0.0,0.0,0.0,0.0,0.0,0.0,0.0,0.0,0.0,0.0,0.0,0.0,0.0,0.0,0.0,0.0,0.0,0.0,0.0,0.0,0.0,0.0,0.0,0.0,0.0,0.0,0.0,0.0,0.0,0.0,0.0,0.0,0.0,0.0,0.0,0.18856902199549536,-0.0069764786922588435,0.0006885696602702351,-0.006968325232706391,-0.013199559574143187,0.0030623306569589224,0.0,0.0,0.0,0.0,0.0,0.0,0.0,0.0,0.0,0.0,0.0,0.0,0.0,0.0,0.0,0.0,0.0,0.0,0.0,0.0,0.0,0.0,0.0,0.0,0.0,0.0,0.0,0.0,0.0,0.0,0.0,0.0,0.0,0.0,0.0,0.0
5100000000,5,100000000,Archimede_odom,Archimede_base_link,-38.039058732501964,43.24297704118889,337.46686500213053,-0.017204076908206297,-0.02210259985398128,-0.40356184236382026,0.9145235558504496,0.0,0.0,0.0,0.0,0.0,0.0,0.0,0.0,0.0,0.0,0.0,0.0,0.0,0.0,0.0,0.0,0.0,0.0,0.0,0.0,0.0,0.0,0.0,0.0,0.0,0.0,0.0,0.0,0.0,0.0,0.0,0.0,0.0,0.0,0.0,0.0,0.18859175468910622,-0.006953882558485246,0.0004358063297182755,-0.006966422798511268,-0.013204852524159566,0.0030612566179741437,0.0,0.0,0.0,0.0,0.0,0.0,0.0,0.0,0.0,0.0,0.0,0.0,0.0,0.0,0.0,0.0,0.0,0.0,0.0,0.0,0.0,0.0,0.0,0.0,0.0,0.0,0.0,0.0,0.0,0.0,0.0,0.0,0.0,0.0,0.0,0.0
5200000000,5,200000000,Archimede_odom,Archimede_base_link,-38.02687273294548,43.228614309030085,337.46795940759847,-0.017620751207734466,-0.0225197200350284,-0.4034332631666436,0.9145621758563672,0.0,0.0,0.0,0.0,0.0,0.0,0.0,0.0,0.0,0.0,0.0,0.0,0.0,0.0,0.0,0.0,0.0,0.0,0.0,0.0,0.0,0.0,0.0,0.0,0.0,0.0,0.0,0.0,0.0,0.0,0.0,0.0,0.0,0.0,0.0,0.0,0.18808954852977072,-0.006586458187390789,0.0006458092348651966,-0.0030591666928994846,-0.00968525743108512,0.002077674487102317,0.0,0.0,0.0,0.0,0.0,0.0,0.0,0.0,0.0,0.0,0.0,0.0,0.0,0.0,0.0,0.0,0.0,0.0,0.0,0.0,0.0,0.0,0.0,0.0,0.0,0.0,0.0,0.0,0.0,0.0,0.0,0.0,0.0,0.0,0.0,0.0
5300000000,5,300000000,Archimede_odom,Archimede_base_link,-38.014722421826846,43.21435157242867,337.46907187052534,-0.017877600406861052,-0.022887627087385953,-0.4033629608623851,0.9145790669670564,0.0,0.0,0.0,0.0,0.0,0.0,0.0,0.0,0.0,0.0,0.0,0.0,0.0,0.0,0.0,0.0,0.0,0.0,0.0,0.0,0.0,0.0,0.0,0.0,0.0,0.0,0.0,0.0,0.0,0.0,0.0,0.0,0.0,0.0,0.0,0.0,0.18728969817275035,-0.0066610300614942915,0.00047875178623334755,-6.00679494278921e-05,-0.007806689680015778,0.0010498872183723397,0.0,0.0,0.0,0.0,0.0,0.0,0.0,0.0,0.0,0.0,0.0,0.0,0.0,0.0,0.0,0.0,0.0,0.0,0.0,0.0,0.0,0.0,0.0,0.0,0.0,0.0,0.0,0.0,0.0,0.0,0.0,0.0,0.0,0.0,0.0,0.0
5400000000,5,400000000,Archimede_odom,Archimede_base_link,-38.0026236215565,43.200119118697096,337.4701808733359,-0.018038877859365,-0.023241936333721017,-0.40331437634208717,0.9145883910901272,0.0,0.0,0.0,0.0,0.0,0.0,0.0,0.0,0.0,0.0,0.0,0.0,0.0,0.0,0.0,0.0,0.0,0.0,0.0,0.0,0.0,0.0,0.0,0.0,0.0,0.0,0.0,0.0,0.0,0.0,0.0,0.0,0.0,0.0,0.0,0.0,0.18684769478983515,-0.006745200360405201,0.00032848052538189085,-7.076660756883154e-05,-0.007789060397797444,0.0008242911124690441,0.0,0.0,0.0,0.0,0.0,0.0,0.0,0.0,0.0,0.0,0.0,0.0,0.0,0.0,0.0,0.0,0.0,0.0,0.0,0.0,0.0,0.0,0.0,0.0,0.0,0.0,0.0,0.0,0.0,0.0,0.0,0.0,0.0,0.0,0.0,0.0
5500000000,5,500000000,Archimede_odom,Archimede_base_link,-37.9904285115205,43.185861645872215,337.4712537246273,-0.0181171377814055,-0.023637324346538775,-0.40330012921499564,0.9145829934956772,0.0,0.0,0.0,0.0,0.0,0.0,0.0,0.0,0.0,0.0,0.0,0.0,0.0,0.0,0.0,0.0,0.0,0.0,0.0,0.0,0.0,0.0,0.0,0.0,0.0,0.0,0.0,0.0,0.0,0.0,0.0,0.0,0.0,0.0,0.0,0.0,0.190415942486241,-0.004846508587891784,-0.0009323725480448099,0.005118381961911205,-0.008037541082017919,-0.0013859432777906988,0.0,0.0,0.0,0.0,0.0,0.0,0.0,0.0,0.0,0.0,0.0,0.0,0.0,0.0,0.0,0.0,0.0,0.0,0.0,0.0,0.0,0.0,0.0,0.0,0.0,0.0,0.0,0.0,0.0,0.0,0.0,0.0,0.0,0.0,0.0,0.0
5600000000,5,600000000,Archimede_odom,Archimede_base_link,-37.97784058140215,43.171419392301736,337.47225574583246,-0.018032689903764228,-0.02408840359515251,-0.40337175131165803,0.9145413064213326,0.0,0.0,0.0,0.0,0.0,0.0,0.0,0.0,0.0,0.0,0.0,0.0,0.0,0.0,0.0,0.0,0.0,0.0,0.0,0.0,0.0,0.0,0.0,0.0,0.0,0.0,0.0,0.0,0.0,0.0,0.0,0.0,0.0,0.0,0.0,0.0,0.19314363754767053,-0.004648901109472943,-0.001531279265718812,0.005145870533144272,-0.006947666164201174,-0.0027181684602823183,0.0,0.0,0.0,0.0,0.0,0.0,0.0,0.0,0.0,0.0,0.0,0.0,0.0,0.0,0.0,0.0,0.0,0.0,0.0,0.0,0.0,0.0,0.0,0.0,0.0,0.0,0.0,0.0,0.0,0.0,0.0,0.0,0.0,0.0,0.0,0.0
5700000000,5,700000000,Archimede_odom,Archimede_base_link,-37.96515211835933,43.15680054008612,337.47324238743994,-0.017932819858922994,-0.024512121644368636,-0.40351643479140537,0.9144681824523107,0.0,0.0,0.0,0.0,0.0,0.0,0.0,0.0,0.0,0.0,0.0,0.0,0.0,0.0,0.0,0.0,0.0,0.0,0.0,0.0,0.0,0.0,0.0,0.0,0.0,0.0,0.0,0.0,0.0,0.0,0.0,0.0,0.0,0.0,0.0,0.0,0.19410215675953849,-0.004988409857858332,-0.0016961122306876463,0.005147717742341288,-0.0069179664661826205,-0.003877987683248025,0.0,0.0,0.0,0.0,0.0,0.0,0.0,0.0,0.0,0.0,0.0,0.0,0.0,0.0,0.0,0.0,0.0,0.0,0.0,0.0,0.0,0.0,0.0,0.0,0.0,0.0,0.0,0.0,0.0,0.0,0.0,0.0,0.0,0.0,0.0,0.0
5800000000,5,800000000,Archimede_odom,Archimede_base_link,-37.952440946441634,43.14212838026705,337.47423064788234,-0.017831925789395,-0.0249357075405484,-0.40369518806468774,0.9143798051387126,0.0,0.0,0.0,0.0,0.0,0.0,0.0,0.0,0.0,0.0,0.0,0.0,0.0,0.0,0.0,0.0,0.0,0.0,0.0,0.0,0.0,0.0,0.0,0.0,0.0,0.0,0.0,0.0,0.0,0.0,0.0,0.0,0.0,0.0,0.0,0.0,0.19441607435827732,-0.005027846720734438,-0.0018395275014546086,0.005141849613138914,-0.006908171179735569,-0.004371823204808997,0.0,0.0,0.0,0.0,0.0,0.0,0.0,0.0,0.0,0.0,0.0,0.0,0.0,0.0,0.0,0.0,0.0,0.0,0.0,0.0,0.0,0.0,0.0,0.0,0.0,0.0,0.0,0.0,0.0,0.0,0.0,0.0,0.0,0.0,0.0,0.0
5900000000,5,900000000,Archimede_odom,Archimede_base_link,-37.93972567331208,43.12743618584021,337.47521928301563,-0.017730702434290615,-0.025359131359621784,-0.4038884286363282,0.9142847881604231,0.0,0.0,0.0,0.0,0.0,0.0,0.0,0.0,0.0,0.0,0.0,0.0,0.0,0.0,0.0,0.0,0.0,0.0,0.0,0.0,0.0,0.0,0.0,0.0,0.0,0.0,0.0,0.0,0.0,0.0,0.0,0.0,0.0,0.0,0.0,0.0,0.1945160188125567,-0.0050410528640931086,-0.0019772990789135,0.0051379813152309575,-0.006902006320259453,-0.004582977641877475,0.0,0.0,0.0,0.0,0.0,0.0,0.0,0.0,0.0,0.0,0.0,0.0,0.0,0.0,0.0,0.0,0.0,0.0,0.0,0.0,0.0,0.0,0.0,0.0,0.0,0.0,0.0,0.0,0.0,0.0,0.0,0.0,0.0,0.0,0.0,0.0
6000000000,6,0,Archimede_odom,Archimede_base_link,-37.92701388739083,43.11273318453167,337.4762078897453,-0.017629323941330235,-0.025782375885920986,-0.4040878506755613,0.9141867888825861,0.0,0.0,0.0,0.0,0.0,0.0,0.0,0.0,0.0,0.0,0.0,0.0,0.0,0.0,0.0,0.0,0.0,0.0,0.0,0.0,0.0,0.0,0.0,0.0,0.0,0.0,0.0,0.0,0.0,0.0,0.0,0.0,0.0,0.0,0.0,0.0,0.19454996639595107,-0.005050086123688216,-0.002113114014033794,0.005135944260396081,-0.006897417060442104,-0.00467494101767877,0.0,0.0,0.0,0.0,0.0,0.0,0.0,0.0,0.0,0.0,0.0,0.0,0.0,0.0,0.0,0.0,0.0,0.0,0.0,0.0,0.0,0.0,0.0,0.0,0.0,0.0,0.0,0.0,0.0,0.0,0.0,0.0,0.0,0.0,0.0,0.0
6100000000,6,100000000,Archimede_odom,Archimede_base_link,-37.914350226320394,43.098029707951135,337.4772305987642,-0.017547890272902798,-0.026249889250139172,-0.4042954645914296,0.9140832523201186,0.0,0.0,0.0,0.0,0.0,0.0,0.0,0.0,0.0,0.0,0.0,0.0,0.0,0.0,0.0,0.0,0.0,0.0,0.0,0.0,0.0,0.0,0.0,0.0,0.0,0.0,0.0,0.0,0.0,0.0,0.0,0.0,0.0,0.0,0.0,0.0,0.19309639924196859,-0.006282377951114903,-0.0011851862021331912,0.005126561256614802,-0.009762403598563422,-0.005387488297822983,0.0,0.0,0.0,0.0,0.0,0.0,0.0,0.0,0.0,0.0,0.0,0.0,0.0,0.0,0.0,0.0,0.0,0.0,0.0,0.0,0.0,0.0,0.0,0.0,0.0,0.0,0.0,0.0,0.0,0.0,0.0,0.0,0.0,0.0,0.0,0.0
6200000000,6,200000000,Archimede_odom,Archimede_base_link,-37.90201040684121,43.08340334425398,337.47830783868415,-0.017501783373478026,-0.02679677404321077,-0.4045648813516108,0.9139490561604525,0.0,0.0,0.0,0.0,0.0,0.0,0.0,0.0,0.0,0.0,0.0,0.0,0.0,0.0,0.0,0.0,0.0,0.0,0.0,0.0,0.0,0.0,0.0,0.0,0.0,0.0,0.0,0.0,0.0,0.0,0.0,0.0,0.0,0.0,0.0,0.0,0.19064094782903393,-0.007411729126051353,-0.001397288117000383,0.005040488037151537,-0.00951915085350507,-0.0067521421156870156,0.0,0.0,0.0,0.0,0.0,0.0,0.0,0.0,0.0,0.0,0.0,0.0,0.0,0.0,0.0,0.0,0.0,0.0,0.0,0.0,0.0,0.0,0.0,0.0,0.0,0.0,0.0,0.0,0.0,0.0,0.0,0.0,0.0,0.0,0.0,0.0
6300000000,6,300000000,Archimede_odom,Archimede_base_link,-37.88980606493403,43.068845510738896,337.4793754271292,-0.017454790454713952,-0.027337355667799955,-0.4048758837882427,0.9137962125123761,0.0,0.0,0.0,0.0,0.0,0.0,0.0,0.0,0.0,0.0,0.0,0.0,0.0,0.0,0.0,0.0,0.0,0.0,0.0,0.0,0.0,0.0,0.0,0.0,0.0,0.0,0.0,0.0,0.0,0.0,0.0,0.0,0.0,0.0,0.0,0.0,0.18981324850772746,-0.007558976814585042,-0.0015802319262877853,0.004995352475630243,-0.009447956726782059,-0.007378295529352578,0.0,0.0,0.0,0.0,0.0,0.0,0.0,0.0,0.0,0.0,0.0,0.0,0.0,0.0,0.0,0.0,0.0,0.0,0.0,0.0,0.0,0.0,0.0,0.0,0.0,0.0,0.0,0.0,0.0,0.0,0.0,0.0,0.0,0.0,0.0,0.0
6400000000,6,400000000,Archimede_odom,Archimede_base_link,-37.877649347231724,43.054308903285104,337.48043961208776,-0.017407699356332386,-0.027875690802707076,-0.4052059654203269,0.913634524004633,0.0,0.0,0.0,0.0,0.0,0.0,0.0,0.0,0.0,0.0,0.0,0.0,0.0,0.0,0.0,0.0,0.0,0.0,0.0,0.0,0.0,0.0,0.0,0.0,0.0,0.0,0.0,0.0,0.0,0.0,0.0,0.0,0.0,0.0,0.0,0.0,0.1895416150356522,-0.007596287789799865,-0.0017606492062672888,0.004975039026976535,-0.0094193684479111,-0.00766767434790081,0.0,0.0,0.0,0.0,0.0,0.0,0.0,0.0,0.0,0.0,0.0,0.0,0.0,0.0,0.0,0.0,0.0,0.0,0.0,0.0,0.0,0.0,0.0,0.0,0.0,0.0,0.0,0.0,0.0,0.0,0.0,0.0,0.0,0.0,0.0,0.0
6500000000,6,500000000,Archimede_odom,Archimede_base_link,-37.86551550994025,43.03977227996773,337.4815024069407,-0.01736054811807973,-0.02841299511536469,-0.4055448626643467,0.9134684873843051,0.0,0.0,0.0,0.0,0.0,0.0,0.0,0.0,0.0,0.0,0.0,0.0,0.0,0.0,0.0,0.0,0.0,0.0,0.0,0.0,0.0,0.0,0.0,0.0,0.0,0.0,0.0,0.0,0.0,0.0,0.0,0.0,0.0,0.0,0.0,0.0,0.18946020474263583,-0.0076156915140595015,-0.0019408086670492156,0.004965406870740456,-0.00940423574295545,-0.007805002191043897,0.0,0.0,0.0,0.0,0.0,0.0,0.0,0.0,0.0,0.0,0.0,0.0,0.0,0.0,0.0,0.0,0.0,0.0,0.0,0.0,0.0,0.0,0.0,0.0,0.0,0.0,0.0,0.0,0.0,0.0,0.0,0.0,0.0,0.0,0.0,0.0
6600000000,6,600000000,Archimede_odom,Archimede_base_link,-37.85339689423153,43.02522808427751,337.48256447173094,-0.017313321452654906,-0.028949664892222983,-0.405887911536711,0.9133001527818071,0.0,0.0,0.0,0.0,0.0,0.0,0.0,0.0,0.0,0.0,0.0,0.0,0.0,0.0,0.0,0.0,0.0,0.0,0.0,0.0,0.0,0.0,0.0,0.0,0.0,0.0,0.0,0.0,0.0,0.0,0.0,0.0,0.0,0.0,0.0,0.0,0.1894401703133044,-0.007630937478678652,-0.002120799150498341,0.004960130998257201,-0.00939349497443421,-0.007872458386581387,0.0,0.0,0.0,0.0,0.0,0.0,0.0,0.0,0.0,0.0,0.0,0.0,0.0,0.0,0.0,0.0,0.0,0.0,0.0,0.0,0.0,0.0,0.0,0.0,0.0,0.0,0.0,0.0,0.0,0.0,0.0,0.0,0.0,0.0,0.0,0.0
6701000000,6,700000000,Archimede_odom,Archimede_base_link,-37.841290543517765,43.01067339230215,337.4836260606385,-0.017266276046463993,-0.029485887662906742,-0.4062331803721867,0.91313036380624,0.0,0.0,0.0,0.0,0.0,0.0,0.0,0.0,0.0,0.0,0.0,0.0,0.0,0.0,0.0,0.0,0.0,0.0,0.0,0.0,0.0,0.0,0.0,0.0,0.0,0.0,0.0,0.0,0.0,0.0,0.0,0.0,0.0,0.0,0.0,0.0,0.1894677400043327,-0.007641716528037741,-0.002300887309524557,0.004961358535325993,-0.009382903287944399,-0.007925760806335773,0.0,0.0,0.0,0.0,0.0,0.0,0.0,0.0,0.0,0.0,0.0,0.0,0.0,0.0,0.0,0.0,0.0,0.0,0.0,0.0,0.0,0.0,0.0,0.0,0.0,0.0,0.0,0.0,0.0,0.0,0.0,0.0,0.0,0.0,0.0,0.0
6800000000,6,800000000,Archimede_odom,Archimede_base_link,-37.82919556466707,42.99610700252654,337.48468726432804,-0.017218709565935235,-0.03002162672355108,-0.406579866321679,0.9129594899400528,0.0,0.0,0.0,0.0,0.0,0.0,0.0,0.0,0.0,0.0,0.0,0.0,0.0,0.0,0.0,0.0,0.0,0.0,0.0,0.0,0.0,0.0,0.0,0.0,0.0,0.0,0.0,0.0,0.0,0.0,0.0,0.0,0.0,0.0,0.0,0.0,0.18945733292125702,-0.007658216893490263,-0.002480338431187972,0.00495564012117175,-0.009375032200869889,-0.007938407201491655,0.0,0.0,0.0,0.0,0.0,0.0,0.0,0.0,0.0,0.0,0.0,0.0,0.0,0.0,0.0,0.0,0.0,0.0,0.0,0.0,0.0,0.0,0.0,0.0,0.0,0.0,0.0,0.0,0.0,0.0,0.0,0.0,0.0,0.0,0.0,0.0
6900000000,6,900000000,Archimede_odom,Archimede_base_link,-37.81711306303139,42.98153001305189,337.4857479952915,-0.01717115200740031,-0.030556912131565382,-0.40692695644460014,0.9127879703296145,0.0,0.0,0.0,0.0,0.0,0.0,0.0,0.0,0.0,0.0,0.0,0.0,0.0,0.0,0.0,0.0,0.0,0.0,0.0,0.0,0.0,0.0,0.0,0.0,0.0,0.0,0.0,0.0,0.0,0.0,0.0,0.0,0.0,0.0,0.0,0.0,0.1894611939514106,-0.007671925873897194,-0.0026596289513865306,0.004952153484534462,-0.009366971823568982,-0.007950714999783877,0.0,0.0,0.0,0.0,0.0,0.0,0.0,0.0,0.0,0.0,0.0,0.0,0.0,0.0,0.0,0.0,0.0,0.0,0.0,0.0,0.0,0.0,0.0,0.0,0.0,0.0,0.0,0.0,0.0,0.0,0.0,0.0,0.0,0.0,0.0,0.0
7000000000,7,0,Archimede_odom,Archimede_base_link,-37.805042452851204,42.966941872871246,337.4868083014081,-0.017123537299738447,-0.03109176232499507,-0.40727442955634113,0.9126158150149642,0.0,0.0,0.0,0.0,0.0,0.0,0.0,0.0,0.0,0.0,0.0,0.0,0.0,0.0,0.0,0.0,0.0,0.0,0.0,0.0,0.0,0.0,0.0,0.0,0.0,0.0,0.0,0.0,0.0,0.0,0.0,0.0,0.0,0.0,0.0,0.0,0.18946879945521958,-0.0076856497049891765,-0.002838732937553423,0.004949513679534686,-0.009358709887810835,-0.007962202703356649,0.0,0.0,0.0,0.0,0.0,0.0,0.0,0.0,0.0,0.0,0.0,0.0,0.0,0.0,0.0,0.0,0.0,0.0,0.0,0.0,0.0,0.0,0.0,0.0,0.0,0.0,0.0,0.0,0.0,0.0,0.0,0.0,0.0,0.0,0.0,0.0
7100000000,7,100000000,Archimede_odom,Archimede_base_link,-37.79298372650655,42.952342511442914,337.48786818580726,-0.017075839341166316,-0.031626176321055334,-0.40762221849897107,0.9124430544796104,0.0,0.0,0.0,0.0,0.0,0.0,0.0,0.0,0.0,0.0,0.0,0.0,0.0,0.0,0.0,0.0,0.0,0.0,0.0,0.0,0.0,0.0,0.0,0.0,0.0,0.0,0.0,0.0,0.0,0.0,0.0,0.0,0.0,0.0,0.0,0.0,0.1894765734634515,-0.007699582069274072,-0.0030176097081000023,0.004947197897980459,-0.00935032136270995,-0.007972637113557165,0.0,0.0,0.0,0.0,0.0,0.0,0.0,0.0,0.0,0.0,0.0,0.0,0.0,0.0,0.0,0.0,0.0,0.0,0.0,0.0,0.0,0.0,0.0,0.0,0.0,0.0,0.0,0.0,0.0,0.0,0.0,0.0,0.0,0.0,0.0,0.0
7200000000,7,200000000,Archimede_odom,Archimede_base_link,-37.78093665282224,42.937731828957766,337.4889276582101,-0.017029317324902423,-0.03216032009374963,-0.4079703655626635,0.912269640504156,0.0,0.0,0.0,0.0,0.0,0.0,0.0,0.0,0.0,0.0,0.0,0.0,0.0,0.0,0.0,0.0,0.0,0.0,0.0,0.0,0.0,0.0,0.0,0.0,0.0,0.0,0.0,0.0,0.0,0.0,0.0,0.0,0.0,0.0,0.0,0.0,0.189491264384858,-0.007701436704115149,-0.003196655891455718,0.004726385129680072,-0.009475130791836766,-0.007985074331842564,0.0,0.0,0.0,0.0,0.0,0.0,0.0,0.0,0.0,0.0,0.0,0.0,0.0,0.0,0.0,0.0,0.0,0.0,0.0,0.0,0.0,0.0,0.0,0.0,0.0,0.0,0.0,0.0,0.0,0.0,0.0,0.0,0.0,0.0,0.0,0.0
7300000000,7,300000000,Archimede_odom,Archimede_base_link,-37.76885882915681,42.923052568162234,337.4899726536058,-0.016984178646276774,-0.03271730643340927,-0.40832111237003255,0.9120937368101772,0.0,0.0,0.0,0.0,0.0,0.0,0.0,0.0,0.0,0.0,0.0,0.0,0.0,0.0,0.0,0.0,0.0,0.0,0.0,0.0,0.0,0.0,0.0,0.0,0.0,0.0,0.0,0.0,0.0,0.0,0.0,0.0,0.0,0.0,0.0,0.0,0.19072181776131464,-0.008074279820814646,-0.0036998923486005696,0.005642972604316819,-0.009778911382742516,-0.007708410249045024,0.0,0.0,0.0,0.0,0.0,0.0,0.0,0.0,0.0,0.0,0.0,0.0,0.0,0.0,0.0,0.0,0.0,0.0,0.0,0.0,0.0,0.0,0.0,0.0,0.0,0.0,0.0,0.0,0.0,0.0,0.0,0.0,0.0,0.0,0.0,0.0
7400000000,7,400000000,Archimede_odom,Archimede_base_link,-37.75678524749593,42.90828972508453,337.4910086785447,-0.016912874399579315,-0.03328516579873672,-0.40862795169141586,0.9119370863791935,0.0,0.0,0.0,0.0,0.0,0.0,0.0,0.0,0.0,0.0,0.0,0.0,0.0,0.0,0.0,0.0,0.0,0.0,0.0,0.0,0.0,0.0,0.0,0.0,0.0,0.0,0.0,0.0,0.0,0.0,0.0,0.0,0.0,0.0,0.0,0.0,0.19081014663545076,-0.008279401471845657,-0.003895935843128866,0.00570789631868404,-0.009774308010285481,-0.006749461496740873,0.0,0.0,0.0,0.0,0.0,0.0,0.0,0.0,0.0,0.0,0.0,0.0,0.0,0.0,0.0,0.0,0.0,0.0,0.0,0.0,0.0,0.0,0.0,0.0,0.0,0.0,0.0,0.0,0.0,0.0,0.0,0.0,0.0,0.0,0.0,0.0
7500000000,7,500000000,Archimede_odom,Archimede_base_link,-37.74472260329246,42.89351043114379,337.49204428946996,-0.01684081236592851,-0.03385325824873549,-0.40890607350265346,0.9117928311834014,0.0,0.0,0.0,0.0,0.0,0.0,0.0,0.0,0.0,0.0,0.0,0.0,0.0,0.0,0.0,0.0,0.0,0.0,0.0,0.0,0.0,0.0,0.0,0.0,0.0,0.0,0.0,0.0,0.0,0.0,0.0,0.0,0.0,0.0,0.0,0.0,0.19084170144085164,-0.008295843669790918,-0.004083887326998455,0.0057323398857302196,-0.00977382262412582,-0.006332544803890829,0.0,0.0,0.0,0.0,0.0,0.0,0.0,0.0,0.0,0.0,0.0,0.0,0.0,0.0,0.0,0.0,0.0,0.0,0.0,0.0,0.0,0.0,0.0,0.0,0.0,0.0,0.0,0.0,0.0,0.0,0.0,0.0,0.0,0.0,0.0,0.0
7600000000,7,600000000,Archimede_odom,Archimede_base_link,-37.73264505226567,42.878688063015375,337.4930507245829,-0.01675229369700796,-0.034383553383003924,-0.40918526520368903,0.9116493572930516,0.0,0.0,0.0,0.0,0.0,0.0,0.0,0.0,0.0,0.0,0.0,0.0,0.0,0.0,0.0,0.0,0.0,0.0,0.0,0.0,0.0,0.0,0.0,0.0,0.0,0.0,0.0,0.0,0.0,0.0,0.0,0.0,0.0,0.0,0.0,0.0,0.19294178540707366,-0.008773657567534657,-0.005814266911147842,0.00574379898605361,-0.005696731893174423,-0.007852603516925932,0.0,0.0,0.0,0.0,0.0,0.0,0.0,0.0,0.0,0.0,0.0,0.0,0.0,0.0,0.0,0.0,0.0,0.0,0.0,0.0,0.0,0.0,0.0,0.0,0.0,0.0,0.0,0.0,0.0,0.0,0.0,0.0,0.0,0.0,0.0,0.0
7701000000,7,700000000,Archimede_odom,Archimede_base_link,-37.72050513066615,42.863373407890634,337.49395203890487,-0.01591597639295921,-0.03468072317027002,-0.40963485781444015,0.9114511574402598,0.0,0.0,0.0,0.0,0.0,0.0,0.0,0.0,0.0,0.0,0.0,0.0,0.0,0.0,0.0,0.0,0.0,0.0,0.0,0.0,0.0,0.0,0.0,0.0,0.0,0.0,0.0,0.0,0.0,0.0,0.0,0.0,0.0,0.0,0.0,0.0,0.19607463780263953,-0.012002319157596458,-0.005948167810999976,0.019788893100967743,0.00307105181518376,-0.011614131120775986,0.0,0.0,0.0,0.0,0.0,0.0,0.0,0.0,0.0,0.0,0.0,0.0,0.0,0.0,0.0,0.0,0.0,0.0,0.0,0.0,0.0,0.0,0.0,0.0,0.0,0.0,0.0,0.0,0.0,0.0,0.0,0.0,0.0,0.0,0.0,0.0
7800000000,7,800000000,Archimede_odom,Archimede_base_link,-37.708396601394085,42.84787193179692,337.49485478315705,-0.014928063324803776,-0.03495455064047492,-0.4101600199518204,0.9112212082409054,0.0,0.0,0.0,0.0,0.0,0.0,0.0,0.0,0.0,0.0,0.0,0.0,0.0,0.0,0.0,0.0,0.0,0.0,0.0,0.0,0.0,0.0,0.0,0.0,0.0,0.0,0.0,0.0,0.0,0.0,0.0,0.0,0.0,0.0,0.0,0.0,0.1966413636129255,-0.012348875928006226,-0.005913486425216179,0.01983014140606674,0.003128212042340323,-0.012603800446095364,0.0,0.0,0.0,0.0,0.0,0.0,0.0,0.0,0.0,0.0,0.0,0.0,0.0,0.0,0.0,0.0,0.0,0.0,0.0,0.0,0.0,0.0,0.0,0.0,0.0,0.0,0.0,0.0,0.0,0.0,0.0,0.0,0.0,0.0,0.0,0.0
7900000000,7,900000000,Archimede_odom,Archimede_base_link,-37.696309962408414,42.8323306763864,337.4957814151067,-0.01399345558315462,-0.0352037999327122,-0.4107126686498502,0.910977485716117,0.0,0.0,0.0,0.0,0.0,0.0,0.0,0.0,0.0,0.0,0.0,0.0,0.0,0.0,0.0,0.0,0.0,0.0,0.0,0.0,0.0,0.0,0.0,0.0,0.0,0.0,0.0,0.0,0.0,0.0,0.0,0.0,0.0,0.0,0.0,0.0,0.19578357791364923,-0.012928164271730788,-0.004675532441235042,0.013731735159163353,0.0027393985122035067,-0.012599078551958364,0.0,0.0,0.0,0.0,0.0,0.0,0.0,0.0,0.0,0.0,0.0,0.0,0.0,0.0,0.0,0.0,0.0,0.0,0.0,0.0,0.0,0.0,0.0,0.0,0.0,0.0,0.0,0.0,0.0,0.0,0.0,0.0,0.0,0.0,0.0,0.0
8000000000,8,0,Archimede_odom,Archimede_base_link,-37.6845706966301,42.81686709596379,337.4967758875491,-0.013256623068758354,-0.03536093857938202,-0.4112392276880255,0.9107448399953493,0.0,0.0,0.0,0.0,0.0,0.0,0.0,0.0,0.0,0.0,0.0,0.0,0.0,0.0,0.0,0.0,0.0,0.0,0.0,0.0,0.0,0.0,0.0,0.0,0.0,0.0,0.0,0.0,0.0,0.0,0.0,0.0,0.0,0.0,0.0,0.0,0.19268540042357168,-0.014802759324272613,-0.004596111404129858,0.014188884588582574,0.0031618462281660666,-0.0117394535659922,0.0,0.0,0.0,0.0,0.0,0.0,0.0,0.0,0.0,0.0,0.0,0.0,0.0,0.0,0.0,0.0,0.0,0.0,0.0,0.0,0.0,0.0,0.0,0.0,0.0,0.0,0.0,0.0,0.0,0.0,0.0,0.0,0.0,0.0,0.0,0.0
8101000000,8,100000000,Archimede_odom,Archimede_base_link,-37.67301917425645,42.80148128614877,337.49775694014295,-0.012527755364588885,-0.03551593028617147,-0.4117417096987379,0.9105220692195182,0.0,0.0,0.0,0.0,0.0,0.0,0.0,0.0,0.0,0.0,0.0,0.0,0.0,0.0,0.0,0.0,0.0,0.0,0.0,0.0,0.0,0.0,0.0,0.0,0.0,0.0,0.0,0.0,0.0,0.0,0.0,0.0,0.0,0.0,0.0,0.0,0.19162872023641617,-0.015047160545610463,-0.00450834487281678,0.014107242834660336,0.0031373905863316897,-0.011427852218313638,0.0,0.0,0.0,0.0,0.0,0.0,0.0,0.0,0.0,0.0,0.0,0.0,0.0,0.0,0.0,0.0,0.0,0.0,0.0,0.0,0.0,0.0,0.0,0.0,0.0,0.0,0.0,0.0,0.0,0.0,0.0,0.0,0.0,0.0,0.0,0.0
8200000000,8,200000000,Archimede_odom,Archimede_base_link,-37.66153307265433,42.78611972998291,337.498733247063,-0.011801682935905588,-0.03567064609273546,-0.41223557953285833,0.9103022312696019,0.0,0.0,0.0,0.0,0.0,0.0,0.0,0.0,0.0,0.0,0.0,0.0,0.0,0.0,0.0,0.0,0.0,0.0,0.0,0.0,0.0,0.0,0.0,0.0,0.0,0.0,0.0,0.0,0.0,0.0,0.0,0.0,0.0,0.0,0.0,0.0,0.19129377653265517,-0.015112718052599405,-0.004429872565225359,0.014080793928831811,0.0031237728547079137,-0.011319216219886748,0.0,0.0,0.0,0.0,0.0,0.0,0.0,0.0,0.0,0.0,0.0,0.0,0.0,0.0,0.0,0.0,0.0,0.0,0.0,0.0,0.0,0.0,0.0,0.0,0.0,0.0,0.0,0.0,0.0,0.0,0.0,0.0,0.0,0.0,0.0,0.0
8300000000,8,300000000,Archimede_odom,Archimede_base_link,-37.6500792864928,42.77075589591661,337.4997073659487,-0.011076595571701058,-0.0358254567719728,-0.4127263766049206,0.9100828444335128,0.0,0.0,0.0,0.0,0.0,0.0,0.0,0.0,0.0,0.0,0.0,0.0,0.0,0.0,0.0,0.0,0.0,0.0,0.0,0.0,0.0,0.0,0.0,0.0,0.0,0.0,0.0,0.0,0.0,0.0,0.0,0.0,0.0,0.0,0.0,0.0,0.19120400709610236,-0.015151982019243204,-0.004355430795097518,0.01407248770478604,0.003115542243606548,-0.011287668413333366,0.0,0.0,0.0,0.0,0.0,0.0,0.0,0.0,0.0,0.0,0.0,0.0,0.0,0.0,0.0,0.0,0.0,0.0,0.0,0.0,0.0,0.0,0.0,0.0,0.0,0.0,0.0,0.0,0.0,0.0,0.0,0.0,0.0,0.0,0.0,0.0
8400000000,8,400000000,Archimede_odom,Archimede_base_link,-37.63864754534349,42.75538002959216,337.50068011607436,-0.010351866655376681,-0.035980453515551805,-0.4132162578516637,0.909862940265528,0.0,0.0,0.0,0.0,0.0,0.0,0.0,0.0,0.0,0.0,0.0,0.0,0.0,0.0,0.0,0.0,0.0,0.0,0.0,0.0,0.0,0.0,0.0,0.0,0.0,0.0,0.0,0.0,0.0,0.0,0.0,0.0,0.0,0.0,0.0,0.0,0.19119652147746635,-0.015185531446907301,-0.004282228693942236,0.01407019874351773,0.0031093780429769817,-0.011286166614384285,0.0,0.0,0.0,0.0,0.0,0.0,0.0,0.0,0.0,0.0,0.0,0.0,0.0,0.0,0.0,0.0,0.0,0.0,0.0,0.0,0.0,0.0,0.0,0.0,0.0,0.0,0.0,0.0,0.0,0.0,0.0,0.0,0.0,0.0,0.0,0.0
8500000000,8,500000000,Archimede_odom,Archimede_base_link,-37.62723467870303,42.739988912896315,337.5016517543027,-0.009627290174942835,-0.03613566009658439,-0.41370600839949534,0.9096421647919737,0.0,0.0,0.0,0.0,0.0,0.0,0.0,0.0,0.0,0.0,0.0,0.0,0.0,0.0,0.0,0.0,0.0,0.0,0.0,0.0,0.0,0.0,0.0,0.0,0.0,0.0,0.0,0.0,0.0,0.0,0.0,0.0,0.0,0.0,0.0,0.0,0.19121347166760744,-0.015217926039748786,-0.004209190406246155,0.014069699605851319,0.003103879925306202,-0.011294366772091216,0.0,0.0,0.0,0.0,0.0,0.0,0.0,0.0,0.0,0.0,0.0,0.0,0.0,0.0,0.0,0.0,0.0,0.0,0.0,0.0,0.0,0.0,0.0,0.0,0.0,0.0,0.0,0.0,0.0,0.0,0.0,0.0,0.0,0.0,0.0,0.0
8600000000,8,600000000,Archimede_odom,Archimede_base_link,-37.61581205031646,42.724577017451566,337.50261186127676,-0.008895266272034866,-0.03627633614600746,-0.41419640933066104,0.9094208245753772,0.0,0.0,0.0,0.0,0.0,0.0,0.0,0.0,0.0,0.0,0.0,0.0,0.0,0.0,0.0,0.0,0.0,0.0,0.0,0.0,0.0,0.0,0.0,0.0,0.0,0.0,0.0,0.0,0.0,0.0,0.0,0.0,0.0,0.0,0.0,0.0,0.19266346268092202,-0.013984568682294524,-0.004888354101818289,0.014189176699911127,0.005140157422580624,-0.01128516888328551,0.0,0.0,0.0,0.0,0.0,0.0,0.0,0.0,0.0,0.0,0.0,0.0,0.0,0.0,0.0,0.0,0.0,0.0,0.0,0.0,0.0,0.0,0.0,0.0,0.0,0.0,0.0,0.0,0.0,0.0,0.0,0.0,0.0,0.0,0.0,0.0
8700000000,8,700000000,Archimede_odom,Archimede_base_link,-37.60409791382273,42.70906343639044,337.5035137539821,-0.00811166077018954,-0.036327016818709944,-0.4146417929906397,0.9092231477003376,0.0,0.0,0.0,0.0,0.0,0.0,0.0,0.0,0.0,0.0,0.0,0.0,0.0,0.0,0.0,0.0,0.0,0.0,0.0,0.0,0.0,0.0,0.0,0.0,0.0,0.0,0.0,0.0,0.0,0.0,0.0,0.0,0.0,0.0,0.0,0.0,0.19488803798547177,-0.013073659248228819,-0.004943290100329053,0.01438483738859037,0.005509594106628506,-0.009696182983632642,0.0,0.0,0.0,0.0,0.0,0.0,0.0,0.0,0.0,0.0,0.0,0.0,0.0,0.0,0.0,0.0,0.0,0.0,0.0,0.0,0.0,0.0,0.0,0.0,0.0,0.0,0.0,0.0,0.0,0.0,0.0,0.0,0.0,0.0,0.0,0.0
8800000000,8,800000000,Archimede_odom,Archimede_base_link,-37.59228881255539,42.69346338467178,337.50442183517197,-0.007324730835028644,-0.03637934501061794,-0.4150383476742237,0.9090467873188063,0.0,0.0,0.0,0.0,0.0,0.0,0.0,0.0,0.0,0.0,0.0,0.0,0.0,0.0,0.0,0.0,0.0,0.0,0.0,0.0,0.0,0.0,0.0,0.0,0.0,0.0,0.0,0.0,0.0,0.0,0.0,0.0,0.0,0.0,0.0,0.0,0.19565313840581317,-0.012969561278853676,-0.0048393472083572975,0.014451361109139102,0.005510032841706785,-0.008979269742461358,0.0,0.0,0.0,0.0,0.0,0.0,0.0,0.0,0.0,0.0,0.0,0.0,0.0,0.0,0.0,0.0,0.0,0.0,0.0,0.0,0.0,0.0,0.0,0.0,0.0,0.0,0.0,0.0,0.0,0.0,0.0,0.0,0.0,0.0,0.0,0.0
8900000000,8,900000000,Archimede_odom,Archimede_base_link,-37.58046105385406,42.677821831122394,337.50533136771435,-0.006536925034445954,-0.03643244539271331,-0.41541311286341276,0.9088794701141238,0.0,0.0,0.0,0.0,0.0,0.0,0.0,0.0,0.0,0.0,0.0,0.0,0.0,0.0,0.0,0.0,0.0,0.0,0.0,0.0,0.0,0.0,0.0,0.0,0.0,0.0,0.0,0.0,0.0,0.0,0.0,0.0,0.0,0.0,0.0,0.0,0.19592676139704263,-0.012957532778024944,-0.004723105930649044,0.014475862448465007,0.005504344595149534,-0.00866020643893489,0.0,0.0,0.0,0.0,0.0,0.0,0.0,0.0,0.0,0.0,0.0,0.0,0.0,0.0,0.0,0.0,0.0,0.0,0.0,0.0,0.0,0.0,0.0,0.0,0.0,0.0,0.0,0.0,0.0,0.0,0.0,0.0,0.0,0.0,0.0,0.0
9000000000,9,0,Archimede_odom,Archimede_base_link,-37.56863513188601,42.6621575633446,337.50624097263784,-0.005749170666252048,-0.03648610821232792,-0.4157781301366996,0.9087157187174646,0.0,0.0,0.0,0.0,0.0,0.0,0.0,0.0,0.0,0.0,0.0,0.0,0.0,0.0,0.0,0.0,0.0,0.0,0.0,0.0,0.0,0.0,0.0,0.0,0.0,0.0,0.0,0.0,0.0,0.0,0.0,0.0,0.0,0.0,0.0,0.0,0.19605973667165066,-0.012962938275278868,-0.004603227006852522,0.014492633357572064,0.005500897581955853,-0.008539700003744146,0.0,0.0,0.0,0.0,0.0,0.0,0.0,0.0,0.0,0.0,0.0,0.0,0.0,0.0,0.0,0.0,0.0,0.0,0.0,0.0,0.0,0.0,0.0,0.0,0.0,0.0,0.0,0.0,0.0,0.0,0.0,0.0,0.0,0.0,0.0,0.0
9100000000,9,100000000,Archimede_odom,Archimede_base_link,-37.55681820298733,42.646476588636496,337.50715017165385,-0.004960927013657322,-0.036540141999697,-0.41613920884604966,0.9085528966916516,0.0,0.0,0.0,0.0,0.0,0.0,0.0,0.0,0.0,0.0,0.0,0.0,0.0,0.0,0.0,0.0,0.0,0.0,0.0,0.0,0.0,0.0,0.0,0.0,0.0,0.0,0.0,0.0,0.0,0.0,0.0,0.0,0.0,0.0,0.0,0.0,0.19609312228918202,-0.012988499765799697,-0.004480817460671995,0.014493402383571677,0.005491194605134614,-0.008473178568460258,0.0,0.0,0.0,0.0,0.0,0.0,0.0,0.0,0.0,0.0,0.0,0.0,0.0,0.0,0.0,0.0,0.0,0.0,0.0,0.0,0.0,0.0,0.0,0.0,0.0,0.0,0.0,0.0,0.0,0.0,0.0,0.0,0.0,0.0,0.0,0.0
9200000000,9,200000000,Archimede_odom,Archimede_base_link,-37.54500838130252,42.63078473223027,337.5080588809692,-0.004205439069071978,-0.036598367254625716,-0.4165003578644762,0.9083888625997653,0.0,0.0,0.0,0.0,0.0,0.0,0.0,0.0,0.0,0.0,0.0,0.0,0.0,0.0,0.0,0.0,0.0,0.0,0.0,0.0,0.0,0.0,0.0,0.0,0.0,0.0,0.0,0.0,0.0,0.0,0.0,0.0,0.0,0.0,0.0,0.0,0.1961707172662072,-0.012794660849162712,-0.004367253655156831,0.012319237319424305,0.004162955710714629,-0.008554879344578407,0.0,0.0,0.0,0.0,0.0,0.0,0.0,0.0,0.0,0.0,0.0,0.0,0.0,0.0,0.0,0.0,0.0,0.0,0.0,0.0,0.0,0.0,0.0,0.0,0.0,0.0,0.0,0.0,0.0,0.0,0.0,0.0,0.0,0.0,0.0,0.0
9300000000,9,300000000,Archimede_odom,Archimede_base_link,-37.53319981401596,42.61514766619186,337.50900760575297,-0.003630157847414366,-0.036628607662483416,-0.4168888311989446,0.9082119078036186,0.0,0.0,0.0,0.0,0.0,0.0,0.0,0.0,0.0,0.0,0.0,0.0,0.0,0.0,0.0,0.0,0.0,0.0,0.0,0.0,0.0,0.0,0.0,0.0,0.0,0.0,0.0,0.0,0.0,0.0,0.0,0.0,0.0,0.0,0.0,0.0,0.19470406274025404,-0.01165276359904124,-0.0033819440303707315,0.008348911078111294,0.004135600256897287,-0.010100896805986937,0.0,0.0,0.0,0.0,0.0,0.0,0.0,0.0,0.0,0.0,0.0,0.0,0.0,0.0,0.0,0.0,0.0,0.0,0.0,0.0,0.0,0.0,0.0,0.0,0.0,0.0,0.0,0.0,0.0,0.0,0.0,0.0,0.0,0.0,0.0,0.0
9400000000,9,400000000,Archimede_odom,Archimede_base_link,-37.52146700806342,42.599719105797256,337.5099913227849,-0.0031453748511617117,-0.03661665670616446,-0.4173920800608235,0.9079830276889583,0.0,0.0,0.0,0.0,0.0,0.0,0.0,0.0,0.0,0.0,0.0,0.0,0.0,0.0,0.0,0.0,0.0,0.0,0.0,0.0,0.0,0.0,0.0,0.0,0.0,0.0,0.0,0.0,0.0,0.0,0.0,0.0,0.0,0.0,0.0,0.0,0.19316078622662894,-0.011383919882386634,-0.003280941542679132,0.008301961819978174,0.0041251439928078485,-0.0122189222947864,0.0,0.0,0.0,0.0,0.0,0.0,0.0,0.0,0.0,0.0,0.0,0.0,0.0,0.0,0.0,0.0,0.0,0.0,0.0,0.0,0.0,0.0,0.0,0.0,0.0,0.0,0.0,0.0,0.0,0.0,0.0,0.0,0.0,0.0,0.0,0.0
9500000000,9,500000000,Archimede_odom,Archimede_base_link,-37.50979582743645,42.58433232013494,337.5109558283575,-0.0026522465153437846,-0.03658729409240698,-0.4179635089326565,0.9077228876150026,0.0,0.0,0.0,0.0,0.0,0.0,0.0,0.0,0.0,0.0,0.0,0.0,0.0,0.0,0.0,0.0,0.0,0.0,0.0,0.0,0.0,0.0,0.0,0.0,0.0,0.0,0.0,0.0,0.0,0.0,0.0,0.0,0.0,0.0,0.0,0.0,0.1937893924404121,-0.011411572233973204,-0.004022576783110634,0.007842413683562614,0.006093189131366596,-0.013983149909538074,0.0,0.0,0.0,0.0,0.0,0.0,0.0,0.0,0.0,0.0,0.0,0.0,0.0,0.0,0.0,0.0,0.0,0.0,0.0,0.0,0.0,0.0,0.0,0.0,0.0,0.0,0.0,0.0,0.0,0.0,0.0,0.0,0.0,0.0,0.0,0.0
9600000000,9,600000000,Archimede_odom,Archimede_base_link,-37.498099784312956,42.56874320756713,337.5118551686118,-0.0021086117706010364,-0.03646912097036664,-0.4186609843836951,0.9074075915083172,0.0,0.0,0.0,0.0,0.0,0.0,0.0,0.0,0.0,0.0,0.0,0.0,0.0,0.0,0.0,0.0,0.0,0.0,0.0,0.0,0.0,0.0,0.0,0.0,0.0,0.0,0.0,0.0,0.0,0.0,0.0,0.0,0.0,0.0,0.0,0.0,0.19513980197761677,-0.01257222866734485,-0.003951189966877282,0.008363728968637896,0.006545083149332579,-0.016717593467032117,0.0,0.0,0.0,0.0,0.0,0.0,0.0,0.0,0.0,0.0,0.0,0.0,0.0,0.0,0.0,0.0,0.0,0.0,0.0,0.0,0.0,0.0,0.0,0.0,0.0,0.0,0.0,0.0,0.0,0.0,0.0,0.0,0.0,0.0,0.0,0.0
9700000000,9,700000000,Archimede_odom,Archimede_base_link,-37.48641012806715,42.553053314080174,337.5127538040323,-0.0015593935598175012,-0.036348059834175855,-0.4194365611319603,0.9070553224714643,0.0,0.0,0.0,0.0,0.0,0.0,0.0,0.0,0.0,0.0,0.0,0.0,0.0,0.0,0.0,0.0,0.0,0.0,0.0,0.0,0.0,0.0,0.0,0.0,0.0,0.0,0.0,0.0,0.0,0.0,0.0,0.0,0.0,0.0,0.0,0.0,0.19557603944990226,-0.012690468962175318,-0.0038353820330463842,0.008378699921150482,0.006586049718565164,-0.017851588924715694,0.0,0.0,0.0,0.0,0.0,0.0,0.0,0.0,0.0,0.0,0.0,0.0,0.0,0.0,0.0,0.0,0.0,0.0,0.0,0.0,0.0,0.0,0.0,0.0,0.0,0.0,0.0,0.0,0.0,0.0,0.0,0.0,0.0,0.0,0.0,0.0
9800000000,9,800000000,Archimede_odom,Archimede_base_link,-37.474736547157775,42.53731875841859,337.513651420217,-0.0010079838499878675,-0.03622616429247506,-0.42024494291144704,0.9066867358391031,0.0,0.0,0.0,0.0,0.0,0.0,0.0,0.0,0.0,0.0,0.0,0.0,0.0,0.0,0.0,0.0,0.0,0.0,0.0,0.0,0.0,0.0,0.0,0.0,0.0,0.0,0.0,0.0,0.0,0.0,0.0,0.0,0.0,0.0,0.0,0.0,0.19573855293779457,-0.012739704508392536,-0.0037055010805404935,0.00838274270296781,0.006598500136520538,-0.01834158954093087,0.0,0.0,0.0,0.0,0.0,0.0,0.0,0.0,0.0,0.0,0.0,0.0,0.0,0.0,0.0,0.0,0.0,0.0,0.0,0.0,0.0,0.0,0.0,0.0,0.0,0.0,0.0,0.0,0.0,0.0,0.0,0.0,0.0,0.0,0.0,0.0
9900000000,9,900000000,Archimede_odom,Archimede_base_link,-37.4630881450947,42.52155205837114,337.5145477697808,-0.0004558060876398751,-0.03610399119696434,-0.42106745163713677,0.9063103746687817,0.0,0.0,0.0,0.0,0.0,0.0,0.0,0.0,0.0,0.0,0.0,0.0,0.0,0.0,0.0,0.0,0.0,0.0,0.0,0.0,0.0,0.0,0.0,0.0,0.0,0.0,0.0,0.0,0.0,0.0,0.0,0.0,0.0,0.0,0.0,0.0,0.19581639371064705,-0.012781756064829886,-0.0035704232651463407,0.008382271455414788,0.006600992086287226,-0.01856082132407314,0.0,0.0,0.0,0.0,0.0,0.0,0.0,0.0,0.0,0.0,0.0,0.0,0.0,0.0,0.0,0.0,0.0,0.0,0.0,0.0,0.0,0.0,0.0,0.0,0.0,0.0,0.0,0.0,0.0,0.0,0.0,0.0,0.0,0.0,0.0,0.0
10000000000,10,0,Archimede_odom,Archimede_base_link,-37.451467970174306,42.50575666169365,337.51544281445433,9.65817115459751e-05,-0.035981740322186616,-0.421896227179114,0.9059298419454948,0.0,0.0,0.0,0.0,0.0,0.0,0.0,0.0,0.0,0.0,0.0,0.0,0.0,0.0,0.0,0.0,0.0,0.0,0.0,0.0,0.0,0.0,0.0,0.0,0.0,0.0,0.0,0.0,0.0,0.0,0.0,0.0,0.0,0.0,0.0,0.0,0.19587144702594175,-0.012821124534306139,-0.0034332782190254216,0.008380337345624721,0.006599893526769864,-0.01866644061563424,0.0,0.0,0.0,0.0,0.0,0.0,0.0,0.0,0.0,0.0,0.0,0.0,0.0,0.0,0.0,0.0,0.0,0.0,0.0,0.0,0.0,0.0,0.0,0.0,0.0,0.0,0.0,0.0,0.0,0.0,0.0,0.0,0.0,0.0,0.0,0.0
10100000000,10,100000000,Archimede_odom,Archimede_base_link,-37.44001743801888,42.49079389406155,337.5163364820761,0.0006789174940788457,-0.03587382234171742,-0.4213128900026155,0.9062053060202612,0.0,0.0,0.0,0.0,0.0,0.0,0.0,0.0,0.0,0.0,0.0,0.0,0.0,0.0,0.0,0.0,0.0,0.0,0.0,0.0,0.0,0.0,0.0,0.0,0.0,0.0,0.0,0.0,0.0,0.0,0.0,0.0,0.0,0.0,0.0,0.0,0.17753690409773898,-0.005153030464702675,-0.0024028638795191284,0.01050810874359665,0.006622462334471918,0.05702364583476734,0.0,0.0,0.0,0.0,0.0,0.0,0.0,0.0,0.0,0.0,0.0,0.0,0.0,0.0,0.0,0.0,0.0,0.0,0.0,0.0,0.0,0.0,0.0,0.0,0.0,0.0,0.0,0.0,0.0,0.0,0.0,0.0,0.0,0.0,0.0,0.0
10200000000,10,200000000,Archimede_odom,Archimede_base_link,-37.4293334975097,42.477084045614944,337.5172330665245,0.0010284197167136856,-0.03581793103029747,-0.4168704477968426,0.9082593505839921,0.0,0.0,0.0,0.0,0.0,0.0,0.0,0.0,0.0,0.0,0.0,0.0,0.0,0.0,0.0,0.0,0.0,0.0,0.0,0.0,0.0,0.0,0.0,0.0,0.0,0.0,0.0,0.0,0.0,0.0,0.0,0.0,0.0,0.0,0.0,0.0,0.17393688998135892,-0.009513402145384167,-0.0017497754260877702,0.008189566212228864,0.0049077380786649956,0.12386714138432475,0.0,0.0,0.0,0.0,0.0,0.0,0.0,0.0,0.0,0.0,0.0,0.0,0.0,0.0,0.0,0.0,0.0,0.0,0.0,0.0,0.0,0.0,0.0,0.0,0.0,0.0,0.0,0.0,0.0,0.0,0.0,0.0,0.0,0.0,0.0,0.0
10300000000,10,300000000,Archimede_odom,Archimede_base_link,-37.41860236298518,42.463024814579015,337.51817250313496,0.0012179910229887618,-0.035777649187763515,-0.4102730220724663,0.9112598551873066,0.0,0.0,0.0,0.0,0.0,0.0,0.0,0.0,0.0,0.0,0.0,0.0,0.0,0.0,0.0,0.0,0.0,0.0,0.0,0.0,0.0,0.0,0.0,0.0,0.0,0.0,0.0,0.0,0.0,0.0,0.0,0.0,0.0,0.0,0.0,0.0,0.1792241320493805,-0.0125865576172098,-0.0014941983974591391,0.007572913409723371,0.00443752459272568,0.1585631677949872,0.0,0.0,0.0,0.0,0.0,0.0,0.0,0.0,0.0,0.0,0.0,0.0,0.0,0.0,0.0,0.0,0.0,0.0,0.0,0.0,0.0,0.0,0.0,0.0,0.0,0.0,0.0,0.0,0.0,0.0,0.0,0.0,0.0,0.0,0.0,0.0
10400000000,10,400000000,Archimede_odom,Archimede_base_link,-37.40744468273993,42.44862972653031,337.5191585799495,0.0013472715731846544,-0.03574268200733301,-0.40250843839456035,0.9147172254655551,0.0,0.0,0.0,0.0,0.0,0.0,0.0,0.0,0.0,0.0,0.0,0.0,0.0,0.0,0.0,0.0,0.0,0.0,0.0,0.0,0.0,0.0,0.0,0.0,0.0,0.0,0.0,0.0,0.0,0.0,0.0,0.0,0.0,0.0,0.0,0.0,0.1838346743074452,-0.013685551108525698,-0.0013557060067973994,0.007564110358084815,0.0043307142221492715,0.17725922004614844,0.0,0.0,0.0,0.0,0.0,0.0,0.0,0.0,0.0,0.0,0.0,0.0,0.0,0.0,0.0,0.0,0.0,0.0,0.0,0.0,0.0,0.0,0.0,0.0,0.0,0.0,0.0,0.0,0.0,0.0,0.0,0.0,0.0,0.0,0.0,0.0
10500000000,10,500000000,Archimede_odom,Archimede_base_link,-37.395849238789516,42.434142410113466,337.52020498157066,0.0014021250928986618,-0.03568610431123939,-0.3940936846039384,0.9183761232521253,0.0,0.0,0.0,0.0,0.0,0.0,0.0,0.0,0.0,0.0,0.0,0.0,0.0,0.0,0.0,0.0,0.0,0.0,0.0,0.0,0.0,0.0,0.0,0.0,0.0,0.0,0.0,0.0,0.0,0.0,0.0,0.0,0.0,0.0,0.0,0.0,0.18518374018056616,-0.014541006151588326,1.0510395766849536e-06,0.00037516502853236327,0.0033012021957135257,0.18765341910107697,0.0,0.0,0.0,0.0,0.0,0.0,0.0,0.0,0.0,0.0,0.0,0.0,0.0,0.0,0.0,0.0,0.0,0.0,0.0,0.0,0.0,0.0,0.0,0.0,0.0,0.0,0.0,0.0,0.0,0.0,0.0,0.0,0.0,0.0,0.0,0.0
10600000000,10,600000000,Archimede_odom,Archimede_base_link,-37.38434375816722,42.41982818965903,337.5213437841679,0.0012270707796836716,-0.03554363904146194,-0.38528561100620445,0.9221117838811993,0.0,0.0,0.0,0.0,0.0,0.0,0.0,0.0,0.0,0.0,0.0,0.0,0.0,0.0,0.0,0.0,0.0,0.0,0.0,0.0,0.0,0.0,0.0,0.0,0.0,0.0,0.0,0.0,0.0,0.0,0.0,0.0,0.0,0.0,0.0,0.0,0.18212797771617678,-0.017693887853081496,0.00013075896003510986,0.0017709536397272976,0.004072523336836747,0.19363708111479058,0.0,0.0,0.0,0.0,0.0,0.0,0.0,0.0,0.0,0.0,0.0,0.0,0.0,0.0,0.0,0.0,0.0,0.0,0.0,0.0,0.0,0.0,0.0,0.0,0.0,0.0,0.0,0.0,0.0,0.0,0.0,0.0,0.0,0.0,0.0,0.0
10700000000,10,700000000,Archimede_odom,Archimede_base_link,-37.37275760194929,42.40578708569069,337.5224826250923,0.0010453730632852026,-0.03539751486557331,-0.37626772136269576,0.9258339618943695,0.0,0.0,0.0,0.0,0.0,0.0,0.0,0.0,0.0,0.0,0.0,0.0,0.0,0.0,0.0,0.0,0.0,0.0,0.0,0.0,0.0,0.0,0.0,0.0,0.0,0.0,0.0,0.0,0.0,0.0,0.0,0.0,0.0,0.0,0.0,0.0,0.18148455911977646,-0.017750925525893697,-5.088553005592765e-05,0.0026432527153322483,0.005355579500470051,0.19584541818446505,0.0,0.0,0.0,0.0,0.0,0.0,0.0,0.0,0.0,0.0,0.0,0.0,0.0,0.0,0.0,0.0,0.0,0.0,0.0,0.0,0.0,0.0,0.0,0.0,0.0,0.0,0.0,0.0,0.0,0.0,0.0,0.0,0.0,0.0,0.0,0.0
10800000000,10,800000000,Archimede_odom,Archimede_base_link,-37.36087479474545,42.39202115489352,337.52364247624485,0.0008517163329995032,-0.035257463279432896,-0.36716841990672894,0.9294856304890267,0.0,0.0,0.0,0.0,0.0,0.0,0.0,0.0,0.0,0.0,0.0,0.0,0.0,0.0,0.0,0.0,0.0,0.0,0.0,0.0,0.0,0.0,0.0,0.0,0.0,0.0,0.0,0.0,0.0,0.0,0.0,0.0,0.0,0.0,0.0,0.0,0.18091975518601366,-0.01734373141309298,0.00036511450087220617,0.0018256027490036783,0.003966290584756178,0.19656872192444935,0.0,0.0,0.0,0.0,0.0,0.0,0.0,0.0,0.0,0.0,0.0,0.0,0.0,0.0,0.0,0.0,0.0,0.0,0.0,0.0,0.0,0.0,0.0,0.0,0.0,0.0,0.0,0.0,0.0,0.0,0.0,0.0,0.0,0.0,0.0,0.0
10900000000,10,900000000,Archimede_odom,Archimede_base_link,-37.348771802109034,42.378566783969355,337.52481129247843,0.0006636560852206598,-0.035113724754712264,-0.35800303365317293,0.9330597053723712,0.0,0.0,0.0,0.0,0.0,0.0,0.0,0.0,0.0,0.0,0.0,0.0,0.0,0.0,0.0,0.0,0.0,0.0,0.0,0.0,0.0,0.0,0.0,0.0,0.0,0.0,0.0,0.0,0.0,0.0,0.0,0.0,0.0,0.0,0.0,0.0,0.1802687088868369,-0.016935952668064497,0.0004616398860369249,0.001875451278651263,0.0039691411204390405,0.1968183080260958,0.0,0.0,0.0,0.0,0.0,0.0,0.0,0.0,0.0,0.0,0.0,0.0,0.0,0.0,0.0,0.0,0.0,0.0,0.0,0.0,0.0,0.0,0.0,0.0,0.0,0.0,0.0,0.0,0.0,0.0,0.0,0.0,0.0,0.0,0.0,0.0
11000000000,11,0,Archimede_odom,Archimede_base_link,-37.33640119073179,42.365210835076475,337.52586305674845,0.0007562014595063918,-0.03507149685349189,-0.34870585164564166,0.9365754893738656,0.0,0.0,0.0,0.0,0.0,0.0,0.0,0.0,0.0,0.0,0.0,0.0,0.0,0.0,0.0,0.0,0.0,0.0,0.0,0.0,0.0,0.0,0.0,0.0,0.0,0.0,0.0,0.0,0.0,0.0,0.0,0.0,0.0,0.0,0.0,0.0,0.18260610941873048,-0.019214539560764167,-0.0011266218066289311,0.009634011450864873,0.004190246136311019,0.20099546416797,0.0,0.0,0.0,0.0,0.0,0.0,0.0,0.0,0.0,0.0,0.0,0.0,0.0,0.0,0.0,0.0,0.0,0.0,0.0,0.0,0.0,0.0,0.0,0.0,0.0,0.0,0.0,0.0,0.0,0.0,0.0,0.0,0.0,0.0,0.0,0.0
11100000000,11,100000000,Archimede_odom,Archimede_base_link,-37.32363120271999,42.351887936085745,337.52690805203883,0.0009293663221390119,-0.035045093341345056,-0.3391773464550653,0.9400689896824788,0.0,0.0,0.0,0.0,0.0,0.0,0.0,0.0,0.0,0.0,0.0,0.0,0.0,0.0,0.0,0.0,0.0,0.0,0.0,0.0,0.0,0.0,0.0,0.0,0.0,0.0,0.0,0.0,0.0,0.0,0.0,0.0,0.0,0.0,0.0,0.0,0.18431230901439663,-0.018989621350571185,-0.0009533727524055895,0.009656233148414744,0.004234390098649724,0.20405216959647343,0.0,0.0,0.0,0.0,0.0,0.0,0.0,0.0,0.0,0.0,0.0,0.0,0.0,0.0,0.0,0.0,0.0,0.0,0.0,0.0,0.0,0.0,0.0,0.0,0.0,0.0,0.0,0.0,0.0,0.0,0.0,0.0,0.0,0.0,0.0,0.0
11200000000,11,200000000,Archimede_odom,Archimede_base_link,-37.310417026435786,42.33886846407213,337.5279823471935,0.0007454774855470206,-0.035088078336570024,-0.3295578848791648,0.9434828411454743,0.0,0.0,0.0,0.0,0.0,0.0,0.0,0.0,0.0,0.0,0.0,0.0,0.0,0.0,0.0,0.0,0.0,0.0,0.0,0.0,0.0,0.0,0.0,0.0,0.0,0.0,0.0,0.0,0.0,0.0,0.0,0.0,0.0,0.0,0.0,0.0,0.18551362262558185,-0.017162218637359682,-0.0008952654884292865,0.0026007405746162004,2.9721485319016747e-05,0.20416331304622046,0.0,0.0,0.0,0.0,0.0,0.0,0.0,0.0,0.0,0.0,0.0,0.0,0.0,0.0,0.0,0.0,0.0,0.0,0.0,0.0,0.0,0.0,0.0,0.0,0.0,0.0,0.0,0.0,0.0,0.0,0.0,0.0,0.0,0.0,0.0,0.0
11301000000,11,300000000,Archimede_odom,Archimede_base_link,-37.296975803187294,42.3261417878967,337.5290702929256,0.0005086350777650736,-0.035136320934692156,-0.3198383919992768,0.9468202486453534,0.0,0.0,0.0,0.0,0.0,0.0,0.0,0.0,0.0,0.0,0.0,0.0,0.0,0.0,0.0,0.0,0.0,0.0,0.0,0.0,0.0,0.0,0.0,0.0,0.0,0.0,0.0,0.0,0.0,0.0,0.0,0.0,0.0,0.0,0.0,0.0,0.18401749959089136,-0.01782100866884512,-0.0008558353576110144,0.0026517999362120426,1.6533733864421965e-05,0.2063881299823916,0.0,0.0,0.0,0.0,0.0,0.0,0.0,0.0,0.0,0.0,0.0,0.0,0.0,0.0,0.0,0.0,0.0,0.0,0.0,0.0,0.0,0.0,0.0,0.0,0.0,0.0,0.0,0.0,0.0,0.0,0.0,0.0,0.0,0.0,0.0,0.0
11400000000,11,400000000,Archimede_odom,Archimede_base_link,-37.283345309946846,42.31376299828578,337.53017350848995,0.00026081161632224433,-0.03517712759405966,-0.3100279152446618,0.950076414527053,0.0,0.0,0.0,0.0,0.0,0.0,0.0,0.0,0.0,0.0,0.0,0.0,0.0,0.0,0.0,0.0,0.0,0.0,0.0,0.0,0.0,0.0,0.0,0.0,0.0,0.0,0.0,0.0,0.0,0.0,0.0,0.0,0.0,0.0,0.0,0.0,0.18348708117150025,-0.016609074024625782,-0.0004009753448291362,0.0008526670024017961,-1.5397897382301824e-06,0.20653640852184268,0.0,0.0,0.0,0.0,0.0,0.0,0.0,0.0,0.0,0.0,0.0,0.0,0.0,0.0,0.0,0.0,0.0,0.0,0.0,0.0,0.0,0.0,0.0,0.0,0.0,0.0,0.0,0.0,0.0,0.0,0.0,0.0,0.0,0.0,0.0,0.0
11500000000,11,500000000,Archimede_odom,Archimede_base_link,-37.26929866415543,42.30190674227809,337.5313296533933,-3.5195890619335304e-05,-0.03519139061366668,-0.30028635142850046,0.9531997020213995,0.0,0.0,0.0,0.0,0.0,0.0,0.0,0.0,0.0,0.0,0.0,0.0,0.0,0.0,0.0,0.0,0.0,0.0,0.0,0.0,0.0,0.0,0.0,0.0,0.0,0.0,0.0,0.0,0.0,0.0,0.0,0.0,0.0,0.0,0.0,0.0,0.1835837488292113,-0.013737566369795817,-0.00040635925492239235,0.0015112087485836157,0.00018617414772995758,0.20341871042469412,0.0,0.0,0.0,0.0,0.0,0.0,0.0,0.0,0.0,0.0,0.0,0.0,0.0,0.0,0.0,0.0,0.0,0.0,0.0,0.0,0.0,0.0,0.0,0.0,0.0,0.0,0.0,0.0,0.0,0.0,0.0,0.0,0.0,0.0,0.0,0.0
11600000000,11,600000000,Archimede_odom,Archimede_base_link,-37.254946834311276,42.29047147633124,337.5324966367084,-0.00030631109159770764,-0.035203963574108786,-0.29062309435666867,0.9561897322962335,0.0,0.0,0.0,0.0,0.0,0.0,0.0,0.0,0.0,0.0,0.0,0.0,0.0,0.0,0.0,0.0,0.0,0.0,0.0,0.0,0.0,0.0,0.0,0.0,0.0,0.0,0.0,0.0,0.0,0.0,0.0,0.0,0.0,0.0,0.0,0.0,0.1832277442560692,-0.012848231909262983,-0.00040474946559817735,0.0018627226296957472,0.0002611677273605719,0.20166459285903438,0.0,0.0,0.0,0.0,0.0,0.0,0.0,0.0,0.0,0.0,0.0,0.0,0.0,0.0,0.0,0.0,0.0,0.0,0.0,0.0,0.0,0.0,0.0,0.0,0.0,0.0,0.0,0.0,0.0,0.0,0.0,0.0,0.0,0.0,0.0,0.0
11700000000,11,700000000,Archimede_odom,Archimede_base_link,-37.24035281031368,42.27940149305427,337.5336687178048,-0.00045951664296373107,-0.035184594449961346,-0.2809978915183236,0.959063093920365,0.0,0.0,0.0,0.0,0.0,0.0,0.0,0.0,0.0,0.0,0.0,0.0,0.0,0.0,0.0,0.0,0.0,0.0,0.0,0.0,0.0,0.0,0.0,0.0,0.0,0.0,0.0,0.0,0.0,0.0,0.0,0.0,0.0,0.0,0.0,0.0,0.18301732493472317,-0.01215914356959127,-0.0006927044373502894,0.004205704844583708,0.0024514260002895115,0.20031817138201008,0.0,0.0,0.0,0.0,0.0,0.0,0.0,0.0,0.0,0.0,0.0,0.0,0.0,0.0,0.0,0.0,0.0,0.0,0.0,0.0,0.0,0.0,0.0,0.0,0.0,0.0,0.0,0.0,0.0,0.0,0.0,0.0,0.0,0.0,0.0,0.0
11800000000,11,800000000,Archimede_odom,Archimede_base_link,-37.22547590902658,42.26869242105823,337.53485671461453,-0.0005824939193767616,-0.035163959797189795,-0.27141370224678085,0.961820024154681,0.0,0.0,0.0,0.0,0.0,0.0,0.0,0.0,0.0,0.0,0.0,0.0,0.0,0.0,0.0,0.0,0.0,0.0,0.0,0.0,0.0,0.0,0.0,0.0,0.0,0.0,0.0,0.0,0.0,0.0,0.0,0.0,0.0,0.0,0.0,0.0,0.18288182948468762,-0.011437962709356961,-0.0003379426021934312,0.004347943466971132,0.0015837531669969976,0.1992331153514568,0.0,0.0,0.0,0.0,0.0,0.0,0.0,0.0,0.0,0.0,0.0,0.0,0.0,0.0,0.0,0.0,0.0,0.0,0.0,0.0,0.0,0.0,0.0,0.0,0.0,0.0,0.0,0.0,0.0,0.0,0.0,0.0,0.0,0.0,0.0,0.0
11900000000,11,900000000,Archimede_odom,Archimede_base_link,-37.21043438603452,42.25836172483349,337.5360470052997,-0.0006986691176787076,-0.035139245967782104,-0.261823214461886,0.9644756863825676,0.0,0.0,0.0,0.0,0.0,0.0,0.0,0.0,0.0,0.0,0.0,0.0,0.0,0.0,0.0,0.0,0.0,0.0,0.0,0.0,0.0,0.0,0.0,0.0,0.0,0.0,0.0,0.0,0.0,0.0,0.0,0.0,0.0,0.0,0.0,0.0,0.1822808137601199,-0.010937152335189234,-0.0003124283081666503,0.004457466277505911,0.0016126254412874082,0.1987848694382674,0.0,0.0,0.0,0.0,0.0,0.0,0.0,0.0,0.0,0.0,0.0,0.0,0.0,0.0,0.0,0.0,0.0,0.0,0.0,0.0,0.0,0.0,0.0,0.0,0.0,0.0,0.0,0.0,0.0,0.0,0.0,0.0,0.0,0.0,0.0,0.0
12000000000,12,0,Archimede_odom,Archimede_base_link,-37.19520496806765,42.24840225350056,337.53724192817583,-0.0008081244859663796,-0.03511139949038364,-0.25222772247079095,0.9670303576299141,0.0,0.0,0.0,0.0,0.0,0.0,0.0,0.0,0.0,0.0,0.0,0.0,0.0,0.0,0.0,0.0,0.0,0.0,0.0,0.0,0.0,0.0,0.0,0.0,0.0,0.0,0.0,0.0,0.0,0.0,0.0,0.0,0.0,0.0,0.0,0.0,0.1818828417407752,-0.010394956826542151,-0.00028450603882981904,0.004575662876189227,0.0016348205888688354,0.19836640283877752,0.0,0.0,0.0,0.0,0.0,0.0,0.0,0.0,0.0,0.0,0.0,0.0,0.0,0.0,0.0,0.0,0.0,0.0,0.0,0.0,0.0,0.0,0.0,0.0,0.0,0.0,0.0,0.0,0.0,0.0,0.0,0.0,0.0,0.0,0.0,0.0
12100000000,12,100000000,Archimede_odom,Archimede_base_link,-37.17978518779233,42.238812552103546,337.53844194489017,-0.0009107687721166039,-0.03508059839089948,-0.24262610115847882,0.9694849648929146,0.0,0.0,0.0,0.0,0.0,0.0,0.0,0.0,0.0,0.0,0.0,0.0,0.0,0.0,0.0,0.0,0.0,0.0,0.0,0.0,0.0,0.0,0.0,0.0,0.0,0.0,0.0,0.0,0.0,0.0,0.0,0.0,0.0,0.0,0.0,0.0,0.18157163181534097,-0.009838278454183256,-0.0002565539060108404,0.0046960373387577165,0.0016556079183112158,0.1979966350300712,0.0,0.0,0.0,0.0,0.0,0.0,0.0,0.0,0.0,0.0,0.0,0.0,0.0,0.0,0.0,0.0,0.0,0.0,0.0,0.0,0.0,0.0,0.0,0.0,0.0,0.0,0.0,0.0,0.0,0.0,0.0,0.0,0.0,0.0,0.0,0.0
12200000000,12,200000000,Archimede_odom,Archimede_base_link,-37.1641769184466,42.22959354181828,337.53964702227154,-0.0010066021587613683,-0.0350468132793888,-0.23301727938518407,0.9718403444696977,0.0,0.0,0.0,0.0,0.0,0.0,0.0,0.0,0.0,0.0,0.0,0.0,0.0,0.0,0.0,0.0,0.0,0.0,0.0,0.0,0.0,0.0,0.0,0.0,0.0,0.0,0.0,0.0,0.0,0.0,0.0,0.0,0.0,0.0,0.0,0.0,0.18131971184965537,-0.009271557879505388,-0.00022962229221610582,0.004816964941782702,0.0016772556640088621,0.19766788295617493,0.0,0.0,0.0,0.0,0.0,0.0,0.0,0.0,0.0,0.0,0.0,0.0,0.0,0.0,0.0,0.0,0.0,0.0,0.0,0.0,0.0,0.0,0.0,0.0,0.0,0.0,0.0,0.0,0.0,0.0,0.0,0.0,0.0,0.0,0.0,0.0
12300000000,12,300000000,Archimede_odom,Archimede_base_link,-37.148382497007056,42.22074540307873,337.5408540242887,-0.0010905405204426997,-0.03500454655156096,-0.22340092520582683,0.974097284186376,0.0,0.0,0.0,0.0,0.0,0.0,0.0,0.0,0.0,0.0,0.0,0.0,0.0,0.0,0.0,0.0,0.0,0.0,0.0,0.0,0.0,0.0,0.0,0.0,0.0,0.0,0.0,0.0,0.0,0.0,0.0,0.0,0.0,0.0,0.0,0.0,0.18137222750327076,-0.00872597258173061,-0.0005052552978884504,0.005692765620859297,0.002979870355716971,0.19726627932163146,0.0,0.0,0.0,0.0,0.0,0.0,0.0,0.0,0.0,0.0,0.0,0.0,0.0,0.0,0.0,0.0,0.0,0.0,0.0,0.0,0.0,0.0,0.0,0.0,0.0,0.0,0.0,0.0,0.0,0.0,0.0,0.0,0.0,0.0,0.0,0.0
12400000000,12,400000000,Archimede_odom,Archimede_base_link,-37.13210340458775,42.21233222600279,337.5420176335987,-0.0011542650870403433,-0.034875382789008855,-0.21374622081456163,0.9762658082893826,0.0,0.0,0.0,0.0,0.0,0.0,0.0,0.0,0.0,0.0,0.0,0.0,0.0,0.0,0.0,0.0,0.0,0.0,0.0,0.0,0.0,0.0,0.0,0.0,0.0,0.0,0.0,0.0,0.0,0.0,0.0,0.0,0.0,0.0,0.0,0.0,0.18404402999182812,-0.005124141285218457,-0.0011465580395111454,0.005192833306301198,0.004422972164273731,0.19939327088124925,0.0,0.0,0.0,0.0,0.0,0.0,0.0,0.0,0.0,0.0,0.0,0.0,0.0,0.0,0.0,0.0,0.0,0.0,0.0,0.0,0.0,0.0,0.0,0.0,0.0,0.0,0.0,0.0,0.0,0.0,0.0,0.0,0.0,0.0,0.0,0.0
12500000000,12,500000000,Archimede_odom,Archimede_base_link,-37.115490154126334,42.204324709978266,337.5431131107918,-0.0010924390254341007,-0.03472230001796504,-0.20390958359279468,0.9783731650947154,0.0,0.0,0.0,0.0,0.0,0.0,0.0,0.0,0.0,0.0,0.0,0.0,0.0,0.0,0.0,0.0,0.0,0.0,0.0,0.0,0.0,0.0,0.0,0.0,0.0,0.0,0.0,0.0,0.0,0.0,0.0,0.0,0.0,0.0,0.0,0.0,0.18604977668989206,-0.006634754110164213,-0.002644043566956525,0.012257921878491018,0.004658927632335979,0.20341680783487498,0.0,0.0,0.0,0.0,0.0,0.0,0.0,0.0,0.0,0.0,0.0,0.0,0.0,0.0,0.0,0.0,0.0,0.0,0.0,0.0,0.0,0.0,0.0,0.0,0.0,0.0,0.0,0.0,0.0,0.0,0.0,0.0,0.0,0.0,0.0,0.0
12600000000,12,600000000,Archimede_odom,Archimede_base_link,-37.098593822197955,42.19632312655264,337.5441199576415,-0.0008013849066871526,-0.03459908117818708,-0.19372958986549316,0.9804443418034521,0.0,0.0,0.0,0.0,0.0,0.0,0.0,0.0,0.0,0.0,0.0,0.0,0.0,0.0,0.0,0.0,0.0,0.0,0.0,0.0,0.0,0.0,0.0,0.0,0.0,0.0,0.0,0.0,0.0,0.0,0.0,0.0,0.0,0.0,0.0,0.0,0.1877072514296497,-0.00816412122567841,-0.0025870707309966507,0.01232603915930561,0.004941163620720239,0.2101356959414673,0.0,0.0,0.0,0.0,0.0,0.0,0.0,0.0,0.0,0.0,0.0,0.0,0.0,0.0,0.0,0.0,0.0,0.0,0.0,0.0,0.0,0.0,0.0,0.0,0.0,0.0,0.0,0.0,0.0,0.0,0.0,0.0,0.0,0.0,0.0,0.0
12700000000,12,700000000,Archimede_odom,Archimede_base_link,-37.08137762332967,42.18859719775921,337.54512988393964,-0.0004902888105719305,-0.03446208181149587,-0.18330780385587797,0.9824512067169723,0.0,0.0,0.0,0.0,0.0,0.0,0.0,0.0,0.0,0.0,0.0,0.0,0.0,0.0,0.0,0.0,0.0,0.0,0.0,0.0,0.0,0.0,0.0,0.0,0.0,0.0,0.0,0.0,0.0,0.0,0.0,0.0,0.0,0.0,0.0,0.0,0.18989085579564388,-0.007639764317028034,-0.0027470163754343305,0.01335421779419987,0.005254477938653968,0.2129842159888838,0.0,0.0,0.0,0.0,0.0,0.0,0.0,0.0,0.0,0.0,0.0,0.0,0.0,0.0,0.0,0.0,0.0,0.0,0.0,0.0,0.0,0.0,0.0,0.0,0.0,0.0,0.0,0.0,0.0,0.0,0.0,0.0,0.0,0.0,0.0,0.0
12800000000,12,800000000,Archimede_odom,Archimede_base_link,-37.06386790078218,42.18123205306998,337.5461391367275,-0.00015486569251954934,-0.034311127786357094,-0.17274047477778492,0.9843695702835348,0.0,0.0,0.0,0.0,0.0,0.0,0.0,0.0,0.0,0.0,0.0,0.0,0.0,0.0,0.0,0.0,0.0,0.0,0.0,0.0,0.0,0.0,0.0,0.0,0.0,0.0,0.0,0.0,0.0,0.0,0.0,0.0,0.0,0.0,0.0,0.0,0.19019748963955374,-0.0074439409497467635,-0.002664678922397576,0.013320696340924625,0.005545900196191463,0.21535897696611017,0.0,0.0,0.0,0.0,0.0,0.0,0.0,0.0,0.0,0.0,0.0,0.0,0.0,0.0,0.0,0.0,0.0,0.0,0.0,0.0,0.0,0.0,0.0,0.0,0.0,0.0,0.0,0.0,0.0,0.0,0.0,0.0,0.0,0.0,0.0,0.0
12900000000,12,900000000,Archimede_odom,Archimede_base_link,-37.046122090697274,42.17426663317495,337.5471544327718,0.00017929171436101483,-0.034138922782764765,-0.1620926692760392,0.9861848043712103,0.0,0.0,0.0,0.0,0.0,0.0,0.0,0.0,0.0,0.0,0.0,0.0,0.0,0.0,0.0,0.0,0.0,0.0,0.0,0.0,0.0,0.0,0.0,0.0,0.0,0.0,0.0,0.0,0.0,0.0,0.0,0.0,0.0,0.0,0.0,0.0,0.19090107085556968,-0.0068929694955045485,-0.00256226827020808,0.013264254445271148,0.005796492507258942,0.21601152935629875,0.0,0.0,0.0,0.0,0.0,0.0,0.0,0.0,0.0,0.0,0.0,0.0,0.0,0.0,0.0,0.0,0.0,0.0,0.0,0.0,0.0,0.0,0.0,0.0,0.0,0.0,0.0,0.0,0.0,0.0,0.0,0.0,0.0,0.0,0.0,0.0
13000000000,13,0,Archimede_odom,Archimede_base_link,-37.02821825742434,42.167728397907105,337.54817578229904,0.0005090491031112389,-0.033951703124907535,-0.1513893525138348,0.9878908273029822,0.0,0.0,0.0,0.0,0.0,0.0,0.0,0.0,0.0,0.0,0.0,0.0,0.0,0.0,0.0,0.0,0.0,0.0,0.0,0.0,0.0,0.0,0.0,0.0,0.0,0.0,0.0,0.0,0.0,0.0,0.0,0.0,0.0,0.0,0.0,0.0,0.19067401590907462,-0.006478191530975984,-0.002477188137595639,0.013146678082449731,0.006099419968757776,0.21663401363693965,0.0,0.0,0.0,0.0,0.0,0.0,0.0,0.0,0.0,0.0,0.0,0.0,0.0,0.0,0.0,0.0,0.0,0.0,0.0,0.0,0.0,0.0,0.0,0.0,0.0,0.0,0.0,0.0,0.0,0.0,0.0,0.0,0.0,0.0,0.0,0.0
13100000000,13,100000000,Archimede_odom,Archimede_base_link,-37.01081507526341,42.162095324927186,337.54966966731246,0.0007190542190493299,-0.03444300846841236,-0.14086030671934624,0.989429904601436,0.0,0.0,0.0,0.0,0.0,0.0,0.0,0.0,0.0,0.0,0.0,0.0,0.0,0.0,0.0,0.0,0.0,0.0,0.0,0.0,0.0,0.0,0.0,0.0,0.0,0.0,0.0,0.0,0.0,0.0,0.0,0.0,0.0,0.0,0.0,0.0,0.1781084121645504,-0.0020832919702284945,0.0025388254871805613,0.012484321154003794,-0.007820046892681131,0.2094281905214725,0.0,0.0,0.0,0.0,0.0,0.0,0.0,0.0,0.0,0.0,0.0,0.0,0.0,0.0,0.0,0.0,0.0,0.0,0.0,0.0,0.0,0.0,0.0,0.0,0.0,0.0,0.0,0.0,0.0,0.0,0.0,0.0,0.0,0.0,0.0,0.0
13200000000,13,200000000,Archimede_odom,Archimede_base_link,-36.994093188770854,42.15726936278727,337.5511008839888,0.0009208949299602696,-0.034906083755296836,-0.1306200377748604,0.9908174014424102,0.0,0.0,0.0,0.0,0.0,0.0,0.0,0.0,0.0,0.0,0.0,0.0,0.0,0.0,0.0,0.0,0.0,0.0,0.0,0.0,0.0,0.0,0.0,0.0,0.0,0.0,0.0,0.0,0.0,0.0,0.0,0.0,0.0,0.0,0.0,0.0,0.17251038605747923,-0.0009912850146799866,0.002265997869837828,0.012257103649581108,-0.007261798036600179,0.2042920667696994,0.0,0.0,0.0,0.0,0.0,0.0,0.0,0.0,0.0,0.0,0.0,0.0,0.0,0.0,0.0,0.0,0.0,0.0,0.0,0.0,0.0,0.0,0.0,0.0,0.0,0.0,0.0,0.0,0.0,0.0,0.0,0.0,0.0,0.0,0.0,0.0
13300000000,13,300000000,Archimede_odom,Archimede_base_link,-36.97759920886229,42.15294928769866,337.55250142811474,0.0011275862167666637,-0.03534206480434089,-0.12056433880577665,0.9920755551937641,0.0,0.0,0.0,0.0,0.0,0.0,0.0,0.0,0.0,0.0,0.0,0.0,0.0,0.0,0.0,0.0,0.0,0.0,0.0,0.0,0.0,0.0,0.0,0.0,0.0,0.0,0.0,0.0,0.0,0.0,0.0,0.0,0.0,0.0,0.0,0.0,0.1701683884478596,-0.0003670879507407028,0.0020523450131066253,0.01222945318376114,-0.006866031578388441,0.20114609619361862,0.0,0.0,0.0,0.0,0.0,0.0,0.0,0.0,0.0,0.0,0.0,0.0,0.0,0.0,0.0,0.0,0.0,0.0,0.0,0.0,0.0,0.0,0.0,0.0,0.0,0.0,0.0,0.0,0.0,0.0,0.0,0.0,0.0,0.0,0.0,0.0
13400000000,13,400000000,Archimede_odom,Archimede_base_link,-36.96101533186704,42.1487947520312,337.5538369756649,0.0011277847825063192,-0.03571950209948316,-0.11056213996096594,0.9932264890137099,0.0,0.0,0.0,0.0,0.0,0.0,0.0,0.0,0.0,0.0,0.0,0.0,0.0,0.0,0.0,0.0,0.0,0.0,0.0,0.0,0.0,0.0,0.0,0.0,0.0,0.0,0.0,0.0,0.0,0.0,0.0,0.0,0.0,0.0,0.0,0.0,0.1726514488818635,-0.005764086138286309,0.0009610647733927655,0.0061549375252799715,-0.006672317553290971,0.20097640387576413,0.0,0.0,0.0,0.0,0.0,0.0,0.0,0.0,0.0,0.0,0.0,0.0,0.0,0.0,0.0,0.0,0.0,0.0,0.0,0.0,0.0,0.0,0.0,0.0,0.0,0.0,0.0,0.0,0.0,0.0,0.0,0.0,0.0,0.0,0.0,0.0
13500000000,13,500000000,Archimede_odom,Archimede_base_link,-36.94431051379275,42.14444292115712,337.55514902111787,0.001043221281419375,-0.036091462068812245,-0.1006328118513572,0.9942682511445202,0.0,0.0,0.0,0.0,0.0,0.0,0.0,0.0,0.0,0.0,0.0,0.0,0.0,0.0,0.0,0.0,0.0,0.0,0.0,0.0,0.0,0.0,0.0,0.0,0.0,0.0,0.0,0.0,0.0,0.0,0.0,0.0,0.0,0.0,0.0,0.0,0.17307762689190073,-0.007962645170812046,0.0008377524404029798,0.006266941762398198,-0.006556331659473939,0.1986678733581961,0.0,0.0,0.0,0.0,0.0,0.0,0.0,0.0,0.0,0.0,0.0,0.0,0.0,0.0,0.0,0.0,0.0,0.0,0.0,0.0,0.0,0.0,0.0,0.0,0.0,0.0,0.0,0.0,0.0,0.0,0.0,0.0,0.0,0.0,0.0,0.0
13600000000,13,600000000,Archimede_odom,Archimede_base_link,-36.927449895966355,42.14038787672896,337.55642406284807,0.0009764943454756058,-0.03639399194509916,-0.09074564180345243,0.9952083964189474,0.0,0.0,0.0,0.0,0.0,0.0,0.0,0.0,0.0,0.0,0.0,0.0,0.0,0.0,0.0,0.0,0.0,0.0,0.0,0.0,0.0,0.0,0.0,0.0,0.0,0.0,0.0,0.0,0.0,0.0,0.0,0.0,0.0,0.0,0.0,0.0,0.1756124612736051,-0.0064736007459480745,-0.0006267985113866037,0.006427346457390304,-0.002695710031434556,0.20021198263932352,0.0,0.0,0.0,0.0,0.0,0.0,0.0,0.0,0.0,0.0,0.0,0.0,0.0,0.0,0.0,0.0,0.0,0.0,0.0,0.0,0.0,0.0,0.0,0.0,0.0,0.0,0.0,0.0,0.0,0.0,0.0,0.0,0.0,0.0,0.0,0.0
13700000000,13,700000000,Archimede_odom,Archimede_base_link,-36.91021047101017,42.136863638760076,337.5576299509146,0.0009209639257428041,-0.03656034120112775,-0.08064548752027662,0.9960716834742976,0.0,0.0,0.0,0.0,0.0,0.0,0.0,0.0,0.0,0.0,0.0,0.0,0.0,0.0,0.0,0.0,0.0,0.0,0.0,0.0,0.0,0.0,0.0,0.0,0.0,0.0,0.0,0.0,0.0,0.0,0.0,0.0,0.0,0.0,0.0,0.0,0.17674823546182233,-0.004490812132908255,-0.0007163981980731358,0.0066084354951013845,-0.0025006854285070687,0.2043652739804064,0.0,0.0,0.0,0.0,0.0,0.0,0.0,0.0,0.0,0.0,0.0,0.0,0.0,0.0,0.0,0.0,0.0,0.0,0.0,0.0,0.0,0.0,0.0,0.0,0.0,0.0,0.0,0.0,0.0,0.0,0.0,0.0,0.0,0.0,0.0,0.0
13801000000,13,800000000,Archimede_odom,Archimede_base_link,-36.89280255219476,42.13381646884742,337.5588423825254,0.0008678509075360282,-0.03671431934427219,-0.07037500161521497,0.996844353315776,0.0,0.0,0.0,0.0,0.0,0.0,0.0,0.0,0.0,0.0,0.0,0.0,0.0,0.0,0.0,0.0,0.0,0.0,0.0,0.0,0.0,0.0,0.0,0.0,0.0,0.0,0.0,0.0,0.0,0.0,0.0,0.0,0.0,0.0,0.0,0.0,0.1773329975340084,-0.003405268203353397,-0.0007895469422742515,0.006745486056864143,-0.0023161439030862656,0.2069605502270071,0.0,0.0,0.0,0.0,0.0,0.0,0.0,0.0,0.0,0.0,0.0,0.0,0.0,0.0,0.0,0.0,0.0,0.0,0.0,0.0,0.0,0.0,0.0,0.0,0.0,0.0,0.0,0.0,0.0,0.0,0.0,0.0,0.0,0.0,0.0,0.0
13900000000,13,900000000,Archimede_odom,Archimede_base_link,-36.87527679230025,42.13122184933715,337.56005704206797,0.0008089175585431835,-0.036852162208700835,-0.059995836160808794,0.9975178010623632,0.0,0.0,0.0,0.0,0.0,0.0,0.0,0.0,0.0,0.0,0.0,0.0,0.0,0.0,0.0,0.0,0.0,0.0,0.0,0.0,0.0,0.0,0.0,0.0,0.0,0.0,0.0,0.0,0.0,0.0,0.0,0.0,0.0,0.0,0.0,0.0,0.17813328879057505,-0.002318318895370392,-0.0010388061897698485,0.005061870109682135,-0.0015371394616065387,0.20866009803481841,0.0,0.0,0.0,0.0,0.0,0.0,0.0,0.0,0.0,0.0,0.0,0.0,0.0,0.0,0.0,0.0,0.0,0.0,0.0,0.0,0.0,0.0,0.0,0.0,0.0,0.0,0.0,0.0,0.0,0.0,0.0,0.0,0.0,0.0,0.0,0.0
14000000000,14,0,Archimede_odom,Archimede_base_link,-36.85754640345244,42.12907695041824,337.56126787129045,0.0007320231248411733,-0.03698288878728475,-0.04954389726787921,0.9980867358714882,0.0,0.0,0.0,0.0,0.0,0.0,0.0,0.0,0.0,0.0,0.0,0.0,0.0,0.0,0.0,0.0,0.0,0.0,0.0,0.0,0.0,0.0,0.0,0.0,0.0,0.0,0.0,0.0,0.0,0.0,0.0,0.0,0.0,0.0,0.0,0.0,0.1790278581298131,-0.0016344185345795255,-0.0010885729957103647,0.006246097743516178,-0.0019734876171113237,0.2096258785474337,0.0,0.0,0.0,0.0,0.0,0.0,0.0,0.0,0.0,0.0,0.0,0.0,0.0,0.0,0.0,0.0,0.0,0.0,0.0,0.0,0.0,0.0,0.0,0.0,0.0,0.0,0.0,0.0,0.0,0.0,0.0,0.0,0.0,0.0,0.0,0.0
14100000000,14,100000000,Archimede_odom,Archimede_base_link,-36.839763030850115,42.12736911225092,337.5624782899265,0.0006525681402812329,-0.03709778077947677,-0.03905047739411492,0.9985481405677705,0.0,0.0,0.0,0.0,0.0,0.0,0.0,0.0,0.0,0.0,0.0,0.0,0.0,0.0,0.0,0.0,0.0,0.0,0.0,0.0,0.0,0.0,0.0,0.0,0.0,0.0,0.0,0.0,0.0,0.0,0.0,0.0,0.0,0.0,0.0,0.0,0.17907904943036856,-0.0009340674957505348,-0.0011546869758707154,0.006313787350970751,-0.00179830483051783,0.21026546963450854,0.0,0.0,0.0,0.0,0.0,0.0,0.0,0.0,0.0,0.0,0.0,0.0,0.0,0.0,0.0,0.0,0.0,0.0,0.0,0.0,0.0,0.0,0.0,0.0,0.0,0.0,0.0,0.0,0.0,0.0,0.0,0.0,0.0,0.0,0.0,0.0
14200000000,14,200000000,Archimede_odom,Archimede_base_link,-36.82188598000545,42.12612513048362,337.56368990435266,0.00040623178440093267,-0.03708867527082122,-0.028512711118753455,0.9989050457611331,0.0,0.0,0.0,0.0,0.0,0.0,0.0,0.0,0.0,0.0,0.0,0.0,0.0,0.0,0.0,0.0,0.0,0.0,0.0,0.0,0.0,0.0,0.0,0.0,0.0,0.0,0.0,0.0,0.0,0.0,0.0,0.0,0.0,0.0,0.0,0.0,0.1796316555942892,0.00021554735982768437,-0.0011693338680218734,0.0001437865533052687,0.0020280211827986604,0.2112578033728627,0.0,0.0,0.0,0.0,0.0,0.0,0.0,0.0,0.0,0.0,0.0,0.0,0.0,0.0,0.0,0.0,0.0,0.0,0.0,0.0,0.0,0.0,0.0,0.0,0.0,0.0,0.0,0.0,0.0,0.0,0.0,0.0,0.0,0.0,0.0,0.0
14300000000,14,300000000,Archimede_odom,Archimede_base_link,-36.80400321109705,42.12535900819716,337.5649006225252,2.313732685317225e-05,-0.03698711314513392,-0.017953739733808653,0.9991544506008186,0.0,0.0,0.0,0.0,0.0,0.0,0.0,0.0,0.0,0.0,0.0,0.0,0.0,0.0,0.0,0.0,0.0,0.0,0.0,0.0,0.0,0.0,0.0,0.0,0.0,0.0,0.0,0.0,0.0,0.0,0.0,0.0,0.0,0.0,0.0,0.0,0.17926955627168348,0.0009965484283832849,-0.0011724731388558416,9.564558847153392e-05,0.002122816541540646,0.21148240823619383,0.0,0.0,0.0,0.0,0.0,0.0,0.0,0.0,0.0,0.0,0.0,0.0,0.0,0.0,0.0,0.0,0.0,0.0,0.0,0.0,0.0,0.0,0.0,0.0,0.0,0.0,0.0,0.0,0.0,0.0,0.0,0.0,0.0,0.0,0.0,0.0
14400000000,14,400000000,Archimede_odom,Archimede_base_link,-36.78612619091955,42.125047139348915,337.5661066771544,-0.000363203474049377,-0.0368769510724087,-0.00738015937830012,0.9992924956239742,0.0,0.0,0.0,0.0,0.0,0.0,0.0,0.0,0.0,0.0,0.0,0.0,0.0,0.0,0.0,0.0,0.0,0.0,0.0,0.0,0.0,0.0,0.0,0.0,0.0,0.0,0.0,0.0,0.0,0.0,0.0,0.0,0.0,0.0,0.0,0.0,0.17916833056238904,0.0017268999149794527,-0.001167777682074753,3.303334835811695e-05,0.0022073868997775138,0.21176114969037033,0.0,0.0,0.0,0.0,0.0,0.0,0.0,0.0,0.0,0.0,0.0,0.0,0.0,0.0,0.0,0.0,0.0,0.0,0.0,0.0,0.0,0.0,0.0,0.0,0.0,0.0,0.0,0.0,0.0,0.0,0.0,0.0,0.0,0.0,0.0,0.0
14500000000,14,500000000,Archimede_odom,Archimede_base_link,-36.76824866304629,42.125187380085514,337.56730892388714,-0.000753361878657387,-0.03675852601027536,0.003209390707952988,0.9993187394533916,0.0,0.0,0.0,0.0,0.0,0.0,0.0,0.0,0.0,0.0,0.0,0.0,0.0,0.0,0.0,0.0,0.0,0.0,0.0,0.0,0.0,0.0,0.0,0.0,0.0,0.0,0.0,0.0,0.0,0.0,0.0,0.0,0.0,0.0,0.0,0.0,0.1791882677186598,0.0024495454172821594,-0.0011591611106921804,-3.6044057939501215e-05,0.002287768533267483,0.21208940377345292,0.0,0.0,0.0,0.0,0.0,0.0,0.0,0.0,0.0,0.0,0.0,0.0,0.0,0.0,0.0,0.0,0.0,0.0,0.0,0.0,0.0,0.0,0.0,0.0,0.0,0.0,0.0,0.0,0.0,0.0,0.0,0.0,0.0,0.0,0.0,0.0
14600000000,14,600000000,Archimede_odom,Archimede_base_link,-36.75037433447744,42.12577958013207,337.5685072573143,-0.0011476567912768207,-0.03663201639501394,0.013816325208503347,0.9992326492946765,0.0,0.0,0.0,0.0,0.0,0.0,0.0,0.0,0.0,0.0,0.0,0.0,0.0,0.0,0.0,0.0,0.0,0.0,0.0,0.0,0.0,0.0,0.0,0.0,0.0,0.0,0.0,0.0,0.0,0.0,0.0,0.0,0.0,0.0,0.0,0.0,0.17925250808682733,0.003166075677506741,-0.0011478737703047182,-0.0001084928540947136,0.0023658082151642237,0.2124706415860516,0.0,0.0,0.0,0.0,0.0,0.0,0.0,0.0,0.0,0.0,0.0,0.0,0.0,0.0,0.0,0.0,0.0,0.0,0.0,0.0,0.0,0.0,0.0,0.0,0.0,0.0,0.0,0.0,0.0,0.0,0.0,0.0,0.0,0.0,0.0,0.0
14700000000,14,700000000,Archimede_odom,Archimede_base_link,-36.732152476291944,42.12696157528395,337.569521382299,-0.0015603583372974534,-0.036219296897766415,0.024608704502762792,0.9990396085625366,0.0,0.0,0.0,0.0,0.0,0.0,0.0,0.0,0.0,0.0,0.0,0.0,0.0,0.0,0.0,0.0,0.0,0.0,0.0,0.0,0.0,0.0,0.0,0.0,0.0,0.0,0.0,0.0,0.0,0.0,0.0,0.0,0.0,0.0,0.0,0.0,0.18510988998342648,0.0064068929816813985,-0.003660300667098976,-0.0002952595154285616,0.00963484174946865,0.21979135924793866,0.0,0.0,0.0,0.0,0.0,0.0,0.0,0.0,0.0,0.0,0.0,0.0,0.0,0.0,0.0,0.0,0.0,0.0,0.0,0.0,0.0,0.0,0.0,0.0,0.0,0.0,0.0,0.0,0.0,0.0,0.0,0.0,0.0,0.0,0.0,0.0
14800000000,14,800000000,Archimede_odom,Archimede_base_link,-36.713617299309526,42.12882597370601,337.57049103904626,-0.001998095308246395,-0.03570909571284218,0.035747900147930056,0.9987206595107182,0.0,0.0,0.0,0.0,0.0,0.0,0.0,0.0,0.0,0.0,0.0,0.0,0.0,0.0,0.0,0.0,0.0,0.0,0.0,0.0,0.0,0.0,0.0,0.0,0.0,0.0,0.0,0.0,0.0,0.0,0.0,0.0,0.0,0.0,0.0,0.0,0.18721504942074765,0.008008752440737326,-0.0036128946607801122,-0.0005519388401999253,0.009973594388119265,0.2252955467763586,0.0,0.0,0.0,0.0,0.0,0.0,0.0,0.0,0.0,0.0,0.0,0.0,0.0,0.0,0.0,0.0,0.0,0.0,0.0,0.0,0.0,0.0,0.0,0.0,0.0,0.0,0.0,0.0,0.0,0.0,0.0,0.0,0.0,0.0,0.0,0.0
14900000000,14,900000000,Archimede_odom,Archimede_base_link,-36.69498031622737,42.13123930308049,337.57145602251825,-0.0024564619869907817,-0.03518020810885791,0.04708809906781092,0.9982680149529504,0.0,0.0,0.0,0.0,0.0,0.0,0.0,0.0,0.0,0.0,0.0,0.0,0.0,0.0,0.0,0.0,0.0,0.0,0.0,0.0,0.0,0.0,0.0,0.0,0.0,0.0,0.0,0.0,0.0,0.0,0.0,0.0,0.0,0.0,0.0,0.0,0.18846366362177347,0.008997491897745931,-0.003519046813090998,-0.000815675661709738,0.010223859560242523,0.2284834808119009,0.0,0.0,0.0,0.0,0.0,0.0,0.0,0.0,0.0,0.0,0.0,0.0,0.0,0.0,0.0,0.0,0.0,0.0,0.0,0.0,0.0,0.0,0.0,0.0,0.0,0.0,0.0,0.0,0.0,0.0,0.0,0.0,0.0,0.0,0.0,0.0
15000000000,15,0,Archimede_odom,Archimede_base_link,-36.67626611534479,42.13419790831663,337.57242293618543,-0.002943297527282069,-0.034652530469159476,0.05853739832274926,0.9976792631549248,0.0,0.0,0.0,0.0,0.0,0.0,0.0,0.0,0.0,0.0,0.0,0.0,0.0,0.0,0.0,0.0,0.0,0.0,0.0,0.0,0.0,0.0,0.0,0.0,0.0,0.0,0.0,0.0,0.0,0.0,0.0,0.0,0.0,0.0,0.0,0.0,0.18967819804626793,0.010026998887975485,-0.003335711560434831,-0.0013364740181363965,0.010099283144564519,0.23005862736782054,0.0,0.0,0.0,0.0,0.0,0.0,0.0,0.0,0.0,0.0,0.0,0.0,0.0,0.0,0.0,0.0,0.0,0.0,0.0,0.0,0.0,0.0,0.0,0.0,0.0,0.0,0.0,0.0,0.0,0.0,0.0,0.0,0.0,0.0,0.0,0.0
15100000000,15,100000000,Archimede_odom,Archimede_base_link,-36.65797643106389,42.1373136411238,337.57338214778974,-0.0033844781423072053,-0.03415909971285935,0.06839232372586149,0.9970677967269267,0.0,0.0,0.0,0.0,0.0,0.0,0.0,0.0,0.0,0.0,0.0,0.0,0.0,0.0,0.0,0.0,0.0,0.0,0.0,0.0,0.0,0.0,0.0,0.0,0.0,0.0,0.0,0.0,0.0,0.0,0.0,0.0,0.0,0.0,0.0,0.0,0.18064276069358728,0.006726822875018341,-0.002592371235627297,-0.0015006942446888472,0.00838376416113595,0.1505684199386344,0.0,0.0,0.0,0.0,0.0,0.0,0.0,0.0,0.0,0.0,0.0,0.0,0.0,0.0,0.0,0.0,0.0,0.0,0.0,0.0,0.0,0.0,0.0,0.0,0.0,0.0,0.0,0.0,0.0,0.0,0.0,0.0,0.0,0.0,0.0,0.0
15200000000,15,200000000,Archimede_odom,Archimede_base_link,-36.64033439762275,42.14072799924247,337.5743526661941,-0.003670223210085937,-0.033763713174609744,0.07371008553022258,0.9967012413082358,0.0,0.0,0.0,0.0,0.0,0.0,0.0,0.0,0.0,0.0,0.0,0.0,0.0,0.0,0.0,0.0,0.0,0.0,0.0,0.0,0.0,0.0,0.0,0.0,0.0,0.0,0.0,0.0,0.0,0.0,0.0,0.0,0.0,0.0,0.0,0.0,0.1803790858667794,0.0098266481716698,-0.0020700117472759795,-0.001575783841959034,0.007246734233763627,0.07882631979641834,0.0,0.0,0.0,0.0,0.0,0.0,0.0,0.0,0.0,0.0,0.0,0.0,0.0,0.0,0.0,0.0,0.0,0.0,0.0,0.0,0.0,0.0,0.0,0.0,0.0,0.0,0.0,0.0,0.0,0.0,0.0,0.0,0.0,0.0,0.0,0.0
15300000000,15,300000000,Archimede_odom,Archimede_base_link,-36.622520710523176,42.14448978822634,337.5753582657761,-0.003873751562768754,-0.03341168835714443,0.07660598532330748,0.9964939418494224,0.0,0.0,0.0,0.0,0.0,0.0,0.0,0.0,0.0,0.0,0.0,0.0,0.0,0.0,0.0,0.0,0.0,0.0,0.0,0.0,0.0,0.0,0.0,0.0,0.0,0.0,0.0,0.0,0.0,0.0,0.0,0.0,0.0,0.0,0.0,0.0,0.1833247468229042,0.010577676636109864,-0.0017794541200515253,-0.001608068727057085,0.006791526081559654,0.0451582896161291,0.0,0.0,0.0,0.0,0.0,0.0,0.0,0.0,0.0,0.0,0.0,0.0,0.0,0.0,0.0,0.0,0.0,0.0,0.0,0.0,0.0,0.0,0.0,0.0,0.0,0.0,0.0,0.0,0.0,0.0,0.0,0.0,0.0,0.0,0.0,0.0
15400000000,15,400000000,Archimede_odom,Archimede_base_link,-36.60448702209846,42.148389667611205,337.5763891345043,-0.004033140475928379,-0.033081776558409416,0.07837806678619316,0.9963665030923611,0.0,0.0,0.0,0.0,0.0,0.0,0.0,0.0,0.0,0.0,0.0,0.0,0.0,0.0,0.0,0.0,0.0,0.0,0.0,0.0,0.0,0.0,0.0,0.0,0.0,0.0,0.0,0.0,0.0,0.0,0.0,0.0,0.0,0.0,0.0,0.0,0.18532231691396872,0.010465110317955582,-0.0015830069377181662,-0.00044279229880923334,0.005884399130637945,0.029695641124631345,0.0,0.0,0.0,0.0,0.0,0.0,0.0,0.0,0.0,0.0,0.0,0.0,0.0,0.0,0.0,0.0,0.0,0.0,0.0,0.0,0.0,0.0,0.0,0.0,0.0,0.0,0.0,0.0,0.0,0.0,0.0,0.0,0.0,0.0,0.0,0.0
15500000000,15,500000000,Archimede_odom,Archimede_base_link,-36.586325235440974,42.15235243629012,337.57743315457697,-0.004134787835240527,-0.032780514255525466,0.07963803769575488,0.9962761285741369,0.0,0.0,0.0,0.0,0.0,0.0,0.0,0.0,0.0,0.0,0.0,0.0,0.0,0.0,0.0,0.0,0.0,0.0,0.0,0.0,0.0,0.0,0.0,0.0,0.0,0.0,0.0,0.0,0.0,0.0,0.0,0.0,0.0,0.0,0.0,0.0,0.18623728579540486,0.010397613053124075,-0.0014377540321975505,-0.0007243848427774227,0.005965958643057189,0.02260389327176926,0.0,0.0,0.0,0.0,0.0,0.0,0.0,0.0,0.0,0.0,0.0,0.0,0.0,0.0,0.0,0.0,0.0,0.0,0.0,0.0,0.0,0.0,0.0,0.0,0.0,0.0,0.0,0.0,0.0,0.0,0.0,0.0,0.0,0.0,0.0,0.0
15601000000,15,600000000,Archimede_odom,Archimede_base_link,-36.568109164192144,42.156390551096514,337.5784826341271,-0.004428543756804822,-0.03238306770912165,0.08065739013046279,0.9962058574126549,0.0,0.0,0.0,0.0,0.0,0.0,0.0,0.0,0.0,0.0,0.0,0.0,0.0,0.0,0.0,0.0,0.0,0.0,0.0,0.0,0.0,0.0,0.0,0.0,0.0,0.0,0.0,0.0,0.0,0.0,0.0,0.0,0.0,0.0,0.0,0.0,0.18668047618195588,0.010679188651742413,-0.0012674691514829779,-0.004628645044597033,0.00827969955571542,0.01935286519806461,0.0,0.0,0.0,0.0,0.0,0.0,0.0,0.0,0.0,0.0,0.0,0.0,0.0,0.0,0.0,0.0,0.0,0.0,0.0,0.0,0.0,0.0,0.0,0.0,0.0,0.0,0.0,0.0,0.0,0.0,0.0,0.0,0.0,0.0,0.0,0.0
15700000000,15,700000000,Archimede_odom,Archimede_base_link,-36.54985402641743,42.160474544602295,337.57951026638125,-0.004724660640794497,-0.03195217077857231,0.08157327770031339,0.9961438333541968,0.0,0.0,0.0,0.0,0.0,0.0,0.0,0.0,0.0,0.0,0.0,0.0,0.0,0.0,0.0,0.0,0.0,0.0,0.0,0.0,0.0,0.0,0.0,0.0,0.0,0.0,0.0,0.0,0.0,0.0,0.0,0.0,0.0,0.0,0.0,0.0,0.18875144279044997,0.010934789589453708,-0.0028462311099464407,-0.004695420637416708,0.013097533419869753,0.019057864794400324,0.0,0.0,0.0,0.0,0.0,0.0,0.0,0.0,0.0,0.0,0.0,0.0,0.0,0.0,0.0,0.0,0.0,0.0,0.0,0.0,0.0,0.0,0.0,0.0,0.0,0.0,0.0,0.0,0.0,0.0,0.0,0.0,0.0,0.0,0.0,0.0
15801000000,15,800000000,Archimede_odom,Archimede_base_link,-36.53118266497677,42.1648322743734,337.58038372620257,-0.005055515019342701,-0.03127035048645461,0.08265220574543844,0.9960749067383222,0.0,0.0,0.0,0.0,0.0,0.0,0.0,0.0,0.0,0.0,0.0,0.0,0.0,0.0,0.0,0.0,0.0,0.0,0.0,0.0,0.0,0.0,0.0,0.0,0.0,0.0,0.0,0.0,0.0,0.0,0.0,0.0,0.0,0.0,0.0,0.0,0.19303226617361555,0.012884928991458275,-0.002920680318326432,-0.004860714986692988,0.014162120750314916,0.023575627828773652,0.0,0.0,0.0,0.0,0.0,0.0,0.0,0.0,0.0,0.0,0.0,0.0,0.0,0.0,0.0,0.0,0.0,0.0,0.0,0.0,0.0,0.0,0.0,0.0,0.0,0.0,0.0,0.0,0.0,0.0,0.0,0.0,0.0,0.0,0.0,0.0
15901000000,15,900000000,Archimede_odom,Archimede_base_link,-36.51229322390016,42.16933582172116,337.5812622387213,-0.005397116268965685,-0.030573685494484464,0.08387104141845955,0.9959928560500053,0.0,0.0,0.0,0.0,0.0,0.0,0.0,0.0,0.0,0.0,0.0,0.0,0.0,0.0,0.0,0.0,0.0,0.0,0.0,0.0,0.0,0.0,0.0,0.0,0.0,0.0,0.0,0.0,0.0,0.0,0.0,0.0,0.0,0.0,0.0,0.0,0.19443889249520266,0.013046354060593235,-0.002661407702736394,-0.004828252328045489,0.01433058020612187,0.02537977563023381,0.0,0.0,0.0,0.0,0.0,0.0,0.0,0.0,0.0,0.0,0.0,0.0,0.0,0.0,0.0,0.0,0.0,0.0,0.0,0.0,0.0,0.0,0.0,0.0,0.0,0.0,0.0,0.0,0.0,0.0,0.0,0.0,0.0,0.0,0.0,0.0
16000000000,16,0,Archimede_odom,Archimede_base_link,-36.493343868888125,42.17390811853401,337.58214430601186,-0.005736387525627561,-0.029871263607109153,0.08514790778753126,0.9959039287341307,0.0,0.0,0.0,0.0,0.0,0.0,0.0,0.0,0.0,0.0,0.0,0.0,0.0,0.0,0.0,0.0,0.0,0.0,0.0,0.0,0.0,0.0,0.0,0.0,0.0,0.0,0.0,0.0,0.0,0.0,0.0,0.0,0.0,0.0,0.0,0.0,0.1948161014553395,0.013120572696420585,-0.002387652316079219,-0.004832385390731271,0.014393443023580917,0.026165651154644493,0.0,0.0,0.0,0.0,0.0,0.0,0.0,0.0,0.0,0.0,0.0,0.0,0.0,0.0,0.0,0.0,0.0,0.0,0.0,0.0,0.0,0.0,0.0,0.0,0.0,0.0,0.0,0.0,0.0,0.0,0.0,0.0,0.0,0.0,0.0,0.0
16100000000,16,100000000,Archimede_odom,Archimede_base_link,-36.474384409444646,42.178540597871844,337.583024777129,-0.006079027149342237,-0.02916664764334118,0.08644947107725172,0.9958106451753919,0.0,0.0,0.0,0.0,0.0,0.0,0.0,0.0,0.0,0.0,0.0,0.0,0.0,0.0,0.0,0.0,0.0,0.0,0.0,0.0,0.0,0.0,0.0,0.0,0.0,0.0,0.0,0.0,0.0,0.0,0.0,0.0,0.0,0.0,0.0,0.0,0.19497794042159985,0.013184857001023157,-0.002115649448622109,-0.004878036003725771,0.014426600540327355,0.026492587668650897,0.0,0.0,0.0,0.0,0.0,0.0,0.0,0.0,0.0,0.0,0.0,0.0,0.0,0.0,0.0,0.0,0.0,0.0,0.0,0.0,0.0,0.0,0.0,0.0,0.0,0.0,0.0,0.0,0.0,0.0,0.0,0.0,0.0,0.0,0.0,0.0
16200000000,16,200000000,Archimede_odom,Archimede_base_link,-36.45542672023867,42.18323146997236,337.5839033966336,-0.00642423284286091,-0.028460768105001425,0.08776106890206152,0.9957141701795861,0.0,0.0,0.0,0.0,0.0,0.0,0.0,0.0,0.0,0.0,0.0,0.0,0.0,0.0,0.0,0.0,0.0,0.0,0.0,0.0,0.0,0.0,0.0,0.0,0.0,0.0,0.0,0.0,0.0,0.0,0.0,0.0,0.0,0.0,0.0,0.0,0.19507538200503047,0.013247300863050876,-0.0018397102389393094,-0.0049201332687822475,0.014449248011267433,0.02662597733200377,0.0,0.0,0.0,0.0,0.0,0.0,0.0,0.0,0.0,0.0,0.0,0.0,0.0,0.0,0.0,0.0,0.0,0.0,0.0,0.0,0.0,0.0,0.0,0.0,0.0,0.0,0.0,0.0,0.0,0.0,0.0,0.0,0.0,0.0,0.0,0.0
16300000000,16,300000000,Archimede_odom,Archimede_base_link,-36.436474496508936,42.18798028990726,337.584780118953,-0.0067716792749917595,-0.027753972651718837,0.08907647951580393,0.995615006997642,0.0,0.0,0.0,0.0,0.0,0.0,0.0,0.0,0.0,0.0,0.0,0.0,0.0,0.0,0.0,0.0,0.0,0.0,0.0,0.0,0.0,0.0,0.0,0.0,0.0,0.0,0.0,0.0,0.0,0.0,0.0,0.0,0.0,0.0,0.0,0.0,0.19515394451947204,0.013308703264789659,-0.0015617484546207475,-0.004960784710809664,0.014467994922655311,0.026676865752026997,0.0,0.0,0.0,0.0,0.0,0.0,0.0,0.0,0.0,0.0,0.0,0.0,0.0,0.0,0.0,0.0,0.0,0.0,0.0,0.0,0.0,0.0,0.0,0.0,0.0,0.0,0.0,0.0,0.0,0.0,0.0,0.0,0.0,0.0,0.0,0.0
16400000000,16,400000000,Archimede_odom,Archimede_base_link,-36.41752884568728,42.192786913389426,337.585654947669,-0.007121233829477685,-0.027046395723623416,0.09039305357025745,0.9955133732770001,0.0,0.0,0.0,0.0,0.0,0.0,0.0,0.0,0.0,0.0,0.0,0.0,0.0,0.0,0.0,0.0,0.0,0.0,0.0,0.0,0.0,0.0,0.0,0.0,0.0,0.0,0.0,0.0,0.0,0.0,0.0,0.0,0.0,0.0,0.0,0.0,0.19522637924447292,0.0133693844416598,-0.0012824673827271879,-0.005000804613027039,0.014485167405903776,0.026691828064783603,0.0,0.0,0.0,0.0,0.0,0.0,0.0,0.0,0.0,0.0,0.0,0.0,0.0,0.0,0.0,0.0,0.0,0.0,0.0,0.0,0.0,0.0,0.0,0.0,0.0,0.0,0.0,0.0,0.0,0.0,0.0,0.0,0.0,0.0,0.0,0.0
16500000000,16,500000000,Archimede_odom,Archimede_base_link,-36.398556813074805,42.197704646444805,337.586507079221,-0.007587125101010332,-0.026391991140360522,0.0916821830555625,0.995409601946111,0.0,0.0,0.0,0.0,0.0,0.0,0.0,0.0,0.0,0.0,0.0,0.0,0.0,0.0,0.0,0.0,0.0,0.0,0.0,0.0,0.0,0.0,0.0,0.0,0.0,0.0,0.0,0.0,0.0,0.0,0.0,0.0,0.0,0.0,0.0,0.0,0.19683624531019897,0.01513004689783944,-0.0017151876124830144,-0.0115768038595523,0.012607828673084923,0.024509507011197636,0.0,0.0,0.0,0.0,0.0,0.0,0.0,0.0,0.0,0.0,0.0,0.0,0.0,0.0,0.0,0.0,0.0,0.0,0.0,0.0,0.0,0.0,0.0,0.0,0.0,0.0,0.0,0.0,0.0,0.0,0.0,0.0,0.0,0.0,0.0,0.0
16600000000,16,600000000,Archimede_odom,Archimede_base_link,-36.37943209058704,42.20289293902336,337.5873153872999,-0.008252615431153023,-0.025809725447138502,0.09274744655787821,0.9953208847240583,0.0,0.0,0.0,0.0,0.0,0.0,0.0,0.0,0.0,0.0,0.0,0.0,0.0,0.0,0.0,0.0,0.0,0.0,0.0,0.0,0.0,0.0,0.0,0.0,0.0,0.0,0.0,0.0,0.0,0.0,0.0,0.0,0.0,0.0,0.0,0.0,0.198181660323015,0.01599854779873486,-0.0014560882401291886,-0.011662156748741114,0.012590377716141663,0.020128778016775307,0.0,0.0,0.0,0.0,0.0,0.0,0.0,0.0,0.0,0.0,0.0,0.0,0.0,0.0,0.0,0.0,0.0,0.0,0.0,0.0,0.0,0.0,0.0,0.0,0.0,0.0,0.0,0.0,0.0,0.0,0.0,0.0,0.0,0.0,0.0,0.0
16700000000,16,700000000,Archimede_odom,Archimede_base_link,-36.36023891897805,42.20815614804286,337.5881263871638,-0.008906936228041494,-0.025235114116028228,0.09367210457716733,0.9952433834628919,0.0,0.0,0.0,0.0,0.0,0.0,0.0,0.0,0.0,0.0,0.0,0.0,0.0,0.0,0.0,0.0,0.0,0.0,0.0,0.0,0.0,0.0,0.0,0.0,0.0,0.0,0.0,0.0,0.0,0.0,0.0,0.0,0.0,0.0,0.0,0.0,0.19890665717603373,0.01572934645331046,-0.0011895189634535713,-0.008923276368406676,0.010889017922978972,0.01847742703670411,0.0,0.0,0.0,0.0,0.0,0.0,0.0,0.0,0.0,0.0,0.0,0.0,0.0,0.0,0.0,0.0,0.0,0.0,0.0,0.0,0.0,0.0,0.0,0.0,0.0,0.0,0.0,0.0,0.0,0.0,0.0,0.0,0.0,0.0,0.0,0.0
16800000000,16,800000000,Archimede_odom,Archimede_base_link,-36.34104237395746,42.213415774080104,337.5889374465045,-0.009252558255644944,-0.02481117523066695,0.09454431321528337,0.9951684121735624,0.0,0.0,0.0,0.0,0.0,0.0,0.0,0.0,0.0,0.0,0.0,0.0,0.0,0.0,0.0,0.0,0.0,0.0,0.0,0.0,0.0,0.0,0.0,0.0,0.0,0.0,0.0,0.0,0.0,0.0,0.0,0.0,0.0,0.0,0.0,0.0,0.19875242170693216,0.01570410480238082,-0.0010053038887297638,-0.006190425927552399,0.009210019595403716,0.017380394975981543,0.0,0.0,0.0,0.0,0.0,0.0,0.0,0.0,0.0,0.0,0.0,0.0,0.0,0.0,0.0,0.0,0.0,0.0,0.0,0.0,0.0,0.0,0.0,0.0,0.0,0.0,0.0,0.0,0.0,0.0,0.0,0.0,0.0,0.0,0.0,0.0
16900000000,16,900000000,Archimede_odom,Archimede_base_link,-36.32182108198188,42.218726225532656,337.5897374280533,-0.009626193666745527,-0.024359589376259178,0.0953856983170063,0.9950957317552354,0.0,0.0,0.0,0.0,0.0,0.0,0.0,0.0,0.0,0.0,0.0,0.0,0.0,0.0,0.0,0.0,0.0,0.0,0.0,0.0,0.0,0.0,0.0,0.0,0.0,0.0,0.0,0.0,0.0,0.0,0.0,0.0,0.0,0.0,0.0,0.0,0.19971013961793987,0.01554823590245193,-0.0019303205996411999,-0.006068885823913331,0.012187055511435214,0.017347971092810013,0.0,0.0,0.0,0.0,0.0,0.0,0.0,0.0,0.0,0.0,0.0,0.0,0.0,0.0,0.0,0.0,0.0,0.0,0.0,0.0,0.0,0.0,0.0,0.0,0.0,0.0,0.0,0.0,0.0,0.0,0.0,0.0,0.0,0.0,0.0,0.0
17000000000,17,0,Archimede_odom,Archimede_base_link,-36.30225931820495,42.224247217284315,337.59037533673705,-0.010035761339498775,-0.02366206841560108,0.09637366904730023,0.9950133194721533,0.0,0.0,0.0,0.0,0.0,0.0,0.0,0.0,0.0,0.0,0.0,0.0,0.0,0.0,0.0,0.0,0.0,0.0,0.0,0.0,0.0,0.0,0.0,0.0,0.0,0.0,0.0,0.0,0.0,0.0,0.0,0.0,0.0,0.0,0.0,0.0,0.20409233285209893,0.017378154402757133,-0.002436369893666772,-0.006429391317208345,0.014631664764150745,0.021822595510760257,0.0,0.0,0.0,0.0,0.0,0.0,0.0,0.0,0.0,0.0,0.0,0.0,0.0,0.0,0.0,0.0,0.0,0.0,0.0,0.0,0.0,0.0,0.0,0.0,0.0,0.0,0.0,0.0,0.0,0.0,0.0,0.0,0.0,0.0,0.0,0.0
17101000000,17,100000000,Archimede_odom,Archimede_base_link,-36.28249464617683,42.229917059346064,337.5910122809115,-0.010441783506867246,-0.02295535425655494,0.09750219955987778,0.9949157461559937,0.0,0.0,0.0,0.0,0.0,0.0,0.0,0.0,0.0,0.0,0.0,0.0,0.0,0.0,0.0,0.0,0.0,0.0,0.0,0.0,0.0,0.0,0.0,0.0,0.0,0.0,0.0,0.0,0.0,0.0,0.0,0.0,0.0,0.0,0.0,0.0,0.2054393908224723,0.017445442534799342,-0.0021775282073738474,-0.006008707189079984,0.014497577723134281,0.023659778343811715,0.0,0.0,0.0,0.0,0.0,0.0,0.0,0.0,0.0,0.0,0.0,0.0,0.0,0.0,0.0,0.0,0.0,0.0,0.0,0.0,0.0,0.0,0.0,0.0,0.0,0.0,0.0,0.0,0.0,0.0,0.0,0.0,0.0,0.0,0.0,0.0
17200000000,17,200000000,Archimede_odom,Archimede_base_link,-36.26267546503184,42.23565260275029,337.5916474560663,-0.010840701102324364,-0.022249139160872476,0.09868327337140292,0.9948110707882755,0.0,0.0,0.0,0.0,0.0,0.0,0.0,0.0,0.0,0.0,0.0,0.0,0.0,0.0,0.0,0.0,0.0,0.0,0.0,0.0,0.0,0.0,0.0,0.0,0.0,0.0,0.0,0.0,0.0,0.0,0.0,0.0,0.0,0.0,0.0,0.0,0.2058073392351058,0.017511738467095878,-0.0018917136129497007,-0.006063863870601483,0.014559425429359512,0.02426212891207539,0.0,0.0,0.0,0.0,0.0,0.0,0.0,0.0,0.0,0.0,0.0,0.0,0.0,0.0,0.0,0.0,0.0,0.0,0.0,0.0,0.0,0.0,0.0,0.0,0.0,0.0,0.0,0.0,0.0,0.0,0.0,0.0,0.0,0.0,0.0,0.0
17300000000,17,300000000,Archimede_odom,Archimede_base_link,-36.24284801705514,42.24144548150595,337.59228015751376,-0.011242665918682126,-0.021540796425386567,0.09988280047135516,0.9947024794994734,0.0,0.0,0.0,0.0,0.0,0.0,0.0,0.0,0.0,0.0,0.0,0.0,0.0,0.0,0.0,0.0,0.0,0.0,0.0,0.0,0.0,0.0,0.0,0.0,0.0,0.0,0.0,0.0,0.0,0.0,0.0,0.0,0.0,0.0,0.0,0.0,0.20597520689002224,0.017554905767121355,-0.0015968847062463065,-0.006109392095791091,0.014591339963883709,0.02450346754737846,0.0,0.0,0.0,0.0,0.0,0.0,0.0,0.0,0.0,0.0,0.0,0.0,0.0,0.0,0.0,0.0,0.0,0.0,0.0,0.0,0.0,0.0,0.0,0.0,0.0,0.0,0.0,0.0,0.0,0.0,0.0,0.0,0.0,0.0,0.0,0.0
17401000000,17,400000000,Archimede_odom,Archimede_base_link,-36.22302290852803,42.2472934627262,337.5929103334511,-0.011647058492758364,-0.02083126517410702,0.10108961235313461,0.9945910188082362,0.0,0.0,0.0,0.0,0.0,0.0,0.0,0.0,0.0,0.0,0.0,0.0,0.0,0.0,0.0,0.0,0.0,0.0,0.0,0.0,0.0,0.0,0.0,0.0,0.0,0.0,0.0,0.0,0.0,0.0,0.0,0.0,0.0,0.0,0.0,0.0,0.2060884503922736,0.017593272535919486,-0.0012983780716374536,-0.006151647424257021,0.014613395259542666,0.02460291939261841,0.0,0.0,0.0,0.0,0.0,0.0,0.0,0.0,0.0,0.0,0.0,0.0,0.0,0.0,0.0,0.0,0.0,0.0,0.0,0.0,0.0,0.0,0.0,0.0,0.0,0.0,0.0,0.0,0.0,0.0,0.0,0.0,0.0,0.0,0.0,0.0
17500000000,17,500000000,Archimede_odom,Archimede_base_link,-36.20319768171795,42.25319506383984,337.5935332833549,-0.012068092369726835,-0.020120428976669578,0.10230103864449334,0.9944767604004673,0.0,0.0,0.0,0.0,0.0,0.0,0.0,0.0,0.0,0.0,0.0,0.0,0.0,0.0,0.0,0.0,0.0,0.0,0.0,0.0,0.0,0.0,0.0,0.0,0.0,0.0,0.0,0.0,0.0,0.0,0.0,0.0,0.0,0.0,0.0,0.0,0.2066600639524821,0.017469915876836793,-0.0014932225582511842,-0.009048226501790785,0.015009430465527426,0.025044716136381196,0.0,0.0,0.0,0.0,0.0,0.0,0.0,0.0,0.0,0.0,0.0,0.0,0.0,0.0,0.0,0.0,0.0,0.0,0.0,0.0,0.0,0.0,0.0,0.0,0.0,0.0,0.0,0.0,0.0,0.0,0.0,0.0,0.0,0.0,0.0,0.0
17600000000,17,600000000,Archimede_odom,Archimede_base_link,-36.183270333134985,42.259154073836044,337.59412364511854,-0.012564627627142657,-0.019417593649841556,0.10351468041748377,0.9943589885587132,0.0,0.0,0.0,0.0,0.0,0.0,0.0,0.0,0.0,0.0,0.0,0.0,0.0,0.0,0.0,0.0,0.0,0.0,0.0,0.0,0.0,0.0,0.0,0.0,0.0,0.0,0.0,0.0,0.0,0.0,0.0,0.0,0.0,0.0,0.0,0.0,0.2076880057345944,0.01752955697173541,-0.0010873020742156922,-0.00808615255242576,0.014716899606299108,0.024430771725533585,0.0,0.0,0.0,0.0,0.0,0.0,0.0,0.0,0.0,0.0,0.0,0.0,0.0,0.0,0.0,0.0,0.0,0.0,0.0,0.0,0.0,0.0,0.0,0.0,0.0,0.0,0.0,0.0,0.0,0.0,0.0,0.0,0.0,0.0,0.0,0.0
17701000000,17,700000000,Archimede_odom,Archimede_base_link,-36.163303723166116,42.26518226081585,337.5947130083587,-0.013067755444988274,-0.018712268253390226,0.10470032445502694,0.9942418854803168,0.0,0.0,0.0,0.0,0.0,0.0,0.0,0.0,0.0,0.0,0.0,0.0,0.0,0.0,0.0,0.0,0.0,0.0,0.0,0.0,0.0,0.0,0.0,0.0,0.0,0.0,0.0,0.0,0.0,0.0,0.0,0.0,0.0,0.0,0.0,0.0,0.20804708287111034,0.017543962943639625,-0.0007764567248542182,-0.008135575077354601,0.014730625007747616,0.024044275597060735,0.0,0.0,0.0,0.0,0.0,0.0,0.0,0.0,0.0,0.0,0.0,0.0,0.0,0.0,0.0,0.0,0.0,0.0,0.0,0.0,0.0,0.0,0.0,0.0,0.0,0.0,0.0,0.0,0.0,0.0,0.0,0.0,0.0,0.0,0.0,0.0
17800000000,17,800000000,Archimede_odom,Archimede_base_link,-36.143226596503894,42.27136455451937,337.59521740816785,-0.01376137065312716,-0.018025767275025046,0.105815668843252,0.9941271249790689,0.0,0.0,0.0,0.0,0.0,0.0,0.0,0.0,0.0,0.0,0.0,0.0,0.0,0.0,0.0,0.0,0.0,0.0,0.0,0.0,0.0,0.0,0.0,0.0,0.0,0.0,0.0,0.0,0.0,0.0,0.0,0.0,0.0,0.0,0.0,0.0,0.21094747388696033,0.01908578241205481,-0.0016954723271898147,-0.013916362268862573,0.014919861869886206,0.021185109902869592,0.0,0.0,0.0,0.0,0.0,0.0,0.0,0.0,0.0,0.0,0.0,0.0,0.0,0.0,0.0,0.0,0.0,0.0,0.0,0.0,0.0,0.0,0.0,0.0,0.0,0.0,0.0,0.0,0.0,0.0,0.0,0.0,0.0,0.0,0.0,0.0
17900000000,17,900000000,Archimede_odom,Archimede_base_link,-36.122911666376574,42.27771915964729,337.59568711178906,-0.0145517906196689,-0.017344100273813542,0.10678248028774749,0.9940246121093028,0.0,0.0,0.0,0.0,0.0,0.0,0.0,0.0,0.0,0.0,0.0,0.0,0.0,0.0,0.0,0.0,0.0,0.0,0.0,0.0,0.0,0.0,0.0,0.0,0.0,0.0,0.0,0.0,0.0,0.0,0.0,0.0,0.0,0.0,0.0,0.0,0.21260538822832203,0.018618411379856138,-0.0013540610299602068,-0.010442492701114412,0.012780455013241604,0.019387732251636286,0.0,0.0,0.0,0.0,0.0,0.0,0.0,0.0,0.0,0.0,0.0,0.0,0.0,0.0,0.0,0.0,0.0,0.0,0.0,0.0,0.0,0.0,0.0,0.0,0.0,0.0,0.0,0.0,0.0,0.0,0.0,0.0,0.0,0.0,0.0,0.0
18000000000,18,0,Archimede_odom,Archimede_base_link,-36.10255996048717,42.284011599124284,337.5961745108473,-0.014751945106327094,-0.016959315336980467,0.10770620032129774,0.9939286373534215,0.0,0.0,0.0,0.0,0.0,0.0,0.0,0.0,0.0,0.0,0.0,0.0,0.0,0.0,0.0,0.0,0.0,0.0,0.0,0.0,0.0,0.0,0.0,0.0,0.0,0.0,0.0,0.0,0.0,0.0,0.0,0.0,0.0,0.0,0.0,0.0,0.21227096590853528,0.018362839179408265,-0.0007624786101801411,-0.0045271303759610425,0.008037614435663665,0.018282082214740595,0.0,0.0,0.0,0.0,0.0,0.0,0.0,0.0,0.0,0.0,0.0,0.0,0.0,0.0,0.0,0.0,0.0,0.0,0.0,0.0,0.0,0.0,0.0,0.0,0.0,0.0,0.0,0.0,0.0,0.0,0.0,0.0,0.0,0.0,0.0,0.0
18100000000,18,100000000,Archimede_odom,Archimede_base_link,-36.082361966375,42.28998574755703,337.5968918448346,-0.01499354548171109,-0.016852159023329004,0.10824583186051774,0.9938682197429218,0.0,0.0,0.0,0.0,0.0,0.0,0.0,0.0,0.0,0.0,0.0,0.0,0.0,0.0,0.0,0.0,0.0,0.0,0.0,0.0,0.0,0.0,0.0,0.0,0.0,0.0,0.0,0.0,0.0,0.0,0.0,0.0,0.0,0.0,0.0,0.0,0.20802889851217662,0.013090399942301805,0.0017513447229670868,-0.004305489888197114,0.0012051296407322993,0.0037415924299644054,0.0,0.0,0.0,0.0,0.0,0.0,0.0,0.0,0.0,0.0,0.0,0.0,0.0,0.0,0.0,0.0,0.0,0.0,0.0,0.0,0.0,0.0,0.0,0.0,0.0,0.0,0.0,0.0,0.0,0.0,0.0,0.0,0.0,0.0,0.0,0.0
18200000000,18,200000000,Archimede_odom,Archimede_base_link,-36.062463089381936,42.29569141538386,337.59764601764573,-0.015207551639105423,-0.01681489320540635,0.10816253131742858,0.9938746684359356,0.0,0.0,0.0,0.0,0.0,0.0,0.0,0.0,0.0,0.0,0.0,0.0,0.0,0.0,0.0,0.0,0.0,0.0,0.0,0.0,0.0,0.0,0.0,0.0,0.0,0.0,0.0,0.0,0.0,0.0,0.0,0.0,0.0,0.0,0.0,0.0,0.20603682825512534,0.012580042751769924,0.0017214093567587188,-0.00413448561594741,0.0012488205143944043,-0.00491036462502899,0.0,0.0,0.0,0.0,0.0,0.0,0.0,0.0,0.0,0.0,0.0,0.0,0.0,0.0,0.0,0.0,0.0,0.0,0.0,0.0,0.0,0.0,0.0,0.0,0.0,0.0,0.0,0.0,0.0,0.0,0.0,0.0,0.0,0.0,0.0,0.0
18300000000,18,300000000,Archimede_odom,Archimede_base_link,-36.042667042263155,42.30134330464834,337.5983940236557,-0.015411491485043338,-0.01677977179362117,0.10779562116195777,0.993911982645882,0.0,0.0,0.0,0.0,0.0,0.0,0.0,0.0,0.0,0.0,0.0,0.0,0.0,0.0,0.0,0.0,0.0,0.0,0.0,0.0,0.0,0.0,0.0,0.0,0.0,0.0,0.0,0.0,0.0,0.0,0.0,0.0,0.0,0.0,0.0,0.0,0.20537587937336652,0.012496552247360567,0.0017276801359084,-0.004062512359961125,0.0012738977483875266,-0.008782246068245314,0.0,0.0,0.0,0.0,0.0,0.0,0.0,0.0,0.0,0.0,0.0,0.0,0.0,0.0,0.0,0.0,0.0,0.0,0.0,0.0,0.0,0.0,0.0,0.0,0.0,0.0,0.0,0.0,0.0,0.0,0.0,0.0,0.0,0.0,0.0,0.0
18400000000,18,400000000,Archimede_odom,Archimede_base_link,-36.0229034703225,42.30696418498409,337.5991400627516,-0.01561110302632569,-0.01674536567219195,0.10730191941232683,0.9939628686632296,0.0,0.0,0.0,0.0,0.0,0.0,0.0,0.0,0.0,0.0,0.0,0.0,0.0,0.0,0.0,0.0,0.0,0.0,0.0,0.0,0.0,0.0,0.0,0.0,0.0,0.0,0.0,0.0,0.0,0.0,0.0,0.0,0.0,0.0,0.0,0.0,0.20513128854335488,0.012454862782128356,0.001748188616230888,-0.004032247646738349,0.0012906451314078694,-0.010509864596112434,0.0,0.0,0.0,0.0,0.0,0.0,0.0,0.0,0.0,0.0,0.0,0.0,0.0,0.0,0.0,0.0,0.0,0.0,0.0,0.0,0.0,0.0,0.0,0.0,0.0,0.0,0.0,0.0,0.0,0.0,0.0,0.0,0.0,0.0,0.0,0.0
18500000000,18,500000000,Archimede_odom,Archimede_base_link,-36.00306987701691,42.312543098258374,337.59985135052375,-0.015814986190502176,-0.01665906039951716,0.1067402182895975,0.9940215730646336,0.0,0.0,0.0,0.0,0.0,0.0,0.0,0.0,0.0,0.0,0.0,0.0,0.0,0.0,0.0,0.0,0.0,0.0,0.0,0.0,0.0,0.0,0.0,0.0,0.0,0.0,0.0,0.0,0.0,0.0,0.0,0.0,0.0,0.0,0.0,0.0,0.2065396062601222,0.012055270909162594,0.0012283422697181425,-0.004041062595152382,0.002893637949403998,-0.011932208218825307,0.0,0.0,0.0,0.0,0.0,0.0,0.0,0.0,0.0,0.0,0.0,0.0,0.0,0.0,0.0,0.0,0.0,0.0,0.0,0.0,0.0,0.0,0.0,0.0,0.0,0.0,0.0,0.0,0.0,0.0,0.0,0.0,0.0,0.0,0.0,0.0
18600000000,18,600000000,Archimede_odom,Archimede_base_link,-35.98313039982214,42.31811385031125,337.6005542889338,-0.01601784587875998,-0.016532329953615532,0.1061077303687141,0.9940881551631673,0.0,0.0,0.0,0.0,0.0,0.0,0.0,0.0,0.0,0.0,0.0,0.0,0.0,0.0,0.0,0.0,0.0,0.0,0.0,0.0,0.0,0.0,0.0,0.0,0.0,0.0,0.0,0.0,0.0,0.0,0.0,0.0,0.0,0.0,0.0,0.0,0.20684147977209993,0.01204142152585044,0.0013948937579799712,-0.0037016048432754025,0.0034350843407964064,-0.013038160052233705,0.0,0.0,0.0,0.0,0.0,0.0,0.0,0.0,0.0,0.0,0.0,0.0,0.0,0.0,0.0,0.0,0.0,0.0,0.0,0.0,0.0,0.0,0.0,0.0,0.0,0.0,0.0,0.0,0.0,0.0,0.0,0.0,0.0,0.0,0.0,0.0
18700000000,18,700000000,Archimede_odom,Archimede_base_link,-35.96317932356997,42.323652138907505,337.601261084418,-0.016208882600143453,-0.016391295338761273,0.1054391549564476,0.9941585296943554,0.0,0.0,0.0,0.0,0.0,0.0,0.0,0.0,0.0,0.0,0.0,0.0,0.0,0.0,0.0,0.0,0.0,0.0,0.0,0.0,0.0,0.0,0.0,0.0,0.0,0.0,0.0,0.0,0.0,0.0,0.0,0.0,0.0,0.0,0.0,0.0,0.2068049381103207,0.01199636926913129,0.0014634385781721255,-0.0036947771274736902,0.0034547957456089163,-0.013516439795230017,0.0,0.0,0.0,0.0,0.0,0.0,0.0,0.0,0.0,0.0,0.0,0.0,0.0,0.0,0.0,0.0,0.0,0.0,0.0,0.0,0.0,0.0,0.0,0.0,0.0,0.0,0.0,0.0,0.0,0.0,0.0,0.0,0.0,0.0,0.0,0.0
18800000000,18,800000000,Archimede_odom,Archimede_base_link,-35.94322393292605,42.329159809707726,337.6019684034598,-0.016399532156480368,-0.01624974173069766,0.10475502041359513,0.9942300472913105,0.0,0.0,0.0,0.0,0.0,0.0,0.0,0.0,0.0,0.0,0.0,0.0,0.0,0.0,0.0,0.0,0.0,0.0,0.0,0.0,0.0,0.0,0.0,0.0,0.0,0.0,0.0,0.0,0.0,0.0,0.0,0.0,0.0,0.0,0.0,0.0,0.206766092156467,0.01197269782588711,0.001535505624088954,-0.0036925808468249314,0.0034668578092390497,-0.013724581306956557,0.0,0.0,0.0,0.0,0.0,0.0,0.0,0.0,0.0,0.0,0.0,0.0,0.0,0.0,0.0,0.0,0.0,0.0,0.0,0.0,0.0,0.0,0.0,0.0,0.0,0.0,0.0,0.0,0.0,0.0,0.0,0.0,0.0,0.0,0.0,0.0
18900000000,18,900000000,Archimede_odom,Archimede_base_link,-35.92326412545914,42.33463724739188,337.60267644789513,-0.01659072049151559,-0.01610826233865604,0.10406412363570476,0.9943017298838086,0.0,0.0,0.0,0.0,0.0,0.0,0.0,0.0,0.0,0.0,0.0,0.0,0.0,0.0,0.0,0.0,0.0,0.0,0.0,0.0,0.0,0.0,0.0,0.0,0.0,0.0,0.0,0.0,0.0,0.0,0.0,0.0,0.0,0.0,0.0,0.0,0.2067407389507679,0.01195028337268092,0.0016090376473054946,-0.0038304880550421652,0.0033932258259620125,-0.01381577648814369,0.0,0.0,0.0,0.0,0.0,0.0,0.0,0.0,0.0,0.0,0.0,0.0,0.0,0.0,0.0,0.0,0.0,0.0,0.0,0.0,0.0,0.0,0.0,0.0,0.0,0.0,0.0,0.0,0.0,0.0,0.0,0.0,0.0,0.0,0.0,0.0
19000000000,19,0,Archimede_odom,Archimede_base_link,-35.903309154857865,42.34009947815211,337.60338453175973,-0.01690726167216907,-0.01606123328343967,0.10336790952479308,0.9943697785877434,0.0,0.0,0.0,0.0,0.0,0.0,0.0,0.0,0.0,0.0,0.0,0.0,0.0,0.0,0.0,0.0,0.0,0.0,0.0,0.0,0.0,0.0,0.0,0.0,0.0,0.0,0.0,0.0,0.0,0.0,0.0,0.0,0.0,0.0,0.0,0.0,0.20667295491089094,0.012162649763971769,0.001654040197843216,-0.006323228914499457,0.0018983897690060592,-0.013952980123312097,0.0,0.0,0.0,0.0,0.0,0.0,0.0,0.0,0.0,0.0,0.0,0.0,0.0,0.0,0.0,0.0,0.0,0.0,0.0,0.0,0.0,0.0,0.0,0.0,0.0,0.0,0.0,0.0,0.0,0.0,0.0,0.0,0.0,0.0,0.0,0.0
19100000000,19,100000000,Archimede_odom,Archimede_base_link,-35.88329884840946,42.34549934917605,337.6040599297863,-0.017131489549527437,-0.01610764085171103,0.10268379882912236,0.994436068045617,0.0,0.0,0.0,0.0,0.0,0.0,0.0,0.0,0.0,0.0,0.0,0.0,0.0,0.0,0.0,0.0,0.0,0.0,0.0,0.0,0.0,0.0,0.0,0.0,0.0,0.0,0.0,0.0,0.0,0.0,0.0,0.0,0.0,0.0,0.0,0.0,0.20880577956345414,0.011692941574404082,0.000106971008445888,0.0012961272165584506,-0.0006264074824309614,-0.013307504484076244,0.0,0.0,0.0,0.0,0.0,0.0,0.0,0.0,0.0,0.0,0.0,0.0,0.0,0.0,0.0,0.0,0.0,0.0,0.0,0.0,0.0,0.0,0.0,0.0,0.0,0.0,0.0,0.0,0.0,0.0,0.0,0.0,0.0,0.0,0.0,0.0
19200000000,19,200000000,Archimede_odom,Archimede_base_link,-35.862965963287806,42.35103997379703,337.60462355667653,-0.017050597436845352,-0.016144739197947795,0.10200830926910487,0.9945063747223221,0.0,0.0,0.0,0.0,0.0,0.0,0.0,0.0,0.0,0.0,0.0,0.0,0.0,0.0,0.0,0.0,0.0,0.0,0.0,0.0,0.0,0.0,0.0,0.0,0.0,0.0,0.0,0.0,0.0,0.0,0.0,0.0,0.0,0.0,0.0,0.0,0.21129153806759454,0.013045434195167701,8.936149139006578e-05,0.001349298528803099,-0.0006586164614011641,-0.013809763914913637,0.0,0.0,0.0,0.0,0.0,0.0,0.0,0.0,0.0,0.0,0.0,0.0,0.0,0.0,0.0,0.0,0.0,0.0,0.0,0.0,0.0,0.0,0.0,0.0,0.0,0.0,0.0,0.0,0.0,0.0,0.0,0.0,0.0,0.0,0.0,0.0
19300000000,19,300000000,Archimede_odom,Archimede_base_link,-35.84250528374115,42.356613081015766,337.60519047117106,-0.016969143907725873,-0.016182607685854684,0.1013166924193683,0.9945778497436607,0.0,0.0,0.0,0.0,0.0,0.0,0.0,0.0,0.0,0.0,0.0,0.0,0.0,0.0,0.0,0.0,0.0,0.0,0.0,0.0,0.0,0.0,0.0,0.0,0.0,0.0,0.0,0.0,0.0,0.0,0.0,0.0,0.0,0.0,0.0,0.0,0.21196488224062052,0.013073565970948312,7.132260538846194e-05,0.001337967836702149,-0.000660813311119788,-0.014020033524653117,0.0,0.0,0.0,0.0,0.0,0.0,0.0,0.0,0.0,0.0,0.0,0.0,0.0,0.0,0.0,0.0,0.0,0.0,0.0,0.0,0.0,0.0,0.0,0.0,0.0,0.0,0.0,0.0,0.0,0.0,0.0,0.0,0.0,0.0,0.0,0.0
19400000000,19,400000000,Archimede_odom,Archimede_base_link,-35.822002903237035,42.36216270850335,337.6057594189771,-0.016888289307719233,-0.0162206275699514,0.10061854702432076,0.9946494784195136,0.0,0.0,0.0,0.0,0.0,0.0,0.0,0.0,0.0,0.0,0.0,0.0,0.0,0.0,0.0,0.0,0.0,0.0,0.0,0.0,0.0,0.0,0.0,0.0,0.0,0.0,0.0,0.0,0.0,0.0,0.0,0.0,0.0,0.0,0.0,0.0,0.21213128619656407,0.013042100381418934,5.4310432514199294e-05,0.001322509494025189,-0.0006590707061377139,-0.014098612293830803,0.0,0.0,0.0,0.0,0.0,0.0,0.0,0.0,0.0,0.0,0.0,0.0,0.0,0.0,0.0,0.0,0.0,0.0,0.0,0.0,0.0,0.0,0.0,0.0,0.0,0.0,0.0,0.0,0.0,0.0,0.0,0.0,0.0,0.0,0.0,0.0
19500000000,19,500000000,Archimede_odom,Archimede_base_link,-35.80148498009976,42.36768195297004,337.60632974850455,-0.016808184522978695,-0.016258640064548295,0.09991817825831541,0.9947208147062333,0.0,0.0,0.0,0.0,0.0,0.0,0.0,0.0,0.0,0.0,0.0,0.0,0.0,0.0,0.0,0.0,0.0,0.0,0.0,0.0,0.0,0.0,0.0,0.0,0.0,0.0,0.0,0.0,0.0,0.0,0.0,0.0,0.0,0.0,0.0,0.0,0.21215373484744543,0.013019370041873332,3.786767983262195e-05,0.0013070162749909595,-0.0006564817074810671,-0.01412597093716848,0.0,0.0,0.0,0.0,0.0,0.0,0.0,0.0,0.0,0.0,0.0,0.0,0.0,0.0,0.0,0.0,0.0,0.0,0.0,0.0,0.0,0.0,0.0,0.0,0.0,0.0,0.0,0.0,0.0,0.0,0.0,0.0,0.0,0.0,0.0,0.0
19600000000,19,600000000,Archimede_odom,Archimede_base_link,-35.780959649343465,42.373170479759175,337.60690120398135,-0.016728822141113445,-0.016296600305294347,0.09921664406820446,0.9947917494974029,0.0,0.0,0.0,0.0,0.0,0.0,0.0,0.0,0.0,0.0,0.0,0.0,0.0,0.0,0.0,0.0,0.0,0.0,0.0,0.0,0.0,0.0,0.0,0.0,0.0,0.0,0.0,0.0,0.0,0.0,0.0,0.0,0.0,0.0,0.0,0.0,0.2121313206837218,0.01300566441370828,2.1674600248046315e-05,0.0012919718852580082,-0.0006535653778581139,-0.014145207966951456,0.0,0.0,0.0,0.0,0.0,0.0,0.0,0.0,0.0,0.0,0.0,0.0,0.0,0.0,0.0,0.0,0.0,0.0,0.0,0.0,0.0,0.0,0.0,0.0,0.0,0.0,0.0,0.0,0.0,0.0,0.0,0.0,0.0,0.0,0.0,0.0
19700000000,19,700000000,Archimede_odom,Archimede_base_link,-35.76042928318641,42.37862807277417,337.6074737146953,-0.016650198858755627,-0.016334491300035777,0.09851418222293835,0.9948622573868598,0.0,0.0,0.0,0.0,0.0,0.0,0.0,0.0,0.0,0.0,0.0,0.0,0.0,0.0,0.0,0.0,0.0,0.0,0.0,0.0,0.0,0.0,0.0,0.0,0.0,0.0,0.0,0.0,0.0,0.0,0.0,0.0,0.0,0.0,0.0,0.0,0.2120972597156276,0.01299263389966151,5.656396810097455e-06,0.001276978135472963,-0.0006504898235568573,-0.014161457595169022,0.0,0.0,0.0,0.0,0.0,0.0,0.0,0.0,0.0,0.0,0.0,0.0,0.0,0.0,0.0,0.0,0.0,0.0,0.0,0.0,0.0,0.0,0.0,0.0,0.0,0.0,0.0,0.0,0.0,0.0,0.0,0.0,0.0,0.0,0.0,0.0
19800000000,19,800000000,Archimede_odom,Archimede_base_link,-35.73989454196144,42.384054614023555,337.6080472633924,-0.016572314928522684,-0.01637230575706225,0.09781087956176013,0.9949323282623105,0.0,0.0,0.0,0.0,0.0,0.0,0.0,0.0,0.0,0.0,0.0,0.0,0.0,0.0,0.0,0.0,0.0,0.0,0.0,0.0,0.0,0.0,0.0,0.0,0.0,0.0,0.0,0.0,0.0,0.0,0.0,0.0,0.0,0.0,0.0,0.0,0.21205982816802452,0.01297984112162415,-1.021365420763105e-05,0.001262005226867523,-0.000647346712288317,-0.014176692855251995,0.0,0.0,0.0,0.0,0.0,0.0,0.0,0.0,0.0,0.0,0.0,0.0,0.0,0.0,0.0,0.0,0.0,0.0,0.0,0.0,0.0,0.0,0.0,0.0,0.0,0.0,0.0,0.0,0.0,0.0,0.0,0.0,0.0,0.0,0.0,0.0
19900000000,19,900000000,Archimede_odom,Archimede_base_link,-35.7193488059293,42.389445793887774,337.6086122309712,-0.01649771429956916,-0.01639725471447005,0.09710696973642005,0.9950021064748198,0.0,0.0,0.0,0.0,0.0,0.0,0.0,0.0,0.0,0.0,0.0,0.0,0.0,0.0,0.0,0.0,0.0,0.0,0.0,0.0,0.0,0.0,0.0,0.0,0.0,0.0,0.0,0.0,0.0,0.0,0.0,0.0,0.0,0.0,0.0,0.0,0.212581262079998,0.012452825105785291,-0.0010198462137373477,0.000990532065330108,0.0019493301801087176,-0.014103595205661859,0.0,0.0,0.0,0.0,0.0,0.0,0.0,0.0,0.0,0.0,0.0,0.0,0.0,0.0,0.0,0.0,0.0,0.0,0.0,0.0,0.0,0.0,0.0,0.0,0.0,0.0,0.0,0.0,0.0,0.0,0.0,0.0,0.0,0.0,0.0,0.0
20000000000,20,0,Archimede_odom,Archimede_base_link,-35.69859973074345,42.39479694996017,337.6091027526978,-0.01643245258625718,-0.01630895235943907,0.09635915182397004,0.9950773369114096,0.0,0.0,0.0,0.0,0.0,0.0,0.0,0.0,0.0,0.0,0.0,0.0,0.0,0.0,0.0,0.0,0.0,0.0,0.0,0.0,0.0,0.0,0.0,0.0,0.0,0.0,0.0,0.0,0.0,0.0,0.0,0.0,0.0,0.0,0.0,0.0,0.21465044302957895,0.01255102415579937,-0.0009237743730256692,0.0012539458010793262,0.0019272345459660021,-0.015660003493003623,0.0,0.0,0.0,0.0,0.0,0.0,0.0,0.0,0.0,0.0,0.0,0.0,0.0,0.0,0.0,0.0,0.0,0.0,0.0,0.0,0.0,0.0,0.0,0.0,0.0,0.0,0.0,0.0,0.0,0.0,0.0,0.0,0.0,0.0,0.0,0.0
20100000000,20,100000000,Archimede_odom,Archimede_base_link,-35.677790518303915,42.40014232661609,337.6096371046828,-0.016413317149481976,-0.016191535227236636,0.0955442028123077,0.9951581494999155,0.0,0.0,0.0,0.0,0.0,0.0,0.0,0.0,0.0,0.0,0.0,0.0,0.0,0.0,0.0,0.0,0.0,0.0,0.0,0.0,0.0,0.0,0.0,0.0,0.0,0.0,0.0,0.0,0.0,0.0,0.0,0.0,0.0,0.0,0.0,0.0,0.21378753737074313,0.012833016748934094,-0.00010941367495659362,-0.0007853735744809944,0.0028220242463978403,-0.017191441929861766,0.0,0.0,0.0,0.0,0.0,0.0,0.0,0.0,0.0,0.0,0.0,0.0,0.0,0.0,0.0,0.0,0.0,0.0,0.0,0.0,0.0,0.0,0.0,0.0,0.0,0.0,0.0,0.0,0.0,0.0,0.0,0.0,0.0,0.0,0.0,0.0
20200000000,20,200000000,Archimede_odom,Archimede_base_link,-35.657119236207855,42.40545695091531,337.6102025417777,-0.016449896747879472,-0.016072720717979678,0.09464414805736465,0.9952454741339956,0.0,0.0,0.0,0.0,0.0,0.0,0.0,0.0,0.0,0.0,0.0,0.0,0.0,0.0,0.0,0.0,0.0,0.0,0.0,0.0,0.0,0.0,0.0,0.0,0.0,0.0,0.0,0.0,0.0,0.0,0.0,0.0,0.0,0.0,0.0,0.0,0.21265790065459395,0.012936624334382025,0.00010656623105239019,-0.0007548106290697296,0.0023687583278202843,-0.01857295004020853,0.0,0.0,0.0,0.0,0.0,0.0,0.0,0.0,0.0,0.0,0.0,0.0,0.0,0.0,0.0,0.0,0.0,0.0,0.0,0.0,0.0,0.0,0.0,0.0,0.0,0.0,0.0,0.0,0.0,0.0,0.0,0.0,0.0,0.0,0.0,0.0
20300000000,20,300000000,Archimede_odom,Archimede_base_link,-35.63632831385841,42.410748089355614,337.6106464885098,-0.016170359189271562,-0.015944660593944386,0.09372374992440342,0.995339211516527,0.0,0.0,0.0,0.0,0.0,0.0,0.0,0.0,0.0,0.0,0.0,0.0,0.0,0.0,0.0,0.0,0.0,0.0,0.0,0.0,0.0,0.0,0.0,0.0,0.0,0.0,0.0,0.0,0.0,0.0,0.0,0.0,0.0,0.0,0.0,0.0,0.2158967340322826,0.013624336290596593,-0.001708697691090194,0.0077144191612366795,0.0024054697023932646,-0.018776367482926635,0.0,0.0,0.0,0.0,0.0,0.0,0.0,0.0,0.0,0.0,0.0,0.0,0.0,0.0,0.0,0.0,0.0,0.0,0.0,0.0,0.0,0.0,0.0,0.0,0.0,0.0,0.0,0.0,0.0,0.0,0.0,0.0,0.0,0.0,0.0,0.0
20400000000,20,400000000,Archimede_odom,Archimede_base_link,-35.61528789094534,42.41613841225958,337.61104939277135,-0.01578121755141383,-0.01580427874604383,0.09277818711917021,0.9954362791966106,0.0,0.0,0.0,0.0,0.0,0.0,0.0,0.0,0.0,0.0,0.0,0.0,0.0,0.0,0.0,0.0,0.0,0.0,0.0,0.0,0.0,0.0,0.0,0.0,0.0,0.0,0.0,0.0,0.0,0.0,0.0,0.0,0.0,0.0,0.0,0.0,0.21724789497997113,0.013897029706050081,-0.001682632297587295,0.00774296544971106,0.002399390675749269,-0.01926996750196327,0.0,0.0,0.0,0.0,0.0,0.0,0.0,0.0,0.0,0.0,0.0,0.0,0.0,0.0,0.0,0.0,0.0,0.0,0.0,0.0,0.0,0.0,0.0,0.0,0.0,0.0,0.0,0.0,0.0,0.0,0.0,0.0,0.0,0.0,0.0,0.0
20500000000,20,500000000,Archimede_odom,Archimede_base_link,-35.59417511151078,42.42150255586733,337.61145496970244,-0.015458822978120656,-0.015713240075032546,0.09182081860951118,0.9955315445270204,0.0,0.0,0.0,0.0,0.0,0.0,0.0,0.0,0.0,0.0,0.0,0.0,0.0,0.0,0.0,0.0,0.0,0.0,0.0,0.0,0.0,0.0,0.0,0.0,0.0,0.0,0.0,0.0,0.0,0.0,0.0,0.0,0.0,0.0,0.0,0.0,0.2175103487322521,0.013922030961226286,-0.001657329365968897,0.00511896359524786,0.0008283431967662317,-0.01932890590066267,0.0,0.0,0.0,0.0,0.0,0.0,0.0,0.0,0.0,0.0,0.0,0.0,0.0,0.0,0.0,0.0,0.0,0.0,0.0,0.0,0.0,0.0,0.0,0.0,0.0,0.0,0.0,0.0,0.0,0.0,0.0,0.0,0.0,0.0,0.0,0.0
20600000000,20,600000000,Archimede_odom,Archimede_base_link,-35.57303833444104,42.42683986450392,337.6118620040021,-0.01519325115072981,-0.015663887506315914,0.09085581338723166,0.9956249439027754,0.0,0.0,0.0,0.0,0.0,0.0,0.0,0.0,0.0,0.0,0.0,0.0,0.0,0.0,0.0,0.0,0.0,0.0,0.0,0.0,0.0,0.0,0.0,0.0,0.0,0.0,0.0,0.0,0.0,0.0,0.0,0.0,0.0,0.0,0.0,0.0,0.21761335398388532,0.013999121590896908,-0.0016474395686427849,0.005089314559907116,0.0008191664271282636,-0.019533231754313162,0.0,0.0,0.0,0.0,0.0,0.0,0.0,0.0,0.0,0.0,0.0,0.0,0.0,0.0,0.0,0.0,0.0,0.0,0.0,0.0,0.0,0.0,0.0,0.0,0.0,0.0,0.0,0.0,0.0,0.0,0.0,0.0,0.0,0.0,0.0,0.0
20700000000,20,700000000,Archimede_odom,Archimede_base_link,-35.5518892564883,42.43213750166071,337.61227062591337,-0.014929193515291319,-0.015615095302669087,0.0898836525549339,0.9957179404746384,0.0,0.0,0.0,0.0,0.0,0.0,0.0,0.0,0.0,0.0,0.0,0.0,0.0,0.0,0.0,0.0,0.0,0.0,0.0,0.0,0.0,0.0,0.0,0.0,0.0,0.0,0.0,0.0,0.0,0.0,0.0,0.0,0.0,0.0,0.0,0.0,0.21759442272902865,0.013990443252445927,-0.0016350724210706144,0.005055028341396121,0.0008142011854374636,-0.019636228411358127,0.0,0.0,0.0,0.0,0.0,0.0,0.0,0.0,0.0,0.0,0.0,0.0,0.0,0.0,0.0,0.0,0.0,0.0,0.0,0.0,0.0,0.0,0.0,0.0,0.0,0.0,0.0,0.0,0.0,0.0,0.0,0.0,0.0,0.0,0.0,0.0
20800000000,20,800000000,Archimede_odom,Archimede_base_link,-35.530733542817806,42.43739188161625,337.6126808606407,-0.014666729778675697,-0.015566707317466703,0.08890754477796084,0.9958102294827296,0.0,0.0,0.0,0.0,0.0,0.0,0.0,0.0,0.0,0.0,0.0,0.0,0.0,0.0,0.0,0.0,0.0,0.0,0.0,0.0,0.0,0.0,0.0,0.0,0.0,0.0,0.0,0.0,0.0,0.0,0.0,0.0,0.0,0.0,0.0,0.0,0.2175445922469922,0.013978680528281542,-0.0016218933397377628,0.0050214198546426475,0.0008103968044714593,-0.019697393780260083,0.0,0.0,0.0,0.0,0.0,0.0,0.0,0.0,0.0,0.0,0.0,0.0,0.0,0.0,0.0,0.0,0.0,0.0,0.0,0.0,0.0,0.0,0.0,0.0,0.0,0.0,0.0,0.0,0.0,0.0,0.0,0.0,0.0,0.0,0.0,0.0
20900000000,20,900000000,Archimede_odom,Archimede_base_link,-35.50958664506328,42.44236399381628,337.613168309595,-0.014568500419994135,-0.015530563527208495,0.08804946558483616,0.995888473676779,0.0,0.0,0.0,0.0,0.0,0.0,0.0,0.0,0.0,0.0,0.0,0.0,0.0,0.0,0.0,0.0,0.0,0.0,0.0,0.0,0.0,0.0,0.0,0.0,0.0,0.0,0.0,0.0,0.0,0.0,0.0,0.0,0.0,0.0,0.0,0.0,0.2164924918153573,0.009721641684522796,-0.0007454892048902376,0.0009862914830532567,0.0008202784951115763,-0.014602559084763586,0.0,0.0,0.0,0.0,0.0,0.0,0.0,0.0,0.0,0.0,0.0,0.0,0.0,0.0,0.0,0.0,0.0,0.0,0.0,0.0,0.0,0.0,0.0,0.0,0.0,0.0,0.0,0.0,0.0,0.0,0.0,0.0,0.0,0.0,0.0,0.0
21000000000,21,0,Archimede_odom,Archimede_base_link,-35.48846109628502,42.44706788918879,337.6136786912832,-0.014513845094870555,-0.015495345016077246,0.08741962083620364,0.9959453059662711,0.0,0.0,0.0,0.0,0.0,0.0,0.0,0.0,0.0,0.0,0.0,0.0,0.0,0.0,0.0,0.0,0.0,0.0,0.0,0.0,0.0,0.0,0.0,0.0,0.0,0.0,0.0,0.0,0.0,0.0,0.0,0.0,0.0,0.0,0.0,0.0,0.2161882909650032,0.00919347273660504,-0.0007228987539617431,0.0009641519913069933,0.000796474848791253,-0.011455078607414989,0.0,0.0,0.0,0.0,0.0,0.0,0.0,0.0,0.0,0.0,0.0,0.0,0.0,0.0,0.0,0.0,0.0,0.0,0.0,0.0,0.0,0.0,0.0,0.0,0.0,0.0,0.0,0.0,0.0,0.0,0.0,0.0,0.0,0.0,0.0,0.0
21100000000,21,100000000,Archimede_odom,Archimede_base_link,-35.467341889314405,42.45173087663462,337.61419038666685,-0.014461278434699404,-0.015459558001071454,0.08689068162374557,0.995992913096979,0.0,0.0,0.0,0.0,0.0,0.0,0.0,0.0,0.0,0.0,0.0,0.0,0.0,0.0,0.0,0.0,0.0,0.0,0.0,0.0,0.0,0.0,0.0,0.0,0.0,0.0,0.0,0.0,0.0,0.0,0.0,0.0,0.0,0.0,0.0,0.0,0.21612046227246284,0.009167190799773902,-0.0007037938785119176,0.0009565061701388083,0.0007849565647628761,-0.010113584325172769,0.0,0.0,0.0,0.0,0.0,0.0,0.0,0.0,0.0,0.0,0.0,0.0,0.0,0.0,0.0,0.0,0.0,0.0,0.0,0.0,0.0,0.0,0.0,0.0,0.0,0.0,0.0,0.0,0.0,0.0,0.0,0.0,0.0,0.0,0.0,0.0
21200000000,21,200000000,Archimede_odom,Archimede_base_link,-35.44621256021008,42.4563564216567,337.61470355506646,-0.014318678042683651,-0.015356976746306946,0.08640791037524409,0.9960385593685152,0.0,0.0,0.0,0.0,0.0,0.0,0.0,0.0,0.0,0.0,0.0,0.0,0.0,0.0,0.0,0.0,0.0,0.0,0.0,0.0,0.0,0.0,0.0,0.0,0.0,0.0,0.0,0.0,0.0,0.0,0.0,0.0,0.0,0.0,0.0,0.0,0.2161608865897123,0.008919231302758877,-0.0006649412584907928,0.0036656021231295044,0.002422337601186545,-0.009431887356338216,0.0,0.0,0.0,0.0,0.0,0.0,0.0,0.0,0.0,0.0,0.0,0.0,0.0,0.0,0.0,0.0,0.0,0.0,0.0,0.0,0.0,0.0,0.0,0.0,0.0,0.0,0.0,0.0,0.0,0.0,0.0,0.0,0.0,0.0,0.0,0.0
21300000000,21,300000000,Archimede_odom,Archimede_base_link,-35.42507781751484,42.460949867264866,337.6152122777045,-0.014141585344069205,-0.015220783521121188,0.08594903274161537,0.9960828816337224,0.0,0.0,0.0,0.0,0.0,0.0,0.0,0.0,0.0,0.0,0.0,0.0,0.0,0.0,0.0,0.0,0.0,0.0,0.0,0.0,0.0,0.0,0.0,0.0,0.0,0.0,0.0,0.0,0.0,0.0,0.0,0.0,0.0,0.0,0.0,0.0,0.2163866217328839,0.008661986744649339,-0.0011609589671595008,0.0033971470356162804,0.0037541664281574433,-0.009085351439142499,0.0,0.0,0.0,0.0,0.0,0.0,0.0,0.0,0.0,0.0,0.0,0.0,0.0,0.0,0.0,0.0,0.0,0.0,0.0,0.0,0.0,0.0,0.0,0.0,0.0,0.0,0.0,0.0,0.0,0.0,0.0,0.0,0.0,0.0,0.0,0.0
21400000000,21,400000000,Archimede_odom,Archimede_base_link,-35.40379476777751,42.46552541077422,337.61565857699827,-0.0139743286066808,-0.014988881595292328,0.08549210722518322,0.996128079701959,0.0,0.0,0.0,0.0,0.0,0.0,0.0,0.0,0.0,0.0,0.0,0.0,0.0,0.0,0.0,0.0,0.0,0.0,0.0,0.0,0.0,0.0,0.0,0.0,0.0,0.0,0.0,0.0,0.0,0.0,0.0,0.0,0.0,0.0,0.0,0.0,0.21847460543300126,0.009084995161153577,-0.0014565744883218192,0.003466763168425269,0.005126511539633167,-0.00924371619816869,0.0,0.0,0.0,0.0,0.0,0.0,0.0,0.0,0.0,0.0,0.0,0.0,0.0,0.0,0.0,0.0,0.0,0.0,0.0,0.0,0.0,0.0,0.0,0.0,0.0,0.0,0.0,0.0,0.0,0.0,0.0,0.0,0.0,0.0,0.0,0.0
21500000000,21,500000000,Archimede_odom,Archimede_base_link,-35.38238482814591,42.47015903838153,337.6160864198521,-0.013816312813327439,-0.014724368363417705,0.08502601305968639,0.996174121115238,0.0,0.0,0.0,0.0,0.0,0.0,0.0,0.0,0.0,0.0,0.0,0.0,0.0,0.0,0.0,0.0,0.0,0.0,0.0,0.0,0.0,0.0,0.0,0.0,0.0,0.0,0.0,0.0,0.0,0.0,0.0,0.0,0.0,0.0,0.0,0.0,0.21911972676830316,0.009278081709548028,-0.0013585827970860006,0.003476028283914783,0.005153074625187064,-0.009395139130496338,0.0,0.0,0.0,0.0,0.0,0.0,0.0,0.0,0.0,0.0,0.0,0.0,0.0,0.0,0.0,0.0,0.0,0.0,0.0,0.0,0.0,0.0,0.0,0.0,0.0,0.0,0.0,0.0,0.0,0.0,0.0,0.0,0.0,0.0,0.0,0.0
21600000000,21,600000000,Archimede_odom,Archimede_base_link,-35.36084240817439,42.4748294609094,337.61646531484575,-0.013569839290843743,-0.014435652762540817,0.08464527992730846,0.9962141576874762,0.0,0.0,0.0,0.0,0.0,0.0,0.0,0.0,0.0,0.0,0.0,0.0,0.0,0.0,0.0,0.0,0.0,0.0,0.0,0.0,0.0,0.0,0.0,0.0,0.0,0.0,0.0,0.0,0.0,0.0,0.0,0.0,0.0,0.0,0.0,0.0,0.22136094075154583,0.012450645800973487,-0.0023390557151195587,0.005395782600111027,0.0070274507362700816,-0.004578941712946602,0.0,0.0,0.0,0.0,0.0,0.0,0.0,0.0,0.0,0.0,0.0,0.0,0.0,0.0,0.0,0.0,0.0,0.0,0.0,0.0,0.0,0.0,0.0,0.0,0.0,0.0,0.0,0.0,0.0,0.0,0.0,0.0,0.0,0.0,0.0,0.0
21700000000,21,700000000,Archimede_odom,Archimede_base_link,-35.33917588756435,42.479945966480024,337.61676282733885,-0.013331109201690707,-0.01404134240787949,0.08459908744007409,0.9962269403279275,0.0,0.0,0.0,0.0,0.0,0.0,0.0,0.0,0.0,0.0,0.0,0.0,0.0,0.0,0.0,0.0,0.0,0.0,0.0,0.0,0.0,0.0,0.0,0.0,0.0,0.0,0.0,0.0,0.0,0.0,0.0,0.0,0.0,0.0,0.0,0.0,0.22256894214885592,0.014779203037061425,-0.0024507441318162397,0.005414155655366918,0.00773795847527948,0.0014127047237111126,0.0,0.0,0.0,0.0,0.0,0.0,0.0,0.0,0.0,0.0,0.0,0.0,0.0,0.0,0.0,0.0,0.0,0.0,0.0,0.0,0.0,0.0,0.0,0.0,0.0,0.0,0.0,0.0,0.0,0.0,0.0,0.0,0.0,0.0,0.0,0.0
21800000000,21,800000000,Archimede_odom,Archimede_base_link,-35.31747471376633,42.485185249919226,337.61704648865,-0.01309686303962418,-0.013629159838117062,0.0847533318662466,0.9962226613153298,0.0,0.0,0.0,0.0,0.0,0.0,0.0,0.0,0.0,0.0,0.0,0.0,0.0,0.0,0.0,0.0,0.0,0.0,0.0,0.0,0.0,0.0,0.0,0.0,0.0,0.0,0.0,0.0,0.0,0.0,0.0,0.0,0.0,0.0,0.0,0.0,0.2228408494731041,0.015103301673376326,-0.002310381833616784,0.00540002477831091,0.007794162842420398,0.004178039590285776,0.0,0.0,0.0,0.0,0.0,0.0,0.0,0.0,0.0,0.0,0.0,0.0,0.0,0.0,0.0,0.0,0.0,0.0,0.0,0.0,0.0,0.0,0.0,0.0,0.0,0.0,0.0,0.0,0.0,0.0,0.0,0.0,0.0,0.0,0.0,0.0
21900000000,21,900000000,Archimede_odom,Archimede_base_link,-35.29576980500559,42.4904511010972,337.61732824413957,-0.012936147319751897,-0.0132662930398459,0.08499793977964731,0.9962088193720823,0.0,0.0,0.0,0.0,0.0,0.0,0.0,0.0,0.0,0.0,0.0,0.0,0.0,0.0,0.0,0.0,0.0,0.0,0.0,0.0,0.0,0.0,0.0,0.0,0.0,0.0,0.0,0.0,0.0,0.0,0.0,0.0,0.0,0.0,0.0,0.0,0.22283458094404454,0.015267201743206487,-0.0021700038801864344,0.002591060342873829,0.006120819062344529,0.0054205821031263575,0.0,0.0,0.0,0.0,0.0,0.0,0.0,0.0,0.0,0.0,0.0,0.0,0.0,0.0,0.0,0.0,0.0,0.0,0.0,0.0,0.0,0.0,0.0,0.0,0.0,0.0,0.0,0.0,0.0,0.0,0.0,0.0,0.0,0.0,0.0,0.0
22000000000,22,0,Archimede_odom,Archimede_base_link,-35.274063751720796,42.49574443697473,337.61760858991397,-0.012837389091079341,-0.01294648750972215,0.08527899310614927,0.996190284653131,0.0,0.0,0.0,0.0,0.0,0.0,0.0,0.0,0.0,0.0,0.0,0.0,0.0,0.0,0.0,0.0,0.0,0.0,0.0,0.0,0.0,0.0,0.0,0.0,0.0,0.0,0.0,0.0,0.0,0.0,0.0,0.0,0.0,0.0,0.0,0.0,0.2229417480323738,0.015345043849052168,-0.0020441428180133685,0.0025747947771317913,0.006130056608682557,0.005851858152882765,0.0,0.0,0.0,0.0,0.0,0.0,0.0,0.0,0.0,0.0,0.0,0.0,0.0,0.0,0.0,0.0,0.0,0.0,0.0,0.0,0.0,0.0,0.0,0.0,0.0,0.0,0.0,0.0,0.0,0.0,0.0,0.0,0.0,0.0,0.0,0.0
22100000000,22,100000000,Archimede_odom,Archimede_base_link,-35.252355054693666,42.501054327681274,337.6178881439303,-0.012739376519624486,-0.01262615465848801,0.08557389351083103,0.9961703655770072,0.0,0.0,0.0,0.0,0.0,0.0,0.0,0.0,0.0,0.0,0.0,0.0,0.0,0.0,0.0,0.0,0.0,0.0,0.0,0.0,0.0,0.0,0.0,0.0,0.0,0.0,0.0,0.0,0.0,0.0,0.0,0.0,0.0,0.0,0.0,0.0,0.2229836331237951,0.015351986279617114,-0.0019151402176277015,0.002567568291764974,0.006137536647410345,0.006039179431002348,0.0,0.0,0.0,0.0,0.0,0.0,0.0,0.0,0.0,0.0,0.0,0.0,0.0,0.0,0.0,0.0,0.0,0.0,0.0,0.0,0.0,0.0,0.0,0.0,0.0,0.0,0.0,0.0,0.0,0.0,0.0,0.0,0.0,0.0,0.0,0.0
22200000000,22,200000000,Archimede_odom,Archimede_base_link,-35.23064665191825,42.50637804297573,337.61816703192073,-0.012641709454683972,-0.012305377305033652,0.08587498873195888,0.9961497132367856,0.0,0.0,0.0,0.0,0.0,0.0,0.0,0.0,0.0,0.0,0.0,0.0,0.0,0.0,0.0,0.0,0.0,0.0,0.0,0.0,0.0,0.0,0.0,0.0,0.0,0.0,0.0,0.0,0.0,0.0,0.0,0.0,0.0,0.0,0.0,0.0,0.2230098780277648,0.015355487814744162,-0.0017853173985378748,0.002564452920213936,0.006145545100475604,0.00612275136462455,0.0,0.0,0.0,0.0,0.0,0.0,0.0,0.0,0.0,0.0,0.0,0.0,0.0,0.0,0.0,0.0,0.0,0.0,0.0,0.0,0.0,0.0,0.0,0.0,0.0,0.0,0.0,0.0,0.0,0.0,0.0,0.0,0.0,0.0,0.0,0.0
22300000000,22,300000000,Archimede_odom,Archimede_base_link,-35.208933858683736,42.51170822199736,337.6184455810203,-0.012493279915105376,-0.011946931760690803,0.08618030728007911,0.9961295816386437,0.0,0.0,0.0,0.0,0.0,0.0,0.0,0.0,0.0,0.0,0.0,0.0,0.0,0.0,0.0,0.0,0.0,0.0,0.0,0.0,0.0,0.0,0.0,0.0,0.0,0.0,0.0,0.0,0.0,0.0,0.0,0.0,0.0,0.0,0.0,0.0,0.22311195303961698,0.01514683395115938,-0.001643150304091634,0.0050715765539742046,0.007673656658265716,0.006246285815341902,0.0,0.0,0.0,0.0,0.0,0.0,0.0,0.0,0.0,0.0,0.0,0.0,0.0,0.0,0.0,0.0,0.0,0.0,0.0,0.0,0.0,0.0,0.0,0.0,0.0,0.0,0.0,0.0,0.0,0.0,0.0,0.0,0.0,0.0,0.0,0.0
22400000000,22,400000000,Archimede_odom,Archimede_base_link,-35.187219113735175,42.51703923855704,337.6187238990494,-0.012277691319124857,-0.011538745949833144,0.08649280673840062,0.9961099889170328,0.0,0.0,0.0,0.0,0.0,0.0,0.0,0.0,0.0,0.0,0.0,0.0,0.0,0.0,0.0,0.0,0.0,0.0,0.0,0.0,0.0,0.0,0.0,0.0,0.0,0.0,0.0,0.0,0.0,0.0,0.0,0.0,0.0,0.0,0.0,0.0,0.2230890343122046,0.015137153425610103,-0.001482626021497512,0.005066695469115907,0.007681909976362579,0.006348632859490966,0.0,0.0,0.0,0.0,0.0,0.0,0.0,0.0,0.0,0.0,0.0,0.0,0.0,0.0,0.0,0.0,0.0,0.0,0.0,0.0,0.0,0.0,0.0,0.0,0.0,0.0,0.0,0.0,0.0,0.0,0.0,0.0,0.0,0.0,0.0,0.0
22500000000,22,500000000,Archimede_odom,Archimede_base_link,-35.165522224617035,42.522343310617195,337.6190539610803,-0.012068203580778857,-0.011195278930720214,0.0868058866506444,0.9960892340723253,0.0,0.0,0.0,0.0,0.0,0.0,0.0,0.0,0.0,0.0,0.0,0.0,0.0,0.0,0.0,0.0,0.0,0.0,0.0,0.0,0.0,0.0,0.0,0.0,0.0,0.0,0.0,0.0,0.0,0.0,0.0,0.0,0.0,0.0,0.0,0.0,0.22152114090860478,0.011931376134352497,0.002091747600918933,0.0035799532072494423,-0.0008821348801182676,0.005912839595747831,0.0,0.0,0.0,0.0,0.0,0.0,0.0,0.0,0.0,0.0,0.0,0.0,0.0,0.0,0.0,0.0,0.0,0.0,0.0,0.0,0.0,0.0,0.0,0.0,0.0,0.0,0.0,0.0,0.0,0.0,0.0,0.0,0.0,0.0,0.0,0.0
22600000000,22,600000000,Archimede_odom,Archimede_base_link,-35.14431396774215,42.527045549629264,337.61967158809665,-0.011907273929661422,-0.011212943544978706,0.08709166864203138,0.9960660259128246,0.0,0.0,0.0,0.0,0.0,0.0,0.0,0.0,0.0,0.0,0.0,0.0,0.0,0.0,0.0,0.0,0.0,0.0,0.0,0.0,0.0,0.0,0.0,0.0,0.0,0.0,0.0,0.0,0.0,0.0,0.0,0.0,0.0,0.0,0.0,0.0,0.21478856985437442,0.008714544606156858,0.001993455791643498,0.0031865226075122864,-0.0006857698987102822,0.0055926255860180825,0.0,0.0,0.0,0.0,0.0,0.0,0.0,0.0,0.0,0.0,0.0,0.0,0.0,0.0,0.0,0.0,0.0,0.0,0.0,0.0,0.0,0.0,0.0,0.0,0.0,0.0,0.0,0.0,0.0,0.0,0.0,0.0,0.0,0.0,0.0,0.0
22700000000,22,700000000,Archimede_odom,Archimede_base_link,-35.1234315821071,42.53161578000629,337.6202696341403,-0.011750904685199895,-0.011215076486419133,0.08737330448928789,0.9960431938229914,0.0,0.0,0.0,0.0,0.0,0.0,0.0,0.0,0.0,0.0,0.0,0.0,0.0,0.0,0.0,0.0,0.0,0.0,0.0,0.0,0.0,0.0,0.0,0.0,0.0,0.0,0.0,0.0,0.0,0.0,0.0,0.0,0.0,0.0,0.0,0.0,0.2137076155121327,0.008455772839456177,0.0011551765711933712,0.0035227036252402067,0.0013219683250411693,0.006101091533705713,0.0,0.0,0.0,0.0,0.0,0.0,0.0,0.0,0.0,0.0,0.0,0.0,0.0,0.0,0.0,0.0,0.0,0.0,0.0,0.0,0.0,0.0,0.0,0.0,0.0,0.0,0.0,0.0,0.0,0.0,0.0,0.0,0.0,0.0,0.0,0.0
22800000000,22,800000000,Archimede_odom,Archimede_base_link,-35.10248497947408,42.53626902733913,337.6207927459691,-0.01160455099283135,-0.011113973312308368,0.08774209130205395,0.9960136241073262,0.0,0.0,0.0,0.0,0.0,0.0,0.0,0.0,0.0,0.0,0.0,0.0,0.0,0.0,0.0,0.0,0.0,0.0,0.0,0.0,0.0,0.0,0.0,0.0,0.0,0.0,0.0,0.0,0.0,0.0,0.0,0.0,0.0,0.0,0.0,0.0,0.21478780149434723,0.009443999609620163,0.0011431731341571137,0.003167490203674355,0.001685086868216309,0.008135700488346106,0.0,0.0,0.0,0.0,0.0,0.0,0.0,0.0,0.0,0.0,0.0,0.0,0.0,0.0,0.0,0.0,0.0,0.0,0.0,0.0,0.0,0.0,0.0,0.0,0.0,0.0,0.0,0.0,0.0,0.0,0.0,0.0,0.0,0.0,0.0,0.0
22900000000,22,900000000,Archimede_odom,Archimede_base_link,-35.08149544502518,42.54097695848966,337.6213149491749,-0.01144973511902347,-0.011015153175436537,0.08817268164231322,0.9959784878089633,0.0,0.0,0.0,0.0,0.0,0.0,0.0,0.0,0.0,0.0,0.0,0.0,0.0,0.0,0.0,0.0,0.0,0.0,0.0,0.0,0.0,0.0,0.0,0.0,0.0,0.0,0.0,0.0,0.0,0.0,0.0,0.0,0.0,0.0,0.0,0.0,0.214974996360258,0.009374840555737816,0.0011705020946583176,0.004965705643212522,0.0006140794090753801,0.00893328453630902,0.0,0.0,0.0,0.0,0.0,0.0,0.0,0.0,0.0,0.0,0.0,0.0,0.0,0.0,0.0,0.0,0.0,0.0,0.0,0.0,0.0,0.0,0.0,0.0,0.0,0.0,0.0,0.0,0.0,0.0,0.0,0.0,0.0,0.0,0.0,0.0
23000000000,23,0,Archimede_odom,Archimede_base_link,-35.06050994510211,42.545674491404085,337.62183688529484,-0.011093748439892978,-0.011014219638766445,0.08863277037199395,0.9959416889193297,0.0,0.0,0.0,0.0,0.0,0.0,0.0,0.0,0.0,0.0,0.0,0.0,0.0,0.0,0.0,0.0,0.0,0.0,0.0,0.0,0.0,0.0,0.0,0.0,0.0,0.0,0.0,0.0,0.0,0.0,0.0,0.0,0.0,0.0,0.0,0.0,0.21501505813568184,0.009218415394829451,0.0011464815749671327,0.007112423204046456,-0.0006705488171408809,0.009298018757870051,0.0,0.0,0.0,0.0,0.0,0.0,0.0,0.0,0.0,0.0,0.0,0.0,0.0,0.0,0.0,0.0,0.0,0.0,0.0,0.0,0.0,0.0,0.0,0.0,0.0,0.0,0.0,0.0,0.0,0.0,0.0,0.0,0.0,0.0,0.0,0.0
23100000000,23,100000000,Archimede_odom,Archimede_base_link,-35.03951330686073,42.550396766218334,337.6223584176923,-0.010741583039776645,-0.01101060407383677,0.08910475970133078,0.995903472626889,0.0,0.0,0.0,0.0,0.0,0.0,0.0,0.0,0.0,0.0,0.0,0.0,0.0,0.0,0.0,0.0,0.0,0.0,0.0,0.0,0.0,0.0,0.0,0.0,0.0,0.0,0.0,0.0,0.0,0.0,0.0,0.0,0.0,0.0,0.0,0.0,0.21510805021783658,0.009229536271030268,0.0011240918969265454,0.007119773720145095,-0.0006613191319453265,0.009448318383590785,0.0,0.0,0.0,0.0,0.0,0.0,0.0,0.0,0.0,0.0,0.0,0.0,0.0,0.0,0.0,0.0,0.0,0.0,0.0,0.0,0.0,0.0,0.0,0.0,0.0,0.0,0.0,0.0,0.0,0.0,0.0,0.0,0.0,0.0,0.0,0.0
23200000000,23,200000000,Archimede_odom,Archimede_base_link,-35.018515513872906,42.55514078833898,337.6228794165932,-0.010389173719676724,-0.011006468900284633,0.08958127012876045,0.9958645082308575,0.0,0.0,0.0,0.0,0.0,0.0,0.0,0.0,0.0,0.0,0.0,0.0,0.0,0.0,0.0,0.0,0.0,0.0,0.0,0.0,0.0,0.0,0.0,0.0,0.0,0.0,0.0,0.0,0.0,0.0,0.0,0.0,0.0,0.0,0.0,0.0,0.2151484905009758,0.009238709787436248,0.0011020634602672591,0.0071260374283834,-0.0006528286432366242,0.009504614238887023,0.0,0.0,0.0,0.0,0.0,0.0,0.0,0.0,0.0,0.0,0.0,0.0,0.0,0.0,0.0,0.0,0.0,0.0,0.0,0.0,0.0,0.0,0.0,0.0,0.0,0.0,0.0,0.0,0.0,0.0,0.0,0.0,0.0,0.0,0.0,0.0
23300000000,23,300000000,Archimede_odom,Archimede_base_link,-34.99749218897515,42.55991425614812,337.6233657794732,-0.01010883163331109,-0.011011629994190702,0.09005625552537538,0.9958244957665124,0.0,0.0,0.0,0.0,0.0,0.0,0.0,0.0,0.0,0.0,0.0,0.0,0.0,0.0,0.0,0.0,0.0,0.0,0.0,0.0,0.0,0.0,0.0,0.0,0.0,0.0,0.0,0.0,0.0,0.0,0.0,0.0,0.0,0.0,0.0,0.0,0.21638191860015404,0.009315787477028794,0.00018223338575149402,0.002969369094356601,-0.0005887784784250713,0.00923393494072807,0.0,0.0,0.0,0.0,0.0,0.0,0.0,0.0,0.0,0.0,0.0,0.0,0.0,0.0,0.0,0.0,0.0,0.0,0.0,0.0,0.0,0.0,0.0,0.0,0.0,0.0,0.0,0.0,0.0,0.0,0.0,0.0,0.0,0.0,0.0,0.0
23400000000,23,400000000,Archimede_odom,Archimede_base_link,-34.97627198642836,42.56473476812848,337.623800080041,-0.00996180006237804,-0.011024686802730445,0.09049333423845696,0.9957862096247496,0.0,0.0,0.0,0.0,0.0,0.0,0.0,0.0,0.0,0.0,0.0,0.0,0.0,0.0,0.0,0.0,0.0,0.0,0.0,0.0,0.0,0.0,0.0,0.0,0.0,0.0,0.0,0.0,0.0,0.0,0.0,0.0,0.0,0.0,0.0,0.0,0.21803589755230104,0.0091532435134245,0.00015668558670889617,0.003007797440423172,-0.0006403812006434209,0.008434431188023478,0.0,0.0,0.0,0.0,0.0,0.0,0.0,0.0,0.0,0.0,0.0,0.0,0.0,0.0,0.0,0.0,0.0,0.0,0.0,0.0,0.0,0.0,0.0,0.0,0.0,0.0,0.0,0.0,0.0,0.0,0.0,0.0,0.0,0.0,0.0,0.0
23500000000,23,500000000,Archimede_odom,Archimede_base_link,-34.95497867599166,42.56956747905566,337.624247425304,-0.00978654313183887,-0.011036537261029548,0.09091372956649023,0.9957495228194315,0.0,0.0,0.0,0.0,0.0,0.0,0.0,0.0,0.0,0.0,0.0,0.0,0.0,0.0,0.0,0.0,0.0,0.0,0.0,0.0,0.0,0.0,0.0,0.0,0.0,0.0,0.0,0.0,0.0,0.0,0.0,0.0,0.0,0.0,0.0,0.0,0.21818449103592735,0.008904602488121995,0.0003016376688223976,0.0037746476140432883,-0.0006571707286695493,0.008483483507329805,0.0,0.0,0.0,0.0,0.0,0.0,0.0,0.0,0.0,0.0,0.0,0.0,0.0,0.0,0.0,0.0,0.0,0.0,0.0,0.0,0.0,0.0,0.0,0.0,0.0,0.0,0.0,0.0,0.0,0.0,0.0,0.0,0.0,0.0,0.0,0.0
23600000000,23,600000000,Archimede_odom,Archimede_base_link,-34.93369231871994,42.57440584451371,337.62469877224646,-0.00960015458746989,-0.011047827165999774,0.0913419777209213,0.9957120194377678,0.0,0.0,0.0,0.0,0.0,0.0,0.0,0.0,0.0,0.0,0.0,0.0,0.0,0.0,0.0,0.0,0.0,0.0,0.0,0.0,0.0,0.0,0.0,0.0,0.0,0.0,0.0,0.0,0.0,0.0,0.0,0.0,0.0,0.0,0.0,0.0,0.2181473286370938,0.008887258457807991,0.0002825369628440715,0.003781894162188941,-0.0006544626543783435,0.008595498880315373,0.0,0.0,0.0,0.0,0.0,0.0,0.0,0.0,0.0,0.0,0.0,0.0,0.0,0.0,0.0,0.0,0.0,0.0,0.0,0.0,0.0,0.0,0.0,0.0,0.0,0.0,0.0,0.0,0.0,0.0,0.0,0.0,0.0,0.0,0.0,0.0
23700000000,23,700000000,Archimede_odom,Archimede_base_link,-34.91240737782103,42.57927051525829,337.62514950921985,-0.009470921528102612,-0.011030934467965069,0.09177343990402324,0.9956737697952852,0.0,0.0,0.0,0.0,0.0,0.0,0.0,0.0,0.0,0.0,0.0,0.0,0.0,0.0,0.0,0.0,0.0,0.0,0.0,0.0,0.0,0.0,0.0,0.0,0.0,0.0,0.0,0.0,0.0,0.0,0.0,0.0,0.0,0.0,0.0,0.0,0.21823899238657035,0.009024699746998672,0.0002778436778613126,0.0016860741540655928,0.0006212738735159748,0.008671060426769777,0.0,0.0,0.0,0.0,0.0,0.0,0.0,0.0,0.0,0.0,0.0,0.0,0.0,0.0,0.0,0.0,0.0,0.0,0.0,0.0,0.0,0.0,0.0,0.0,0.0,0.0,0.0,0.0,0.0,0.0,0.0,0.0,0.0,0.0,0.0,0.0
23800000000,23,800000000,Archimede_odom,Archimede_base_link,-34.89114177622414,42.58415877193967,337.62561234660484,-0.009392832092017493,-0.011005916533691094,0.09220454810394596,0.9956349561036373,0.0,0.0,0.0,0.0,0.0,0.0,0.0,0.0,0.0,0.0,0.0,0.0,0.0,0.0,0.0,0.0,0.0,0.0,0.0,0.0,0.0,0.0,0.0,0.0,0.0,0.0,0.0,0.0,0.0,0.0,0.0,0.0,0.0,0.0,0.0,0.0,0.21780128038033136,0.00907370348994566,0.0004988144593385959,0.0016907319233018688,2.7440208846402098e-05,0.008577104609378005,0.0,0.0,0.0,0.0,0.0,0.0,0.0,0.0,0.0,0.0,0.0,0.0,0.0,0.0,0.0,0.0,0.0,0.0,0.0,0.0,0.0,0.0,0.0,0.0,0.0,0.0,0.0,0.0,0.0,0.0,0.0,0.0,0.0,0.0,0.0,0.0
23900000000,23,900000000,Archimede_odom,Archimede_base_link,-34.86979508254373,42.58912738392453,337.6259901576146,-0.009325674822925338,-0.01086371367752769,0.09269040835531214,0.9955920347778779,0.0,0.0,0.0,0.0,0.0,0.0,0.0,0.0,0.0,0.0,0.0,0.0,0.0,0.0,0.0,0.0,0.0,0.0,0.0,0.0,0.0,0.0,0.0,0.0,0.0,0.0,0.0,0.0,0.0,0.0,0.0,0.0,0.0,0.0,0.0,0.0,0.22034474841860363,0.010099529841445843,-0.000791639906814556,0.0017023680475113565,0.0037119097484905974,0.011269629230401515,0.0,0.0,0.0,0.0,0.0,0.0,0.0,0.0,0.0,0.0,0.0,0.0,0.0,0.0,0.0,0.0,0.0,0.0,0.0,0.0,0.0,0.0,0.0,0.0,0.0,0.0,0.0,0.0,0.0,0.0,0.0,0.0,0.0,0.0,0.0,0.0
24000000000,24,0,Archimede_odom,Archimede_base_link,-34.848265275435786,42.59423199738784,337.62632862340223,-0.009265046996525592,-0.01066329701482876,0.09330219171788107,0.9955376205958093,0.0,0.0,0.0,0.0,0.0,0.0,0.0,0.0,0.0,0.0,0.0,0.0,0.0,0.0,0.0,0.0,0.0,0.0,0.0,0.0,0.0,0.0,0.0,0.0,0.0,0.0,0.0,0.0,0.0,0.0,0.0,0.0,0.0,0.0,0.0,0.0,0.22142714828369275,0.010314619137234382,-0.0007310224662462905,0.0016997306998101217,0.003775726029805413,0.012919581323783796,0.0,0.0,0.0,0.0,0.0,0.0,0.0,0.0,0.0,0.0,0.0,0.0,0.0,0.0,0.0,0.0,0.0,0.0,0.0,0.0,0.0,0.0,0.0,0.0,0.0,0.0,0.0,0.0,0.0,0.0,0.0,0.0,0.0,0.0,0.0,0.0
24100000000,24,100000000,Archimede_odom,Archimede_base_link,-34.82668711531299,42.599381287064446,337.62666619924846,-0.009205303777832463,-0.010460455696491537,0.09396403288804238,0.9954780769923537,0.0,0.0,0.0,0.0,0.0,0.0,0.0,0.0,0.0,0.0,0.0,0.0,0.0,0.0,0.0,0.0,0.0,0.0,0.0,0.0,0.0,0.0,0.0,0.0,0.0,0.0,0.0,0.0,0.0,0.0,0.0,0.0,0.0,0.0,0.0,0.0,0.22173254529691033,0.010333629623385961,-0.0006573804945406991,0.0016972889027893068,0.0038023961964467703,0.013546628674851046,0.0,0.0,0.0,0.0,0.0,0.0,0.0,0.0,0.0,0.0,0.0,0.0,0.0,0.0,0.0,0.0,0.0,0.0,0.0,0.0,0.0,0.0,0.0,0.0,0.0,0.0,0.0,0.0,0.0,0.0,0.0,0.0,0.0,0.0,0.0,0.0
24200000000,24,200000000,Archimede_odom,Archimede_base_link,-34.805104497443764,42.604561212206896,337.6270126491852,-0.00914474709461823,-0.010279146274181628,0.09461883012299625,0.9954184997972486,0.0,0.0,0.0,0.0,0.0,0.0,0.0,0.0,0.0,0.0,0.0,0.0,0.0,0.0,0.0,0.0,0.0,0.0,0.0,0.0,0.0,0.0,0.0,0.0,0.0,0.0,0.0,0.0,0.0,0.0,0.0,0.0,0.0,0.0,0.0,0.0,0.22181573701389232,0.011140134416347845,-0.00022992856195300495,0.0014799540244114738,0.0028334153177313366,0.01059971431587892,0.0,0.0,0.0,0.0,0.0,0.0,0.0,0.0,0.0,0.0,0.0,0.0,0.0,0.0,0.0,0.0,0.0,0.0,0.0,0.0,0.0,0.0,0.0,0.0,0.0,0.0,0.0,0.0,0.0,0.0,0.0,0.0,0.0,0.0,0.0,0.0
24300000000,24,300000000,Archimede_odom,Archimede_base_link,-34.78348951060863,42.61010130560782,337.62730057952393,-0.009253878210572145,-0.01015145705721015,0.0948249447519295,0.9953991880197979,0.0,0.0,0.0,0.0,0.0,0.0,0.0,0.0,0.0,0.0,0.0,0.0,0.0,0.0,0.0,0.0,0.0,0.0,0.0,0.0,0.0,0.0,0.0,0.0,0.0,0.0,0.0,0.0,0.0,0.0,0.0,0.0,0.0,0.0,0.0,0.0,0.22301439837007292,0.014475831735258179,-0.0011613547335342952,-0.0014502947244462484,0.0016647253024864642,0.00010187268804303078,0.0,0.0,0.0,0.0,0.0,0.0,0.0,0.0,0.0,0.0,0.0,0.0,0.0,0.0,0.0,0.0,0.0,0.0,0.0,0.0,0.0,0.0,0.0,0.0,0.0,0.0,0.0,0.0,0.0,0.0,0.0,0.0,0.0,0.0,0.0,0.0
24400000000,24,400000000,Archimede_odom,Archimede_base_link,-34.761861438985676,42.61575646847607,337.6275648976405,-0.00936348359396568,-0.010055805483100384,0.09469473183159885,0.9954115298279467,0.0,0.0,0.0,0.0,0.0,0.0,0.0,0.0,0.0,0.0,0.0,0.0,0.0,0.0,0.0,0.0,0.0,0.0,0.0,0.0,0.0,0.0,0.0,0.0,0.0,0.0,0.0,0.0,0.0,0.0,0.0,0.0,0.0,0.0,0.0,0.0,0.22309315039130034,0.014745625955913439,-0.0011344593992535157,-0.0020620791264748584,0.0021228013403715054,-0.004198616819598785,0.0,0.0,0.0,0.0,0.0,0.0,0.0,0.0,0.0,0.0,0.0,0.0,0.0,0.0,0.0,0.0,0.0,0.0,0.0,0.0,0.0,0.0,0.0,0.0,0.0,0.0,0.0,0.0,0.0,0.0,0.0,0.0,0.0,0.0,0.0,0.0
24500000000,24,500000000,Archimede_odom,Archimede_base_link,-34.74023111108831,42.621404732929676,337.62782832990484,-0.00947438448129023,-0.00996296757092486,0.09443161148565535,0.9954364098565531,0.0,0.0,0.0,0.0,0.0,0.0,0.0,0.0,0.0,0.0,0.0,0.0,0.0,0.0,0.0,0.0,0.0,0.0,0.0,0.0,0.0,0.0,0.0,0.0,0.0,0.0,0.0,0.0,0.0,0.0,0.0,0.0,0.0,0.0,0.0,0.0,0.22307245321502936,0.014707470433794705,-0.0010884884179450278,-0.0020892262172354363,0.002106623768527799,-0.005865237706860999,0.0,0.0,0.0,0.0,0.0,0.0,0.0,0.0,0.0,0.0,0.0,0.0,0.0,0.0,0.0,0.0,0.0,0.0,0.0,0.0,0.0,0.0,0.0,0.0,0.0,0.0,0.0,0.0,0.0,0.0,0.0,0.0,0.0,0.0,0.0,0.0
24600000000,24,600000000,Archimede_odom,Archimede_base_link,-34.71859107795545,42.62702840463651,337.6280809337244,-0.00961079726793776,-0.009873545323956257,0.0941232949576075,0.9954651932764569,0.0,0.0,0.0,0.0,0.0,0.0,0.0,0.0,0.0,0.0,0.0,0.0,0.0,0.0,0.0,0.0,0.0,0.0,0.0,0.0,0.0,0.0,0.0,0.0,0.0,0.0,0.0,0.0,0.0,0.0,0.0,0.0,0.0,0.0,0.0,0.0,0.22348070462151778,0.014071976817384983,-0.0016408414628071078,-0.004064841598245931,0.0016437684570282673,-0.005824128476585785,0.0,0.0,0.0,0.0,0.0,0.0,0.0,0.0,0.0,0.0,0.0,0.0,0.0,0.0,0.0,0.0,0.0,0.0,0.0,0.0,0.0,0.0,0.0,0.0,0.0,0.0,0.0,0.0,0.0,0.0,0.0,0.0,0.0,0.0,0.0,0.0
24700000000,24,700000000,Archimede_odom,Archimede_base_link,-34.69683866846415,42.63269784901498,337.62826986115647,-0.009888247886164285,-0.00980036111747464,0.09376610862628991,0.9954969072522484,0.0,0.0,0.0,0.0,0.0,0.0,0.0,0.0,0.0,0.0,0.0,0.0,0.0,0.0,0.0,0.0,0.0,0.0,0.0,0.0,0.0,0.0,0.0,0.0,0.0,0.0,0.0,0.0,0.0,0.0,0.0,0.0,0.0,0.0,0.0,0.0,0.2249094925250275,0.01515411498051974,-0.0020044436793178076,-0.0067881444511987896,0.0021725217930396216,-0.007758455029270651,0.0,0.0,0.0,0.0,0.0,0.0,0.0,0.0,0.0,0.0,0.0,0.0,0.0,0.0,0.0,0.0,0.0,0.0,0.0,0.0,0.0,0.0,0.0,0.0,0.0,0.0,0.0,0.0,0.0,0.0,0.0,0.0,0.0,0.0,0.0,0.0
24800000000,24,800000000,Archimede_odom,Archimede_base_link,-34.6749535324063,42.638383008515376,337.6284342450204,-0.01022869791364807,-0.009731797215745876,0.09334501569103106,0.9955337130944306,0.0,0.0,0.0,0.0,0.0,0.0,0.0,0.0,0.0,0.0,0.0,0.0,0.0,0.0,0.0,0.0,0.0,0.0,0.0,0.0,0.0,0.0,0.0,0.0,0.0,0.0,0.0,0.0,0.0,0.0,0.0,0.0,0.0,0.0,0.0,0.0,0.22595897036747928,0.014909628615561213,-0.0019684066523556728,-0.006488512832592256,0.001938768497765736,-0.00855633675285164,0.0,0.0,0.0,0.0,0.0,0.0,0.0,0.0,0.0,0.0,0.0,0.0,0.0,0.0,0.0,0.0,0.0,0.0,0.0,0.0,0.0,0.0,0.0,0.0,0.0,0.0,0.0,0.0,0.0,0.0,0.0,0.0,0.0,0.0,0.0,0.0
24900000000,24,900000000,Archimede_odom,Archimede_base_link,-34.653015716233845,42.64406332584255,337.6285982766472,-0.010558062058293093,-0.00967053543897767,0.09289039603919526,0.9955733937754555,0.0,0.0,0.0,0.0,0.0,0.0,0.0,0.0,0.0,0.0,0.0,0.0,0.0,0.0,0.0,0.0,0.0,0.0,0.0,0.0,0.0,0.0,0.0,0.0,0.0,0.0,0.0,0.0,0.0,0.0,0.0,0.0,0.0,0.0,0.0,0.0,0.22616675818452103,0.015205178662415442,-0.0019292281455151668,-0.006537385348083853,0.0019338708422739462,-0.009339305862713077,0.0,0.0,0.0,0.0,0.0,0.0,0.0,0.0,0.0,0.0,0.0,0.0,0.0,0.0,0.0,0.0,0.0,0.0,0.0,0.0,0.0,0.0,0.0,0.0,0.0,0.0,0.0,0.0,0.0,0.0,0.0,0.0,0.0,0.0,0.0,0.0
25001000000,25,0,Archimede_odom,Archimede_base_link,-34.630981881027346,42.64975484330202,337.62869821980723,-0.010896306141189256,-0.009519749638253545,0.09245851074651167,0.9956114044494667,0.0,0.0,0.0,0.0,0.0,0.0,0.0,0.0,0.0,0.0,0.0,0.0,0.0,0.0,0.0,0.0,0.0,0.0,0.0,0.0,0.0,0.0,0.0,0.0,0.0,0.0,0.0,0.0,0.0,0.0,0.0,0.0,0.0,0.0,0.0,0.0,0.22815824148430708,0.015790424137187783,-0.0028580842898134093,-0.006559197739972341,0.004725857119074331,-0.007462441249907889,0.0,0.0,0.0,0.0,0.0,0.0,0.0,0.0,0.0,0.0,0.0,0.0,0.0,0.0,0.0,0.0,0.0,0.0,0.0,0.0,0.0,0.0,0.0,0.0,0.0,0.0,0.0,0.0,0.0,0.0,0.0,0.0,0.0,0.0,0.0,0.0
25100000000,25,100000000,Archimede_odom,Archimede_base_link,-34.62165981544577,42.65370991439315,337.6286519952987,-0.017650360138886944,-0.006281385924799221,0.09097361811997266,0.9956770609911593,0.0,0.0,0.0,0.0,0.0,0.0,0.0,0.0,0.0,0.0,0.0,0.0,0.0,0.0,0.0,0.0,0.0,0.0,0.0,0.0,0.0,0.0,0.0,0.0,0.0,0.0,0.0,0.0,0.0,0.0,0.0,0.0,0.0,0.0,0.0,0.0,0.01336487920304782,0.01212055179651174,0.00014921863606105358,-0.15866325412821708,0.09645892120471708,-0.0001864609072780028,0.0,0.0,0.0,0.0,0.0,0.0,0.0,0.0,0.0,0.0,0.0,0.0,0.0,0.0,0.0,0.0,0.0,0.0,0.0,0.0,0.0,0.0,0.0,0.0,0.0,0.0,0.0,0.0,0.0,0.0,0.0,0.0,0.0,0.0,0.0,0.0
25200000000,25,200000000,Archimede_odom,Archimede_base_link,-34.62056638069453,42.6542197133598,337.6286437776201,-0.01943376969017637,-0.0053698376545003226,0.09095155678240553,0.995651197838907,0.0,0.0,0.0,0.0,0.0,0.0,0.0,0.0,0.0,0.0,0.0,0.0,0.0,0.0,0.0,0.0,0.0,0.0,0.0,0.0,0.0,0.0,0.0,0.0,0.0,0.0,0.0,0.0,0.0,0.0,0.0,0.0,0.0,0.0,0.0,0.0,0.028756865899736556,-0.005120235012102017,0.00018596523536592923,0.07412986230332827,-0.04524407300258431,-7.964994853475775e-05,0.0,0.0,0.0,0.0,0.0,0.0,0.0,0.0,0.0,0.0,0.0,0.0,0.0,0.0,0.0,0.0,0.0,0.0,0.0,0.0,0.0,0.0,0.0,0.0,0.0,0.0,0.0,0.0,0.0,0.0,0.0,0.0,0.0,0.0,0.0,0.0
25300000000,25,300000000,Archimede_odom,Archimede_base_link,-34.617717585479994,42.65451419135657,337.62868211167347,-0.017597930971537477,-0.006271511444799035,0.09096929825593925,0.9956784459575997,0.0,0.0,0.0,0.0,0.0,0.0,0.0,0.0,0.0,0.0,0.0,0.0,0.0,0.0,0.0,0.0,0.0,0.0,0.0,0.0,0.0,0.0,0.0,0.0,0.0,0.0,0.0,0.0,0.0,0.0,0.0,0.0,0.0,0.0,0.0,0.0,0.005195908019742655,0.000624115050301027,5.176089966419138e-05,0.00010717365378937753,-0.00018737614209002367,-0.0009409242526599558,0.0,0.0,0.0,0.0,0.0,0.0,0.0,0.0,0.0,0.0,0.0,0.0,0.0,0.0,0.0,0.0,0.0,0.0,0.0,0.0,0.0,0.0,0.0,0.0,0.0,0.0,0.0,0.0,0.0,0.0,0.0,0.0,0.0,0.0,0.0,0.0
25400000000,25,400000000,Archimede_odom,Archimede_base_link,-34.61801772633146,42.654586669472735,337.62867941554106,-0.017647505160870415,-0.006255540934453916,0.09097006655864542,0.9956775988037142,0.0,0.0,0.0,0.0,0.0,0.0,0.0,0.0,0.0,0.0,0.0,0.0,0.0,0.0,0.0,0.0,0.0,0.0,0.0,0.0,0.0,0.0,0.0,0.0,0.0,0.0,0.0,0.0,0.0,0.0,0.0,0.0,0.0,0.0,0.0,0.0,-0.0035781060732878083,0.0017493173428018514,2.504949803189678e-05,-0.0004959048958416488,0.00028662700887329,0.00022479506745582095,0.0,0.0,0.0,0.0,0.0,0.0,0.0,0.0,0.0,0.0,0.0,0.0,0.0,0.0,0.0,0.0,0.0,0.0,0.0,0.0,0.0,0.0,0.0,0.0,0.0,0.0,0.0,0.0,0.0,0.0,0.0,0.0,0.0,0.0,0.0,0.0
25500000000,25,500000000,Archimede_odom,Archimede_base_link,-34.61821167628091,42.65463328666273,337.62867643784955,-0.017689244259922098,-0.00623866290937041,0.09097892061839251,0.9956761550452679,0.0,0.0,0.0,0.0,0.0,0.0,0.0,0.0,0.0,0.0,0.0,0.0,0.0,0.0,0.0,0.0,0.0,0.0,0.0,0.0,0.0,0.0,0.0,0.0,0.0,0.0,0.0,0.0,0.0,0.0,0.0,0.0,0.0,0.0,0.0,0.0,-0.001487615956486227,0.000997809207070847,6.887319602943168e-06,0.0,0.0,0.0,0.0,0.0,0.0,0.0,0.0,0.0,0.0,0.0,0.0,0.0,0.0,0.0,0.0,0.0,0.0,0.0,0.0,0.0,0.0,0.0,0.0,0.0,0.0,0.0,0.0,0.0,0.0,0.0,0.0,0.0,0.0,0.0,0.0,0.0,0.0,0.0
25600000000,25,600000000,Archimede_odom,Archimede_base_link,-34.618435796399574,42.6546837286184,337.6286717378658,-0.01772404044389377,-0.006224126321342542,0.09098589980942004,0.9956749894808794,0.0,0.0,0.0,0.0,0.0,0.0,0.0,0.0,0.0,0.0,0.0,0.0,0.0,0.0,0.0,0.0,0.0,0.0,0.0,0.0,0.0,0.0,0.0,0.0,0.0,0.0,0.0,0.0,0.0,0.0,0.0,0.0,0.0,0.0,0.0,0.0,-0.0017318935539814943,0.0017165855854235708,-7.1737227383058e-06,0.0,0.0,0.0,0.0,0.0,0.0,0.0,0.0,0.0,0.0,0.0,0.0,0.0,0.0,0.0,0.0,0.0,0.0,0.0,0.0,0.0,0.0,0.0,0.0,0.0,0.0,0.0,0.0,0.0,0.0,0.0,0.0,0.0,0.0,0.0,0.0,0.0,0.0,0.0
25700000000,25,700000000,Archimede_odom,Archimede_base_link,-34.61864097062879,42.654716116561765,337.62866771636754,-0.01776556463545446,-0.006205501157586667,0.09099200905720443,0.9956738074069742,0.0,0.0,0.0,0.0,0.0,0.0,0.0,0.0,0.0,0.0,0.0,0.0,0.0,0.0,0.0,0.0,0.0,0.0,0.0,0.0,0.0,0.0,0.0,0.0,0.0,0.0,0.0,0.0,0.0,0.0,0.0,0.0,0.0,0.0,0.0,0.0,-0.0027868549555199553,0.0009655742151745197,1.7338814937901862e-06,-0.0003443129982139361,0.0002120295236668882,-5.1013216151797376e-05,0.0,0.0,0.0,0.0,0.0,0.0,0.0,0.0,0.0,0.0,0.0,0.0,0.0,0.0,0.0,0.0,0.0,0.0,0.0,0.0,0.0,0.0,0.0,0.0,0.0,0.0,0.0,0.0,0.0,0.0,0.0,0.0,0.0,0.0,0.0,0.0
25800000000,25,800000000,Archimede_odom,Archimede_base_link,-34.61886492465663,42.65477418741114,337.6286621195859,-0.017799078246874215,-0.006191102605994487,0.09099645365951949,0.9956728923112623,0.0,0.0,0.0,0.0,0.0,0.0,0.0,0.0,0.0,0.0,0.0,0.0,0.0,0.0,0.0,0.0,0.0,0.0,0.0,0.0,0.0,0.0,0.0,0.0,0.0,0.0,0.0,0.0,0.0,0.0,0.0,0.0,0.0,0.0,0.0,0.0,-0.00347945034350612,0.0015034903217425323,-3.308182303672962e-06,-0.0003838522689494303,0.00022377537269610082,-0.00021029329054850508,0.0,0.0,0.0,0.0,0.0,0.0,0.0,0.0,0.0,0.0,0.0,0.0,0.0,0.0,0.0,0.0,0.0,0.0,0.0,0.0,0.0,0.0,0.0,0.0,0.0,0.0,0.0,0.0,0.0,0.0,0.0,0.0,0.0,0.0,0.0,0.0
25900000000,25,900000000,Archimede_odom,Archimede_base_link,-34.61903633851931,42.65479717325896,337.62865874898904,-0.017832460806642712,-0.006176013464657883,0.09099830064698256,0.9956722198990114,0.0,0.0,0.0,0.0,0.0,0.0,0.0,0.0,0.0,0.0,0.0,0.0,0.0,0.0,0.0,0.0,0.0,0.0,0.0,0.0,0.0,0.0,0.0,0.0,0.0,0.0,0.0,0.0,0.0,0.0,0.0,0.0,0.0,0.0,0.0,0.0,0.00024664624637835586,0.0003351951701764594,-2.319392095154602e-06,0.0,0.0,0.0,0.0,0.0,0.0,0.0,0.0,0.0,0.0,0.0,0.0,0.0,0.0,0.0,0.0,0.0,0.0,0.0,0.0,0.0,0.0,0.0,0.0,0.0,0.0,0.0,0.0,0.0,0.0,0.0,0.0,0.0,0.0,0.0,0.0,0.0,0.0,0.0
26000000000,26,0,Archimede_odom,Archimede_base_link,-34.619277847107305,42.65485293450386,337.6286529719924,-0.017879569707365654,-0.006154863775855855,0.091005816651267,0.9956708190836046,0.0,0.0,0.0,0.0,0.0,0.0,0.0,0.0,0.0,0.0,0.0,0.0,0.0,0.0,0.0,0.0,0.0,0.0,0.0,0.0,0.0,0.0,0.0,0.0,0.0,0.0,0.0,0.0,0.0,0.0,0.0,0.0,0.0,0.0,0.0,0.0,-0.0006190782060966977,-0.0005487908015089529,4.969369495885184e-06,-0.0007389176779888319,0.0004577700255707194,-0.0007695668550777067,0.0,0.0,0.0,0.0,0.0,0.0,0.0,0.0,0.0,0.0,0.0,0.0,0.0,0.0,0.0,0.0,0.0,0.0,0.0,0.0,0.0,0.0,0.0,0.0,0.0,0.0,0.0,0.0,0.0,0.0,0.0,0.0,0.0,0.0,0.0,0.0
26101000000,26,100000000,Archimede_odom,Archimede_base_link,-34.6195167625975,42.65490580471589,337.628647324981,-0.017913451029762665,-0.006140144836557488,0.09101260764933272,0.9956696802366028,0.0,0.0,0.0,0.0,0.0,0.0,0.0,0.0,0.0,0.0,0.0,0.0,0.0,0.0,0.0,0.0,0.0,0.0,0.0,0.0,0.0,0.0,0.0,0.0,0.0,0.0,0.0,0.0,0.0,0.0,0.0,0.0,0.0,0.0,0.0,0.0,-0.0010094762745202403,0.000781337524628244,-3.835611959949452e-06,-0.0002763639373199132,0.00019699276159247458,0.00015995069167565275,0.0,0.0,0.0,0.0,0.0,0.0,0.0,0.0,0.0,0.0,0.0,0.0,0.0,0.0,0.0,0.0,0.0,0.0,0.0,0.0,0.0,0.0,0.0,0.0,0.0,0.0,0.0,0.0,0.0,0.0,0.0,0.0,0.0,0.0,0.0,0.0
26200000000,26,200000000,Archimede_odom,Archimede_base_link,-34.619771064120975,42.654964675975116,337.6286411992652,-0.017951518651702865,-0.006123531576349302,0.09101972627301602,0.9956684462050187,0.0,0.0,0.0,0.0,0.0,0.0,0.0,0.0,0.0,0.0,0.0,0.0,0.0,0.0,0.0,0.0,0.0,0.0,0.0,0.0,0.0,0.0,0.0,0.0,0.0,0.0,0.0,0.0,0.0,0.0,0.0,0.0,0.0,0.0,0.0,0.0,-0.0029902551114929883,0.0015271045517901605,-4.418151902599993e-06,-0.00039385444552422885,0.00022996734010053067,-0.0002208406096300713,0.0,0.0,0.0,0.0,0.0,0.0,0.0,0.0,0.0,0.0,0.0,0.0,0.0,0.0,0.0,0.0,0.0,0.0,0.0,0.0,0.0,0.0,0.0,0.0,0.0,0.0,0.0,0.0,0.0,0.0,0.0,0.0,0.0,0.0,0.0,0.0
26300000000,26,300000000,Archimede_odom,Archimede_base_link,-34.62000712382073,42.655018744338,337.6286355312648,-0.017983726411999086,-0.006109636386743589,0.09102620483780575,0.9956673580872208,0.0,0.0,0.0,0.0,0.0,0.0,0.0,0.0,0.0,0.0,0.0,0.0,0.0,0.0,0.0,0.0,0.0,0.0,0.0,0.0,0.0,0.0,0.0,0.0,0.0,0.0,0.0,0.0,0.0,0.0,0.0,0.0,0.0,0.0,0.0,0.0,-0.0015490232995369064,0.0010047746243537763,-9.28113700019475e-07,-0.0008813101664219489,0.0005516108934762371,0.0006767975158011994,0.0,0.0,0.0,0.0,0.0,0.0,0.0,0.0,0.0,0.0,0.0,0.0,0.0,0.0,0.0,0.0,0.0,0.0,0.0,0.0,0.0,0.0,0.0,0.0,0.0,0.0,0.0,0.0,0.0,0.0,0.0,0.0,0.0,0.0,0.0,0.0
26400000000,26,400000000,Archimede_odom,Archimede_base_link,-34.62025608287899,42.65506606139922,337.6286299497717,-0.018020276061556137,-0.006093714004822665,0.09102809081038464,0.995666622411191,0.0,0.0,0.0,0.0,0.0,0.0,0.0,0.0,0.0,0.0,0.0,0.0,0.0,0.0,0.0,0.0,0.0,0.0,0.0,0.0,0.0,0.0,0.0,0.0,0.0,0.0,0.0,0.0,0.0,0.0,0.0,0.0,0.0,0.0,0.0,0.0,-0.0030927291829761184,0.0009060378220725439,1.5343459448957357e-06,-0.00017936457382468384,0.00010222608523834513,-0.00012357041130300282,0.0,0.0,0.0,0.0,0.0,0.0,0.0,0.0,0.0,0.0,0.0,0.0,0.0,0.0,0.0,0.0,0.0,0.0,0.0,0.0,0.0,0.0,0.0,0.0,0.0,0.0,0.0,0.0,0.0,0.0,0.0,0.0,0.0,0.0,0.0,0.0
26500000000,26,500000000,Archimede_odom,Archimede_base_link,-34.62044527239131,42.655102711813996,337.62862569581637,-0.018056783866042477,-0.006077333013688612,0.0910302055170215,0.9956658677806448,0.0,0.0,0.0,0.0,0.0,0.0,0.0,0.0,0.0,0.0,0.0,0.0,0.0,0.0,0.0,0.0,0.0,0.0,0.0,0.0,0.0,0.0,0.0,0.0,0.0,0.0,0.0,0.0,0.0,0.0,0.0,0.0,0.0,0.0,0.0,0.0,-0.0016980735253528452,-0.0005895420141974232,8.949126266833688e-06,-0.0010897394204238185,0.0006733699704008394,-0.00048264939869257465,0.0,0.0,0.0,0.0,0.0,0.0,0.0,0.0,0.0,0.0,0.0,0.0,0.0,0.0,0.0,0.0,0.0,0.0,0.0,0.0,0.0,0.0,0.0,0.0,0.0,0.0,0.0,0.0,0.0,0.0,0.0,0.0,0.0,0.0,0.0,0.0
26601000000,26,600000000,Archimede_odom,Archimede_base_link,-34.620665263019546,42.65516006232958,337.6286201368086,-0.018089787566500756,-0.0060629185197722864,0.09104007328869694,0.9956644543521729,0.0,0.0,0.0,0.0,0.0,0.0,0.0,0.0,0.0,0.0,0.0,0.0,0.0,0.0,0.0,0.0,0.0,0.0,0.0,0.0,0.0,0.0,0.0,0.0,0.0,0.0,0.0,0.0,0.0,0.0,0.0,0.0,0.0,0.0,0.0,0.0,-0.0024204798692329544,0.0016827583174957022,-7.0469134050294484e-06,-0.00017398429783707197,0.00010883263984755216,-2.0917664730814904e-05,0.0,0.0,0.0,0.0,0.0,0.0,0.0,0.0,0.0,0.0,0.0,0.0,0.0,0.0,0.0,0.0,0.0,0.0,0.0,0.0,0.0,0.0,0.0,0.0,0.0,0.0,0.0,0.0,0.0,0.0,0.0,0.0,0.0,0.0,0.0,0.0
26700000000,26,700000000,Archimede_odom,Archimede_base_link,-34.62084604490061,42.65518524930118,337.6286164911124,-0.01812680785691621,-0.006046148498365708,0.09103979109963918,0.9956639088376098,0.0,0.0,0.0,0.0,0.0,0.0,0.0,0.0,0.0,0.0,0.0,0.0,0.0,0.0,0.0,0.0,0.0,0.0,0.0,0.0,0.0,0.0,0.0,0.0,0.0,0.0,0.0,0.0,0.0,0.0,0.0,0.0,0.0,0.0,0.0,0.0,-0.0007465263328205465,0.00102776395155865,-5.521749853896475e-06,-0.00034424945811695857,0.00023730714876056642,0.00014394092057010767,0.0,0.0,0.0,0.0,0.0,0.0,0.0,0.0,0.0,0.0,0.0,0.0,0.0,0.0,0.0,0.0,0.0,0.0,0.0,0.0,0.0,0.0,0.0,0.0,0.0,0.0,0.0,0.0,0.0,0.0,0.0,0.0,0.0,0.0,0.0,0.0
26800000000,26,800000000,Archimede_odom,Archimede_base_link,-34.62111418963668,42.655240296357604,337.628610315198,-0.018163761308022344,-0.0060301578182420604,0.09104490671619998,0.9956628645946733,0.0,0.0,0.0,0.0,0.0,0.0,0.0,0.0,0.0,0.0,0.0,0.0,0.0,0.0,0.0,0.0,0.0,0.0,0.0,0.0,0.0,0.0,0.0,0.0,0.0,0.0,0.0,0.0,0.0,0.0,0.0,0.0,0.0,0.0,0.0,0.0,-0.0030138282627400147,0.0008213428410531489,7.843981791575196e-07,-0.0003591721400166579,0.00021738131826939722,-8.963585341982037e-05,0.0,0.0,0.0,0.0,0.0,0.0,0.0,0.0,0.0,0.0,0.0,0.0,0.0,0.0,0.0,0.0,0.0,0.0,0.0,0.0,0.0,0.0,0.0,0.0,0.0,0.0,0.0,0.0,0.0,0.0,0.0,0.0,0.0,0.0,0.0,0.0
26900000000,26,900000000,Archimede_odom,Archimede_base_link,-34.62135264532734,42.655301469140056,337.62860431279654,-0.018194690376969892,-0.006016935111163656,0.09105391025194777,0.995661556535043,0.0,0.0,0.0,0.0,0.0,0.0,0.0,0.0,0.0,0.0,0.0,0.0,0.0,0.0,0.0,0.0,0.0,0.0,0.0,0.0,0.0,0.0,0.0,0.0,0.0,0.0,0.0,0.0,0.0,0.0,0.0,0.0,0.0,0.0,0.0,0.0,-0.0008967848332769868,0.000890398952509003,-2.708781197212353e-06,-0.0006722303817918821,0.0004290089710655542,0.0005435982778544484,0.0,0.0,0.0,0.0,0.0,0.0,0.0,0.0,0.0,0.0,0.0,0.0,0.0,0.0,0.0,0.0,0.0,0.0,0.0,0.0,0.0,0.0,0.0,0.0,0.0,0.0,0.0,0.0,0.0,0.0,0.0,0.0,0.0,0.0,0.0,0.0
27000000000,27,0,Archimede_odom,Archimede_base_link,-34.62161651158379,42.65535365667867,337.6285983089111,-0.018229548435067494,-0.006001949183197188,0.091057414600234,0.995660688897667,0.0,0.0,0.0,0.0,0.0,0.0,0.0,0.0,0.0,0.0,0.0,0.0,0.0,0.0,0.0,0.0,0.0,0.0,0.0,0.0,0.0,0.0,0.0,0.0,0.0,0.0,0.0,0.0,0.0,0.0,0.0,0.0,0.0,0.0,0.0,0.0,-0.00445022724386756,0.0011490743778550753,8.775189600493681e-07,-0.000391115845431851,0.00022873056348026626,-0.0002081070090884673,0.0,0.0,0.0,0.0,0.0,0.0,0.0,0.0,0.0,0.0,0.0,0.0,0.0,0.0,0.0,0.0,0.0,0.0,0.0,0.0,0.0,0.0,0.0,0.0,0.0,0.0,0.0,0.0,0.0,0.0,0.0,0.0,0.0,0.0,0.0,0.0
27100000000,27,100000000,Archimede_odom,Archimede_base_link,-34.621845001120576,42.65541031621634,337.62859264286357,-0.018262547614578767,-0.005987626785589014,0.09106532169745404,0.9956594472329587,0.0,0.0,0.0,0.0,0.0,0.0,0.0,0.0,0.0,0.0,0.0,0.0,0.0,0.0,0.0,0.0,0.0,0.0,0.0,0.0,0.0,0.0,0.0,0.0,0.0,0.0,0.0,0.0,0.0,0.0,0.0,0.0,0.0,0.0,0.0,0.0,-0.0016559100846206508,0.00024227537267243614,5.457931933990936e-06,-0.0010729796865253474,0.0006707212249726679,0.0006522969607550847,0.0,0.0,0.0,0.0,0.0,0.0,0.0,0.0,0.0,0.0,0.0,0.0,0.0,0.0,0.0,0.0,0.0,0.0,0.0,0.0,0.0,0.0,0.0,0.0,0.0,0.0,0.0,0.0,0.0,0.0,0.0,0.0,0.0,0.0,0.0,0.0
27200000000,27,200000000,Archimede_odom,Archimede_base_link,-34.62209962060798,42.65546924460462,337.62858646620003,-0.018294672988354767,-0.005974031102856058,0.09106825312034558,0.9956586710144396,0.0,0.0,0.0,0.0,0.0,0.0,0.0,0.0,0.0,0.0,0.0,0.0,0.0,0.0,0.0,0.0,0.0,0.0,0.0,0.0,0.0,0.0,0.0,0.0,0.0,0.0,0.0,0.0,0.0,0.0,0.0,0.0,0.0,0.0,0.0,0.0,-0.0020230239277631555,0.0009501882172463349,-3.2880249176566286e-06,0.0,0.0,0.0,0.0,0.0,0.0,0.0,0.0,0.0,0.0,0.0,0.0,0.0,0.0,0.0,0.0,0.0,0.0,0.0,0.0,0.0,0.0,0.0,0.0,0.0,0.0,0.0,0.0,0.0,0.0,0.0,0.0,0.0,0.0,0.0,0.0,0.0,0.0,0.0
27300000000,27,300000000,Archimede_odom,Archimede_base_link,-34.62234506776081,42.655529113962835,337.62858041731954,-0.018332247259219833,-0.005957623750667354,0.09107552556970967,0.9956574130050323,0.0,0.0,0.0,0.0,0.0,0.0,0.0,0.0,0.0,0.0,0.0,0.0,0.0,0.0,0.0,0.0,0.0,0.0,0.0,0.0,0.0,0.0,0.0,0.0,0.0,0.0,0.0,0.0,0.0,0.0,0.0,0.0,0.0,0.0,0.0,0.0,-0.001671893275065072,0.0007528278150710914,-1.829001552657389e-06,-0.0007861708960021927,0.0005046638702890197,2.714263806266795e-05,0.0,0.0,0.0,0.0,0.0,0.0,0.0,0.0,0.0,0.0,0.0,0.0,0.0,0.0,0.0,0.0,0.0,0.0,0.0,0.0,0.0,0.0,0.0,0.0,0.0,0.0,0.0,0.0,0.0,0.0,0.0,0.0,0.0,0.0,0.0,0.0
27400000000,27,400000000,Archimede_odom,Archimede_base_link,-34.62257463217561,42.65556970339372,337.628575451712,-0.018365942130120883,-0.005942723184806608,0.09108473503363575,0.9956560386271326,0.0,0.0,0.0,0.0,0.0,0.0,0.0,0.0,0.0,0.0,0.0,0.0,0.0,0.0,0.0,0.0,0.0,0.0,0.0,0.0,0.0,0.0,0.0,0.0,0.0,0.0,0.0,0.0,0.0,0.0,0.0,0.0,0.0,0.0,0.0,0.0,-0.0014683944737098578,0.00022975712162374875,5.2143530756711725e-06,-0.001046079532806493,0.0006541050559705603,0.0006553112000490427,0.0,0.0,0.0,0.0,0.0,0.0,0.0,0.0,0.0,0.0,0.0,0.0,0.0,0.0,0.0,0.0,0.0,0.0,0.0,0.0,0.0,0.0,0.0,0.0,0.0,0.0,0.0,0.0,0.0,0.0,0.0,0.0,0.0,0.0,0.0,0.0
27500000000,27,500000000,Archimede_odom,Archimede_base_link,-34.622791077552606,42.65562143284767,337.62857014869564,-0.018400825749342313,-0.005927448377698549,0.09108861221108036,0.9956551309027295,0.0,0.0,0.0,0.0,0.0,0.0,0.0,0.0,0.0,0.0,0.0,0.0,0.0,0.0,0.0,0.0,0.0,0.0,0.0,0.0,0.0,0.0,0.0,0.0,0.0,0.0,0.0,0.0,0.0,0.0,0.0,0.0,0.0,0.0,0.0,0.0,-0.0026171232755442288,0.001707992963041223,-6.9071073036392204e-06,0.0,0.0,0.0,0.0,0.0,0.0,0.0,0.0,0.0,0.0,0.0,0.0,0.0,0.0,0.0,0.0,0.0,0.0,0.0,0.0,0.0,0.0,0.0,0.0,0.0,0.0,0.0,0.0,0.0,0.0,0.0,0.0,0.0,0.0,0.0,0.0,0.0,0.0,0.0
