timestamp,_header_stamp_sec,_header_stamp_nanosec,_header_frame_id,_child_frame_id,_pose_pose_position_x,_pose_pose_position_y,_pose_pose_position_z,_pose_pose_orientation_x,_pose_pose_orientation_y,_pose_pose_orientation_z,_pose_pose_orientation_w,_pose_covariance_0,_pose_covariance_1,_pose_covariance_2,_pose_covariance_3,_pose_covariance_4,_pose_covariance_5,_pose_covariance_6,_pose_covariance_7,_pose_covariance_8,_pose_covariance_9,_pose_covariance_10,_pose_covariance_11,_pose_covariance_12,_pose_covariance_13,_pose_covariance_14,_pose_covariance_15,_pose_covariance_16,_pose_covariance_17,_pose_covariance_18,_pose_covariance_19,_pose_covariance_20,_pose_covariance_21,_pose_covariance_22,_pose_covariance_23,_pose_covariance_24,_pose_covariance_25,_pose_covariance_26,_pose_covariance_27,_pose_covariance_28,_pose_covariance_29,_pose_covariance_30,_pose_covariance_31,_pose_covariance_32,_pose_covariance_33,_pose_covariance_34,_pose_covariance_35,_twist_twist_linear_x,_twist_twist_linear_y,_twist_twist_linear_z,_twist_twist_angular_x,_twist_twist_angular_y,_twist_twist_angular_z,_twist_covariance_0,_twist_covariance_1,_twist_covariance_2,_twist_covariance_3,_twist_covariance_4,_twist_covariance_5,_twist_covariance_6,_twist_covariance_7,_twist_covariance_8,_twist_covariance_9,_twist_covariance_10,_twist_covariance_11,_twist_covariance_12,_twist_covariance_13,_twist_covariance_14,_twist_covariance_15,_twist_covariance_16,_twist_covariance_17,_twist_covariance_18,_twist_covariance_19,_twist_covariance_20,_twist_covariance_21,_twist_covariance_22,_twist_covariance_23,_twist_covariance_24,_twist_covariance_25,_twist_covariance_26,_twist_covariance_27,_twist_covariance_28,_twist_covariance_29,_twist_covariance_30,_twist_covariance_31,_twist_covariance_32,_twist_covariance_33,_twist_covariance_34,_twist_covariance_35
100000000,0,100000000,Archimede_odom,Archimede_base_link,-5.796311568484723,11.70480253059416,346.0984965855582,-0.11885327863105973,0.17495048671988864,0.9768363597765162,0.03251079164964107,0.0,0.0,0.0,0.0,0.0,0.0,0.0,0.0,0.0,0.0,0.0,0.0,0.0,0.0,0.0,0.0,0.0,0.0,0.0,0.0,0.0,0.0,0.0,0.0,0.0,0.0,0.0,0.0,0.0,0.0,0.0,0.0,0.0,0.0,0.0,0.0,0.23075561077855838,-0.12549373598465838,0.007229620996570381,-0.11648024455320734,-0.0958354960072518,-0.00478523012279732,0.0,0.0,0.0,0.0,0.0,0.0,0.0,0.0,0.0,0.0,0.0,0.0,0.0,0.0,0.0,0.0,0.0,0.0,0.0,0.0,0.0,0.0,0.0,0.0,0.0,0.0,0.0,0.0,0.0,0.0,0.0,0.0,0.0,0.0,0.0,0.0
200000000,0,200000000,Archimede_odom,Archimede_base_link,-5.82206877501188,11.716962283693688,346.0886150110344,-0.1154389856771215,0.17108987854773156,0.9779103531965877,0.0330671310410368,0.0,0.0,0.0,0.0,0.0,0.0,0.0,0.0,0.0,0.0,0.0,0.0,0.0,0.0,0.0,0.0,0.0,0.0,0.0,0.0,0.0,0.0,0.0,0.0,0.0,0.0,0.0,0.0,0.0,0.0,0.0,0.0,0.0,0.0,0.0,0.0,0.29592444120679706,-0.11472888267497672,0.008043226748130919,-0.04035694842783936,-0.051690296828511915,-0.009141954314377036,0.0,0.0,0.0,0.0,0.0,0.0,0.0,0.0,0.0,0.0,0.0,0.0,0.0,0.0,0.0,0.0,0.0,0.0,0.0,0.0,0.0,0.0,0.0,0.0,0.0,0.0,0.0,0.0,0.0,0.0,0.0,0.0,0.0,0.0,0.0,0.0
300000000,0,300000000,Archimede_odom,Archimede_base_link,-5.850541770727925,11.728562093663298,346.0784321341976,-0.11423315703950507,0.17121019880549201,0.9780020820416714,0.03390842343618372,0.0,0.0,0.0,0.0,0.0,0.0,0.0,0.0,0.0,0.0,0.0,0.0,0.0,0.0,0.0,0.0,0.0,0.0,0.0,0.0,0.0,0.0,0.0,0.0,0.0,0.0,0.0,0.0,0.0,0.0,0.0,0.0,0.0,0.0,0.0,0.0,0.30942706780749285,-0.1121056382165105,0.006533278801083256,0.041066786557622435,-0.0063208676888450496,-0.014051325504585918,0.0,0.0,0.0,0.0,0.0,0.0,0.0,0.0,0.0,0.0,0.0,0.0,0.0,0.0,0.0,0.0,0.0,0.0,0.0,0.0,0.0,0.0,0.0,0.0,0.0,0.0,0.0,0.0,0.0,0.0,0.0,0.0,0.0,0.0,0.0,0.0
400000000,0,400000000,Archimede_odom,Archimede_base_link,-5.8800546417821975,11.740497861722512,346.0678498008606,-0.11515648613272797,0.17528976933364904,0.9771358905460246,0.0348988807176739,0.0,0.0,0.0,0.0,0.0,0.0,0.0,0.0,0.0,0.0,0.0,0.0,0.0,0.0,0.0,0.0,0.0,0.0,0.0,0.0,0.0,0.0,0.0,0.0,0.0,0.0,0.0,0.0,0.0,0.0,0.0,0.0,0.0,0.0,0.0,0.0,0.318895077502738,-0.11813152810679402,0.008030284207875387,0.119914087862358,0.04059067949531602,-0.013922576582474148,0.0,0.0,0.0,0.0,0.0,0.0,0.0,0.0,0.0,0.0,0.0,0.0,0.0,0.0,0.0,0.0,0.0,0.0,0.0,0.0,0.0,0.0,0.0,0.0,0.0,0.0,0.0,0.0,0.0,0.0,0.0,0.0,0.0,0.0,0.0,0.0
500000000,0,500000000,Archimede_odom,Archimede_base_link,-5.910109108607824,11.753309610395817,346.0569397596023,-0.11812794142232252,0.18335839699190737,0.9752589512123921,0.035992579623964294,0.0,0.0,0.0,0.0,0.0,0.0,0.0,0.0,0.0,0.0,0.0,0.0,0.0,0.0,0.0,0.0,0.0,0.0,0.0,0.0,0.0,0.0,0.0,0.0,0.0,0.0,0.0,0.0,0.0,0.0,0.0,0.0,0.0,0.0,0.0,0.0,0.3235984247244911,-0.12852563463981728,0.013549807909480894,0.20048656289708827,0.08502010820526605,-0.015986214483690774,0.0,0.0,0.0,0.0,0.0,0.0,0.0,0.0,0.0,0.0,0.0,0.0,0.0,0.0,0.0,0.0,0.0,0.0,0.0,0.0,0.0,0.0,0.0,0.0,0.0,0.0,0.0,0.0,0.0,0.0,0.0,0.0,0.0,0.0,0.0,0.0
602000000,0,600000000,Archimede_odom,Archimede_base_link,-5.939136590202333,11.764737030961413,346.04676992552226,-0.11810014075339112,0.18592476031400793,0.9747254700714817,0.03734432018576449,0.0,0.0,0.0,0.0,0.0,0.0,0.0,0.0,0.0,0.0,0.0,0.0,0.0,0.0,0.0,0.0,0.0,0.0,0.0,0.0,0.0,0.0,0.0,0.0,0.0,0.0,0.0,0.0,0.0,0.0,0.0,0.0,0.0,0.0,0.0,0.0,0.28858610708946186,-0.08623555397780079,0.013376241703401742,-0.08078142273393092,-0.08506550915319903,-0.00705375975316448,0.0,0.0,0.0,0.0,0.0,0.0,0.0,0.0,0.0,0.0,0.0,0.0,0.0,0.0,0.0,0.0,0.0,0.0,0.0,0.0,0.0,0.0,0.0,0.0,0.0,0.0,0.0,0.0,0.0,0.0,0.0,0.0,0.0,0.0,0.0,0.0
700000000,0,700000000,Archimede_odom,Archimede_base_link,-5.967045443198657,11.775481312946464,346.0373619086368,-0.11514561043788145,0.18383455832676307,0.9754458028061846,0.03810287849348855,0.0,0.0,0.0,0.0,0.0,0.0,0.0,0.0,0.0,0.0,0.0,0.0,0.0,0.0,0.0,0.0,0.0,0.0,0.0,0.0,0.0,0.0,0.0,0.0,0.0,0.0,0.0,0.0,0.0,0.0,0.0,0.0,0.0,0.0,0.0,0.0,0.3006680270922309,-0.10816456194027098,0.013461122264307696,-0.005234929654568821,-0.043094159096660214,-0.009544023071288352,0.0,0.0,0.0,0.0,0.0,0.0,0.0,0.0,0.0,0.0,0.0,0.0,0.0,0.0,0.0,0.0,0.0,0.0,0.0,0.0,0.0,0.0,0.0,0.0,0.0,0.0,0.0,0.0,0.0,0.0,0.0,0.0,0.0,0.0,0.0,0.0
800000000,0,800000000,Archimede_odom,Archimede_base_link,-5.995566108070543,11.787550181179832,346.0273290936801,-0.11434251811823212,0.18558398451783206,0.9751727996364403,0.03901774070975563,0.0,0.0,0.0,0.0,0.0,0.0,0.0,0.0,0.0,0.0,0.0,0.0,0.0,0.0,0.0,0.0,0.0,0.0,0.0,0.0,0.0,0.0,0.0,0.0,0.0,0.0,0.0,0.0,0.0,0.0,0.0,0.0,0.0,0.0,0.0,0.0,0.30803996417432533,-0.1178244772638369,0.013484864333690977,0.07333114918050172,0.004261782971394299,-0.012293264567927167,0.0,0.0,0.0,0.0,0.0,0.0,0.0,0.0,0.0,0.0,0.0,0.0,0.0,0.0,0.0,0.0,0.0,0.0,0.0,0.0,0.0,0.0,0.0,0.0,0.0,0.0,0.0,0.0,0.0,0.0,0.0,0.0,0.0,0.0,0.0,0.0
900000000,0,900000000,Archimede_odom,Archimede_base_link,-6.024707300793213,11.800459706286274,346.0168243893922,-0.11571672535718092,0.19126864089518267,0.9738690593401689,0.040062472996743835,0.0,0.0,0.0,0.0,0.0,0.0,0.0,0.0,0.0,0.0,0.0,0.0,0.0,0.0,0.0,0.0,0.0,0.0,0.0,0.0,0.0,0.0,0.0,0.0,0.0,0.0,0.0,0.0,0.0,0.0,0.0,0.0,0.0,0.0,0.0,0.0,0.3157559592518754,-0.1254360467747139,0.015853494784271848,0.15287510714621347,0.051709026100554945,-0.014424324725174496,0.0,0.0,0.0,0.0,0.0,0.0,0.0,0.0,0.0,0.0,0.0,0.0,0.0,0.0,0.0,0.0,0.0,0.0,0.0,0.0,0.0,0.0,0.0,0.0,0.0,0.0,0.0,0.0,0.0,0.0,0.0,0.0,0.0,0.0,0.0,0.0
1000000000,1,0,Archimede_odom,Archimede_base_link,-6.052539030501153,11.811204563368907,346.00735481539755,-0.11325258662304104,0.18977409885180627,0.9744037591263276,0.0411941407078379,0.0,0.0,0.0,0.0,0.0,0.0,0.0,0.0,0.0,0.0,0.0,0.0,0.0,0.0,0.0,0.0,0.0,0.0,0.0,0.0,0.0,0.0,0.0,0.0,0.0,0.0,0.0,0.0,0.0,0.0,0.0,0.0,0.0,0.0,0.0,0.0,0.2961525374351134,-0.10137343801176613,0.012487571058323429,-0.049194100633151966,-0.06717158229913514,-0.01293323200002948,0.0,0.0,0.0,0.0,0.0,0.0,0.0,0.0,0.0,0.0,0.0,0.0,0.0,0.0,0.0,0.0,0.0,0.0,0.0,0.0,0.0,0.0,0.0,0.0,0.0,0.0,0.0,0.0,0.0,0.0,0.0,0.0,0.0,0.0,0.0,0.0
1100000000,1,100000000,Archimede_odom,Archimede_base_link,-6.080697302161053,11.82305225087099,345.9973789343041,-0.11142218750941671,0.1892868942083633,0.9746611255831351,0.042323257064934366,0.0,0.0,0.0,0.0,0.0,0.0,0.0,0.0,0.0,0.0,0.0,0.0,0.0,0.0,0.0,0.0,0.0,0.0,0.0,0.0,0.0,0.0,0.0,0.0,0.0,0.0,0.0,0.0,0.0,0.0,0.0,0.0,0.0,0.0,0.0,0.0,0.30523305578561666,-0.11619094546331961,0.01148802715926508,0.029345264290918004,-0.019199924743183182,-0.018150436476166095,0.0,0.0,0.0,0.0,0.0,0.0,0.0,0.0,0.0,0.0,0.0,0.0,0.0,0.0,0.0,0.0,0.0,0.0,0.0,0.0,0.0,0.0,0.0,0.0,0.0,0.0,0.0,0.0,0.0,0.0,0.0,0.0,0.0,0.0,0.0,0.0
1200000000,1,200000000,Archimede_odom,Archimede_base_link,-6.109294332599103,11.8356940817353,345.98713584140665,-0.1113524697043385,0.19229574407277789,0.9740213008001312,0.0436518028248726,0.0,0.0,0.0,0.0,0.0,0.0,0.0,0.0,0.0,0.0,0.0,0.0,0.0,0.0,0.0,0.0,0.0,0.0,0.0,0.0,0.0,0.0,0.0,0.0,0.0,0.0,0.0,0.0,0.0,0.0,0.0,0.0,0.0,0.0,0.0,0.0,0.2968179361136825,-0.10136500034023335,0.016750050719104827,0.03152349323499956,-0.033604015567442816,-0.018940638955546395,0.0,0.0,0.0,0.0,0.0,0.0,0.0,0.0,0.0,0.0,0.0,0.0,0.0,0.0,0.0,0.0,0.0,0.0,0.0,0.0,0.0,0.0,0.0,0.0,0.0,0.0,0.0,0.0,0.0,0.0,0.0,0.0,0.0,0.0,0.0,0.0
1300000000,1,300000000,Archimede_odom,Archimede_base_link,-6.137365274979203,11.846981100200304,345.97728495567526,-0.10933632490286363,0.19098153487463507,0.974451756527166,0.044893157549728675,0.0,0.0,0.0,0.0,0.0,0.0,0.0,0.0,0.0,0.0,0.0,0.0,0.0,0.0,0.0,0.0,0.0,0.0,0.0,0.0,0.0,0.0,0.0,0.0,0.0,0.0,0.0,0.0,0.0,0.0,0.0,0.0,0.0,0.0,0.0,0.0,0.30344179567098883,-0.11102080199052793,0.011153763332477244,0.008247172262549578,-0.03011420878801635,-0.018945308041379536,0.0,0.0,0.0,0.0,0.0,0.0,0.0,0.0,0.0,0.0,0.0,0.0,0.0,0.0,0.0,0.0,0.0,0.0,0.0,0.0,0.0,0.0,0.0,0.0,0.0,0.0,0.0,0.0,0.0,0.0,0.0,0.0,0.0,0.0,0.0,0.0
1400000000,1,400000000,Archimede_odom,Archimede_base_link,-6.165733421841864,11.859197048519691,345.9671858371111,-0.10854476838752077,0.19212001920743435,0.9742560617347317,0.04618503706358734,0.0,0.0,0.0,0.0,0.0,0.0,0.0,0.0,0.0,0.0,0.0,0.0,0.0,0.0,0.0,0.0,0.0,0.0,0.0,0.0,0.0,0.0,0.0,0.0,0.0,0.0,0.0,0.0,0.0,0.0,0.0,0.0,0.0,0.0,0.0,0.0,0.2981199928406686,-0.09976738008118528,0.010560493097002155,-0.0259561415414013,-0.051475004248372834,-0.015604479004425433,0.0,0.0,0.0,0.0,0.0,0.0,0.0,0.0,0.0,0.0,0.0,0.0,0.0,0.0,0.0,0.0,0.0,0.0,0.0,0.0,0.0,0.0,0.0,0.0,0.0,0.0,0.0,0.0,0.0,0.0,0.0,0.0,0.0,0.0,0.0,0.0
1501000000,1,500000000,Archimede_odom,Archimede_base_link,-6.193898703871441,11.870983874077881,345.9573049555266,-0.10715491212382881,0.1922559195483942,0.9743267534611549,0.047358881914397,0.0,0.0,0.0,0.0,0.0,0.0,0.0,0.0,0.0,0.0,0.0,0.0,0.0,0.0,0.0,0.0,0.0,0.0,0.0,0.0,0.0,0.0,0.0,0.0,0.0,0.0,0.0,0.0,0.0,0.0,0.0,0.0,0.0,0.0,0.0,0.0,0.2986784873364617,-0.10104323176854806,0.008050204382796829,-0.017390117716471948,-0.04149648949764708,-0.017545762479576087,0.0,0.0,0.0,0.0,0.0,0.0,0.0,0.0,0.0,0.0,0.0,0.0,0.0,0.0,0.0,0.0,0.0,0.0,0.0,0.0,0.0,0.0,0.0,0.0,0.0,0.0,0.0,0.0,0.0,0.0,0.0,0.0,0.0,0.0,0.0,0.0
1601000000,1,600000000,Archimede_odom,Archimede_base_link,-6.221970499909783,11.882577991458776,345.9475161330001,-0.10566748362621742,0.19224468917053691,0.9744403368156901,0.04839826831975502,0.0,0.0,0.0,0.0,0.0,0.0,0.0,0.0,0.0,0.0,0.0,0.0,0.0,0.0,0.0,0.0,0.0,0.0,0.0,0.0,0.0,0.0,0.0,0.0,0.0,0.0,0.0,0.0,0.0,0.0,0.0,0.0,0.0,0.0,0.0,0.0,0.30382908736829106,-0.10848456899675818,0.00898477497620032,0.0014832454540864757,-0.03395633311270675,-0.014695412282031787,0.0,0.0,0.0,0.0,0.0,0.0,0.0,0.0,0.0,0.0,0.0,0.0,0.0,0.0,0.0,0.0,0.0,0.0,0.0,0.0,0.0,0.0,0.0,0.0,0.0,0.0,0.0,0.0,0.0,0.0,0.0,0.0,0.0,0.0,0.0,0.0
1700000000,1,700000000,Archimede_odom,Archimede_base_link,-6.250180936439275,11.895181323466815,345.9375976189977,-0.10418091263454213,0.19270331363180235,0.9744460316738363,0.049665900908671755,0.0,0.0,0.0,0.0,0.0,0.0,0.0,0.0,0.0,0.0,0.0,0.0,0.0,0.0,0.0,0.0,0.0,0.0,0.0,0.0,0.0,0.0,0.0,0.0,0.0,0.0,0.0,0.0,0.0,0.0,0.0,0.0,0.0,0.0,0.0,0.0,0.2960132909308276,-0.10762243370626953,0.012704006868491356,0.02258133340987959,-0.032930205037154096,-0.01048525326292927,0.0,0.0,0.0,0.0,0.0,0.0,0.0,0.0,0.0,0.0,0.0,0.0,0.0,0.0,0.0,0.0,0.0,0.0,0.0,0.0,0.0,0.0,0.0,0.0,0.0,0.0,0.0,0.0,0.0,0.0,0.0,0.0,0.0,0.0,0.0,0.0
1800000000,1,800000000,Archimede_odom,Archimede_base_link,-6.278077069345266,11.908142843865699,345.92785989150406,-0.10268911625991077,0.19367878082322304,0.9743480207171932,0.05088624357404231,0.0,0.0,0.0,0.0,0.0,0.0,0.0,0.0,0.0,0.0,0.0,0.0,0.0,0.0,0.0,0.0,0.0,0.0,0.0,0.0,0.0,0.0,0.0,0.0,0.0,0.0,0.0,0.0,0.0,0.0,0.0,0.0,0.0,0.0,0.0,0.0,0.30259854014359167,-0.12153136168375889,0.012858098182253063,0.023374154995345564,-0.032398851976744206,-0.020708487482977017,0.0,0.0,0.0,0.0,0.0,0.0,0.0,0.0,0.0,0.0,0.0,0.0,0.0,0.0,0.0,0.0,0.0,0.0,0.0,0.0,0.0,0.0,0.0,0.0,0.0,0.0,0.0,0.0,0.0,0.0,0.0,0.0,0.0,0.0,0.0,0.0
1900000000,1,900000000,Archimede_odom,Archimede_base_link,-6.30582772402775,11.921402717711377,345.9180333790687,-0.10086814776006403,0.19385231532492142,0.9744239001406186,0.052392360563032585,0.0,0.0,0.0,0.0,0.0,0.0,0.0,0.0,0.0,0.0,0.0,0.0,0.0,0.0,0.0,0.0,0.0,0.0,0.0,0.0,0.0,0.0,0.0,0.0,0.0,0.0,0.0,0.0,0.0,0.0,0.0,0.0,0.0,0.0,0.0,0.0,0.2923918642749326,-0.1090186530510903,0.011233447127734915,-0.020480669885029806,-0.058436319083516555,-0.01680486623061413,0.0,0.0,0.0,0.0,0.0,0.0,0.0,0.0,0.0,0.0,0.0,0.0,0.0,0.0,0.0,0.0,0.0,0.0,0.0,0.0,0.0,0.0,0.0,0.0,0.0,0.0,0.0,0.0,0.0,0.0,0.0,0.0,0.0,0.0,0.0,0.0
2000000000,2,0,Archimede_odom,Archimede_base_link,-6.333025994958792,11.93367298926541,345.90873457551487,-0.09852615995663395,0.1931377638280485,0.9747469364618224,0.053467839361551535,0.0,0.0,0.0,0.0,0.0,0.0,0.0,0.0,0.0,0.0,0.0,0.0,0.0,0.0,0.0,0.0,0.0,0.0,0.0,0.0,0.0,0.0,0.0,0.0,0.0,0.0,0.0,0.0,0.0,0.0,0.0,0.0,0.0,0.0,0.0,0.0,0.2946783843426334,-0.11279846050198887,0.011553074612173983,-0.013530670863682374,-0.048664400139296154,-0.01433634814494637,0.0,0.0,0.0,0.0,0.0,0.0,0.0,0.0,0.0,0.0,0.0,0.0,0.0,0.0,0.0,0.0,0.0,0.0,0.0,0.0,0.0,0.0,0.0,0.0,0.0,0.0,0.0,0.0,0.0,0.0,0.0,0.0,0.0,0.0,0.0,0.0
2100000000,2,100000000,Archimede_odom,Archimede_base_link,-6.3602689353571575,11.947374649230886,345.8990260495281,-0.0964139053097032,0.19223889565953675,0.9750637385728982,0.054765605801235406,0.0,0.0,0.0,0.0,0.0,0.0,0.0,0.0,0.0,0.0,0.0,0.0,0.0,0.0,0.0,0.0,0.0,0.0,0.0,0.0,0.0,0.0,0.0,0.0,0.0,0.0,0.0,0.0,0.0,0.0,0.0,0.0,0.0,0.0,0.0,0.0,0.29551019345965485,-0.1272048888792357,0.010386378618994257,-0.014087023239315957,-0.04725376401143379,-0.02147211997236803,0.0,0.0,0.0,0.0,0.0,0.0,0.0,0.0,0.0,0.0,0.0,0.0,0.0,0.0,0.0,0.0,0.0,0.0,0.0,0.0,0.0,0.0,0.0,0.0,0.0,0.0,0.0,0.0,0.0,0.0,0.0,0.0,0.0,0.0,0.0,0.0
2200000000,2,200000000,Archimede_odom,Archimede_base_link,-6.387386121399647,11.96175272689092,345.8890714602737,-0.09439241592385737,0.19130582491649797,0.9753569209046763,0.056311899385696404,0.0,0.0,0.0,0.0,0.0,0.0,0.0,0.0,0.0,0.0,0.0,0.0,0.0,0.0,0.0,0.0,0.0,0.0,0.0,0.0,0.0,0.0,0.0,0.0,0.0,0.0,0.0,0.0,0.0,0.0,0.0,0.0,0.0,0.0,0.0,0.0,0.29561660368321696,-0.13018468892017207,0.00887702354964267,-0.014150483397017752,-0.046787976105138566,-0.025493041958334666,0.0,0.0,0.0,0.0,0.0,0.0,0.0,0.0,0.0,0.0,0.0,0.0,0.0,0.0,0.0,0.0,0.0,0.0,0.0,0.0,0.0,0.0,0.0,0.0,0.0,0.0,0.0,0.0,0.0,0.0,0.0,0.0,0.0,0.0,0.0,0.0
2300000000,2,300000000,Archimede_odom,Archimede_base_link,-6.414461266998194,11.976304486148075,345.87905284629716,-0.09239523719822568,0.19032644654288944,0.9756411135230257,0.05799466779791775,0.0,0.0,0.0,0.0,0.0,0.0,0.0,0.0,0.0,0.0,0.0,0.0,0.0,0.0,0.0,0.0,0.0,0.0,0.0,0.0,0.0,0.0,0.0,0.0,0.0,0.0,0.0,0.0,0.0,0.0,0.0,0.0,0.0,0.0,0.0,0.0,0.2949714590959506,-0.12893154576976085,0.007261905693008575,-0.020084356210112956,-0.05014699204458323,-0.026586967555062836,0.0,0.0,0.0,0.0,0.0,0.0,0.0,0.0,0.0,0.0,0.0,0.0,0.0,0.0,0.0,0.0,0.0,0.0,0.0,0.0,0.0,0.0,0.0,0.0,0.0,0.0,0.0,0.0,0.0,0.0,0.0,0.0,0.0,0.0,0.0,0.0
2400000000,2,400000000,Archimede_odom,Archimede_base_link,-6.44119454930185,11.989228792657613,345.8696182113601,-0.08985030974103478,0.1886669137015689,0.9761364163436262,0.05907126375478819,0.0,0.0,0.0,0.0,0.0,0.0,0.0,0.0,0.0,0.0,0.0,0.0,0.0,0.0,0.0,0.0,0.0,0.0,0.0,0.0,0.0,0.0,0.0,0.0,0.0,0.0,0.0,0.0,0.0,0.0,0.0,0.0,0.0,0.0,0.0,0.0,0.2949225763894679,-0.11715413244519998,0.00371622277940029,-0.030784028313736965,-0.05764898068826788,-0.01451541442607214,0.0,0.0,0.0,0.0,0.0,0.0,0.0,0.0,0.0,0.0,0.0,0.0,0.0,0.0,0.0,0.0,0.0,0.0,0.0,0.0,0.0,0.0,0.0,0.0,0.0,0.0,0.0,0.0,0.0,0.0,0.0,0.0,0.0,0.0,0.0,0.0
2500000000,2,500000000,Archimede_odom,Archimede_base_link,-6.468404490547929,12.002915179779832,345.8597756501834,-0.08728723436121355,0.18689012931122956,0.9766336025573343,0.06033095921237316,0.0,0.0,0.0,0.0,0.0,0.0,0.0,0.0,0.0,0.0,0.0,0.0,0.0,0.0,0.0,0.0,0.0,0.0,0.0,0.0,0.0,0.0,0.0,0.0,0.0,0.0,0.0,0.0,0.0,0.0,0.0,0.0,0.0,0.0,0.0,0.0,0.2970674302546426,-0.12199157513616357,0.0017214875792483566,-0.03149397457721872,-0.057779343028015705,-0.01953360498478916,0.0,0.0,0.0,0.0,0.0,0.0,0.0,0.0,0.0,0.0,0.0,0.0,0.0,0.0,0.0,0.0,0.0,0.0,0.0,0.0,0.0,0.0,0.0,0.0,0.0,0.0,0.0,0.0,0.0,0.0,0.0,0.0,0.0,0.0,0.0,0.0
2601000000,2,600000000,Archimede_odom,Archimede_base_link,-6.495630293906874,12.016842711734649,345.8498330815665,-0.08476041298142567,0.18507878330133817,0.9771114938963462,0.06176281129097579,0.0,0.0,0.0,0.0,0.0,0.0,0.0,0.0,0.0,0.0,0.0,0.0,0.0,0.0,0.0,0.0,0.0,0.0,0.0,0.0,0.0,0.0,0.0,0.0,0.0,0.0,0.0,0.0,0.0,0.0,0.0,0.0,0.0,0.0,0.0,0.0,0.29751060896316267,-0.12270683813228775,-0.0003957059982494966,-0.03170535287579538,-0.05768530743830828,-0.022146754504454684,0.0,0.0,0.0,0.0,0.0,0.0,0.0,0.0,0.0,0.0,0.0,0.0,0.0,0.0,0.0,0.0,0.0,0.0,0.0,0.0,0.0,0.0,0.0,0.0,0.0,0.0,0.0,0.0,0.0,0.0,0.0,0.0,0.0,0.0,0.0,0.0
2700000000,2,700000000,Archimede_odom,Archimede_base_link,-6.522844149232115,12.030812244659595,345.839870746297,-0.08225229228960274,0.18324861655044666,0.9775743214131045,0.06326887907305817,0.0,0.0,0.0,0.0,0.0,0.0,0.0,0.0,0.0,0.0,0.0,0.0,0.0,0.0,0.0,0.0,0.0,0.0,0.0,0.0,0.0,0.0,0.0,0.0,0.0,0.0,0.0,0.0,0.0,0.0,0.0,0.0,0.0,0.0,0.0,0.0,0.29653091947518223,-0.12017483623454435,-0.002666182739099523,-0.032388856138449974,-0.057643236113312776,-0.021705977015974105,0.0,0.0,0.0,0.0,0.0,0.0,0.0,0.0,0.0,0.0,0.0,0.0,0.0,0.0,0.0,0.0,0.0,0.0,0.0,0.0,0.0,0.0,0.0,0.0,0.0,0.0,0.0,0.0,0.0,0.0,0.0,0.0,0.0,0.0,0.0,0.0
2800000000,2,800000000,Archimede_odom,Archimede_base_link,-6.549714012349986,12.044274144752093,345.8305957992798,-0.07977200566530314,0.18224360368510228,0.977888116021599,0.06448665421410672,0.0,0.0,0.0,0.0,0.0,0.0,0.0,0.0,0.0,0.0,0.0,0.0,0.0,0.0,0.0,0.0,0.0,0.0,0.0,0.0,0.0,0.0,0.0,0.0,0.0,0.0,0.0,0.0,0.0,0.0,0.0,0.0,0.0,0.0,0.0,0.0,0.29384637313948625,-0.11738070140836836,-4.067085932176129e-06,-0.015241949570727492,-0.0545405970322624,-0.017683968150370644,0.0,0.0,0.0,0.0,0.0,0.0,0.0,0.0,0.0,0.0,0.0,0.0,0.0,0.0,0.0,0.0,0.0,0.0,0.0,0.0,0.0,0.0,0.0,0.0,0.0,0.0,0.0,0.0,0.0,0.0,0.0,0.0,0.0,0.0,0.0,0.0
2900000000,2,900000000,Archimede_odom,Archimede_base_link,-6.576678819360567,12.058155916985472,345.8211794440109,-0.07734113117227776,0.18122971403148497,0.9781768865083968,0.06590993006973869,0.0,0.0,0.0,0.0,0.0,0.0,0.0,0.0,0.0,0.0,0.0,0.0,0.0,0.0,0.0,0.0,0.0,0.0,0.0,0.0,0.0,0.0,0.0,0.0,0.0,0.0,0.0,0.0,0.0,0.0,0.0,0.0,0.0,0.0,0.0,0.0,0.29474505789605854,-0.11954150493613666,-0.001782281533716752,-0.015612532544705949,-0.054453141340070496,-0.021856605878562183,0.0,0.0,0.0,0.0,0.0,0.0,0.0,0.0,0.0,0.0,0.0,0.0,0.0,0.0,0.0,0.0,0.0,0.0,0.0,0.0,0.0,0.0,0.0,0.0,0.0,0.0,0.0,0.0,0.0,0.0,0.0,0.0,0.0,0.0,0.0,0.0
3000000000,3,0,Archimede_odom,Archimede_base_link,-6.603510756975102,12.071849598913923,345.8118508898721,-0.0747748911445052,0.179932258994562,0.9785177904661224,0.06735006732542152,0.0,0.0,0.0,0.0,0.0,0.0,0.0,0.0,0.0,0.0,0.0,0.0,0.0,0.0,0.0,0.0,0.0,0.0,0.0,0.0,0.0,0.0,0.0,0.0,0.0,0.0,0.0,0.0,0.0,0.0,0.0,0.0,0.0,0.0,0.0,0.0,0.29193857824351316,-0.11395215584993948,-0.003768899619505258,-0.027335539381152536,-0.06150481668645923,-0.018433903366938696,0.0,0.0,0.0,0.0,0.0,0.0,0.0,0.0,0.0,0.0,0.0,0.0,0.0,0.0,0.0,0.0,0.0,0.0,0.0,0.0,0.0,0.0,0.0,0.0,0.0,0.0,0.0,0.0,0.0,0.0,0.0,0.0,0.0,0.0,0.0,0.0
3100000000,3,100000000,Archimede_odom,Archimede_base_link,-6.630263665022435,12.085185906577529,345.8029098631837,-0.07194349779654326,0.17885221709647653,0.9788468553441092,0.06851898530642683,0.0,0.0,0.0,0.0,0.0,0.0,0.0,0.0,0.0,0.0,0.0,0.0,0.0,0.0,0.0,0.0,0.0,0.0,0.0,0.0,0.0,0.0,0.0,0.0,0.0,0.0,0.0,0.0,0.0,0.0,0.0,0.0,0.0,0.0,0.0,0.0,0.29195671872243345,-0.10957169149198094,-0.0029955308292718987,-0.014021394459361491,-0.06189806326960338,-0.010246174267032759,0.0,0.0,0.0,0.0,0.0,0.0,0.0,0.0,0.0,0.0,0.0,0.0,0.0,0.0,0.0,0.0,0.0,0.0,0.0,0.0,0.0,0.0,0.0,0.0,0.0,0.0,0.0,0.0,0.0,0.0,0.0,0.0,0.0,0.0,0.0,0.0
3200000000,3,200000000,Archimede_odom,Archimede_base_link,-6.65715114584485,12.09841741284852,345.7940481132097,-0.06904051667657496,0.17791454247638244,0.9791588796304932,0.069481731938751,0.0,0.0,0.0,0.0,0.0,0.0,0.0,0.0,0.0,0.0,0.0,0.0,0.0,0.0,0.0,0.0,0.0,0.0,0.0,0.0,0.0,0.0,0.0,0.0,0.0,0.0,0.0,0.0,0.0,0.0,0.0,0.0,0.0,0.0,0.0,0.0,0.2928463309109738,-0.10961752034528034,-0.005022636953898728,-0.014157739976509043,-0.06204006461247291,-0.008897955901677529,0.0,0.0,0.0,0.0,0.0,0.0,0.0,0.0,0.0,0.0,0.0,0.0,0.0,0.0,0.0,0.0,0.0,0.0,0.0,0.0,0.0,0.0,0.0,0.0,0.0,0.0,0.0,0.0,0.0,0.0,0.0,0.0,0.0,0.0,0.0,0.0
3300000000,3,300000000,Archimede_odom,Archimede_base_link,-6.684022869017053,12.111573009486179,345.7852077081481,-0.06612798332800533,0.1769767946077474,0.9794637250566431,0.07040678439967744,0.0,0.0,0.0,0.0,0.0,0.0,0.0,0.0,0.0,0.0,0.0,0.0,0.0,0.0,0.0,0.0,0.0,0.0,0.0,0.0,0.0,0.0,0.0,0.0,0.0,0.0,0.0,0.0,0.0,0.0,0.0,0.0,0.0,0.0,0.0,0.0,0.289695704912313,-0.10336059797500523,-0.0070940926620719075,-0.01386663087482722,-0.06164237947360951,-0.008190751803424318,0.0,0.0,0.0,0.0,0.0,0.0,0.0,0.0,0.0,0.0,0.0,0.0,0.0,0.0,0.0,0.0,0.0,0.0,0.0,0.0,0.0,0.0,0.0,0.0,0.0,0.0,0.0,0.0,0.0,0.0,0.0,0.0,0.0,0.0,0.0,0.0
3400000000,3,400000000,Archimede_odom,Archimede_base_link,-6.710906506279939,12.124597442662445,345.7764121525432,-0.0632130202941754,0.17603837300895875,0.9797599988416166,0.07130883510142617,0.0,0.0,0.0,0.0,0.0,0.0,0.0,0.0,0.0,0.0,0.0,0.0,0.0,0.0,0.0,0.0,0.0,0.0,0.0,0.0,0.0,0.0,0.0,0.0,0.0,0.0,0.0,0.0,0.0,0.0,0.0,0.0,0.0,0.0,0.0,0.0,0.29305268880948876,-0.108391499937871,-0.009063950164830711,-0.014233377647570248,-0.06206834606991478,-0.008367760408634314,0.0,0.0,0.0,0.0,0.0,0.0,0.0,0.0,0.0,0.0,0.0,0.0,0.0,0.0,0.0,0.0,0.0,0.0,0.0,0.0,0.0,0.0,0.0,0.0,0.0,0.0,0.0,0.0,0.0,0.0,0.0,0.0,0.0,0.0,0.0,0.0
3500000000,3,500000000,Archimede_odom,Archimede_base_link,-6.737489551758639,12.137581400558133,345.7683918405409,-0.06126251379366244,0.17517410380658024,0.979977486573512,0.07214612649550048,0.0,0.0,0.0,0.0,0.0,0.0,0.0,0.0,0.0,0.0,0.0,0.0,0.0,0.0,0.0,0.0,0.0,0.0,0.0,0.0,0.0,0.0,0.0,0.0,0.0,0.0,0.0,0.0,0.0,0.0,0.0,0.0,0.0,0.0,0.0,0.0,0.2843194717368825,-0.10395525684012334,-0.0008350596024607525,-0.013656549149900023,-0.03436650699488248,-0.009258892332178031,0.0,0.0,0.0,0.0,0.0,0.0,0.0,0.0,0.0,0.0,0.0,0.0,0.0,0.0,0.0,0.0,0.0,0.0,0.0,0.0,0.0,0.0,0.0,0.0,0.0,0.0,0.0,0.0,0.0,0.0,0.0,0.0,0.0,0.0,0.0,0.0
3600000000,3,600000000,Archimede_odom,Archimede_base_link,-6.7636706235904684,12.151244459298328,345.7604790363131,-0.05975678991837074,0.17432915425987025,0.980155423863136,0.07303298641960596,0.0,0.0,0.0,0.0,0.0,0.0,0.0,0.0,0.0,0.0,0.0,0.0,0.0,0.0,0.0,0.0,0.0,0.0,0.0,0.0,0.0,0.0,0.0,0.0,0.0,0.0,0.0,0.0,0.0,0.0,0.0,0.0,0.0,0.0,0.0,0.0,0.2850803111116089,-0.11345809130964069,-0.0017517120999727544,-0.014040225490641437,-0.03385015215004826,-0.015253200802478158,0.0,0.0,0.0,0.0,0.0,0.0,0.0,0.0,0.0,0.0,0.0,0.0,0.0,0.0,0.0,0.0,0.0,0.0,0.0,0.0,0.0,0.0,0.0,0.0,0.0,0.0,0.0,0.0,0.0,0.0,0.0,0.0,0.0,0.0,0.0,0.0
3700000000,3,700000000,Archimede_odom,Archimede_base_link,-6.789752123894827,12.165334409418373,345.75242519582946,-0.058303963357756776,0.1734639254006042,0.9803148216639586,0.07411993569447,0.0,0.0,0.0,0.0,0.0,0.0,0.0,0.0,0.0,0.0,0.0,0.0,0.0,0.0,0.0,0.0,0.0,0.0,0.0,0.0,0.0,0.0,0.0,0.0,0.0,0.0,0.0,0.0,0.0,0.0,0.0,0.0,0.0,0.0,0.0,0.0,0.2849735792262297,-0.11517921931284755,-0.002837580606530433,-0.014134287363409928,-0.033652630000000086,-0.018188296771823254,0.0,0.0,0.0,0.0,0.0,0.0,0.0,0.0,0.0,0.0,0.0,0.0,0.0,0.0,0.0,0.0,0.0,0.0,0.0,0.0,0.0,0.0,0.0,0.0,0.0,0.0,0.0,0.0,0.0,0.0,0.0,0.0,0.0,0.0,0.0,0.0
3801000000,3,800000000,Archimede_odom,Archimede_base_link,-6.815802654063463,12.179536529604203,345.7443325167971,-0.05687432590336041,0.1725861915530359,0.9804635754591384,0.07530268744300692,0.0,0.0,0.0,0.0,0.0,0.0,0.0,0.0,0.0,0.0,0.0,0.0,0.0,0.0,0.0,0.0,0.0,0.0,0.0,0.0,0.0,0.0,0.0,0.0,0.0,0.0,0.0,0.0,0.0,0.0,0.0,0.0,0.0,0.0,0.0,0.0,0.28517749417431926,-0.11534175733824874,-0.00407257895435782,-0.014726805881138172,-0.03357858236977032,-0.019573259969339497,0.0,0.0,0.0,0.0,0.0,0.0,0.0,0.0,0.0,0.0,0.0,0.0,0.0,0.0,0.0,0.0,0.0,0.0,0.0,0.0,0.0,0.0,0.0,0.0,0.0,0.0,0.0,0.0,0.0,0.0,0.0,0.0,0.0,0.0,0.0,0.0
3900000000,3,900000000,Archimede_odom,Archimede_base_link,-6.841818136425876,12.193414398987342,345.7363390589525,-0.055432332633152455,0.17170164837960186,0.9806202914702404,0.07635210802195182,0.0,0.0,0.0,0.0,0.0,0.0,0.0,0.0,0.0,0.0,0.0,0.0,0.0,0.0,0.0,0.0,0.0,0.0,0.0,0.0,0.0,0.0,0.0,0.0,0.0,0.0,0.0,0.0,0.0,0.0,0.0,0.0,0.0,0.0,0.0,0.0,0.28561935474017575,-0.11352326001439576,-0.005306738793272048,-0.01464886729605378,-0.03340935024252963,-0.017638946787731875,0.0,0.0,0.0,0.0,0.0,0.0,0.0,0.0,0.0,0.0,0.0,0.0,0.0,0.0,0.0,0.0,0.0,0.0,0.0,0.0,0.0,0.0,0.0,0.0,0.0,0.0,0.0,0.0,0.0,0.0,0.0,0.0,0.0,0.0,0.0,0.0
4000000000,4,0,Archimede_odom,Archimede_base_link,-6.867915404693089,12.207604843004777,345.72822377333034,-0.054013425962116716,0.17079971741343927,0.9807656837813622,0.07751567495804754,0.0,0.0,0.0,0.0,0.0,0.0,0.0,0.0,0.0,0.0,0.0,0.0,0.0,0.0,0.0,0.0,0.0,0.0,0.0,0.0,0.0,0.0,0.0,0.0,0.0,0.0,0.0,0.0,0.0,0.0,0.0,0.0,0.0,0.0,0.0,0.0,0.28607585091583043,-0.11447107211805803,-0.006423818759128799,-0.014785080524633672,-0.03332682049955328,-0.019421704627685412,0.0,0.0,0.0,0.0,0.0,0.0,0.0,0.0,0.0,0.0,0.0,0.0,0.0,0.0,0.0,0.0,0.0,0.0,0.0,0.0,0.0,0.0,0.0,0.0,0.0,0.0,0.0,0.0,0.0,0.0,0.0,0.0,0.0,0.0,0.0,0.0
4100000000,4,100000000,Archimede_odom,Archimede_base_link,-6.894002062113723,12.22186772754673,345.72009677849246,-0.05262940898129372,0.1698977993439074,0.9809007291139056,0.0787314594821246,0.0,0.0,0.0,0.0,0.0,0.0,0.0,0.0,0.0,0.0,0.0,0.0,0.0,0.0,0.0,0.0,0.0,0.0,0.0,0.0,0.0,0.0,0.0,0.0,0.0,0.0,0.0,0.0,0.0,0.0,0.0,0.0,0.0,0.0,0.0,0.0,0.2855776806982619,-0.11382519195187199,-0.006583727855737509,-0.014151085590085544,-0.030213194038211922,-0.0198151255273385,0.0,0.0,0.0,0.0,0.0,0.0,0.0,0.0,0.0,0.0,0.0,0.0,0.0,0.0,0.0,0.0,0.0,0.0,0.0,0.0,0.0,0.0,0.0,0.0,0.0,0.0,0.0,0.0,0.0,0.0,0.0,0.0,0.0,0.0,0.0,0.0
4200000000,4,200000000,Archimede_odom,Archimede_base_link,-6.919877383897383,12.23646067289229,345.7119599431977,-0.051375639815394974,0.16902755242608664,0.9810257616008062,0.07986667158435842,0.0,0.0,0.0,0.0,0.0,0.0,0.0,0.0,0.0,0.0,0.0,0.0,0.0,0.0,0.0,0.0,0.0,0.0,0.0,0.0,0.0,0.0,0.0,0.0,0.0,0.0,0.0,0.0,0.0,0.0,0.0,0.0,0.0,0.0,0.0,0.0,0.2842308715132983,-0.1188947908624226,-0.007527679742502814,-0.014421112066502012,-0.02981186896832213,-0.018235899514766812,0.0,0.0,0.0,0.0,0.0,0.0,0.0,0.0,0.0,0.0,0.0,0.0,0.0,0.0,0.0,0.0,0.0,0.0,0.0,0.0,0.0,0.0,0.0,0.0,0.0,0.0,0.0,0.0,0.0,0.0,0.0,0.0,0.0,0.0,0.0,0.0
4300000000,4,300000000,Archimede_odom,Archimede_base_link,-6.945608177922698,12.251279718433304,345.70375637640865,-0.05007865258398087,0.16805608604195799,0.9811697178741287,0.08096459242430487,0.0,0.0,0.0,0.0,0.0,0.0,0.0,0.0,0.0,0.0,0.0,0.0,0.0,0.0,0.0,0.0,0.0,0.0,0.0,0.0,0.0,0.0,0.0,0.0,0.0,0.0,0.0,0.0,0.0,0.0,0.0,0.0,0.0,0.0,0.0,0.0,0.2835927214769172,-0.11918382574338882,-0.008576835431406651,-0.019064036424123194,-0.03243539558145612,-0.017607128379876706,0.0,0.0,0.0,0.0,0.0,0.0,0.0,0.0,0.0,0.0,0.0,0.0,0.0,0.0,0.0,0.0,0.0,0.0,0.0,0.0,0.0,0.0,0.0,0.0,0.0,0.0,0.0,0.0,0.0,0.0,0.0,0.0,0.0,0.0,0.0,0.0
4400000000,4,400000000,Archimede_odom,Archimede_base_link,-6.970790330394314,12.265655291928224,345.69622409390735,-0.04860658372313914,0.16794738566455306,0.9811933573323479,0.08179652311732485,0.0,0.0,0.0,0.0,0.0,0.0,0.0,0.0,0.0,0.0,0.0,0.0,0.0,0.0,0.0,0.0,0.0,0.0,0.0,0.0,0.0,0.0,0.0,0.0,0.0,0.0,0.0,0.0,0.0,0.0,0.0,0.0,0.0,0.0,0.0,0.0,0.26807912364168346,-0.11706247432495605,0.00023051293591163676,0.04547605313828336,-0.04395590928123287,-0.0013423636794161705,0.0,0.0,0.0,0.0,0.0,0.0,0.0,0.0,0.0,0.0,0.0,0.0,0.0,0.0,0.0,0.0,0.0,0.0,0.0,0.0,0.0,0.0,0.0,0.0,0.0,0.0,0.0,0.0,0.0,0.0,0.0,0.0,0.0,0.0,0.0,0.0
4500000000,4,500000000,Archimede_odom,Archimede_base_link,-6.9950004936406955,12.280572316770213,345.689128260451,-0.04704846256094281,0.16894612331265232,0.9810534637714756,0.08232709645230708,0.0,0.0,0.0,0.0,0.0,0.0,0.0,0.0,0.0,0.0,0.0,0.0,0.0,0.0,0.0,0.0,0.0,0.0,0.0,0.0,0.0,0.0,0.0,0.0,0.0,0.0,0.0,0.0,0.0,0.0,0.0,0.0,0.0,0.0,0.0,0.0,0.26945393781035015,-0.12822259912279388,-0.00047384271459710396,0.021883613669349083,-0.030588136982894542,0.004311283411415903,0.0,0.0,0.0,0.0,0.0,0.0,0.0,0.0,0.0,0.0,0.0,0.0,0.0,0.0,0.0,0.0,0.0,0.0,0.0,0.0,0.0,0.0,0.0,0.0,0.0,0.0,0.0,0.0,0.0,0.0,0.0,0.0,0.0,0.0,0.0,0.0
4601000000,4,600000000,Archimede_odom,Archimede_base_link,-7.0190259827850845,12.296506621693178,345.6816566876068,-0.04571456637107089,0.1694397811663646,0.9810512352269459,0.08209027250218565,0.0,0.0,0.0,0.0,0.0,0.0,0.0,0.0,0.0,0.0,0.0,0.0,0.0,0.0,0.0,0.0,0.0,0.0,0.0,0.0,0.0,0.0,0.0,0.0,0.0,0.0,0.0,0.0,0.0,0.0,0.0,0.0,0.0,0.0,0.0,0.0,0.26413301443518794,-0.1204170862983458,-0.0009294226292910993,-0.013234816861408174,-0.008667000446018763,0.0010849008025935938,0.0,0.0,0.0,0.0,0.0,0.0,0.0,0.0,0.0,0.0,0.0,0.0,0.0,0.0,0.0,0.0,0.0,0.0,0.0,0.0,0.0,0.0,0.0,0.0,0.0,0.0,0.0,0.0,0.0,0.0,0.0,0.0,0.0,0.0,0.0,0.0
4700000000,4,700000000,Archimede_odom,Archimede_base_link,-7.042923797254487,12.311743005807218,345.67445746356,-0.045211931510939954,0.168907540973905,0.98116671857676,0.08208528618767201,0.0,0.0,0.0,0.0,0.0,0.0,0.0,0.0,0.0,0.0,0.0,0.0,0.0,0.0,0.0,0.0,0.0,0.0,0.0,0.0,0.0,0.0,0.0,0.0,0.0,0.0,0.0,0.0,0.0,0.0,0.0,0.0,0.0,0.0,0.0,0.0,0.2680870506142875,-0.1302305431839539,-0.001463897284591625,-0.012022735723334156,-0.010236787211167695,0.008149159754278887,0.0,0.0,0.0,0.0,0.0,0.0,0.0,0.0,0.0,0.0,0.0,0.0,0.0,0.0,0.0,0.0,0.0,0.0,0.0,0.0,0.0,0.0,0.0,0.0,0.0,0.0,0.0,0.0,0.0,0.0,0.0,0.0,0.0,0.0,0.0,0.0
4800000000,4,800000000,Archimede_odom,Archimede_base_link,-7.066874403213189,12.32805572231008,345.66684726683485,-0.044630119265682416,0.16827969165019746,0.9813626965492034,0.08134713058320905,0.0,0.0,0.0,0.0,0.0,0.0,0.0,0.0,0.0,0.0,0.0,0.0,0.0,0.0,0.0,0.0,0.0,0.0,0.0,0.0,0.0,0.0,0.0,0.0,0.0,0.0,0.0,0.0,0.0,0.0,0.0,0.0,0.0,0.0,0.0,0.0,0.26730088059686635,-0.1362878130065069,-0.0020326847691452933,-0.013063996331898675,-0.010057617597122249,0.02185990151131244,0.0,0.0,0.0,0.0,0.0,0.0,0.0,0.0,0.0,0.0,0.0,0.0,0.0,0.0,0.0,0.0,0.0,0.0,0.0,0.0,0.0,0.0,0.0,0.0,0.0,0.0,0.0,0.0,0.0,0.0,0.0,0.0,0.0,0.0,0.0,0.0
4901000000,4,900000000,Archimede_odom,Archimede_base_link,-7.090678351855894,12.344600342375031,345.659153739907,-0.0439665331252226,0.16764677072184106,0.981605284657598,0.08007851998983992,0.0,0.0,0.0,0.0,0.0,0.0,0.0,0.0,0.0,0.0,0.0,0.0,0.0,0.0,0.0,0.0,0.0,0.0,0.0,0.0,0.0,0.0,0.0,0.0,0.0,0.0,0.0,0.0,0.0,0.0,0.0,0.0,0.0,0.0,0.0,0.0,0.26594609337102976,-0.13823965567463575,-0.0025457820407750256,-0.013423796821490735,-0.009969073984657004,0.030552572751534272,0.0,0.0,0.0,0.0,0.0,0.0,0.0,0.0,0.0,0.0,0.0,0.0,0.0,0.0,0.0,0.0,0.0,0.0,0.0,0.0,0.0,0.0,0.0,0.0,0.0,0.0,0.0,0.0,0.0,0.0,0.0,0.0,0.0,0.0,0.0,0.0
5000000000,5,0,Archimede_odom,Archimede_base_link,-7.114418629677778,12.361143967400286,345.65146021761785,-0.0433434369310949,0.16689441914292474,0.9818896313131972,0.07848790514200009,0.0,0.0,0.0,0.0,0.0,0.0,0.0,0.0,0.0,0.0,0.0,0.0,0.0,0.0,0.0,0.0,0.0,0.0,0.0,0.0,0.0,0.0,0.0,0.0,0.0,0.0,0.0,0.0,0.0,0.0,0.0,0.0,0.0,0.0,0.0,0.0,0.265108269972137,-0.13863433640310274,-0.00301866002670501,-0.01673634978690918,-0.008003181525398148,0.03518081961803311,0.0,0.0,0.0,0.0,0.0,0.0,0.0,0.0,0.0,0.0,0.0,0.0,0.0,0.0,0.0,0.0,0.0,0.0,0.0,0.0,0.0,0.0,0.0,0.0,0.0,0.0,0.0,0.0,0.0,0.0,0.0,0.0,0.0,0.0,0.0,0.0
5100000000,5,100000000,Archimede_odom,Archimede_base_link,-7.138125887556708,12.377650479436934,345.6437794054031,-0.04270504882926209,0.166120544086985,0.9821907838138394,0.07669098922226941,0.0,0.0,0.0,0.0,0.0,0.0,0.0,0.0,0.0,0.0,0.0,0.0,0.0,0.0,0.0,0.0,0.0,0.0,0.0,0.0,0.0,0.0,0.0,0.0,0.0,0.0,0.0,0.0,0.0,0.0,0.0,0.0,0.0,0.0,0.0,0.0,0.26419813488750893,-0.1393295906014404,-0.003483948468212379,-0.016770780808852213,-0.008027885485642938,0.03867993738893927,0.0,0.0,0.0,0.0,0.0,0.0,0.0,0.0,0.0,0.0,0.0,0.0,0.0,0.0,0.0,0.0,0.0,0.0,0.0,0.0,0.0,0.0,0.0,0.0,0.0,0.0,0.0,0.0,0.0,0.0,0.0,0.0,0.0,0.0,0.0,0.0
5201000000,5,200000000,Archimede_odom,Archimede_base_link,-7.161801885715907,12.394126669130769,345.6361095862656,-0.042041968485972955,0.16535093447093277,0.9824981261019881,0.0747594379426153,0.0,0.0,0.0,0.0,0.0,0.0,0.0,0.0,0.0,0.0,0.0,0.0,0.0,0.0,0.0,0.0,0.0,0.0,0.0,0.0,0.0,0.0,0.0,0.0,0.0,0.0,0.0,0.0,0.0,0.0,0.0,0.0,0.0,0.0,0.0,0.0,0.2632958701311769,-0.14009748299903907,-0.003942537593083424,-0.016766386372610315,-0.008072810977585236,0.0408497700019966,0.0,0.0,0.0,0.0,0.0,0.0,0.0,0.0,0.0,0.0,0.0,0.0,0.0,0.0,0.0,0.0,0.0,0.0,0.0,0.0,0.0,0.0,0.0,0.0,0.0,0.0,0.0,0.0,0.0,0.0,0.0,0.0,0.0,0.0,0.0,0.0
5300000000,5,300000000,Archimede_odom,Archimede_base_link,-7.18541139598338,12.410303737664611,345.62853238513077,-0.04140315621440062,0.1646030604606706,0.9827940390322611,0.0728525084339674,0.0,0.0,0.0,0.0,0.0,0.0,0.0,0.0,0.0,0.0,0.0,0.0,0.0,0.0,0.0,0.0,0.0,0.0,0.0,0.0,0.0,0.0,0.0,0.0,0.0,0.0,0.0,0.0,0.0,0.0,0.0,0.0,0.0,0.0,0.0,0.0,0.2599200263827778,-0.13003758031170393,-0.00612051750538834,-0.014631189841803888,-0.003066595926563706,0.03496387524373618,0.0,0.0,0.0,0.0,0.0,0.0,0.0,0.0,0.0,0.0,0.0,0.0,0.0,0.0,0.0,0.0,0.0,0.0,0.0,0.0,0.0,0.0,0.0,0.0,0.0,0.0,0.0,0.0,0.0,0.0,0.0,0.0,0.0,0.0,0.0,0.0
5400000000,5,400000000,Archimede_odom,Archimede_base_link,-7.209737477810376,12.424569227759081,345.62117930840753,-0.04141605595704758,0.16394946475837355,0.9829783958267854,0.07182448504657214,0.0,0.0,0.0,0.0,0.0,0.0,0.0,0.0,0.0,0.0,0.0,0.0,0.0,0.0,0.0,0.0,0.0,0.0,0.0,0.0,0.0,0.0,0.0,0.0,0.0,0.0,0.0,0.0,0.0,0.0,0.0,0.0,0.0,0.0,0.0,0.0,0.2729429101413673,-0.1268459923394037,-0.008782226563638331,-0.015525556566240422,0.002689961673351226,0.023231711085780767,0.0,0.0,0.0,0.0,0.0,0.0,0.0,0.0,0.0,0.0,0.0,0.0,0.0,0.0,0.0,0.0,0.0,0.0,0.0,0.0,0.0,0.0,0.0,0.0,0.0,0.0,0.0,0.0,0.0,0.0,0.0,0.0,0.0,0.0,0.0,0.0
5500000000,5,500000000,Archimede_odom,Archimede_base_link,-7.234710028358272,12.43999148138536,345.61333103382134,-0.04137241079412346,0.16322998293688817,0.983207665736497,0.07033478749874833,0.0,0.0,0.0,0.0,0.0,0.0,0.0,0.0,0.0,0.0,0.0,0.0,0.0,0.0,0.0,0.0,0.0,0.0,0.0,0.0,0.0,0.0,0.0,0.0,0.0,0.0,0.0,0.0,0.0,0.0,0.0,0.0,0.0,0.0,0.0,0.0,0.27400849366973146,-0.1328698932708865,-0.009106560185830765,-0.01633832119049686,0.0028602009030060296,0.03334721883329615,0.0,0.0,0.0,0.0,0.0,0.0,0.0,0.0,0.0,0.0,0.0,0.0,0.0,0.0,0.0,0.0,0.0,0.0,0.0,0.0,0.0,0.0,0.0,0.0,0.0,0.0,0.0,0.0,0.0,0.0,0.0,0.0,0.0,0.0,0.0,0.0
5601000000,5,600000000,Archimede_odom,Archimede_base_link,-7.259323138496354,12.455558832042962,345.60574280060786,-0.04122136277015665,0.16311926955878997,0.9833645473949549,0.06846217990024749,0.0,0.0,0.0,0.0,0.0,0.0,0.0,0.0,0.0,0.0,0.0,0.0,0.0,0.0,0.0,0.0,0.0,0.0,0.0,0.0,0.0,0.0,0.0,0.0,0.0,0.0,0.0,0.0,0.0,0.0,0.0,0.0,0.0,0.0,0.0,0.0,0.26856314563459505,-0.13546532013688228,-0.006081848830928651,-0.003235497617851296,0.0029711265184549328,0.04190334812651826,0.0,0.0,0.0,0.0,0.0,0.0,0.0,0.0,0.0,0.0,0.0,0.0,0.0,0.0,0.0,0.0,0.0,0.0,0.0,0.0,0.0,0.0,0.0,0.0,0.0,0.0,0.0,0.0,0.0,0.0,0.0,0.0,0.0,0.0,0.0,0.0
5700000000,5,700000000,Archimede_odom,Archimede_base_link,-7.2836976603203745,12.4709397923548,345.59857219188183,-0.04099842187402708,0.16371682942129737,0.9834110583128883,0.06647269782401002,0.0,0.0,0.0,0.0,0.0,0.0,0.0,0.0,0.0,0.0,0.0,0.0,0.0,0.0,0.0,0.0,0.0,0.0,0.0,0.0,0.0,0.0,0.0,0.0,0.0,0.0,0.0,0.0,0.0,0.0,0.0,0.0,0.0,0.0,0.0,0.0,0.26683386131545633,-0.13134874617284437,-0.0029047419614941596,0.010386368634185105,0.002920410897837647,0.04051031384453283,0.0,0.0,0.0,0.0,0.0,0.0,0.0,0.0,0.0,0.0,0.0,0.0,0.0,0.0,0.0,0.0,0.0,0.0,0.0,0.0,0.0,0.0,0.0,0.0,0.0,0.0,0.0,0.0,0.0,0.0,0.0,0.0,0.0,0.0,0.0,0.0
5800000000,5,800000000,Archimede_odom,Archimede_base_link,-7.308142916839938,12.486144646612962,345.5914593258937,-0.04085497993413821,0.16421597427412368,0.9834646575163213,0.06450776561070999,0.0,0.0,0.0,0.0,0.0,0.0,0.0,0.0,0.0,0.0,0.0,0.0,0.0,0.0,0.0,0.0,0.0,0.0,0.0,0.0,0.0,0.0,0.0,0.0,0.0,0.0,0.0,0.0,0.0,0.0,0.0,0.0,0.0,0.0,0.0,0.0,0.26427718780565346,-0.12413775873960306,-0.002627697826147488,-0.0006438693028920017,0.009611340659471708,0.03268244845474335,0.0,0.0,0.0,0.0,0.0,0.0,0.0,0.0,0.0,0.0,0.0,0.0,0.0,0.0,0.0,0.0,0.0,0.0,0.0,0.0,0.0,0.0,0.0,0.0,0.0,0.0,0.0,0.0,0.0,0.0,0.0,0.0,0.0,0.0,0.0,0.0
5900000000,5,900000000,Archimede_odom,Archimede_base_link,-7.33264963685202,12.501103533941437,345.58443189854927,-0.04105227956651788,0.16427605220854127,0.9835616034765255,0.06272687765109196,0.0,0.0,0.0,0.0,0.0,0.0,0.0,0.0,0.0,0.0,0.0,0.0,0.0,0.0,0.0,0.0,0.0,0.0,0.0,0.0,0.0,0.0,0.0,0.0,0.0,0.0,0.0,0.0,0.0,0.0,0.0,0.0,0.0,0.0,0.0,0.0,0.26638153276593146,-0.13074704157293054,-0.0024170176301675688,-0.0009578792319179762,0.009775433037894046,0.03596247659537212,0.0,0.0,0.0,0.0,0.0,0.0,0.0,0.0,0.0,0.0,0.0,0.0,0.0,0.0,0.0,0.0,0.0,0.0,0.0,0.0,0.0,0.0,0.0,0.0,0.0,0.0,0.0,0.0,0.0,0.0,0.0,0.0,0.0,0.0,0.0,0.0
6000000000,6,0,Archimede_odom,Archimede_base_link,-7.357156815675368,12.516266269427796,345.5773314631442,-0.041230402819038364,0.16433233036539407,0.9836652697768057,0.06080769782669818,0.0,0.0,0.0,0.0,0.0,0.0,0.0,0.0,0.0,0.0,0.0,0.0,0.0,0.0,0.0,0.0,0.0,0.0,0.0,0.0,0.0,0.0,0.0,0.0,0.0,0.0,0.0,0.0,0.0,0.0,0.0,0.0,0.0,0.0,0.0,0.0,0.2655123163731289,-0.1323777577936066,-0.002182331940641692,-0.0010800748206523552,0.009804622288277758,0.03829925903514747,0.0,0.0,0.0,0.0,0.0,0.0,0.0,0.0,0.0,0.0,0.0,0.0,0.0,0.0,0.0,0.0,0.0,0.0,0.0,0.0,0.0,0.0,0.0,0.0,0.0,0.0,0.0,0.0,0.0,0.0,0.0,0.0,0.0,0.0,0.0,0.0
6100000000,6,100000000,Archimede_odom,Archimede_base_link,-7.381621812765868,12.531434463837867,345.57023088522584,-0.041394665467421314,0.16438738329080826,0.9837712315108483,0.05879994844614844,0.0,0.0,0.0,0.0,0.0,0.0,0.0,0.0,0.0,0.0,0.0,0.0,0.0,0.0,0.0,0.0,0.0,0.0,0.0,0.0,0.0,0.0,0.0,0.0,0.0,0.0,0.0,0.0,0.0,0.0,0.0,0.0,0.0,0.0,0.0,0.0,0.2646308285529269,-0.13332131998069513,-0.0019445440425650616,-0.0011507610351704349,0.009813075752813533,0.039724570073163594,0.0,0.0,0.0,0.0,0.0,0.0,0.0,0.0,0.0,0.0,0.0,0.0,0.0,0.0,0.0,0.0,0.0,0.0,0.0,0.0,0.0,0.0,0.0,0.0,0.0,0.0,0.0,0.0,0.0,0.0,0.0,0.0,0.0,0.0,0.0,0.0
6200000000,6,200000000,Archimede_odom,Archimede_base_link,-7.4060567177077266,12.546578818655108,345.56313995359994,-0.041549601362489384,0.16444122794879845,0.9838769542709956,0.05673492779354347,0.0,0.0,0.0,0.0,0.0,0.0,0.0,0.0,0.0,0.0,0.0,0.0,0.0,0.0,0.0,0.0,0.0,0.0,0.0,0.0,0.0,0.0,0.0,0.0,0.0,0.0,0.0,0.0,0.0,0.0,0.0,0.0,0.0,0.0,0.0,0.0,0.26376841854156613,-0.13405222117176585,-0.0017061820508341764,-0.001201628765379679,0.009812757407464002,0.040708521801893244,0.0,0.0,0.0,0.0,0.0,0.0,0.0,0.0,0.0,0.0,0.0,0.0,0.0,0.0,0.0,0.0,0.0,0.0,0.0,0.0,0.0,0.0,0.0,0.0,0.0,0.0,0.0,0.0,0.0,0.0,0.0,0.0,0.0,0.0,0.0,0.0
6300000000,6,300000000,Archimede_odom,Archimede_base_link,-7.430423900971289,12.561513939615391,345.5561076045354,-0.04172403654116365,0.16450092654199686,0.9839764652826638,0.05467051958204622,0.0,0.0,0.0,0.0,0.0,0.0,0.0,0.0,0.0,0.0,0.0,0.0,0.0,0.0,0.0,0.0,0.0,0.0,0.0,0.0,0.0,0.0,0.0,0.0,0.0,0.0,0.0,0.0,0.0,0.0,0.0,0.0,0.0,0.0,0.0,0.0,0.2583768460285862,-0.12245516777566993,-0.0025056099641457465,0.00035462970284966483,0.011843573504842582,0.03462868327904002,0.0,0.0,0.0,0.0,0.0,0.0,0.0,0.0,0.0,0.0,0.0,0.0,0.0,0.0,0.0,0.0,0.0,0.0,0.0,0.0,0.0,0.0,0.0,0.0,0.0,0.0,0.0,0.0,0.0,0.0,0.0,0.0,0.0,0.0,0.0,0.0
6400000000,6,400000000,Archimede_odom,Archimede_base_link,-7.454798893838962,12.576237685771606,345.5490414578486,-0.04209945064335919,0.16455599042206173,0.9840443638517578,0.05296840797429193,0.0,0.0,0.0,0.0,0.0,0.0,0.0,0.0,0.0,0.0,0.0,0.0,0.0,0.0,0.0,0.0,0.0,0.0,0.0,0.0,0.0,0.0,0.0,0.0,0.0,0.0,0.0,0.0,0.0,0.0,0.0,0.0,0.0,0.0,0.0,0.0,0.2631108315299312,-0.13678307288429511,-0.002346278020664216,-0.0011381085894402677,0.01315003953661328,0.031587023478601414,0.0,0.0,0.0,0.0,0.0,0.0,0.0,0.0,0.0,0.0,0.0,0.0,0.0,0.0,0.0,0.0,0.0,0.0,0.0,0.0,0.0,0.0,0.0,0.0,0.0,0.0,0.0,0.0,0.0,0.0,0.0,0.0,0.0,0.0,0.0,0.0
6500000000,6,500000000,Archimede_odom,Archimede_base_link,-7.479186079641542,12.59145752705342,345.5417533221113,-0.042553273065003984,0.1646000777097942,0.9841038068470704,0.05133936811540146,0.0,0.0,0.0,0.0,0.0,0.0,0.0,0.0,0.0,0.0,0.0,0.0,0.0,0.0,0.0,0.0,0.0,0.0,0.0,0.0,0.0,0.0,0.0,0.0,0.0,0.0,0.0,0.0,0.0,0.0,0.0,0.0,0.0,0.0,0.0,0.0,0.2607553486350015,-0.13132579878294473,-0.0054700583632472915,-0.0006671984181871416,0.022396583773821636,0.026806266493368664,0.0,0.0,0.0,0.0,0.0,0.0,0.0,0.0,0.0,0.0,0.0,0.0,0.0,0.0,0.0,0.0,0.0,0.0,0.0,0.0,0.0,0.0,0.0,0.0,0.0,0.0,0.0,0.0,0.0,0.0,0.0,0.0,0.0,0.0,0.0,0.0
6600000000,6,600000000,Archimede_odom,Archimede_base_link,-7.504047006219018,12.60604418244547,345.5342713644733,-0.04352251033661226,0.16467950938189074,0.9841249773063799,0.049844551612551136,0.0,0.0,0.0,0.0,0.0,0.0,0.0,0.0,0.0,0.0,0.0,0.0,0.0,0.0,0.0,0.0,0.0,0.0,0.0,0.0,0.0,0.0,0.0,0.0,0.0,0.0,0.0,0.0,0.0,0.0,0.0,0.0,0.0,0.0,0.0,0.0,0.2686762524673481,-0.13256151989787185,-0.005393111066502722,-0.0006194298135695508,0.024209753298582486,0.025032843044218666,0.0,0.0,0.0,0.0,0.0,0.0,0.0,0.0,0.0,0.0,0.0,0.0,0.0,0.0,0.0,0.0,0.0,0.0,0.0,0.0,0.0,0.0,0.0,0.0,0.0,0.0,0.0,0.0,0.0,0.0,0.0,0.0,0.0,0.0,0.0,0.0
6700000000,6,700000000,Archimede_odom,Archimede_base_link,-7.52928972064226,12.620879047777244,345.52666483115416,-0.04449279396790012,0.16476016302133015,0.9841488849261633,0.04822294334343582,0.0,0.0,0.0,0.0,0.0,0.0,0.0,0.0,0.0,0.0,0.0,0.0,0.0,0.0,0.0,0.0,0.0,0.0,0.0,0.0,0.0,0.0,0.0,0.0,0.0,0.0,0.0,0.0,0.0,0.0,0.0,0.0,0.0,0.0,0.0,0.0,0.2704952632938441,-0.13745109271598746,-0.004860647497060706,-0.001036182154155849,0.024621006039241427,0.03153531452936912,0.0,0.0,0.0,0.0,0.0,0.0,0.0,0.0,0.0,0.0,0.0,0.0,0.0,0.0,0.0,0.0,0.0,0.0,0.0,0.0,0.0,0.0,0.0,0.0,0.0,0.0,0.0,0.0,0.0,0.0,0.0,0.0,0.0,0.0,0.0,0.0
6800000000,6,800000000,Archimede_odom,Archimede_base_link,-7.554444150283311,12.634461168719547,345.51942344483405,-0.04550695493158745,0.1648818887910979,0.9841675927190486,0.04644598199120563,0.0,0.0,0.0,0.0,0.0,0.0,0.0,0.0,0.0,0.0,0.0,0.0,0.0,0.0,0.0,0.0,0.0,0.0,0.0,0.0,0.0,0.0,0.0,0.0,0.0,0.0,0.0,0.0,0.0,0.0,0.0,0.0,0.0,0.0,0.0,0.0,0.2701605038892313,-0.11870317501161116,-0.005497029433129361,-0.0003705741903624343,0.027364785828820116,0.03032685401936777,0.0,0.0,0.0,0.0,0.0,0.0,0.0,0.0,0.0,0.0,0.0,0.0,0.0,0.0,0.0,0.0,0.0,0.0,0.0,0.0,0.0,0.0,0.0,0.0,0.0,0.0,0.0,0.0,0.0,0.0,0.0,0.0,0.0,0.0,0.0,0.0
6900000000,6,900000000,Archimede_odom,Archimede_base_link,-7.580268664544468,12.648208871096825,345.5119895723868,-0.04658184536650661,0.1649888487646133,0.9841942282886141,0.04439067997854211,0.0,0.0,0.0,0.0,0.0,0.0,0.0,0.0,0.0,0.0,0.0,0.0,0.0,0.0,0.0,0.0,0.0,0.0,0.0,0.0,0.0,0.0,0.0,0.0,0.0,0.0,0.0,0.0,0.0,0.0,0.0,0.0,0.0,0.0,0.0,0.0,0.2750623857877571,-0.1296082239251183,-0.004965559448351748,-0.0011639661195127896,0.02828993321104261,0.04184847958462935,0.0,0.0,0.0,0.0,0.0,0.0,0.0,0.0,0.0,0.0,0.0,0.0,0.0,0.0,0.0,0.0,0.0,0.0,0.0,0.0,0.0,0.0,0.0,0.0,0.0,0.0,0.0,0.0,0.0,0.0,0.0,0.0,0.0,0.0,0.0,0.0
7000000000,7,0,Archimede_odom,Archimede_base_link,-7.606136982996059,12.66231270507221,345.5044144697325,-0.047584736494686426,0.16511530476826702,0.9842348133363237,0.04188628893594633,0.0,0.0,0.0,0.0,0.0,0.0,0.0,0.0,0.0,0.0,0.0,0.0,0.0,0.0,0.0,0.0,0.0,0.0,0.0,0.0,0.0,0.0,0.0,0.0,0.0,0.0,0.0,0.0,0.0,0.0,0.0,0.0,0.0,0.0,0.0,0.0,0.27383664539704183,-0.1319791914711604,-0.004290105421055552,-0.00016135164888978528,0.027612586930862753,0.04909263557625371,0.0,0.0,0.0,0.0,0.0,0.0,0.0,0.0,0.0,0.0,0.0,0.0,0.0,0.0,0.0,0.0,0.0,0.0,0.0,0.0,0.0,0.0,0.0,0.0,0.0,0.0,0.0,0.0,0.0,0.0,0.0,0.0,0.0,0.0,0.0,0.0
7100000000,7,100000000,Archimede_odom,Archimede_base_link,-7.631937299618769,12.676448535528154,345.49682691573196,-0.048518976721680526,0.16527877231118365,0.9842762628878955,0.03910338395365886,0.0,0.0,0.0,0.0,0.0,0.0,0.0,0.0,0.0,0.0,0.0,0.0,0.0,0.0,0.0,0.0,0.0,0.0,0.0,0.0,0.0,0.0,0.0,0.0,0.0,0.0,0.0,0.0,0.0,0.0,0.0,0.0,0.0,0.0,0.0,0.0,0.2726101671885956,-0.1335039899380167,-0.003593049269164732,-0.0004930785559136613,0.02771723996422034,0.05384923095051371,0.0,0.0,0.0,0.0,0.0,0.0,0.0,0.0,0.0,0.0,0.0,0.0,0.0,0.0,0.0,0.0,0.0,0.0,0.0,0.0,0.0,0.0,0.0,0.0,0.0,0.0,0.0,0.0,0.0,0.0,0.0,0.0,0.0,0.0,0.0,0.0
7200000000,7,200000000,Archimede_odom,Archimede_base_link,-7.6576831557997265,12.69055788376894,345.4892488141745,-0.04942547867828118,0.16543554718121406,0.9843183502605588,0.03613290919102662,0.0,0.0,0.0,0.0,0.0,0.0,0.0,0.0,0.0,0.0,0.0,0.0,0.0,0.0,0.0,0.0,0.0,0.0,0.0,0.0,0.0,0.0,0.0,0.0,0.0,0.0,0.0,0.0,0.0,0.0,0.0,0.0,0.0,0.0,0.0,0.0,0.2713373079144101,-0.13461436510719324,-0.0028823506539801614,-0.0007608805516106038,0.027762798523937586,0.05692356634130746,0.0,0.0,0.0,0.0,0.0,0.0,0.0,0.0,0.0,0.0,0.0,0.0,0.0,0.0,0.0,0.0,0.0,0.0,0.0,0.0,0.0,0.0,0.0,0.0,0.0,0.0,0.0,0.0,0.0,0.0,0.0,0.0,0.0,0.0,0.0,0.0
7301000000,7,300000000,Archimede_odom,Archimede_base_link,-7.683322874458928,12.704236304796737,345.481834692899,-0.05034596419523163,0.16558831087084896,0.9843449290621633,0.03332950377362888,0.0,0.0,0.0,0.0,0.0,0.0,0.0,0.0,0.0,0.0,0.0,0.0,0.0,0.0,0.0,0.0,0.0,0.0,0.0,0.0,0.0,0.0,0.0,0.0,0.0,0.0,0.0,0.0,0.0,0.0,0.0,0.0,0.0,0.0,0.0,0.0,0.2703433453293992,-0.13306155941457443,-0.0020990907129892055,-0.0005980012279829888,0.027591324884681696,0.05291924652523272,0.0,0.0,0.0,0.0,0.0,0.0,0.0,0.0,0.0,0.0,0.0,0.0,0.0,0.0,0.0,0.0,0.0,0.0,0.0,0.0,0.0,0.0,0.0,0.0,0.0,0.0,0.0,0.0,0.0,0.0,0.0,0.0,0.0,0.0,0.0,0.0
7400000000,7,400000000,Archimede_odom,Archimede_base_link,-7.709014191064101,12.718145205348485,345.4743336775979,-0.05136166684318288,0.16556641388482932,0.9843910615098085,0.030397035908123368,0.0,0.0,0.0,0.0,0.0,0.0,0.0,0.0,0.0,0.0,0.0,0.0,0.0,0.0,0.0,0.0,0.0,0.0,0.0,0.0,0.0,0.0,0.0,0.0,0.0,0.0,0.0,0.0,0.0,0.0,0.0,0.0,0.0,0.0,0.0,0.0,0.26900431681728143,-0.136450129007237,-0.0013865018015714677,-0.005555966208560065,0.030335699428584485,0.055962865343765676,0.0,0.0,0.0,0.0,0.0,0.0,0.0,0.0,0.0,0.0,0.0,0.0,0.0,0.0,0.0,0.0,0.0,0.0,0.0,0.0,0.0,0.0,0.0,0.0,0.0,0.0,0.0,0.0,0.0,0.0,0.0,0.0,0.0,0.0,0.0,0.0
7500000000,7,500000000,Archimede_odom,Archimede_base_link,-7.734596887475161,12.73207986624053,345.46688180541014,-0.05238609834281073,0.16558429861210633,0.984423884049082,0.02733410447177422,0.0,0.0,0.0,0.0,0.0,0.0,0.0,0.0,0.0,0.0,0.0,0.0,0.0,0.0,0.0,0.0,0.0,0.0,0.0,0.0,0.0,0.0,0.0,0.0,0.0,0.0,0.0,0.0,0.0,0.0,0.0,0.0,0.0,0.0,0.0,0.0,0.26716276514351556,-0.13592398747987683,0.000373445142287658,-0.0011696342834173964,0.030266358159867907,0.0566335517030301,0.0,0.0,0.0,0.0,0.0,0.0,0.0,0.0,0.0,0.0,0.0,0.0,0.0,0.0,0.0,0.0,0.0,0.0,0.0,0.0,0.0,0.0,0.0,0.0,0.0,0.0,0.0,0.0,0.0,0.0,0.0,0.0,0.0,0.0,0.0,0.0
7600000000,7,600000000,Archimede_odom,Archimede_base_link,-7.76017524724943,12.745845652174834,345.4595458067245,-0.05341132033353373,0.16570939557766273,0.9844272229745566,0.024303698157212082,0.0,0.0,0.0,0.0,0.0,0.0,0.0,0.0,0.0,0.0,0.0,0.0,0.0,0.0,0.0,0.0,0.0,0.0,0.0,0.0,0.0,0.0,0.0,0.0,0.0,0.0,0.0,0.0,0.0,0.0,0.0,0.0,0.0,0.0,0.0,0.0,0.266505166553328,-0.1363800657667807,0.0011550990679077388,-0.0013734070447021943,0.030289341563602506,0.05623589005059835,0.0,0.0,0.0,0.0,0.0,0.0,0.0,0.0,0.0,0.0,0.0,0.0,0.0,0.0,0.0,0.0,0.0,0.0,0.0,0.0,0.0,0.0,0.0,0.0,0.0,0.0,0.0,0.0,0.0,0.0,0.0,0.0,0.0,0.0,0.0,0.0
7701000000,7,700000000,Archimede_odom,Archimede_base_link,-7.785550961591157,12.759476413490152,345.4524721175375,-0.05418627930084714,0.1658163557553456,0.9844349904251806,0.02136663113647598,0.0,0.0,0.0,0.0,0.0,0.0,0.0,0.0,0.0,0.0,0.0,0.0,0.0,0.0,0.0,0.0,0.0,0.0,0.0,0.0,0.0,0.0,0.0,0.0,0.0,0.0,0.0,0.0,0.0,0.0,0.0,0.0,0.0,0.0,0.0,0.0,0.2610846438984654,-0.13629695066066588,0.0045685529993874634,-0.0014396598382356194,0.02220432600342776,0.053958884369502434,0.0,0.0,0.0,0.0,0.0,0.0,0.0,0.0,0.0,0.0,0.0,0.0,0.0,0.0,0.0,0.0,0.0,0.0,0.0,0.0,0.0,0.0,0.0,0.0,0.0,0.0,0.0,0.0,0.0,0.0,0.0,0.0,0.0,0.0,0.0,0.0
7800000000,7,800000000,Archimede_odom,Archimede_base_link,-7.810593702130176,12.773193577295256,345.4455030549525,-0.05483753734674016,0.1659120565310729,0.984439079600684,0.01859388475636449,0.0,0.0,0.0,0.0,0.0,0.0,0.0,0.0,0.0,0.0,0.0,0.0,0.0,0.0,0.0,0.0,0.0,0.0,0.0,0.0,0.0,0.0,0.0,0.0,0.0,0.0,0.0,0.0,0.0,0.0,0.0,0.0,0.0,0.0,0.0,0.0,0.25865178023958546,-0.138696452216661,0.005121213164970143,-0.0014077554744305217,0.02196842402070775,0.05159331249575111,0.0,0.0,0.0,0.0,0.0,0.0,0.0,0.0,0.0,0.0,0.0,0.0,0.0,0.0,0.0,0.0,0.0,0.0,0.0,0.0,0.0,0.0,0.0,0.0,0.0,0.0,0.0,0.0,0.0,0.0,0.0,0.0,0.0,0.0,0.0,0.0
7900000000,7,900000000,Archimede_odom,Archimede_base_link,-7.83553320762884,12.786940155847264,345.4385347154906,-0.055496178205246605,0.16600059953108315,0.9844342735756622,0.01591025359605598,0.0,0.0,0.0,0.0,0.0,0.0,0.0,0.0,0.0,0.0,0.0,0.0,0.0,0.0,0.0,0.0,0.0,0.0,0.0,0.0,0.0,0.0,0.0,0.0,0.0,0.0,0.0,0.0,0.0,0.0,0.0,0.0,0.0,0.0,0.0,0.0,0.2572611790648273,-0.1399337079258212,0.00566471567138444,-0.0014510200836400837,0.021874564764173526,0.05012395986316148,0.0,0.0,0.0,0.0,0.0,0.0,0.0,0.0,0.0,0.0,0.0,0.0,0.0,0.0,0.0,0.0,0.0,0.0,0.0,0.0,0.0,0.0,0.0,0.0,0.0,0.0,0.0,0.0,0.0,0.0,0.0,0.0,0.0,0.0,0.0,0.0
8000000000,8,0,Archimede_odom,Archimede_base_link,-7.860424544890641,12.80065503738814,345.43158241181936,-0.05616095985061746,0.16608150998625212,0.984421860011627,0.013284583568640346,0.0,0.0,0.0,0.0,0.0,0.0,0.0,0.0,0.0,0.0,0.0,0.0,0.0,0.0,0.0,0.0,0.0,0.0,0.0,0.0,0.0,0.0,0.0,0.0,0.0,0.0,0.0,0.0,0.0,0.0,0.0,0.0,0.0,0.0,0.0,0.0,0.2561361302139874,-0.14073483494928996,0.006198977797336376,-0.0015288336171315469,0.021826342519176763,0.04922273789535579,0.0,0.0,0.0,0.0,0.0,0.0,0.0,0.0,0.0,0.0,0.0,0.0,0.0,0.0,0.0,0.0,0.0,0.0,0.0,0.0,0.0,0.0,0.0,0.0,0.0,0.0,0.0,0.0,0.0,0.0,0.0,0.0,0.0,0.0,0.0,0.0
8101000000,8,100000000,Archimede_odom,Archimede_base_link,-7.885379869968552,12.813317997417755,345.42468949255914,-0.056953851065466785,0.16549071210177901,0.9845000460476867,0.0113464703305265,0.0,0.0,0.0,0.0,0.0,0.0,0.0,0.0,0.0,0.0,0.0,0.0,0.0,0.0,0.0,0.0,0.0,0.0,0.0,0.0,0.0,0.0,0.0,0.0,0.0,0.0,0.0,0.0,0.0,0.0,0.0,0.0,0.0,0.0,0.0,0.0,0.259930282540726,-0.12963277852857616,0.002715345035502147,-0.020776193442380374,0.022874607963629886,0.02720897719971389,0.0,0.0,0.0,0.0,0.0,0.0,0.0,0.0,0.0,0.0,0.0,0.0,0.0,0.0,0.0,0.0,0.0,0.0,0.0,0.0,0.0,0.0,0.0,0.0,0.0,0.0,0.0,0.0,0.0,0.0,0.0,0.0,0.0,0.0,0.0,0.0
8200000000,8,200000000,Archimede_odom,Archimede_base_link,-7.910684168275183,12.825195448913291,345.4179117664474,-0.057137377311321375,0.1658145441489769,0.9844453508190296,0.01040232250262254,0.0,0.0,0.0,0.0,0.0,0.0,0.0,0.0,0.0,0.0,0.0,0.0,0.0,0.0,0.0,0.0,0.0,0.0,0.0,0.0,0.0,0.0,0.0,0.0,0.0,0.0,0.0,0.0,0.0,0.0,0.0,0.0,0.0,0.0,0.0,0.0,0.2630962692399851,-0.12837345815284057,0.002970090114534392,0.006465464894218273,0.006425479804611628,0.016821604589870788,0.0,0.0,0.0,0.0,0.0,0.0,0.0,0.0,0.0,0.0,0.0,0.0,0.0,0.0,0.0,0.0,0.0,0.0,0.0,0.0,0.0,0.0,0.0,0.0,0.0,0.0,0.0,0.0,0.0,0.0,0.0,0.0,0.0,0.0,0.0,0.0
8300000000,8,300000000,Archimede_odom,Archimede_base_link,-7.936457115499793,12.837875555393783,345.41081067169654,-0.057280241503766684,0.16619878349196815,0.9843827312523554,0.009358242955435192,0.0,0.0,0.0,0.0,0.0,0.0,0.0,0.0,0.0,0.0,0.0,0.0,0.0,0.0,0.0,0.0,0.0,0.0,0.0,0.0,0.0,0.0,0.0,0.0,0.0,0.0,0.0,0.0,0.0,0.0,0.0,0.0,0.0,0.0,0.0,0.0,0.2643310408673487,-0.1351754004562542,0.0032619789621183256,0.006567498869836286,0.006427170276738623,0.023160675221510975,0.0,0.0,0.0,0.0,0.0,0.0,0.0,0.0,0.0,0.0,0.0,0.0,0.0,0.0,0.0,0.0,0.0,0.0,0.0,0.0,0.0,0.0,0.0,0.0,0.0,0.0,0.0,0.0,0.0,0.0,0.0,0.0,0.0,0.0,0.0,0.0
8400000000,8,400000000,Archimede_odom,Archimede_base_link,-7.96220711250264,12.850811100710084,345.4036230114774,-0.05738105987379054,0.166597297624883,0.9843209534700436,0.00806318495825897,0.0,0.0,0.0,0.0,0.0,0.0,0.0,0.0,0.0,0.0,0.0,0.0,0.0,0.0,0.0,0.0,0.0,0.0,0.0,0.0,0.0,0.0,0.0,0.0,0.0,0.0,0.0,0.0,0.0,0.0,0.0,0.0,0.0,0.0,0.0,0.0,0.2634107306147348,-0.13694205001399165,0.0035093482431340734,0.0065269406245607895,0.006445046561370728,0.027313065167886636,0.0,0.0,0.0,0.0,0.0,0.0,0.0,0.0,0.0,0.0,0.0,0.0,0.0,0.0,0.0,0.0,0.0,0.0,0.0,0.0,0.0,0.0,0.0,0.0,0.0,0.0,0.0,0.0,0.0,0.0,0.0,0.0,0.0,0.0,0.0,0.0
8500000000,8,500000000,Archimede_odom,Archimede_base_link,-7.987903225045761,12.863783860443984,345.3964271904588,-0.05745583991515452,0.1670023782249944,0.9842587989756905,0.006606721257297294,0.0,0.0,0.0,0.0,0.0,0.0,0.0,0.0,0.0,0.0,0.0,0.0,0.0,0.0,0.0,0.0,0.0,0.0,0.0,0.0,0.0,0.0,0.0,0.0,0.0,0.0,0.0,0.0,0.0,0.0,0.0,0.0,0.0,0.0,0.0,0.0,0.26257619687182726,-0.1377869120232356,0.0037553451300433235,0.0064749191761288944,0.006476384709276058,0.029999380357967086,0.0,0.0,0.0,0.0,0.0,0.0,0.0,0.0,0.0,0.0,0.0,0.0,0.0,0.0,0.0,0.0,0.0,0.0,0.0,0.0,0.0,0.0,0.0,0.0,0.0,0.0,0.0,0.0,0.0,0.0,0.0,0.0,0.0,0.0,0.0,0.0
8600000000,8,600000000,Archimede_odom,Archimede_base_link,-8.013564478846146,12.876753396222561,345.38923541384537,-0.05751458127057267,0.16741068497346925,0.9841952375804556,0.005046763510902238,0.0,0.0,0.0,0.0,0.0,0.0,0.0,0.0,0.0,0.0,0.0,0.0,0.0,0.0,0.0,0.0,0.0,0.0,0.0,0.0,0.0,0.0,0.0,0.0,0.0,0.0,0.0,0.0,0.0,0.0,0.0,0.0,0.0,0.0,0.0,0.0,0.2618400572347651,-0.13846087359944076,0.004004402627904948,0.006428770971527771,0.006507783567208459,0.031630378327727596,0.0,0.0,0.0,0.0,0.0,0.0,0.0,0.0,0.0,0.0,0.0,0.0,0.0,0.0,0.0,0.0,0.0,0.0,0.0,0.0,0.0,0.0,0.0,0.0,0.0,0.0,0.0,0.0,0.0,0.0,0.0,0.0,0.0,0.0,0.0,0.0
8700000000,8,700000000,Archimede_odom,Archimede_base_link,-8.039197534953733,12.889699300960848,345.3820542597338,-0.057563127575562575,0.1678223073094833,0.9841292639005563,0.0034280384464088487,0.0,0.0,0.0,0.0,0.0,0.0,0.0,0.0,0.0,0.0,0.0,0.0,0.0,0.0,0.0,0.0,0.0,0.0,0.0,0.0,0.0,0.0,0.0,0.0,0.0,0.0,0.0,0.0,0.0,0.0,0.0,0.0,0.0,0.0,0.0,0.0,0.26103225546721265,-0.1388252011410236,0.004251758039795285,0.0068950268405102155,0.006225696576387764,0.032443377242292695,0.0,0.0,0.0,0.0,0.0,0.0,0.0,0.0,0.0,0.0,0.0,0.0,0.0,0.0,0.0,0.0,0.0,0.0,0.0,0.0,0.0,0.0,0.0,0.0,0.0,0.0,0.0,0.0,0.0,0.0,0.0,0.0,0.0,0.0,0.0,0.0
8800000000,8,800000000,Archimede_odom,Archimede_base_link,-8.064293586268535,12.901070928199138,345.37566107764127,-0.05726289153578192,0.16851671071470664,0.9840309246763937,0.002493740840261249,0.0,0.0,0.0,0.0,0.0,0.0,0.0,0.0,0.0,0.0,0.0,0.0,0.0,0.0,0.0,0.0,0.0,0.0,0.0,0.0,0.0,0.0,0.0,0.0,0.0,0.0,0.0,0.0,0.0,0.0,0.0,0.0,0.0,0.0,0.0,0.0,0.24645210381825775,-0.10043361676662377,0.009694298169373254,0.011430361354187709,-0.013126085190683678,0.03036558735615766,0.0,0.0,0.0,0.0,0.0,0.0,0.0,0.0,0.0,0.0,0.0,0.0,0.0,0.0,0.0,0.0,0.0,0.0,0.0,0.0,0.0,0.0,0.0,0.0,0.0,0.0,0.0,0.0,0.0,0.0,0.0,0.0,0.0,0.0,0.0,0.0
8900000000,8,900000000,Archimede_odom,Archimede_base_link,-8.089317050605679,12.911201649447698,345.37001882286734,-0.05646675909029903,0.16919649904652417,0.9839629270409854,0.00100401054482386,0.0,0.0,0.0,0.0,0.0,0.0,0.0,0.0,0.0,0.0,0.0,0.0,0.0,0.0,0.0,0.0,0.0,0.0,0.0,0.0,0.0,0.0,0.0,0.0,0.0,0.0,0.0,0.0,0.0,0.0,0.0,0.0,0.0,0.0,0.0,0.0,0.25692730424411325,-0.11775629720782894,0.008954733455086765,0.012594126842133273,-0.011290674929931946,0.03878124681088325,0.0,0.0,0.0,0.0,0.0,0.0,0.0,0.0,0.0,0.0,0.0,0.0,0.0,0.0,0.0,0.0,0.0,0.0,0.0,0.0,0.0,0.0,0.0,0.0,0.0,0.0,0.0,0.0,0.0,0.0,0.0,0.0,0.0,0.0,0.0,0.0
9000000000,9,0,Archimede_odom,Archimede_base_link,-8.114677660014957,12.922499824017782,345.3639613707255,-0.055513856180562836,0.16996378171635967,0.9838848103001027,-0.0010976052880604312,0.0,0.0,0.0,0.0,0.0,0.0,0.0,0.0,0.0,0.0,0.0,0.0,0.0,0.0,0.0,0.0,0.0,0.0,0.0,0.0,0.0,0.0,0.0,0.0,0.0,0.0,0.0,0.0,0.0,0.0,0.0,0.0,0.0,0.0,0.0,0.0,0.25579235310201465,-0.12401892404838284,0.008876997103521116,0.013229735009118167,-0.011593357135564746,0.050183309452132195,0.0,0.0,0.0,0.0,0.0,0.0,0.0,0.0,0.0,0.0,0.0,0.0,0.0,0.0,0.0,0.0,0.0,0.0,0.0,0.0,0.0,0.0,0.0,0.0,0.0,0.0,0.0,0.0,0.0,0.0,0.0,0.0,0.0,0.0,0.0,0.0
9101000000,9,100000000,Archimede_odom,Archimede_base_link,-8.139918694904988,12.934009083185773,345.35783892371444,-0.05448431078069529,0.17077258398580825,0.9837961761609052,-0.003642555249273152,0.0,0.0,0.0,0.0,0.0,0.0,0.0,0.0,0.0,0.0,0.0,0.0,0.0,0.0,0.0,0.0,0.0,0.0,0.0,0.0,0.0,0.0,0.0,0.0,0.0,0.0,0.0,0.0,0.0,0.0,0.0,0.0,0.0,0.0,0.0,0.0,0.2539812052516931,-0.12632477066189757,0.008685896434798716,0.0134610287274399,-0.011454290920085703,0.057494507292849786,0.0,0.0,0.0,0.0,0.0,0.0,0.0,0.0,0.0,0.0,0.0,0.0,0.0,0.0,0.0,0.0,0.0,0.0,0.0,0.0,0.0,0.0,0.0,0.0,0.0,0.0,0.0,0.0,0.0,0.0,0.0,0.0,0.0,0.0,0.0,0.0
9200000000,9,200000000,Archimede_odom,Archimede_base_link,-8.16506365857694,12.945545315948959,345.35171049186,-0.053414675261994594,0.17160345134975435,0.9836957060062739,-0.00647193451191448,0.0,0.0,0.0,0.0,0.0,0.0,0.0,0.0,0.0,0.0,0.0,0.0,0.0,0.0,0.0,0.0,0.0,0.0,0.0,0.0,0.0,0.0,0.0,0.0,0.0,0.0,0.0,0.0,0.0,0.0,0.0,0.0,0.0,0.0,0.0,0.0,0.252400531424228,-0.1277283584801637,0.008498466008490958,0.013579897909273464,-0.011229799311886095,0.062215803365778255,0.0,0.0,0.0,0.0,0.0,0.0,0.0,0.0,0.0,0.0,0.0,0.0,0.0,0.0,0.0,0.0,0.0,0.0,0.0,0.0,0.0,0.0,0.0,0.0,0.0,0.0,0.0,0.0,0.0,0.0,0.0,0.0,0.0,0.0,0.0,0.0
9300000000,9,300000000,Archimede_odom,Archimede_base_link,-8.190095694200282,12.956425627534806,345.3455679589988,-0.05239758256280557,0.17190856054105322,0.9836757883009982,-0.009158802579316198,0.0,0.0,0.0,0.0,0.0,0.0,0.0,0.0,0.0,0.0,0.0,0.0,0.0,0.0,0.0,0.0,0.0,0.0,0.0,0.0,0.0,0.0,0.0,0.0,0.0,0.0,0.0,0.0,0.0,0.0,0.0,0.0,0.0,0.0,0.0,0.0,0.25398989234493696,-0.11574852999449373,0.002010907928602408,-0.014616023814490741,-0.010213631754157682,0.04487516053832935,0.0,0.0,0.0,0.0,0.0,0.0,0.0,0.0,0.0,0.0,0.0,0.0,0.0,0.0,0.0,0.0,0.0,0.0,0.0,0.0,0.0,0.0,0.0,0.0,0.0,0.0,0.0,0.0,0.0,0.0,0.0,0.0,0.0,0.0,0.0,0.0
9400000000,9,400000000,Archimede_odom,Archimede_base_link,-8.21593017979173,12.96684626662205,345.3391006948728,-0.05147081193987759,0.17130603633744662,0.9838068924900937,-0.011357628343474924,0.0,0.0,0.0,0.0,0.0,0.0,0.0,0.0,0.0,0.0,0.0,0.0,0.0,0.0,0.0,0.0,0.0,0.0,0.0,0.0,0.0,0.0,0.0,0.0,0.0,0.0,0.0,0.0,0.0,0.0,0.0,0.0,0.0,0.0,0.0,0.0,0.26101748985730483,-0.1224141212722433,0.0016766940483063965,-0.014817844928888019,-0.010862083768917489,0.04655786026778973,0.0,0.0,0.0,0.0,0.0,0.0,0.0,0.0,0.0,0.0,0.0,0.0,0.0,0.0,0.0,0.0,0.0,0.0,0.0,0.0,0.0,0.0,0.0,0.0,0.0,0.0,0.0,0.0,0.0,0.0,0.0,0.0,0.0,0.0,0.0,0.0
9500000000,9,500000000,Archimede_odom,Archimede_base_link,-8.241993436973793,12.977390677087673,345.3325640758232,-0.0505209263709018,0.17070600644715503,0.9839315485518729,-0.013630962027782795,0.0,0.0,0.0,0.0,0.0,0.0,0.0,0.0,0.0,0.0,0.0,0.0,0.0,0.0,0.0,0.0,0.0,0.0,0.0,0.0,0.0,0.0,0.0,0.0,0.0,0.0,0.0,0.0,0.0,0.0,0.0,0.0,0.0,0.0,0.0,0.0,0.2608189908314186,-0.1236429372559339,0.0011860972350730668,-0.014759240107964228,-0.01089920513615759,0.047913528731637935,0.0,0.0,0.0,0.0,0.0,0.0,0.0,0.0,0.0,0.0,0.0,0.0,0.0,0.0,0.0,0.0,0.0,0.0,0.0,0.0,0.0,0.0,0.0,0.0,0.0,0.0,0.0,0.0,0.0,0.0,0.0,0.0,0.0,0.0,0.0,0.0
9600000000,9,600000000,Archimede_odom,Archimede_base_link,-8.268045001200637,12.987893802885493,345.3260401038265,-0.049561542522159455,0.17011085322041952,0.9840483929749112,-0.015959680540030868,0.0,0.0,0.0,0.0,0.0,0.0,0.0,0.0,0.0,0.0,0.0,0.0,0.0,0.0,0.0,0.0,0.0,0.0,0.0,0.0,0.0,0.0,0.0,0.0,0.0,0.0,0.0,0.0,0.0,0.0,0.0,0.0,0.0,0.0,0.0,0.0,0.2599277899930129,-0.12427844995973476,0.0006856004931265468,-0.01469951072479683,-0.010870205730923054,0.04887750671359277,0.0,0.0,0.0,0.0,0.0,0.0,0.0,0.0,0.0,0.0,0.0,0.0,0.0,0.0,0.0,0.0,0.0,0.0,0.0,0.0,0.0,0.0,0.0,0.0,0.0,0.0,0.0,0.0,0.0,0.0,0.0,0.0,0.0,0.0,0.0,0.0
9701000000,9,700000000,Archimede_odom,Archimede_base_link,-8.293979097102007,12.998069637391728,345.3196287306596,-0.04863966101882758,0.16948499074868942,0.9841645143653585,-0.01814469484142997,0.0,0.0,0.0,0.0,0.0,0.0,0.0,0.0,0.0,0.0,0.0,0.0,0.0,0.0,0.0,0.0,0.0,0.0,0.0,0.0,0.0,0.0,0.0,0.0,0.0,0.0,0.0,0.0,0.0,0.0,0.0,0.0,0.0,0.0,0.0,0.0,0.2588091887755637,-0.12181381822034228,5.085023264746421e-05,-0.015433849329594778,-0.01061213568712561,0.043597205885422416,0.0,0.0,0.0,0.0,0.0,0.0,0.0,0.0,0.0,0.0,0.0,0.0,0.0,0.0,0.0,0.0,0.0,0.0,0.0,0.0,0.0,0.0,0.0,0.0,0.0,0.0,0.0,0.0,0.0,0.0,0.0,0.0,0.0,0.0,0.0,0.0
9800000000,9,800000000,Archimede_odom,Archimede_base_link,-8.319643420406665,13.006738253526818,345.31372940653813,-0.04777076693218115,0.16906856216964014,0.984261147647975,-0.019072712006759394,0.0,0.0,0.0,0.0,0.0,0.0,0.0,0.0,0.0,0.0,0.0,0.0,0.0,0.0,0.0,0.0,0.0,0.0,0.0,0.0,0.0,0.0,0.0,0.0,0.0,0.0,0.0,0.0,0.0,0.0,0.0,0.0,0.0,0.0,0.0,0.0,0.2604295053667589,-0.11301107678150449,-0.0007112796174184364,-0.0073654427419247975,-0.016060531525511228,0.019734470558516553,0.0,0.0,0.0,0.0,0.0,0.0,0.0,0.0,0.0,0.0,0.0,0.0,0.0,0.0,0.0,0.0,0.0,0.0,0.0,0.0,0.0,0.0,0.0,0.0,0.0,0.0,0.0,0.0,0.0,0.0,0.0,0.0,0.0,0.0,0.0,0.0
9900000000,9,900000000,Archimede_odom,Archimede_base_link,-8.345888972052185,13.016458312870137,345.3074257909431,-0.04673455308529947,0.16880291629779912,0.9843330142710134,-0.02024781502821155,0.0,0.0,0.0,0.0,0.0,0.0,0.0,0.0,0.0,0.0,0.0,0.0,0.0,0.0,0.0,0.0,0.0,0.0,0.0,0.0,0.0,0.0,0.0,0.0,0.0,0.0,0.0,0.0,0.0,0.0,0.0,0.0,0.0,0.0,0.0,0.0,0.2609366238166956,-0.12125879714729729,-0.0010288988111243748,-0.0067187686702450695,-0.016487776434588455,0.031030785264541984,0.0,0.0,0.0,0.0,0.0,0.0,0.0,0.0,0.0,0.0,0.0,0.0,0.0,0.0,0.0,0.0,0.0,0.0,0.0,0.0,0.0,0.0,0.0,0.0,0.0,0.0,0.0,0.0,0.0,0.0,0.0,0.0,0.0,0.0,0.0,0.0
10000000000,10,0,Archimede_odom,Archimede_base_link,-8.371900327392257,13.026481354342954,345.3011954011665,-0.0454447016797013,0.16858710260678836,0.9843972577642025,-0.02179923921170739,0.0,0.0,0.0,0.0,0.0,0.0,0.0,0.0,0.0,0.0,0.0,0.0,0.0,0.0,0.0,0.0,0.0,0.0,0.0,0.0,0.0,0.0,0.0,0.0,0.0,0.0,0.0,0.0,0.0,0.0,0.0,0.0,0.0,0.0,0.0,0.0,0.2570649624939757,-0.1232540724473314,-0.0001770134697536184,-0.006246486926206744,-0.020155771470916715,0.03707721502782137,0.0,0.0,0.0,0.0,0.0,0.0,0.0,0.0,0.0,0.0,0.0,0.0,0.0,0.0,0.0,0.0,0.0,0.0,0.0,0.0,0.0,0.0,0.0,0.0,0.0,0.0,0.0,0.0,0.0,0.0,0.0,0.0,0.0,0.0,0.0,0.0
10100000000,10,100000000,Archimede_odom,Archimede_base_link,-8.397821771224905,13.0370277071485,345.29480496266007,-0.04402966497687654,0.16844422204814796,0.9844339371818766,-0.0240365551859556,0.0,0.0,0.0,0.0,0.0,0.0,0.0,0.0,0.0,0.0,0.0,0.0,0.0,0.0,0.0,0.0,0.0,0.0,0.0,0.0,0.0,0.0,0.0,0.0,0.0,0.0,0.0,0.0,0.0,0.0,0.0,0.0,0.0,0.0,0.0,0.0,0.25452937035171924,-0.1406146190279996,-0.00030523523215471445,-0.00431077031307479,-0.020936265414552076,0.06819947133500562,0.0,0.0,0.0,0.0,0.0,0.0,0.0,0.0,0.0,0.0,0.0,0.0,0.0,0.0,0.0,0.0,0.0,0.0,0.0,0.0,0.0,0.0,0.0,0.0,0.0,0.0,0.0,0.0,0.0,0.0,0.0,0.0,0.0,0.0,0.0,0.0
10200000000,10,200000000,Archimede_odom,Archimede_base_link,-8.423370303401805,13.049333331155761,345.2878939874251,-0.04226234504920303,0.16850306389071096,0.9843932845881436,-0.028115350044970136,0.0,0.0,0.0,0.0,0.0,0.0,0.0,0.0,0.0,0.0,0.0,0.0,0.0,0.0,0.0,0.0,0.0,0.0,0.0,0.0,0.0,0.0,0.0,0.0,0.0,0.0,0.0,0.0,0.0,0.0,0.0,0.0,0.0,0.0,0.0,0.0,0.24983610758795755,-0.1515008390570905,-0.0006749017556670919,-0.0024544673731138277,-0.020969259491450815,0.0977703838333222,0.0,0.0,0.0,0.0,0.0,0.0,0.0,0.0,0.0,0.0,0.0,0.0,0.0,0.0,0.0,0.0,0.0,0.0,0.0,0.0,0.0,0.0,0.0,0.0,0.0,0.0,0.0,0.0,0.0,0.0,0.0,0.0,0.0,0.0,0.0,0.0
10300000000,10,300000000,Archimede_odom,Archimede_base_link,-8.448849919068818,13.061766920272296,345.2809385770381,-0.04033926298306597,0.16865909403247498,0.984288870771331,-0.033200493035887804,0.0,0.0,0.0,0.0,0.0,0.0,0.0,0.0,0.0,0.0,0.0,0.0,0.0,0.0,0.0,0.0,0.0,0.0,0.0,0.0,0.0,0.0,0.0,0.0,0.0,0.0,0.0,0.0,0.0,0.0,0.0,0.0,0.0,0.0,0.0,0.0,0.24877568749351595,-0.15204235881910813,-0.0014028475020731565,-0.001652025204827158,-0.020489172626896753,0.11277479012037654,0.0,0.0,0.0,0.0,0.0,0.0,0.0,0.0,0.0,0.0,0.0,0.0,0.0,0.0,0.0,0.0,0.0,0.0,0.0,0.0,0.0,0.0,0.0,0.0,0.0,0.0,0.0,0.0,0.0,0.0,0.0,0.0,0.0,0.0,0.0,0.0
10400000000,10,400000000,Archimede_odom,Archimede_base_link,-8.474379023328824,13.073591106157407,345.2741636776417,-0.03862937954399626,0.16839442838202684,0.9842001028265875,-0.03874590458449529,0.0,0.0,0.0,0.0,0.0,0.0,0.0,0.0,0.0,0.0,0.0,0.0,0.0,0.0,0.0,0.0,0.0,0.0,0.0,0.0,0.0,0.0,0.0,0.0,0.0,0.0,0.0,0.0,0.0,0.0,0.0,0.0,0.0,0.0,0.0,0.0,0.24733353440948863,-0.13861634901959946,-0.002429875102616506,-0.027802724257558926,-0.0038556510301431036,0.10879997804999511,0.0,0.0,0.0,0.0,0.0,0.0,0.0,0.0,0.0,0.0,0.0,0.0,0.0,0.0,0.0,0.0,0.0,0.0,0.0,0.0,0.0,0.0,0.0,0.0,0.0,0.0,0.0,0.0,0.0,0.0,0.0,0.0,0.0,0.0,0.0,0.0
10500000000,10,500000000,Archimede_odom,Archimede_base_link,-8.499768021720115,13.084254276291189,345.26773881817763,-0.03749094575707968,0.16733747870455398,0.9841803731473547,-0.044515057211871635,0.0,0.0,0.0,0.0,0.0,0.0,0.0,0.0,0.0,0.0,0.0,0.0,0.0,0.0,0.0,0.0,0.0,0.0,0.0,0.0,0.0,0.0,0.0,0.0,0.0,0.0,0.0,0.0,0.0,0.0,0.0,0.0,0.0,0.0,0.0,0.0,0.24365614344471326,-0.1233261680065871,-0.0035932951676429085,-0.015097087759474109,0.004180592831537357,0.12452339318008554,0.0,0.0,0.0,0.0,0.0,0.0,0.0,0.0,0.0,0.0,0.0,0.0,0.0,0.0,0.0,0.0,0.0,0.0,0.0,0.0,0.0,0.0,0.0,0.0,0.0,0.0,0.0,0.0,0.0,0.0,0.0,0.0,0.0,0.0,0.0,0.0
10600000000,10,600000000,Archimede_odom,Archimede_base_link,-8.525552231774117,13.094044220017315,345.26153553506214,-0.03655234064530636,0.16675797559231953,0.983986493737541,-0.05124728394559961,0.0,0.0,0.0,0.0,0.0,0.0,0.0,0.0,0.0,0.0,0.0,0.0,0.0,0.0,0.0,0.0,0.0,0.0,0.0,0.0,0.0,0.0,0.0,0.0,0.0,0.0,0.0,0.0,0.0,0.0,0.0,0.0,0.0,0.0,0.0,0.0,0.25037154126105826,-0.13569081448984052,-0.0037991958029751035,-0.016698980504487024,0.004931832382918228,0.14050704537762243,0.0,0.0,0.0,0.0,0.0,0.0,0.0,0.0,0.0,0.0,0.0,0.0,0.0,0.0,0.0,0.0,0.0,0.0,0.0,0.0,0.0,0.0,0.0,0.0,0.0,0.0,0.0,0.0,0.0,0.0,0.0,0.0,0.0,0.0,0.0,0.0
10700000000,10,700000000,Archimede_odom,Archimede_base_link,-8.55162462419133,13.104030301489125,345.2552203205583,-0.03551802568427428,0.1661905329182051,0.983709550556205,-0.05860628604820069,0.0,0.0,0.0,0.0,0.0,0.0,0.0,0.0,0.0,0.0,0.0,0.0,0.0,0.0,0.0,0.0,0.0,0.0,0.0,0.0,0.0,0.0,0.0,0.0,0.0,0.0,0.0,0.0,0.0,0.0,0.0,0.0,0.0,0.0,0.0,0.0,0.24892784683051272,-0.14151512129818994,-0.004041735267654818,-0.016692606459590455,0.005084768988801412,0.1530229640955475,0.0,0.0,0.0,0.0,0.0,0.0,0.0,0.0,0.0,0.0,0.0,0.0,0.0,0.0,0.0,0.0,0.0,0.0,0.0,0.0,0.0,0.0,0.0,0.0,0.0,0.0,0.0,0.0,0.0,0.0,0.0,0.0,0.0,0.0,0.0,0.0
10800000000,10,800000000,Archimede_odom,Archimede_base_link,-8.577680649750553,13.113893460207459,345.2489289558669,-0.034425069227907584,0.16562411413253933,0.98334965261121,-0.06638545123653238,0.0,0.0,0.0,0.0,0.0,0.0,0.0,0.0,0.0,0.0,0.0,0.0,0.0,0.0,0.0,0.0,0.0,0.0,0.0,0.0,0.0,0.0,0.0,0.0,0.0,0.0,0.0,0.0,0.0,0.0,0.0,0.0,0.0,0.0,0.0,0.0,0.24656230267156154,-0.1428505310079337,-0.0043429786500055355,-0.016829141823465597,0.0054107251038073316,0.15920297090161278,0.0,0.0,0.0,0.0,0.0,0.0,0.0,0.0,0.0,0.0,0.0,0.0,0.0,0.0,0.0,0.0,0.0,0.0,0.0,0.0,0.0,0.0,0.0,0.0,0.0,0.0,0.0,0.0,0.0,0.0,0.0,0.0,0.0,0.0,0.0,0.0
10900000000,10,900000000,Archimede_odom,Archimede_base_link,-8.603682647443627,13.123497761972981,345.24271286841923,-0.0333058600508537,0.1650453513565213,0.9829134226611541,-0.07437711499117469,0.0,0.0,0.0,0.0,0.0,0.0,0.0,0.0,0.0,0.0,0.0,0.0,0.0,0.0,0.0,0.0,0.0,0.0,0.0,0.0,0.0,0.0,0.0,0.0,0.0,0.0,0.0,0.0,0.0,0.0,0.0,0.0,0.0,0.0,0.0,0.0,0.24399378939866131,-0.14389838781950157,-0.004602074711779435,-0.017010105808985772,0.005608936633935202,0.16221765595803989,0.0,0.0,0.0,0.0,0.0,0.0,0.0,0.0,0.0,0.0,0.0,0.0,0.0,0.0,0.0,0.0,0.0,0.0,0.0,0.0,0.0,0.0,0.0,0.0,0.0,0.0,0.0,0.0,0.0,0.0,0.0,0.0,0.0,0.0,0.0,0.0
11000000000,11,0,Archimede_odom,Archimede_base_link,-8.62959594221505,13.13241688492054,345.2365962610275,-0.032364504567141836,0.1644226060380183,0.9824151790694917,-0.08232959007336554,0.0,0.0,0.0,0.0,0.0,0.0,0.0,0.0,0.0,0.0,0.0,0.0,0.0,0.0,0.0,0.0,0.0,0.0,0.0,0.0,0.0,0.0,0.0,0.0,0.0,0.0,0.0,0.0,0.0,0.0,0.0,0.0,0.0,0.0,0.0,0.0,0.24485658464003784,-0.13473277740786976,-0.011115773650190872,-0.01778543616640092,0.023397206790238146,0.15654900824140586,0.0,0.0,0.0,0.0,0.0,0.0,0.0,0.0,0.0,0.0,0.0,0.0,0.0,0.0,0.0,0.0,0.0,0.0,0.0,0.0,0.0,0.0,0.0,0.0,0.0,0.0,0.0,0.0,0.0,0.0,0.0,0.0,0.0,0.0,0.0,0.0
11100000000,11,100000000,Archimede_odom,Archimede_base_link,-8.656254702011138,13.140791773045631,345.23001482540974,-0.03212062885073897,0.16367182819218204,0.9818295365853236,-0.09050170687401762,0.0,0.0,0.0,0.0,0.0,0.0,0.0,0.0,0.0,0.0,0.0,0.0,0.0,0.0,0.0,0.0,0.0,0.0,0.0,0.0,0.0,0.0,0.0,0.0,0.0,0.0,0.0,0.0,0.0,0.0,0.0,0.0,0.0,0.0,0.0,0.0,0.2501441998799604,-0.1450949204529056,-0.011145688253610932,-0.018874855533841498,0.02381946291907323,0.16518458068575045,0.0,0.0,0.0,0.0,0.0,0.0,0.0,0.0,0.0,0.0,0.0,0.0,0.0,0.0,0.0,0.0,0.0,0.0,0.0,0.0,0.0,0.0,0.0,0.0,0.0,0.0,0.0,0.0,0.0,0.0,0.0,0.0,0.0,0.0,0.0,0.0
11200000000,11,200000000,Archimede_odom,Archimede_base_link,-8.683135047288328,13.149156072709173,345.2233941798782,-0.031832779966293134,0.1628851823916727,0.9811542644248072,-0.09895150770890009,0.0,0.0,0.0,0.0,0.0,0.0,0.0,0.0,0.0,0.0,0.0,0.0,0.0,0.0,0.0,0.0,0.0,0.0,0.0,0.0,0.0,0.0,0.0,0.0,0.0,0.0,0.0,0.0,0.0,0.0,0.0,0.0,0.0,0.0,0.0,0.0,0.24798617928788963,-0.1473075450615427,-0.010956629899177225,-0.01943124071605837,0.023877629105441743,0.16902720878830277,0.0,0.0,0.0,0.0,0.0,0.0,0.0,0.0,0.0,0.0,0.0,0.0,0.0,0.0,0.0,0.0,0.0,0.0,0.0,0.0,0.0,0.0,0.0,0.0,0.0,0.0,0.0,0.0,0.0,0.0,0.0,0.0,0.0,0.0,0.0,0.0
11300000000,11,300000000,Archimede_odom,Archimede_base_link,-8.709900312530095,13.157078903442473,345.2169210462701,-0.03154299268442564,0.16205719573790564,0.9804121637768516,-0.10739876181999736,0.0,0.0,0.0,0.0,0.0,0.0,0.0,0.0,0.0,0.0,0.0,0.0,0.0,0.0,0.0,0.0,0.0,0.0,0.0,0.0,0.0,0.0,0.0,0.0,0.0,0.0,0.0,0.0,0.0,0.0,0.0,0.0,0.0,0.0,0.0,0.0,0.24538368819890105,-0.14547886628547274,-0.010711026076395926,-0.019997361338775672,0.023952855893008725,0.1663238549622968,0.0,0.0,0.0,0.0,0.0,0.0,0.0,0.0,0.0,0.0,0.0,0.0,0.0,0.0,0.0,0.0,0.0,0.0,0.0,0.0,0.0,0.0,0.0,0.0,0.0,0.0,0.0,0.0,0.0,0.0,0.0,0.0,0.0,0.0,0.0,0.0
11400000000,11,400000000,Archimede_odom,Archimede_base_link,-8.736581171193098,13.164756083157377,345.2105379092341,-0.03135306082424253,0.1609619612204465,0.9796432609915434,-0.11578995556987573,0.0,0.0,0.0,0.0,0.0,0.0,0.0,0.0,0.0,0.0,0.0,0.0,0.0,0.0,0.0,0.0,0.0,0.0,0.0,0.0,0.0,0.0,0.0,0.0,0.0,0.0,0.0,0.0,0.0,0.0,0.0,0.0,0.0,0.0,0.0,0.0,0.24193451746341416,-0.14487948079109736,-0.010373211597834935,-0.02904927576213908,0.02879162652941552,0.1628403765812847,0.0,0.0,0.0,0.0,0.0,0.0,0.0,0.0,0.0,0.0,0.0,0.0,0.0,0.0,0.0,0.0,0.0,0.0,0.0,0.0,0.0,0.0,0.0,0.0,0.0,0.0,0.0,0.0,0.0,0.0,0.0,0.0,0.0,0.0,0.0,0.0
11501000000,11,500000000,Archimede_odom,Archimede_base_link,-8.763120871646992,13.172238823192348,345.2042393834504,-0.031254585642196006,0.15960877074935406,0.9788526801383889,-0.12407909478275368,0.0,0.0,0.0,0.0,0.0,0.0,0.0,0.0,0.0,0.0,0.0,0.0,0.0,0.0,0.0,0.0,0.0,0.0,0.0,0.0,0.0,0.0,0.0,0.0,0.0,0.0,0.0,0.0,0.0,0.0,0.0,0.0,0.0,0.0,0.0,0.0,0.23873404682541494,-0.15094304330721556,-0.010095670698675526,-0.02963754267437042,0.028075722074729047,0.16388419792024306,0.0,0.0,0.0,0.0,0.0,0.0,0.0,0.0,0.0,0.0,0.0,0.0,0.0,0.0,0.0,0.0,0.0,0.0,0.0,0.0,0.0,0.0,0.0,0.0,0.0,0.0,0.0,0.0,0.0,0.0,0.0,0.0,0.0,0.0,0.0,0.0
11600000000,11,600000000,Archimede_odom,Archimede_base_link,-8.789535403785925,13.179741748643956,345.19795230033725,-0.031122554177944683,0.15822281364919574,0.978000479288046,-0.13233287714972708,0.0,0.0,0.0,0.0,0.0,0.0,0.0,0.0,0.0,0.0,0.0,0.0,0.0,0.0,0.0,0.0,0.0,0.0,0.0,0.0,0.0,0.0,0.0,0.0,0.0,0.0,0.0,0.0,0.0,0.0,0.0,0.0,0.0,0.0,0.0,0.0,0.23495546613497464,-0.1536325427170911,-0.009841153039029316,-0.03011185463059966,0.027465055921337477,0.162541418238032,0.0,0.0,0.0,0.0,0.0,0.0,0.0,0.0,0.0,0.0,0.0,0.0,0.0,0.0,0.0,0.0,0.0,0.0,0.0,0.0,0.0,0.0,0.0,0.0,0.0,0.0,0.0,0.0,0.0,0.0,0.0,0.0,0.0,0.0,0.0,0.0
11700000000,11,700000000,Archimede_odom,Archimede_base_link,-8.81568511023714,13.186636694225264,345.19179171904926,-0.031110121893905843,0.1568062314518212,0.9770949614827305,-0.14046139091823695,0.0,0.0,0.0,0.0,0.0,0.0,0.0,0.0,0.0,0.0,0.0,0.0,0.0,0.0,0.0,0.0,0.0,0.0,0.0,0.0,0.0,0.0,0.0,0.0,0.0,0.0,0.0,0.0,0.0,0.0,0.0,0.0,0.0,0.0,0.0,0.0,0.234258548112513,-0.1459742532673591,-0.011896388077893668,-0.030308302078774562,0.03381228933519437,0.1606317258521866,0.0,0.0,0.0,0.0,0.0,0.0,0.0,0.0,0.0,0.0,0.0,0.0,0.0,0.0,0.0,0.0,0.0,0.0,0.0,0.0,0.0,0.0,0.0,0.0,0.0,0.0,0.0,0.0,0.0,0.0,0.0,0.0,0.0,0.0,0.0,0.0
11800000000,11,800000000,Archimede_odom,Archimede_base_link,-8.841859751502342,13.190180785958711,345.1867036262981,-0.031681172983418236,0.15559539373744444,0.9762708958012707,-0.1472464421895106,0.0,0.0,0.0,0.0,0.0,0.0,0.0,0.0,0.0,0.0,0.0,0.0,0.0,0.0,0.0,0.0,0.0,0.0,0.0,0.0,0.0,0.0,0.0,0.0,0.0,0.0,0.0,0.0,0.0,0.0,0.0,0.0,0.0,0.0,0.0,0.0,0.24121587494707794,-0.12198321493719463,-0.006676447232330842,-0.010984592148360322,0.03666269338321323,0.1300369227397491,0.0,0.0,0.0,0.0,0.0,0.0,0.0,0.0,0.0,0.0,0.0,0.0,0.0,0.0,0.0,0.0,0.0,0.0,0.0,0.0,0.0,0.0,0.0,0.0,0.0,0.0,0.0,0.0,0.0,0.0,0.0,0.0,0.0,0.0,0.0,0.0
11900000000,11,900000000,Archimede_odom,Archimede_base_link,-8.868345733413829,13.1944061036675,345.1817357680868,-0.03232893382128624,0.15513100375491165,0.9752842772472672,-0.15397983720685118,0.0,0.0,0.0,0.0,0.0,0.0,0.0,0.0,0.0,0.0,0.0,0.0,0.0,0.0,0.0,0.0,0.0,0.0,0.0,0.0,0.0,0.0,0.0,0.0,0.0,0.0,0.0,0.0,0.0,0.0,0.0,0.0,0.0,0.0,0.0,0.0,0.23842384781050446,-0.136476676695463,-0.0053251206825769455,-0.00801049284113996,0.03519615947654385,0.13683026414207572,0.0,0.0,0.0,0.0,0.0,0.0,0.0,0.0,0.0,0.0,0.0,0.0,0.0,0.0,0.0,0.0,0.0,0.0,0.0,0.0,0.0,0.0,0.0,0.0,0.0,0.0,0.0,0.0,0.0,0.0,0.0,0.0,0.0,0.0,0.0,0.0
12000000000,12,0,Archimede_odom,Archimede_base_link,-8.894818766739192,13.199392740214362,345.1765607367789,-0.03288702388319486,0.15469497417725173,0.9741921011900817,-0.16105172648332336,0.0,0.0,0.0,0.0,0.0,0.0,0.0,0.0,0.0,0.0,0.0,0.0,0.0,0.0,0.0,0.0,0.0,0.0,0.0,0.0,0.0,0.0,0.0,0.0,0.0,0.0,0.0,0.0,0.0,0.0,0.0,0.0,0.0,0.0,0.0,0.0,0.23415137615836099,-0.14155746415236456,-0.0045060727465035455,-0.008080297102516463,0.03469701929655015,0.14049936141137528,0.0,0.0,0.0,0.0,0.0,0.0,0.0,0.0,0.0,0.0,0.0,0.0,0.0,0.0,0.0,0.0,0.0,0.0,0.0,0.0,0.0,0.0,0.0,0.0,0.0,0.0,0.0,0.0,0.0,0.0,0.0,0.0,0.0,0.0,0.0,0.0
12101000000,12,100000000,Archimede_odom,Archimede_base_link,-8.92120477242636,13.204071177946563,345.1711601926853,-0.03383898152731684,0.15414455480507305,0.9730285955342728,-0.16825496077602167,0.0,0.0,0.0,0.0,0.0,0.0,0.0,0.0,0.0,0.0,0.0,0.0,0.0,0.0,0.0,0.0,0.0,0.0,0.0,0.0,0.0,0.0,0.0,0.0,0.0,0.0,0.0,0.0,0.0,0.0,0.0,0.0,0.0,0.0,0.0,0.0,0.2390190035199926,-0.14087647316975913,-0.012284164121858773,-0.0097624302771764,0.05879170550431946,0.14108670319779165,0.0,0.0,0.0,0.0,0.0,0.0,0.0,0.0,0.0,0.0,0.0,0.0,0.0,0.0,0.0,0.0,0.0,0.0,0.0,0.0,0.0,0.0,0.0,0.0,0.0,0.0,0.0,0.0,0.0,0.0,0.0,0.0,0.0,0.0,0.0,0.0
12200000000,12,200000000,Archimede_odom,Archimede_base_link,-8.948487720977274,13.208211547547961,345.16521059654815,-0.03556690846719967,0.15335550211453894,0.9717897620062237,-0.1756181751789112,0.0,0.0,0.0,0.0,0.0,0.0,0.0,0.0,0.0,0.0,0.0,0.0,0.0,0.0,0.0,0.0,0.0,0.0,0.0,0.0,0.0,0.0,0.0,0.0,0.0,0.0,0.0,0.0,0.0,0.0,0.0,0.0,0.0,0.0,0.0,0.0,0.24367923887103685,-0.1417076414255057,-0.011321616171703922,-0.011648962651588771,0.06030016801514927,0.13901942033850007,0.0,0.0,0.0,0.0,0.0,0.0,0.0,0.0,0.0,0.0,0.0,0.0,0.0,0.0,0.0,0.0,0.0,0.0,0.0,0.0,0.0,0.0,0.0,0.0,0.0,0.0,0.0,0.0,0.0,0.0,0.0,0.0,0.0,0.0,0.0,0.0
12300000000,12,300000000,Archimede_odom,Archimede_base_link,-8.975939517400422,13.21208618982708,345.1593084295116,-0.0373127101917289,0.15248527493458758,0.9705117117737623,-0.18292900233760928,0.0,0.0,0.0,0.0,0.0,0.0,0.0,0.0,0.0,0.0,0.0,0.0,0.0,0.0,0.0,0.0,0.0,0.0,0.0,0.0,0.0,0.0,0.0,0.0,0.0,0.0,0.0,0.0,0.0,0.0,0.0,0.0,0.0,0.0,0.0,0.0,0.24216558718103184,-0.14707481797389302,-0.010023019226224093,-0.012465557337145182,0.060230683092645135,0.1412315655885211,0.0,0.0,0.0,0.0,0.0,0.0,0.0,0.0,0.0,0.0,0.0,0.0,0.0,0.0,0.0,0.0,0.0,0.0,0.0,0.0,0.0,0.0,0.0,0.0,0.0,0.0,0.0,0.0,0.0,0.0,0.0,0.0,0.0,0.0,0.0,0.0
12400000000,12,400000000,Archimede_odom,Archimede_base_link,-9.003076623381958,13.215324611593358,345.1536335245788,-0.03882619969987102,0.15219682662301157,0.9691601102495799,-0.18988768491867175,0.0,0.0,0.0,0.0,0.0,0.0,0.0,0.0,0.0,0.0,0.0,0.0,0.0,0.0,0.0,0.0,0.0,0.0,0.0,0.0,0.0,0.0,0.0,0.0,0.0,0.0,0.0,0.0,0.0,0.0,0.0,0.0,0.0,0.0,0.0,0.0,0.24037199243520507,-0.14360679341596289,-0.008800464298785476,0.0005419368663153766,0.05154607287282905,0.13426768636705508,0.0,0.0,0.0,0.0,0.0,0.0,0.0,0.0,0.0,0.0,0.0,0.0,0.0,0.0,0.0,0.0,0.0,0.0,0.0,0.0,0.0,0.0,0.0,0.0,0.0,0.0,0.0,0.0,0.0,0.0,0.0,0.0,0.0,0.0,0.0,0.0
12500000000,12,500000000,Archimede_odom,Archimede_base_link,-9.030353722948695,13.218883816020867,345.14785292423517,-0.04028303841779974,0.15199317522443534,0.9677411734286349,-0.19685622355412855,0.0,0.0,0.0,0.0,0.0,0.0,0.0,0.0,0.0,0.0,0.0,0.0,0.0,0.0,0.0,0.0,0.0,0.0,0.0,0.0,0.0,0.0,0.0,0.0,0.0,0.0,0.0,0.0,0.0,0.0,0.0,0.0,0.0,0.0,0.0,0.0,0.23725215034846756,-0.15044074691217463,-0.0074617517711031995,0.00030426410655503113,0.05114437186643452,0.13635191016773113,0.0,0.0,0.0,0.0,0.0,0.0,0.0,0.0,0.0,0.0,0.0,0.0,0.0,0.0,0.0,0.0,0.0,0.0,0.0,0.0,0.0,0.0,0.0,0.0,0.0,0.0,0.0,0.0,0.0,0.0,0.0,0.0,0.0,0.0,0.0,0.0
12600000000,12,600000000,Archimede_odom,Archimede_base_link,-9.057528293757901,13.222554502274274,345.1420642680218,-0.04171485774517052,0.15175715771643852,0.9662772468613463,-0.20380853250829553,0.0,0.0,0.0,0.0,0.0,0.0,0.0,0.0,0.0,0.0,0.0,0.0,0.0,0.0,0.0,0.0,0.0,0.0,0.0,0.0,0.0,0.0,0.0,0.0,0.0,0.0,0.0,0.0,0.0,0.0,0.0,0.0,0.0,0.0,0.0,0.0,0.23392906763862187,-0.15293090558476047,-0.006178371794216896,-0.0004226186009985781,0.05081406066007148,0.13497213450732537,0.0,0.0,0.0,0.0,0.0,0.0,0.0,0.0,0.0,0.0,0.0,0.0,0.0,0.0,0.0,0.0,0.0,0.0,0.0,0.0,0.0,0.0,0.0,0.0,0.0,0.0,0.0,0.0,0.0,0.0,0.0,0.0,0.0,0.0,0.0,0.0
12700000000,12,700000000,Archimede_odom,Archimede_base_link,-9.084542369897724,13.226141913738205,345.136330718464,-0.04314032846241118,0.15146986638892837,0.9647962952448904,-0.2106273968837141,0.0,0.0,0.0,0.0,0.0,0.0,0.0,0.0,0.0,0.0,0.0,0.0,0.0,0.0,0.0,0.0,0.0,0.0,0.0,0.0,0.0,0.0,0.0,0.0,0.0,0.0,0.0,0.0,0.0,0.0,0.0,0.0,0.0,0.0,0.0,0.0,0.23093577427802586,-0.1510202268416036,-0.0050780777631415615,-0.0020641872414273693,0.05055437353677859,0.12937833959771328,0.0,0.0,0.0,0.0,0.0,0.0,0.0,0.0,0.0,0.0,0.0,0.0,0.0,0.0,0.0,0.0,0.0,0.0,0.0,0.0,0.0,0.0,0.0,0.0,0.0,0.0,0.0,0.0,0.0,0.0,0.0,0.0,0.0,0.0,0.0,0.0
12800000000,12,800000000,Archimede_odom,Archimede_base_link,-9.11139018650284,13.228942483582554,345.1306916409635,-0.04479660221189113,0.15103964823550042,0.9633158687306073,-0.21726211391533842,0.0,0.0,0.0,0.0,0.0,0.0,0.0,0.0,0.0,0.0,0.0,0.0,0.0,0.0,0.0,0.0,0.0,0.0,0.0,0.0,0.0,0.0,0.0,0.0,0.0,0.0,0.0,0.0,0.0,0.0,0.0,0.0,0.0,0.0,0.0,0.0,0.23249815500210652,-0.1519184887861348,-0.005365329519779813,-0.0028626019941034608,0.055712231120161305,0.1304852517847575,0.0,0.0,0.0,0.0,0.0,0.0,0.0,0.0,0.0,0.0,0.0,0.0,0.0,0.0,0.0,0.0,0.0,0.0,0.0,0.0,0.0,0.0,0.0,0.0,0.0,0.0,0.0,0.0,0.0,0.0,0.0,0.0,0.0,0.0,0.0,0.0
12900000000,12,900000000,Archimede_odom,Archimede_base_link,-9.13841597372142,13.231826167258745,345.1249890667203,-0.046452945602710474,0.15056438589821808,0.9617672938409584,-0.22400036170007337,0.0,0.0,0.0,0.0,0.0,0.0,0.0,0.0,0.0,0.0,0.0,0.0,0.0,0.0,0.0,0.0,0.0,0.0,0.0,0.0,0.0,0.0,0.0,0.0,0.0,0.0,0.0,0.0,0.0,0.0,0.0,0.0,0.0,0.0,0.0,0.0,0.2302650498223818,-0.15438677294182462,-0.004110033324913686,-0.0037154760236633297,0.05567904418146863,0.13121896636379954,0.0,0.0,0.0,0.0,0.0,0.0,0.0,0.0,0.0,0.0,0.0,0.0,0.0,0.0,0.0,0.0,0.0,0.0,0.0,0.0,0.0,0.0,0.0,0.0,0.0,0.0,0.0,0.0,0.0,0.0,0.0,0.0,0.0,0.0,0.0,0.0
13001000000,13,0,Archimede_odom,Archimede_base_link,-9.165203749027487,13.234588661533088,345.11949955986535,-0.04816597996190191,0.1502797528201733,0.9601508770817495,-0.23066496809390993,0.0,0.0,0.0,0.0,0.0,0.0,0.0,0.0,0.0,0.0,0.0,0.0,0.0,0.0,0.0,0.0,0.0,0.0,0.0,0.0,0.0,0.0,0.0,0.0,0.0,0.0,0.0,0.0,0.0,0.0,0.0,0.0,0.0,0.0,0.0,0.0,0.2259281318347636,-0.15484562450196127,-0.001432699036168121,0.0007515766780085849,0.0556059792374148,0.12968812491136392,0.0,0.0,0.0,0.0,0.0,0.0,0.0,0.0,0.0,0.0,0.0,0.0,0.0,0.0,0.0,0.0,0.0,0.0,0.0,0.0,0.0,0.0,0.0,0.0,0.0,0.0,0.0,0.0,0.0,0.0,0.0,0.0,0.0,0.0,0.0,0.0
13100000000,13,100000000,Archimede_odom,Archimede_base_link,-9.19180656549429,13.237364765201654,345.1140495187413,-0.04986176106437791,0.14996428469656012,0.9585074377226458,-0.23725094294728608,0.0,0.0,0.0,0.0,0.0,0.0,0.0,0.0,0.0,0.0,0.0,0.0,0.0,0.0,0.0,0.0,0.0,0.0,0.0,0.0,0.0,0.0,0.0,0.0,0.0,0.0,0.0,0.0,0.0,0.0,0.0,0.0,0.0,0.0,0.0,0.0,0.22255689570129725,-0.1567155350962952,-0.00012598054333765583,3.9018963080386136e-05,0.05523801467132777,0.1275784867204901,0.0,0.0,0.0,0.0,0.0,0.0,0.0,0.0,0.0,0.0,0.0,0.0,0.0,0.0,0.0,0.0,0.0,0.0,0.0,0.0,0.0,0.0,0.0,0.0,0.0,0.0,0.0,0.0,0.0,0.0,0.0,0.0,0.0,0.0,0.0,0.0
13200000000,13,200000000,Archimede_odom,Archimede_base_link,-9.21825968705885,13.240024824248419,345.1085735339393,-0.05166869491476356,0.14957337719516653,0.9568564893491348,-0.2436879348484176,0.0,0.0,0.0,0.0,0.0,0.0,0.0,0.0,0.0,0.0,0.0,0.0,0.0,0.0,0.0,0.0,0.0,0.0,0.0,0.0,0.0,0.0,0.0,0.0,0.0,0.0,0.0,0.0,0.0,0.0,0.0,0.0,0.0,0.0,0.0,0.0,0.2226813247768137,-0.1566348930665483,-0.004473790403958185,-0.0008641688948041884,0.07082553532922715,0.1214231228660088,0.0,0.0,0.0,0.0,0.0,0.0,0.0,0.0,0.0,0.0,0.0,0.0,0.0,0.0,0.0,0.0,0.0,0.0,0.0,0.0,0.0,0.0,0.0,0.0,0.0,0.0,0.0,0.0,0.0,0.0,0.0,0.0,0.0,0.0,0.0,0.0
13300000000,13,300000000,Archimede_odom,Archimede_base_link,-9.245077775720196,13.241985158271362,345.10270452373646,-0.05417825234863199,0.14911609360184333,0.955219101589601,-0.24977104627984806,0.0,0.0,0.0,0.0,0.0,0.0,0.0,0.0,0.0,0.0,0.0,0.0,0.0,0.0,0.0,0.0,0.0,0.0,0.0,0.0,0.0,0.0,0.0,0.0,0.0,0.0,0.0,0.0,0.0,0.0,0.0,0.0,0.0,0.0,0.0,0.0,0.22653537608808763,-0.1518398077592919,-0.003005714932509849,0.022488320481335467,0.05754511048443611,0.11023723042668632,0.0,0.0,0.0,0.0,0.0,0.0,0.0,0.0,0.0,0.0,0.0,0.0,0.0,0.0,0.0,0.0,0.0,0.0,0.0,0.0,0.0,0.0,0.0,0.0,0.0,0.0,0.0,0.0,0.0,0.0,0.0,0.0,0.0,0.0,0.0,0.0
13400000000,13,400000000,Archimede_odom,Archimede_base_link,-9.271689670211815,13.243176541455723,345.09708823975967,-0.056232841769859626,0.15040506841306067,0.9535033882122598,-0.25504405809563413,0.0,0.0,0.0,0.0,0.0,0.0,0.0,0.0,0.0,0.0,0.0,0.0,0.0,0.0,0.0,0.0,0.0,0.0,0.0,0.0,0.0,0.0,0.0,0.0,0.0,0.0,0.0,0.0,0.0,0.0,0.0,0.0,0.0,0.0,0.0,0.0,0.22704110063824157,-0.15630016767808458,-0.0012145367521464103,0.03121149693244582,0.05297077069372226,0.10318247000855432,0.0,0.0,0.0,0.0,0.0,0.0,0.0,0.0,0.0,0.0,0.0,0.0,0.0,0.0,0.0,0.0,0.0,0.0,0.0,0.0,0.0,0.0,0.0,0.0,0.0,0.0,0.0,0.0,0.0,0.0,0.0,0.0,0.0,0.0,0.0,0.0
13500000000,13,500000000,Archimede_odom,Archimede_base_link,-9.298845297477484,13.245138365839338,345.09117202553773,-0.05836149200448903,0.15154601742524998,0.9517448011494033,-0.26040271568983064,0.0,0.0,0.0,0.0,0.0,0.0,0.0,0.0,0.0,0.0,0.0,0.0,0.0,0.0,0.0,0.0,0.0,0.0,0.0,0.0,0.0,0.0,0.0,0.0,0.0,0.0,0.0,0.0,0.0,0.0,0.0,0.0,0.0,0.0,0.0,0.0,0.22399764989492219,-0.1671583523959495,0.000579833437046117,0.03203879884800613,0.052761878814373074,0.10718043721189534,0.0,0.0,0.0,0.0,0.0,0.0,0.0,0.0,0.0,0.0,0.0,0.0,0.0,0.0,0.0,0.0,0.0,0.0,0.0,0.0,0.0,0.0,0.0,0.0,0.0,0.0,0.0,0.0,0.0,0.0,0.0,0.0,0.0,0.0,0.0,0.0
13600000000,13,600000000,Archimede_odom,Archimede_base_link,-9.325959712297768,13.246461429010168,345.0852361069561,-0.06046792941089736,0.15217220210655444,0.9501457370120121,-0.2653494466862538,0.0,0.0,0.0,0.0,0.0,0.0,0.0,0.0,0.0,0.0,0.0,0.0,0.0,0.0,0.0,0.0,0.0,0.0,0.0,0.0,0.0,0.0,0.0,0.0,0.0,0.0,0.0,0.0,0.0,0.0,0.0,0.0,0.0,0.0,0.0,0.0,0.22835590898863384,-0.16360743630857366,-0.00015681350858071872,0.02018463640815943,0.05423433940621959,0.09489070145157683,0.0,0.0,0.0,0.0,0.0,0.0,0.0,0.0,0.0,0.0,0.0,0.0,0.0,0.0,0.0,0.0,0.0,0.0,0.0,0.0,0.0,0.0,0.0,0.0,0.0,0.0,0.0,0.0,0.0,0.0,0.0,0.0,0.0,0.0,0.0,0.0
13700000000,13,700000000,Archimede_odom,Archimede_base_link,-9.353433913159071,13.247949448487775,345.0791473316128,-0.06260093907433933,0.15269281542502394,0.9485730714875245,-0.27013913932141403,0.0,0.0,0.0,0.0,0.0,0.0,0.0,0.0,0.0,0.0,0.0,0.0,0.0,0.0,0.0,0.0,0.0,0.0,0.0,0.0,0.0,0.0,0.0,0.0,0.0,0.0,0.0,0.0,0.0,0.0,0.0,0.0,0.0,0.0,0.0,0.0,0.22662590988764758,-0.16774898460280754,0.001490978962216056,0.020132910021476012,0.05420466989596677,0.09210066608455263,0.0,0.0,0.0,0.0,0.0,0.0,0.0,0.0,0.0,0.0,0.0,0.0,0.0,0.0,0.0,0.0,0.0,0.0,0.0,0.0,0.0,0.0,0.0,0.0,0.0,0.0,0.0,0.0,0.0,0.0,0.0,0.0,0.0,0.0,0.0,0.0
13800000000,13,800000000,Archimede_odom,Archimede_base_link,-9.380825790570931,13.249288584954986,345.0730277719003,-0.06485384475544766,0.15313378272503453,0.9470012557927008,-0.27483203040367415,0.0,0.0,0.0,0.0,0.0,0.0,0.0,0.0,0.0,0.0,0.0,0.0,0.0,0.0,0.0,0.0,0.0,0.0,0.0,0.0,0.0,0.0,0.0,0.0,0.0,0.0,0.0,0.0,0.0,0.0,0.0,0.0,0.0,0.0,0.0,0.0,0.2269131334622701,-0.16675253356016131,0.0016012092847242291,0.01900297735862571,0.05874457959984033,0.09121797659598134,0.0,0.0,0.0,0.0,0.0,0.0,0.0,0.0,0.0,0.0,0.0,0.0,0.0,0.0,0.0,0.0,0.0,0.0,0.0,0.0,0.0,0.0,0.0,0.0,0.0,0.0,0.0,0.0,0.0,0.0,0.0,0.0,0.0,0.0,0.0,0.0
13900000000,13,900000000,Archimede_odom,Archimede_base_link,-9.408344283967546,13.250410925031868,345.06687371050964,-0.06720949468258247,0.15349950012240104,0.9454056771404131,-0.2795154609630062,0.0,0.0,0.0,0.0,0.0,0.0,0.0,0.0,0.0,0.0,0.0,0.0,0.0,0.0,0.0,0.0,0.0,0.0,0.0,0.0,0.0,0.0,0.0,0.0,0.0,0.0,0.0,0.0,0.0,0.0,0.0,0.0,0.0,0.0,0.0,0.0,0.2263708398559427,-0.1684746860681217,0.0032659477659479825,0.018400377505145702,0.05913779058377662,0.09014784553109383,0.0,0.0,0.0,0.0,0.0,0.0,0.0,0.0,0.0,0.0,0.0,0.0,0.0,0.0,0.0,0.0,0.0,0.0,0.0,0.0,0.0,0.0,0.0,0.0,0.0,0.0,0.0,0.0,0.0,0.0,0.0,0.0,0.0,0.0,0.0,0.0
14000000000,14,0,Archimede_odom,Archimede_base_link,-9.435778278796306,13.25144445853897,345.0608023922212,-0.0695524544280994,0.15386619670957133,0.9438017754384025,-0.28412296329666475,0.0,0.0,0.0,0.0,0.0,0.0,0.0,0.0,0.0,0.0,0.0,0.0,0.0,0.0,0.0,0.0,0.0,0.0,0.0,0.0,0.0,0.0,0.0,0.0,0.0,0.0,0.0,0.0,0.0,0.0,0.0,0.0,0.0,0.0,0.0,0.0,0.2210472379075333,-0.16391818363565103,0.008562205034601016,0.024837943718898255,0.05303242553499017,0.09132428587232772,0.0,0.0,0.0,0.0,0.0,0.0,0.0,0.0,0.0,0.0,0.0,0.0,0.0,0.0,0.0,0.0,0.0,0.0,0.0,0.0,0.0,0.0,0.0,0.0,0.0,0.0,0.0,0.0,0.0,0.0,0.0,0.0,0.0,0.0,0.0,0.0
14100000000,14,100000000,Archimede_odom,Archimede_base_link,-9.461633371090741,13.253319358402365,345.0550014223422,-0.07154744960278767,0.15492247948492793,0.9414819552407588,-0.2906745874025048,0.0,0.0,0.0,0.0,0.0,0.0,0.0,0.0,0.0,0.0,0.0,0.0,0.0,0.0,0.0,0.0,0.0,0.0,0.0,0.0,0.0,0.0,0.0,0.0,0.0,0.0,0.0,0.0,0.0,0.0,0.0,0.0,0.0,0.0,0.0,0.0,0.20000598582619053,-0.1609570469509391,0.0035735197747873058,0.013154281985881413,0.05249176649922395,0.16769848716201496,0.0,0.0,0.0,0.0,0.0,0.0,0.0,0.0,0.0,0.0,0.0,0.0,0.0,0.0,0.0,0.0,0.0,0.0,0.0,0.0,0.0,0.0,0.0,0.0,0.0,0.0,0.0,0.0,0.0,0.0,0.0,0.0,0.0,0.0,0.0,0.0
14200000000,14,200000000,Archimede_odom,Archimede_base_link,-9.488381655396864,13.25596069073872,345.0482938318846,-0.0729916258018124,0.1553310397967912,0.9387353479542504,-0.2988652491335654,0.0,0.0,0.0,0.0,0.0,0.0,0.0,0.0,0.0,0.0,0.0,0.0,0.0,0.0,0.0,0.0,0.0,0.0,0.0,0.0,0.0,0.0,0.0,0.0,0.0,0.0,0.0,0.0,0.0,0.0,0.0,0.0,0.0,0.0,0.0,0.0,0.20734998700564705,-0.19839000439323332,0.0048246065442071355,0.012000579462299576,0.054432651470129836,0.16388376337262298,0.0,0.0,0.0,0.0,0.0,0.0,0.0,0.0,0.0,0.0,0.0,0.0,0.0,0.0,0.0,0.0,0.0,0.0,0.0,0.0,0.0,0.0,0.0,0.0,0.0,0.0,0.0,0.0,0.0,0.0,0.0,0.0,0.0,0.0,0.0,0.0
14300000000,14,300000000,Archimede_odom,Archimede_base_link,-9.516149722180694,13.259481302300534,345.04081840962056,-0.0741225623273594,0.15574994438338444,0.9360096733403556,-0.30681214446608907,0.0,0.0,0.0,0.0,0.0,0.0,0.0,0.0,0.0,0.0,0.0,0.0,0.0,0.0,0.0,0.0,0.0,0.0,0.0,0.0,0.0,0.0,0.0,0.0,0.0,0.0,0.0,0.0,0.0,0.0,0.0,0.0,0.0,0.0,0.0,0.0,0.20705227178826865,-0.20557466577263975,-0.0003943095439600348,0.011338689501330546,0.03767010279652556,0.1658785255652069,0.0,0.0,0.0,0.0,0.0,0.0,0.0,0.0,0.0,0.0,0.0,0.0,0.0,0.0,0.0,0.0,0.0,0.0,0.0,0.0,0.0,0.0,0.0,0.0,0.0,0.0,0.0,0.0,0.0,0.0,0.0,0.0,0.0,0.0,0.0,0.0
14400000000,14,400000000,Archimede_odom,Archimede_base_link,-9.544416886831005,13.263146414771036,345.03277776286495,-0.07500119741417129,0.156517405630966,0.9331163649746712,-0.3149142288583488,0.0,0.0,0.0,0.0,0.0,0.0,0.0,0.0,0.0,0.0,0.0,0.0,0.0,0.0,0.0,0.0,0.0,0.0,0.0,0.0,0.0,0.0,0.0,0.0,0.0,0.0,0.0,0.0,0.0,0.0,0.0,0.0,0.0,0.0,0.0,0.0,0.20429705729471945,-0.21545062035060725,0.0008316328996462958,0.020675053419493696,0.043793194144302716,0.1703974647284391,0.0,0.0,0.0,0.0,0.0,0.0,0.0,0.0,0.0,0.0,0.0,0.0,0.0,0.0,0.0,0.0,0.0,0.0,0.0,0.0,0.0,0.0,0.0,0.0,0.0,0.0,0.0,0.0,0.0,0.0,0.0,0.0,0.0,0.0,0.0,0.0
14500000000,14,500000000,Archimede_odom,Archimede_base_link,-9.573018855571108,13.267186681713653,345.02455583450336,-0.07605155202291242,0.157394579279798,0.9301076049009352,-0.3230215954912108,0.0,0.0,0.0,0.0,0.0,0.0,0.0,0.0,0.0,0.0,0.0,0.0,0.0,0.0,0.0,0.0,0.0,0.0,0.0,0.0,0.0,0.0,0.0,0.0,0.0,0.0,0.0,0.0,0.0,0.0,0.0,0.0,0.0,0.0,0.0,0.0,0.2009933019900782,-0.22519304573983198,0.0021172226486570957,0.019838939864690017,0.04397667979255589,0.16630009868571466,0.0,0.0,0.0,0.0,0.0,0.0,0.0,0.0,0.0,0.0,0.0,0.0,0.0,0.0,0.0,0.0,0.0,0.0,0.0,0.0,0.0,0.0,0.0,0.0,0.0,0.0,0.0,0.0,0.0,0.0,0.0,0.0,0.0,0.0,0.0,0.0
14600000000,14,600000000,Archimede_odom,Archimede_base_link,-9.601516811126196,13.271806977523486,345.01634176607683,-0.0771627304066517,0.1584901205145649,0.9270325817234077,-0.3309643291333715,0.0,0.0,0.0,0.0,0.0,0.0,0.0,0.0,0.0,0.0,0.0,0.0,0.0,0.0,0.0,0.0,0.0,0.0,0.0,0.0,0.0,0.0,0.0,0.0,0.0,0.0,0.0,0.0,0.0,0.0,0.0,0.0,0.0,0.0,0.0,0.0,0.190536004303128,-0.23158295908397492,0.004729456995526954,0.024689101083938427,0.04287797021716426,0.1644706218663388,0.0,0.0,0.0,0.0,0.0,0.0,0.0,0.0,0.0,0.0,0.0,0.0,0.0,0.0,0.0,0.0,0.0,0.0,0.0,0.0,0.0,0.0,0.0,0.0,0.0,0.0,0.0,0.0,0.0,0.0,0.0,0.0,0.0,0.0,0.0,0.0
14700000000,14,700000000,Archimede_odom,Archimede_base_link,-9.629720914534305,13.276867114701894,345.0080793209937,-0.07823206419426224,0.15952508232158336,0.9239374922648544,-0.33877869270296324,0.0,0.0,0.0,0.0,0.0,0.0,0.0,0.0,0.0,0.0,0.0,0.0,0.0,0.0,0.0,0.0,0.0,0.0,0.0,0.0,0.0,0.0,0.0,0.0,0.0,0.0,0.0,0.0,0.0,0.0,0.0,0.0,0.0,0.0,0.0,0.0,0.18199025459573853,-0.2321282787264846,0.006027352728725131,0.02360383881374401,0.04233098518544019,0.16471619874350185,0.0,0.0,0.0,0.0,0.0,0.0,0.0,0.0,0.0,0.0,0.0,0.0,0.0,0.0,0.0,0.0,0.0,0.0,0.0,0.0,0.0,0.0,0.0,0.0,0.0,0.0,0.0,0.0,0.0,0.0,0.0,0.0,0.0,0.0,0.0,0.0
14800000000,14,800000000,Archimede_odom,Archimede_base_link,-9.657251203772214,13.281184824491682,345.00021341466214,-0.07940438409850528,0.16053501524792968,0.9208953958440035,-0.346229869564427,0.0,0.0,0.0,0.0,0.0,0.0,0.0,0.0,0.0,0.0,0.0,0.0,0.0,0.0,0.0,0.0,0.0,0.0,0.0,0.0,0.0,0.0,0.0,0.0,0.0,0.0,0.0,0.0,0.0,0.0,0.0,0.0,0.0,0.0,0.0,0.0,0.18784192497364122,-0.20906660300264393,0.007636678464534631,0.024974434004173998,0.04566545317478003,0.13911172335431338,0.0,0.0,0.0,0.0,0.0,0.0,0.0,0.0,0.0,0.0,0.0,0.0,0.0,0.0,0.0,0.0,0.0,0.0,0.0,0.0,0.0,0.0,0.0,0.0,0.0,0.0,0.0,0.0,0.0,0.0,0.0,0.0,0.0,0.0,0.0,0.0
14900000000,14,900000000,Archimede_odom,Archimede_base_link,-9.68437386920405,13.28241343705957,344.9932475048556,-0.08103543888417447,0.16124981957733853,0.9184804112559026,-0.3518884588478471,0.0,0.0,0.0,0.0,0.0,0.0,0.0,0.0,0.0,0.0,0.0,0.0,0.0,0.0,0.0,0.0,0.0,0.0,0.0,0.0,0.0,0.0,0.0,0.0,0.0,0.0,0.0,0.0,0.0,0.0,0.0,0.0,0.0,0.0,0.0,0.0,0.20009383243626674,-0.1957498138206622,0.008863062439352008,0.022324489836179153,0.047770213872833686,0.10126216774114397,0.0,0.0,0.0,0.0,0.0,0.0,0.0,0.0,0.0,0.0,0.0,0.0,0.0,0.0,0.0,0.0,0.0,0.0,0.0,0.0,0.0,0.0,0.0,0.0,0.0,0.0,0.0,0.0,0.0,0.0,0.0,0.0,0.0,0.0,0.0,0.0
15000000000,15,0,Archimede_odom,Archimede_base_link,-9.711397704945574,13.283249737828351,344.9864068409307,-0.08277916011349581,0.1618628606162786,0.9163115440602072,-0.35682093439990104,0.0,0.0,0.0,0.0,0.0,0.0,0.0,0.0,0.0,0.0,0.0,0.0,0.0,0.0,0.0,0.0,0.0,0.0,0.0,0.0,0.0,0.0,0.0,0.0,0.0,0.0,0.0,0.0,0.0,0.0,0.0,0.0,0.0,0.0,0.0,0.0,0.1873426261912681,-0.20972157620540974,0.010288596295341127,0.02310959797266119,0.04627721159532587,0.11642135990929255,0.0,0.0,0.0,0.0,0.0,0.0,0.0,0.0,0.0,0.0,0.0,0.0,0.0,0.0,0.0,0.0,0.0,0.0,0.0,0.0,0.0,0.0,0.0,0.0,0.0,0.0,0.0,0.0,0.0,0.0,0.0,0.0,0.0,0.0,0.0,0.0
15100000000,15,100000000,Archimede_odom,Archimede_base_link,-9.736735237503058,13.284569406688846,344.97985753162015,-0.08431553257566274,0.16246994063893586,0.9140654847953512,-0.36190979381760674,0.0,0.0,0.0,0.0,0.0,0.0,0.0,0.0,0.0,0.0,0.0,0.0,0.0,0.0,0.0,0.0,0.0,0.0,0.0,0.0,0.0,0.0,0.0,0.0,0.0,0.0,0.0,0.0,0.0,0.0,0.0,0.0,0.0,0.0,0.0,0.0,0.1747977751620177,-0.17719349466075524,0.009418688240942419,0.01630951481346366,0.04159515185323721,0.07998124922563878,0.0,0.0,0.0,0.0,0.0,0.0,0.0,0.0,0.0,0.0,0.0,0.0,0.0,0.0,0.0,0.0,0.0,0.0,0.0,0.0,0.0,0.0,0.0,0.0,0.0,0.0,0.0,0.0,0.0,0.0,0.0,0.0,0.0,0.0,0.0,0.0
15200000000,15,200000000,Archimede_odom,Archimede_base_link,-9.759826842252036,13.284383244690563,344.9741410841152,-0.08611859062680002,0.16271200304579403,0.9132493765575771,-0.36343358214462745,0.0,0.0,0.0,0.0,0.0,0.0,0.0,0.0,0.0,0.0,0.0,0.0,0.0,0.0,0.0,0.0,0.0,0.0,0.0,0.0,0.0,0.0,0.0,0.0,0.0,0.0,0.0,0.0,0.0,0.0,0.0,0.0,0.0,0.0,0.0,0.0,0.16598400730389481,-0.139792227248195,0.006001126760809914,0.016002481724102458,0.026737505755939573,-0.010295956953441501,0.0,0.0,0.0,0.0,0.0,0.0,0.0,0.0,0.0,0.0,0.0,0.0,0.0,0.0,0.0,0.0,0.0,0.0,0.0,0.0,0.0,0.0,0.0,0.0,0.0,0.0,0.0,0.0,0.0,0.0,0.0,0.0,0.0,0.0,0.0,0.0
15300000000,15,300000000,Archimede_odom,Archimede_base_link,-9.783516034557465,13.283324345882903,344.9680333065425,-0.08780128956847535,0.16297425205391505,0.9132674432263412,-0.3628676120300645,0.0,0.0,0.0,0.0,0.0,0.0,0.0,0.0,0.0,0.0,0.0,0.0,0.0,0.0,0.0,0.0,0.0,0.0,0.0,0.0,0.0,0.0,0.0,0.0,0.0,0.0,0.0,0.0,0.0,0.0,0.0,0.0,0.0,0.0,0.0,0.0,0.1874318613804707,-0.1809727285642257,0.006872808665870285,0.018590528079327585,0.027561902293931823,-0.01899982905194549,0.0,0.0,0.0,0.0,0.0,0.0,0.0,0.0,0.0,0.0,0.0,0.0,0.0,0.0,0.0,0.0,0.0,0.0,0.0,0.0,0.0,0.0,0.0,0.0,0.0,0.0,0.0,0.0,0.0,0.0,0.0,0.0,0.0,0.0,0.0,0.0
15401000000,15,400000000,Archimede_odom,Archimede_base_link,-9.809335692326227,13.283340546628425,344.9610564989645,-0.08958981454904845,0.16323701819679065,0.9133996883789922,-0.3619783837309177,0.0,0.0,0.0,0.0,0.0,0.0,0.0,0.0,0.0,0.0,0.0,0.0,0.0,0.0,0.0,0.0,0.0,0.0,0.0,0.0,0.0,0.0,0.0,0.0,0.0,0.0,0.0,0.0,0.0,0.0,0.0,0.0,0.0,0.0,0.0,0.0,0.18978942429280252,-0.1930256431650977,0.007874425154395966,0.019051751734367788,0.027559484493311748,-0.025013802379982235,0.0,0.0,0.0,0.0,0.0,0.0,0.0,0.0,0.0,0.0,0.0,0.0,0.0,0.0,0.0,0.0,0.0,0.0,0.0,0.0,0.0,0.0,0.0,0.0,0.0,0.0,0.0,0.0,0.0,0.0,0.0,0.0,0.0,0.0,0.0,0.0
15500000000,15,500000000,Archimede_odom,Archimede_base_link,-9.835249728117324,13.283274887572524,344.95381949647486,-0.09119219039136979,0.1630123376845674,0.9136108987978829,-0.3611455216003115,0.0,0.0,0.0,0.0,0.0,0.0,0.0,0.0,0.0,0.0,0.0,0.0,0.0,0.0,0.0,0.0,0.0,0.0,0.0,0.0,0.0,0.0,0.0,0.0,0.0,0.0,0.0,0.0,0.0,0.0,0.0,0.0,0.0,0.0,0.0,0.0,0.19398533676655577,-0.18831416484076433,0.0042283170652708795,-0.0007651912720562081,0.02819576684569013,-0.02261716420081596,0.0,0.0,0.0,0.0,0.0,0.0,0.0,0.0,0.0,0.0,0.0,0.0,0.0,0.0,0.0,0.0,0.0,0.0,0.0,0.0,0.0,0.0,0.0,0.0,0.0,0.0,0.0,0.0,0.0,0.0,0.0,0.0,0.0,0.0,0.0,0.0
15600000000,15,600000000,Archimede_odom,Archimede_base_link,-9.861756927090171,13.283230128074974,344.9461764760654,-0.09284821310409358,0.16241847699023293,0.9140165460147683,-0.3599627776128843,0.0,0.0,0.0,0.0,0.0,0.0,0.0,0.0,0.0,0.0,0.0,0.0,0.0,0.0,0.0,0.0,0.0,0.0,0.0,0.0,0.0,0.0,0.0,0.0,0.0,0.0,0.0,0.0,0.0,0.0,0.0,0.0,0.0,0.0,0.0,0.0,0.19692649934124642,-0.19771237579192816,0.004720173725665449,0.0031946850161942326,0.030736074101233957,-0.03665554891955851,0.0,0.0,0.0,0.0,0.0,0.0,0.0,0.0,0.0,0.0,0.0,0.0,0.0,0.0,0.0,0.0,0.0,0.0,0.0,0.0,0.0,0.0,0.0,0.0,0.0,0.0,0.0,0.0,0.0,0.0,0.0,0.0,0.0,0.0,0.0,0.0
15700000000,15,700000000,Archimede_odom,Archimede_base_link,-9.888738561528642,13.283536733695584,344.9382893238338,-0.09463808629069398,0.16181577981487247,0.9145897694886396,-0.35830830240570316,0.0,0.0,0.0,0.0,0.0,0.0,0.0,0.0,0.0,0.0,0.0,0.0,0.0,0.0,0.0,0.0,0.0,0.0,0.0,0.0,0.0,0.0,0.0,0.0,0.0,0.0,0.0,0.0,0.0,0.0,0.0,0.0,0.0,0.0,0.0,0.0,0.19820163982286404,-0.200904656604218,0.0053017733472350784,0.0030189277976053136,0.030523527784379945,-0.04442736173385803,0.0,0.0,0.0,0.0,0.0,0.0,0.0,0.0,0.0,0.0,0.0,0.0,0.0,0.0,0.0,0.0,0.0,0.0,0.0,0.0,0.0,0.0,0.0,0.0,0.0,0.0,0.0,0.0,0.0,0.0,0.0,0.0,0.0,0.0,0.0,0.0
15800000000,15,800000000,Archimede_odom,Archimede_base_link,-9.915881210877911,13.284000035219941,344.93032683036057,-0.096462711494584,0.16121334891708713,0.9152537335891524,-0.35639276728515035,0.0,0.0,0.0,0.0,0.0,0.0,0.0,0.0,0.0,0.0,0.0,0.0,0.0,0.0,0.0,0.0,0.0,0.0,0.0,0.0,0.0,0.0,0.0,0.0,0.0,0.0,0.0,0.0,0.0,0.0,0.0,0.0,0.0,0.0,0.0,0.0,0.1982867638019391,-0.20049309689843317,0.007788281358482796,0.008308354763259149,0.028352370928027643,-0.04726027957405241,0.0,0.0,0.0,0.0,0.0,0.0,0.0,0.0,0.0,0.0,0.0,0.0,0.0,0.0,0.0,0.0,0.0,0.0,0.0,0.0,0.0,0.0,0.0,0.0,0.0,0.0,0.0,0.0,0.0,0.0,0.0,0.0,0.0,0.0,0.0,0.0
15900000000,15,900000000,Archimede_odom,Archimede_base_link,-9.942574218899365,13.284528245848286,344.9226768270848,-0.09841739434704509,0.1610471921639477,0.9157874625064419,-0.35455767077029776,0.0,0.0,0.0,0.0,0.0,0.0,0.0,0.0,0.0,0.0,0.0,0.0,0.0,0.0,0.0,0.0,0.0,0.0,0.0,0.0,0.0,0.0,0.0,0.0,0.0,0.0,0.0,0.0,0.0,0.0,0.0,0.0,0.0,0.0,0.0,0.0,0.1956115634295173,-0.19607887901741997,0.008736054978697736,0.01240451933244155,0.029890385266123965,-0.04261526253883317,0.0,0.0,0.0,0.0,0.0,0.0,0.0,0.0,0.0,0.0,0.0,0.0,0.0,0.0,0.0,0.0,0.0,0.0,0.0,0.0,0.0,0.0,0.0,0.0,0.0,0.0,0.0,0.0,0.0,0.0,0.0,0.0,0.0,0.0,0.0,0.0
16000000000,16,0,Archimede_odom,Archimede_base_link,-9.969354451467867,13.28514263165003,344.914986773713,-0.1001517513191137,0.16071472931484332,0.916348759619932,-0.3527681295581887,0.0,0.0,0.0,0.0,0.0,0.0,0.0,0.0,0.0,0.0,0.0,0.0,0.0,0.0,0.0,0.0,0.0,0.0,0.0,0.0,0.0,0.0,0.0,0.0,0.0,0.0,0.0,0.0,0.0,0.0,0.0,0.0,0.0,0.0,0.0,0.0,0.19985229005061925,-0.1947791121558607,0.009576599701810486,0.0060711369042947055,0.02628611767612054,-0.04525275291881003,0.0,0.0,0.0,0.0,0.0,0.0,0.0,0.0,0.0,0.0,0.0,0.0,0.0,0.0,0.0,0.0,0.0,0.0,0.0,0.0,0.0,0.0,0.0,0.0,0.0,0.0,0.0,0.0,0.0,0.0,0.0,0.0,0.0,0.0,0.0,0.0
16100000000,16,100000000,Archimede_odom,Archimede_base_link,-9.99629780002318,13.285250382774525,344.90737935815895,-0.10184723417806611,0.16029774679404724,0.9169959432020478,-0.35078513853072,0.0,0.0,0.0,0.0,0.0,0.0,0.0,0.0,0.0,0.0,0.0,0.0,0.0,0.0,0.0,0.0,0.0,0.0,0.0,0.0,0.0,0.0,0.0,0.0,0.0,0.0,0.0,0.0,0.0,0.0,0.0,0.0,0.0,0.0,0.0,0.0,0.20081844791416786,-0.19608603997237278,0.010196981480486223,0.006173666534209985,0.026179601215207786,-0.04702258014949586,0.0,0.0,0.0,0.0,0.0,0.0,0.0,0.0,0.0,0.0,0.0,0.0,0.0,0.0,0.0,0.0,0.0,0.0,0.0,0.0,0.0,0.0,0.0,0.0,0.0,0.0,0.0,0.0,0.0,0.0,0.0,0.0,0.0,0.0,0.0,0.0
16200000000,16,200000000,Archimede_odom,Archimede_base_link,-10.0233416492138,13.285500371100984,344.899705387259,-0.10355147243598052,0.15987883635775496,0.9176554713685825,-0.34874673634105213,0.0,0.0,0.0,0.0,0.0,0.0,0.0,0.0,0.0,0.0,0.0,0.0,0.0,0.0,0.0,0.0,0.0,0.0,0.0,0.0,0.0,0.0,0.0,0.0,0.0,0.0,0.0,0.0,0.0,0.0,0.0,0.0,0.0,0.0,0.0,0.0,0.2029444915303761,-0.1948622054221417,0.010897269158319137,0.006350628294915346,0.026278723007469345,-0.048453083701624565,0.0,0.0,0.0,0.0,0.0,0.0,0.0,0.0,0.0,0.0,0.0,0.0,0.0,0.0,0.0,0.0,0.0,0.0,0.0,0.0,0.0,0.0,0.0,0.0,0.0,0.0,0.0,0.0,0.0,0.0,0.0,0.0,0.0,0.0,0.0,0.0
16300000000,16,300000000,Archimede_odom,Archimede_base_link,-10.050454418203827,13.285794603939935,344.8919994630777,-0.10526115791266041,0.15946194001943859,0.9183156184997434,-0.3466819913689732,0.0,0.0,0.0,0.0,0.0,0.0,0.0,0.0,0.0,0.0,0.0,0.0,0.0,0.0,0.0,0.0,0.0,0.0,0.0,0.0,0.0,0.0,0.0,0.0,0.0,0.0,0.0,0.0,0.0,0.0,0.0,0.0,0.0,0.0,0.0,0.0,0.20377667855546383,-0.19500784860427206,0.011554833464815721,0.006460511072145505,0.026247628154316954,-0.048562534641401714,0.0,0.0,0.0,0.0,0.0,0.0,0.0,0.0,0.0,0.0,0.0,0.0,0.0,0.0,0.0,0.0,0.0,0.0,0.0,0.0,0.0,0.0,0.0,0.0,0.0,0.0,0.0,0.0,0.0,0.0,0.0,0.0,0.0,0.0,0.0,0.0
16400000000,16,400000000,Archimede_odom,Archimede_base_link,-10.077626768634444,13.286060373733397,344.8842841966338,-0.10697784082660099,0.15904809660421154,0.9189724926843819,-0.3445997710795954,0.0,0.0,0.0,0.0,0.0,0.0,0.0,0.0,0.0,0.0,0.0,0.0,0.0,0.0,0.0,0.0,0.0,0.0,0.0,0.0,0.0,0.0,0.0,0.0,0.0,0.0,0.0,0.0,0.0,0.0,0.0,0.0,0.0,0.0,0.0,0.0,0.20609930509930866,-0.19315111729344264,0.012291688104617202,0.006656378117341684,0.02639710952232422,-0.049213477933626994,0.0,0.0,0.0,0.0,0.0,0.0,0.0,0.0,0.0,0.0,0.0,0.0,0.0,0.0,0.0,0.0,0.0,0.0,0.0,0.0,0.0,0.0,0.0,0.0,0.0,0.0,0.0,0.0,0.0,0.0,0.0,0.0,0.0,0.0,0.0,0.0
16500000000,16,500000000,Archimede_odom,Archimede_base_link,-10.100692830533825,13.281440490451141,344.87857485399826,-0.10838035139938082,0.15873583986710663,0.9201880587805831,-0.3410433536221649,0.0,0.0,0.0,0.0,0.0,0.0,0.0,0.0,0.0,0.0,0.0,0.0,0.0,0.0,0.0,0.0,0.0,0.0,0.0,0.0,0.0,0.0,0.0,0.0,0.0,0.0,0.0,0.0,0.0,0.0,0.0,0.0,0.0,0.0,0.0,0.0,0.22727504784334326,-0.1346734011098431,0.008153036669148146,0.0077782284189304605,0.013804166434078252,-0.06719171684645972,0.0,0.0,0.0,0.0,0.0,0.0,0.0,0.0,0.0,0.0,0.0,0.0,0.0,0.0,0.0,0.0,0.0,0.0,0.0,0.0,0.0,0.0,0.0,0.0,0.0,0.0,0.0,0.0,0.0,0.0,0.0,0.0,0.0,0.0,0.0,0.0
16600000000,16,600000000,Archimede_odom,Archimede_base_link,-10.127339391361785,13.277095630969782,344.8715619820899,-0.10954152619173362,0.15833203455763684,0.9209700196451103,-0.33874155899049346,0.0,0.0,0.0,0.0,0.0,0.0,0.0,0.0,0.0,0.0,0.0,0.0,0.0,0.0,0.0,0.0,0.0,0.0,0.0,0.0,0.0,0.0,0.0,0.0,0.0,0.0,0.0,0.0,0.0,0.0,0.0,0.0,0.0,0.0,0.0,0.0,0.23647446994863291,-0.16289407576365328,0.007830764667762818,0.001245217858876966,0.015683346945253633,-0.04661285586875198,0.0,0.0,0.0,0.0,0.0,0.0,0.0,0.0,0.0,0.0,0.0,0.0,0.0,0.0,0.0,0.0,0.0,0.0,0.0,0.0,0.0,0.0,0.0,0.0,0.0,0.0,0.0,0.0,0.0,0.0,0.0,0.0,0.0,0.0,0.0,0.0
16700000000,16,700000000,Archimede_odom,Archimede_base_link,-10.155152262648704,13.27391757797032,344.8638789175156,-0.11083772752125375,0.1580309626507853,0.9215742028803666,-0.33681181925076126,0.0,0.0,0.0,0.0,0.0,0.0,0.0,0.0,0.0,0.0,0.0,0.0,0.0,0.0,0.0,0.0,0.0,0.0,0.0,0.0,0.0,0.0,0.0,0.0,0.0,0.0,0.0,0.0,0.0,0.0,0.0,0.0,0.0,0.0,0.0,0.0,0.235094225347507,-0.17109472173418308,0.008432781582376012,0.021483660722299548,0.027921944765407842,-0.04287229344669871,0.0,0.0,0.0,0.0,0.0,0.0,0.0,0.0,0.0,0.0,0.0,0.0,0.0,0.0,0.0,0.0,0.0,0.0,0.0,0.0,0.0,0.0,0.0,0.0,0.0,0.0,0.0,0.0,0.0,0.0,0.0,0.0,0.0,0.0,0.0,0.0
16800000000,16,800000000,Archimede_odom,Archimede_base_link,-10.182875545582245,13.270814138047152,344.85620841415846,-0.1124352027499544,0.1580708109489836,0.9219285518381021,-0.3352904550001496,0.0,0.0,0.0,0.0,0.0,0.0,0.0,0.0,0.0,0.0,0.0,0.0,0.0,0.0,0.0,0.0,0.0,0.0,0.0,0.0,0.0,0.0,0.0,0.0,0.0,0.0,0.0,0.0,0.0,0.0,0.0,0.0,0.0,0.0,0.0,0.0,0.23712455493040877,-0.1718858740557287,0.009277590690103189,0.014008694694981857,0.023842294850645943,-0.03687365061015464,0.0,0.0,0.0,0.0,0.0,0.0,0.0,0.0,0.0,0.0,0.0,0.0,0.0,0.0,0.0,0.0,0.0,0.0,0.0,0.0,0.0,0.0,0.0,0.0,0.0,0.0,0.0,0.0,0.0,0.0,0.0,0.0,0.0,0.0,0.0,0.0
16900000000,16,900000000,Archimede_odom,Archimede_base_link,-10.210646351051018,13.268526213931564,344.84874850414775,-0.11429422730793307,0.158950616390579,0.9220761779078004,-0.3338368662806433,0.0,0.0,0.0,0.0,0.0,0.0,0.0,0.0,0.0,0.0,0.0,0.0,0.0,0.0,0.0,0.0,0.0,0.0,0.0,0.0,0.0,0.0,0.0,0.0,0.0,0.0,0.0,0.0,0.0,0.0,0.0,0.0,0.0,0.0,0.0,0.0,0.2282502502748526,-0.17440459557369328,0.014564532496354535,0.03349848330530693,0.023312197394437243,-0.028753602057549454,0.0,0.0,0.0,0.0,0.0,0.0,0.0,0.0,0.0,0.0,0.0,0.0,0.0,0.0,0.0,0.0,0.0,0.0,0.0,0.0,0.0,0.0,0.0,0.0,0.0,0.0,0.0,0.0,0.0,0.0,0.0,0.0,0.0,0.0,0.0,0.0
17000000000,17,0,Archimede_odom,Archimede_base_link,-10.238372110956325,13.266875893048638,344.84119423468474,-0.11614705967233474,0.15993461664943462,0.9221565032699841,-0.3325028757823687,0.0,0.0,0.0,0.0,0.0,0.0,0.0,0.0,0.0,0.0,0.0,0.0,0.0,0.0,0.0,0.0,0.0,0.0,0.0,0.0,0.0,0.0,0.0,0.0,0.0,0.0,0.0,0.0,0.0,0.0,0.0,0.0,0.0,0.0,0.0,0.0,0.22631553064680182,-0.17492475356196174,0.015571869696186045,0.033200412935558074,0.02319787750456769,-0.028035329706603124,0.0,0.0,0.0,0.0,0.0,0.0,0.0,0.0,0.0,0.0,0.0,0.0,0.0,0.0,0.0,0.0,0.0,0.0,0.0,0.0,0.0,0.0,0.0,0.0,0.0,0.0,0.0,0.0,0.0,0.0,0.0,0.0,0.0,0.0,0.0,0.0
17100000000,17,100000000,Archimede_odom,Archimede_base_link,-10.265872896503364,13.265238159037047,344.83370789126303,-0.1176880728805449,0.1607040487452183,0.9222387496376265,-0.3313599476179721,0.0,0.0,0.0,0.0,0.0,0.0,0.0,0.0,0.0,0.0,0.0,0.0,0.0,0.0,0.0,0.0,0.0,0.0,0.0,0.0,0.0,0.0,0.0,0.0,0.0,0.0,0.0,0.0,0.0,0.0,0.0,0.0,0.0,0.0,0.0,0.0,0.22488914853937278,-0.1718289432462004,0.016412315510316865,0.02010120023445536,0.015411999872815793,-0.021135310119966524,0.0,0.0,0.0,0.0,0.0,0.0,0.0,0.0,0.0,0.0,0.0,0.0,0.0,0.0,0.0,0.0,0.0,0.0,0.0,0.0,0.0,0.0,0.0,0.0,0.0,0.0,0.0,0.0,0.0,0.0,0.0,0.0,0.0,0.0,0.0,0.0
17200000000,17,200000000,Archimede_odom,Archimede_base_link,-10.29347518115164,13.263866819187895,344.8261257980404,-0.11893425797440027,0.16123731413224454,0.9223875908827246,-0.33023976592327925,0.0,0.0,0.0,0.0,0.0,0.0,0.0,0.0,0.0,0.0,0.0,0.0,0.0,0.0,0.0,0.0,0.0,0.0,0.0,0.0,0.0,0.0,0.0,0.0,0.0,0.0,0.0,0.0,0.0,0.0,0.0,0.0,0.0,0.0,0.0,0.0,0.22525606642227675,-0.1788441448719295,0.01721630132190518,0.020337489808490462,0.015522136246772428,-0.02654075099464954,0.0,0.0,0.0,0.0,0.0,0.0,0.0,0.0,0.0,0.0,0.0,0.0,0.0,0.0,0.0,0.0,0.0,0.0,0.0,0.0,0.0,0.0,0.0,0.0,0.0,0.0,0.0,0.0,0.0,0.0,0.0,0.0,0.0,0.0,0.0,0.0
17300000000,17,300000000,Archimede_odom,Archimede_base_link,-10.321298921398071,13.262855772114094,344.8183827569737,-0.12021413206514375,0.16175381012908627,0.9225968299792016,-0.32893670618049864,0.0,0.0,0.0,0.0,0.0,0.0,0.0,0.0,0.0,0.0,0.0,0.0,0.0,0.0,0.0,0.0,0.0,0.0,0.0,0.0,0.0,0.0,0.0,0.0,0.0,0.0,0.0,0.0,0.0,0.0,0.0,0.0,0.0,0.0,0.0,0.0,0.22522133149002416,-0.18095594300549173,0.0179355138504709,0.0204579067301427,0.015472134454583824,-0.02949964682549932,0.0,0.0,0.0,0.0,0.0,0.0,0.0,0.0,0.0,0.0,0.0,0.0,0.0,0.0,0.0,0.0,0.0,0.0,0.0,0.0,0.0,0.0,0.0,0.0,0.0,0.0,0.0,0.0,0.0,0.0,0.0,0.0,0.0,0.0,0.0,0.0
17400000000,17,400000000,Archimede_odom,Archimede_base_link,-10.349197053119598,13.26199079328804,344.8105783245774,-0.121509599753048,0.16226298613758233,0.9228371583042045,-0.32753277660501273,0.0,0.0,0.0,0.0,0.0,0.0,0.0,0.0,0.0,0.0,0.0,0.0,0.0,0.0,0.0,0.0,0.0,0.0,0.0,0.0,0.0,0.0,0.0,0.0,0.0,0.0,0.0,0.0,0.0,0.0,0.0,0.0,0.0,0.0,0.0,0.0,0.22561066125281565,-0.1813651356838254,0.018658333991479113,0.0205629640184913,0.015403890775466497,-0.03108889703012089,0.0,0.0,0.0,0.0,0.0,0.0,0.0,0.0,0.0,0.0,0.0,0.0,0.0,0.0,0.0,0.0,0.0,0.0,0.0,0.0,0.0,0.0,0.0,0.0,0.0,0.0,0.0,0.0,0.0,0.0,0.0,0.0,0.0,0.0,0.0,0.0
17500000000,17,500000000,Archimede_odom,Archimede_base_link,-10.376972038705693,13.261010576661592,344.8027990678246,-0.1227659964789009,0.1627893989361585,0.9231033177825966,-0.3260496686109483,0.0,0.0,0.0,0.0,0.0,0.0,0.0,0.0,0.0,0.0,0.0,0.0,0.0,0.0,0.0,0.0,0.0,0.0,0.0,0.0,0.0,0.0,0.0,0.0,0.0,0.0,0.0,0.0,0.0,0.0,0.0,0.0,0.0,0.0,0.0,0.0,0.22411105813350835,-0.1613426038727151,0.015584767088234216,0.02135574215506133,0.0060578921286770305,-0.03478212860986222,0.0,0.0,0.0,0.0,0.0,0.0,0.0,0.0,0.0,0.0,0.0,0.0,0.0,0.0,0.0,0.0,0.0,0.0,0.0,0.0,0.0,0.0,0.0,0.0,0.0,0.0,0.0,0.0,0.0,0.0,0.0,0.0,0.0,0.0,0.0,0.0
17600000000,17,600000000,Archimede_odom,Archimede_base_link,-10.403973745880176,13.257527279462343,344.795117035626,-0.1231125877938173,0.1633898776854629,0.9234344301887142,-0.3246781356030675,0.0,0.0,0.0,0.0,0.0,0.0,0.0,0.0,0.0,0.0,0.0,0.0,0.0,0.0,0.0,0.0,0.0,0.0,0.0,0.0,0.0,0.0,0.0,0.0,0.0,0.0,0.0,0.0,0.0,0.0,0.0,0.0,0.0,0.0,0.0,0.0,0.24479684507980118,-0.1567099650581062,0.009370307632920793,0.002593829016355045,-0.0029445555226735717,-0.02061310217736629,0.0,0.0,0.0,0.0,0.0,0.0,0.0,0.0,0.0,0.0,0.0,0.0,0.0,0.0,0.0,0.0,0.0,0.0,0.0,0.0,0.0,0.0,0.0,0.0,0.0,0.0,0.0,0.0,0.0,0.0,0.0,0.0,0.0,0.0,0.0,0.0
17700000000,17,700000000,Archimede_odom,Archimede_base_link,-10.43230635885089,13.253766842835084,344.7868791519202,-0.12337896286700283,0.1633514952896273,0.9238428067827937,-0.3234322013408609,0.0,0.0,0.0,0.0,0.0,0.0,0.0,0.0,0.0,0.0,0.0,0.0,0.0,0.0,0.0,0.0,0.0,0.0,0.0,0.0,0.0,0.0,0.0,0.0,0.0,0.0,0.0,0.0,0.0,0.0,0.0,0.0,0.0,0.0,0.0,0.0,0.2512179996893356,-0.16482936358329647,0.010804082239446086,0.0027875288211596095,0.00012468028438090617,-0.030308106007170276,0.0,0.0,0.0,0.0,0.0,0.0,0.0,0.0,0.0,0.0,0.0,0.0,0.0,0.0,0.0,0.0,0.0,0.0,0.0,0.0,0.0,0.0,0.0,0.0,0.0,0.0,0.0,0.0,0.0,0.0,0.0,0.0,0.0,0.0,0.0,0.0
17800000000,17,800000000,Archimede_odom,Archimede_base_link,-10.460998964674697,13.250257904213292,344.77857284851547,-0.12391906397298139,0.16362547223791693,0.924257038900309,-0.3219001342997724,0.0,0.0,0.0,0.0,0.0,0.0,0.0,0.0,0.0,0.0,0.0,0.0,0.0,0.0,0.0,0.0,0.0,0.0,0.0,0.0,0.0,0.0,0.0,0.0,0.0,0.0,0.0,0.0,0.0,0.0,0.0,0.0,0.0,0.0,0.0,0.0,0.24542162116899094,-0.16294908024887275,0.018249624891996104,0.04017900326799333,0.002394006141931635,-0.027364601277412637,0.0,0.0,0.0,0.0,0.0,0.0,0.0,0.0,0.0,0.0,0.0,0.0,0.0,0.0,0.0,0.0,0.0,0.0,0.0,0.0,0.0,0.0,0.0,0.0,0.0,0.0,0.0,0.0,0.0,0.0,0.0,0.0,0.0,0.0,0.0,0.0
17900000000,17,900000000,Archimede_odom,Archimede_base_link,-10.489217101164911,13.247714648455004,344.7708563829412,-0.12529155362221162,0.16558107595064384,0.9241756667859368,-0.3205998608838259,0.0,0.0,0.0,0.0,0.0,0.0,0.0,0.0,0.0,0.0,0.0,0.0,0.0,0.0,0.0,0.0,0.0,0.0,0.0,0.0,0.0,0.0,0.0,0.0,0.0,0.0,0.0,0.0,0.0,0.0,0.0,0.0,0.0,0.0,0.0,0.0,0.23985982916304688,-0.17105458850509964,0.019021237725726135,0.04633019454400675,0.008157201608690042,-0.022179157316065394,0.0,0.0,0.0,0.0,0.0,0.0,0.0,0.0,0.0,0.0,0.0,0.0,0.0,0.0,0.0,0.0,0.0,0.0,0.0,0.0,0.0,0.0,0.0,0.0,0.0,0.0,0.0,0.0,0.0,0.0,0.0,0.0,0.0,0.0,0.0,0.0
18000000000,18,0,Archimede_odom,Archimede_base_link,-10.517461239806773,13.245656397145579,344.7629980181255,-0.12658082157706887,0.16744119727329046,0.9240870460237546,-0.3193804509290646,0.0,0.0,0.0,0.0,0.0,0.0,0.0,0.0,0.0,0.0,0.0,0.0,0.0,0.0,0.0,0.0,0.0,0.0,0.0,0.0,0.0,0.0,0.0,0.0,0.0,0.0,0.0,0.0,0.0,0.0,0.0,0.0,0.0,0.0,0.0,0.0,0.23863423842967743,-0.17264309829318117,0.01996671235681636,0.04586615069605819,0.008301418316486706,-0.021732250665624182,0.0,0.0,0.0,0.0,0.0,0.0,0.0,0.0,0.0,0.0,0.0,0.0,0.0,0.0,0.0,0.0,0.0,0.0,0.0,0.0,0.0,0.0,0.0,0.0,0.0,0.0,0.0,0.0,0.0,0.0,0.0,0.0,0.0,0.0,0.0,0.0
18100000000,18,100000000,Archimede_odom,Archimede_base_link,-10.545972482542663,13.244009172457734,344.75495343121673,-0.1278553110991229,0.16925115810451158,0.9240158256393362,-0.3181223331865967,0.0,0.0,0.0,0.0,0.0,0.0,0.0,0.0,0.0,0.0,0.0,0.0,0.0,0.0,0.0,0.0,0.0,0.0,0.0,0.0,0.0,0.0,0.0,0.0,0.0,0.0,0.0,0.0,0.0,0.0,0.0,0.0,0.0,0.0,0.0,0.0,0.2385516849552154,-0.17615329529408427,0.021055700299423857,0.04035359290738326,0.005220160764558548,-0.02284878746319971,0.0,0.0,0.0,0.0,0.0,0.0,0.0,0.0,0.0,0.0,0.0,0.0,0.0,0.0,0.0,0.0,0.0,0.0,0.0,0.0,0.0,0.0,0.0,0.0,0.0,0.0,0.0,0.0,0.0,0.0,0.0,0.0,0.0,0.0,0.0,0.0
18200000000,18,200000000,Archimede_odom,Archimede_base_link,-10.574535489696798,13.242587569397859,344.74683434588746,-0.1289358758932762,0.17087659615777856,0.9240133716189822,-0.3168217446175147,0.0,0.0,0.0,0.0,0.0,0.0,0.0,0.0,0.0,0.0,0.0,0.0,0.0,0.0,0.0,0.0,0.0,0.0,0.0,0.0,0.0,0.0,0.0,0.0,0.0,0.0,0.0,0.0,0.0,0.0,0.0,0.0,0.0,0.0,0.0,0.0,0.2379463363148398,-0.17703993364871565,0.021865270347440558,0.040202383980991886,0.005224609945866021,-0.02400753569531151,0.0,0.0,0.0,0.0,0.0,0.0,0.0,0.0,0.0,0.0,0.0,0.0,0.0,0.0,0.0,0.0,0.0,0.0,0.0,0.0,0.0,0.0,0.0,0.0,0.0,0.0,0.0,0.0,0.0,0.0,0.0,0.0,0.0,0.0,0.0,0.0
18301000000,18,300000000,Archimede_odom,Archimede_base_link,-10.603122031561076,13.241275823223038,344.7386775477058,-0.130020852235002,0.172493543130702,0.9240208327602728,-0.31547750504166294,0.0,0.0,0.0,0.0,0.0,0.0,0.0,0.0,0.0,0.0,0.0,0.0,0.0,0.0,0.0,0.0,0.0,0.0,0.0,0.0,0.0,0.0,0.0,0.0,0.0,0.0,0.0,0.0,0.0,0.0,0.0,0.0,0.0,0.0,0.0,0.0,0.23819924463141634,-0.17715871141621722,0.022706269331330797,0.040206302395568175,0.005158107063416496,-0.024735920740899815,0.0,0.0,0.0,0.0,0.0,0.0,0.0,0.0,0.0,0.0,0.0,0.0,0.0,0.0,0.0,0.0,0.0,0.0,0.0,0.0,0.0,0.0,0.0,0.0,0.0,0.0,0.0,0.0,0.0,0.0,0.0,0.0,0.0,0.0,0.0,0.0
18400000000,18,400000000,Archimede_odom,Archimede_base_link,-10.631742995242627,13.240009125195744,344.73049701739745,-0.13110736608736334,0.17410842938082566,0.9240334743530361,-0.31410070304160903,0.0,0.0,0.0,0.0,0.0,0.0,0.0,0.0,0.0,0.0,0.0,0.0,0.0,0.0,0.0,0.0,0.0,0.0,0.0,0.0,0.0,0.0,0.0,0.0,0.0,0.0,0.0,0.0,0.0,0.0,0.0,0.0,0.0,0.0,0.0,0.0,0.23873931827138845,-0.17695696433483066,0.023554160349842156,0.04026285980229338,0.005062367166465491,-0.025311728137796568,0.0,0.0,0.0,0.0,0.0,0.0,0.0,0.0,0.0,0.0,0.0,0.0,0.0,0.0,0.0,0.0,0.0,0.0,0.0,0.0,0.0,0.0,0.0,0.0,0.0,0.0,0.0,0.0,0.0,0.0,0.0,0.0,0.0,0.0,0.0,0.0
18501000000,18,500000000,Archimede_odom,Archimede_base_link,-10.660395286244187,13.238758843269594,344.7223012690737,-0.1321932755249262,0.1757239078770327,0.9240481033808959,-0.31269977413580596,0.0,0.0,0.0,0.0,0.0,0.0,0.0,0.0,0.0,0.0,0.0,0.0,0.0,0.0,0.0,0.0,0.0,0.0,0.0,0.0,0.0,0.0,0.0,0.0,0.0,0.0,0.0,0.0,0.0,0.0,0.0,0.0,0.0,0.0,0.0,0.0,0.23936820150208593,-0.1765180237014069,0.024396675463289268,0.040330235958998296,0.00495369792721797,-0.025681174163812222,0.0,0.0,0.0,0.0,0.0,0.0,0.0,0.0,0.0,0.0,0.0,0.0,0.0,0.0,0.0,0.0,0.0,0.0,0.0,0.0,0.0,0.0,0.0,0.0,0.0,0.0,0.0,0.0,0.0,0.0,0.0,0.0,0.0,0.0,0.0,0.0
18600000000,18,600000000,Archimede_odom,Archimede_base_link,-10.688482943990884,13.236436868090564,344.71417053660264,-0.13280428399740454,0.1773320679730125,0.9240617950730396,-0.3114902224897972,0.0,0.0,0.0,0.0,0.0,0.0,0.0,0.0,0.0,0.0,0.0,0.0,0.0,0.0,0.0,0.0,0.0,0.0,0.0,0.0,0.0,0.0,0.0,0.0,0.0,0.0,0.0,0.0,0.0,0.0,0.0,0.0,0.0,0.0,0.0,0.0,0.24515082673446398,-0.15309283345439395,0.013999680270631847,0.00887438710977465,-0.005191204357655806,-0.010109860287518656,0.0,0.0,0.0,0.0,0.0,0.0,0.0,0.0,0.0,0.0,0.0,0.0,0.0,0.0,0.0,0.0,0.0,0.0,0.0,0.0,0.0,0.0,0.0,0.0,0.0,0.0,0.0,0.0,0.0,0.0,0.0,0.0,0.0,0.0,0.0,0.0
18700000000,18,700000000,Archimede_odom,Archimede_base_link,-10.716966288636614,13.232914977467468,344.70538759575476,-0.1328062674869582,0.17753553204684233,0.924333665723317,-0.3105654594244545,0.0,0.0,0.0,0.0,0.0,0.0,0.0,0.0,0.0,0.0,0.0,0.0,0.0,0.0,0.0,0.0,0.0,0.0,0.0,0.0,0.0,0.0,0.0,0.0,0.0,0.0,0.0,0.0,0.0,0.0,0.0,0.0,0.0,0.0,0.0,0.0,0.25783412899790303,-0.16716256971415394,0.013814562175693209,0.004990750783956587,-0.005421978484407183,-0.027801342829141235,0.0,0.0,0.0,0.0,0.0,0.0,0.0,0.0,0.0,0.0,0.0,0.0,0.0,0.0,0.0,0.0,0.0,0.0,0.0,0.0,0.0,0.0,0.0,0.0,0.0,0.0,0.0,0.0,0.0,0.0,0.0,0.0,0.0,0.0,0.0,0.0
18800000000,18,800000000,Archimede_odom,Archimede_base_link,-10.74607972649216,13.230100228713923,344.69657427262894,-0.13315184529786486,0.1783309841244267,0.9246649235332897,-0.30897156079834026,0.0,0.0,0.0,0.0,0.0,0.0,0.0,0.0,0.0,0.0,0.0,0.0,0.0,0.0,0.0,0.0,0.0,0.0,0.0,0.0,0.0,0.0,0.0,0.0,0.0,0.0,0.0,0.0,0.0,0.0,0.0,0.0,0.0,0.0,0.0,0.0,0.24752931537792375,-0.16381393479419715,0.019605773936745556,0.03194223423886298,-0.0043716323257002535,-0.024937411855384346,0.0,0.0,0.0,0.0,0.0,0.0,0.0,0.0,0.0,0.0,0.0,0.0,0.0,0.0,0.0,0.0,0.0,0.0,0.0,0.0,0.0,0.0,0.0,0.0,0.0,0.0,0.0,0.0,0.0,0.0,0.0,0.0,0.0,0.0,0.0,0.0
18900000000,18,900000000,Archimede_odom,Archimede_base_link,-10.774179930116768,13.227274505343027,344.6883783403995,-0.1330983123345294,0.17929565190865632,0.9248338028123472,-0.30792912437118114,0.0,0.0,0.0,0.0,0.0,0.0,0.0,0.0,0.0,0.0,0.0,0.0,0.0,0.0,0.0,0.0,0.0,0.0,0.0,0.0,0.0,0.0,0.0,0.0,0.0,0.0,0.0,0.0,0.0,0.0,0.0,0.0,0.0,0.0,0.0,0.0,0.24726598857308693,-0.16615638250166478,0.01969630097038815,0.015237345851159646,-0.013169882873888353,-0.021121910691833855,0.0,0.0,0.0,0.0,0.0,0.0,0.0,0.0,0.0,0.0,0.0,0.0,0.0,0.0,0.0,0.0,0.0,0.0,0.0,0.0,0.0,0.0,0.0,0.0,0.0,0.0,0.0,0.0,0.0,0.0,0.0,0.0,0.0,0.0,0.0,0.0
19000000000,19,0,Archimede_odom,Archimede_base_link,-10.803029240054354,13.225350005216141,344.6796956112265,-0.1329552754698156,0.17998671120982696,0.9252031170139445,-0.3064749105233528,0.0,0.0,0.0,0.0,0.0,0.0,0.0,0.0,0.0,0.0,0.0,0.0,0.0,0.0,0.0,0.0,0.0,0.0,0.0,0.0,0.0,0.0,0.0,0.0,0.0,0.0,0.0,0.0,0.0,0.0,0.0,0.0,0.0,0.0,0.0,0.0,0.24739887105033773,-0.17471357966135437,0.019935692471585255,0.01398019469443403,-0.013083579449643803,-0.030595956762022,0.0,0.0,0.0,0.0,0.0,0.0,0.0,0.0,0.0,0.0,0.0,0.0,0.0,0.0,0.0,0.0,0.0,0.0,0.0,0.0,0.0,0.0,0.0,0.0,0.0,0.0,0.0,0.0,0.0,0.0,0.0,0.0,0.0,0.0,0.0,0.0
19100000000,19,100000000,Archimede_odom,Archimede_base_link,-10.832074596491692,13.223830761960166,344.67083576701776,-0.13286909309034986,0.1806099325198452,0.9256728876197314,-0.3047221053718829,0.0,0.0,0.0,0.0,0.0,0.0,0.0,0.0,0.0,0.0,0.0,0.0,0.0,0.0,0.0,0.0,0.0,0.0,0.0,0.0,0.0,0.0,0.0,0.0,0.0,0.0,0.0,0.0,0.0,0.0,0.0,0.0,0.0,0.0,0.0,0.0,0.24635336762520077,-0.17277729773645734,0.019681079388785962,0.017199534874481576,-0.011179154774125285,-0.03273235469792858,0.0,0.0,0.0,0.0,0.0,0.0,0.0,0.0,0.0,0.0,0.0,0.0,0.0,0.0,0.0,0.0,0.0,0.0,0.0,0.0,0.0,0.0,0.0,0.0,0.0,0.0,0.0,0.0,0.0,0.0,0.0,0.0,0.0,0.0,0.0,0.0
19200000000,19,200000000,Archimede_odom,Archimede_base_link,-10.860830101106778,13.222033304778773,344.6621395326549,-0.13310730022432682,0.1815785507071363,0.9259777505748694,-0.3031119957876816,0.0,0.0,0.0,0.0,0.0,0.0,0.0,0.0,0.0,0.0,0.0,0.0,0.0,0.0,0.0,0.0,0.0,0.0,0.0,0.0,0.0,0.0,0.0,0.0,0.0,0.0,0.0,0.0,0.0,0.0,0.0,0.0,0.0,0.0,0.0,0.0,0.2490429871528185,-0.17359623397050564,0.02001632647191343,0.021911632940898106,-0.008490744218202378,-0.03195639151128938,0.0,0.0,0.0,0.0,0.0,0.0,0.0,0.0,0.0,0.0,0.0,0.0,0.0,0.0,0.0,0.0,0.0,0.0,0.0,0.0,0.0,0.0,0.0,0.0,0.0,0.0,0.0,0.0,0.0,0.0,0.0,0.0,0.0,0.0,0.0,0.0
19300000000,19,300000000,Archimede_odom,Archimede_base_link,-10.88978655657913,13.220252011196438,344.65337051497704,-0.1333388408382161,0.1825166597830867,0.9263366428441201,-0.30134506226223595,0.0,0.0,0.0,0.0,0.0,0.0,0.0,0.0,0.0,0.0,0.0,0.0,0.0,0.0,0.0,0.0,0.0,0.0,0.0,0.0,0.0,0.0,0.0,0.0,0.0,0.0,0.0,0.0,0.0,0.0,0.0,0.0,0.0,0.0,0.0,0.0,0.25031851857188914,-0.17280300243064325,0.02020786249596987,0.022041589605081114,-0.008754387827270282,-0.03472056809860414,0.0,0.0,0.0,0.0,0.0,0.0,0.0,0.0,0.0,0.0,0.0,0.0,0.0,0.0,0.0,0.0,0.0,0.0,0.0,0.0,0.0,0.0,0.0,0.0,0.0,0.0,0.0,0.0,0.0,0.0,0.0,0.0,0.0,0.0,0.0,0.0
19400000000,19,400000000,Archimede_odom,Archimede_base_link,-10.919067728120833,13.218725040727769,344.6444289038382,-0.13359202252340305,0.18341134284796942,0.9267478244403579,-0.29941930587033794,0.0,0.0,0.0,0.0,0.0,0.0,0.0,0.0,0.0,0.0,0.0,0.0,0.0,0.0,0.0,0.0,0.0,0.0,0.0,0.0,0.0,0.0,0.0,0.0,0.0,0.0,0.0,0.0,0.0,0.0,0.0,0.0,0.0,0.0,0.0,0.0,0.25149841094782055,-0.17557677430974095,0.02053691138901878,0.021545292268132704,-0.008897490993622456,-0.03807505773711255,0.0,0.0,0.0,0.0,0.0,0.0,0.0,0.0,0.0,0.0,0.0,0.0,0.0,0.0,0.0,0.0,0.0,0.0,0.0,0.0,0.0,0.0,0.0,0.0,0.0,0.0,0.0,0.0,0.0,0.0,0.0,0.0,0.0,0.0,0.0,0.0
19500000000,19,500000000,Archimede_odom,Archimede_base_link,-10.948476045171855,13.21735194436568,344.6354017459002,-0.13385589305500395,0.18427540853649926,0.9271970069395714,-0.2973733075201168,0.0,0.0,0.0,0.0,0.0,0.0,0.0,0.0,0.0,0.0,0.0,0.0,0.0,0.0,0.0,0.0,0.0,0.0,0.0,0.0,0.0,0.0,0.0,0.0,0.0,0.0,0.0,0.0,0.0,0.0,0.0,0.0,0.0,0.0,0.0,0.0,0.25232587162066356,-0.17589005248132517,0.020735821500666524,0.021334078048673464,-0.009064920495035099,-0.04010255642635437,0.0,0.0,0.0,0.0,0.0,0.0,0.0,0.0,0.0,0.0,0.0,0.0,0.0,0.0,0.0,0.0,0.0,0.0,0.0,0.0,0.0,0.0,0.0,0.0,0.0,0.0,0.0,0.0,0.0,0.0,0.0,0.0,0.0,0.0,0.0,0.0
19600000000,19,600000000,Archimede_odom,Archimede_base_link,-10.977746840420801,13.215636075741196,344.6262902077931,-0.1339026985411581,0.1850637272824356,0.9276949559813654,-0.29530247681734795,0.0,0.0,0.0,0.0,0.0,0.0,0.0,0.0,0.0,0.0,0.0,0.0,0.0,0.0,0.0,0.0,0.0,0.0,0.0,0.0,0.0,0.0,0.0,0.0,0.0,0.0,0.0,0.0,0.0,0.0,0.0,0.0,0.0,0.0,0.0,0.0,0.25484887137820245,-0.1630436409087331,0.015006009360998263,0.005872241752317348,-0.013404080155540482,-0.03216869083751599,0.0,0.0,0.0,0.0,0.0,0.0,0.0,0.0,0.0,0.0,0.0,0.0,0.0,0.0,0.0,0.0,0.0,0.0,0.0,0.0,0.0,0.0,0.0,0.0,0.0,0.0,0.0,0.0,0.0,0.0,0.0,0.0,0.0,0.0,0.0,0.0
19700000000,19,700000000,Archimede_odom,Archimede_base_link,-11.007150208444287,13.213304914793987,344.61693721714585,-0.13368680168482422,0.1852499975755163,0.9282982263456692,-0.29338145888422834,0.0,0.0,0.0,0.0,0.0,0.0,0.0,0.0,0.0,0.0,0.0,0.0,0.0,0.0,0.0,0.0,0.0,0.0,0.0,0.0,0.0,0.0,0.0,0.0,0.0,0.0,0.0,0.0,0.0,0.0,0.0,0.0,0.0,0.0,0.0,0.0,0.26076735950190855,-0.16676837830427524,0.014678577140142177,0.004012546428103765,-0.0140273021524151,-0.039090101765202424,0.0,0.0,0.0,0.0,0.0,0.0,0.0,0.0,0.0,0.0,0.0,0.0,0.0,0.0,0.0,0.0,0.0,0.0,0.0,0.0,0.0,0.0,0.0,0.0,0.0,0.0,0.0,0.0,0.0,0.0,0.0,0.0,0.0,0.0,0.0,0.0
19800000000,19,800000000,Archimede_odom,Archimede_base_link,-11.03690991620918,13.21101390170495,344.6074245500582,-0.1334947349141803,0.1853242168903696,0.9290022360521036,-0.2911853976324285,0.0,0.0,0.0,0.0,0.0,0.0,0.0,0.0,0.0,0.0,0.0,0.0,0.0,0.0,0.0,0.0,0.0,0.0,0.0,0.0,0.0,0.0,0.0,0.0,0.0,0.0,0.0,0.0,0.0,0.0,0.0,0.0,0.0,0.0,0.0,0.0,0.26390185243661934,-0.16994724005737746,0.01559967187206467,0.003395796216489428,-0.011603456572923396,-0.0477339252565749,0.0,0.0,0.0,0.0,0.0,0.0,0.0,0.0,0.0,0.0,0.0,0.0,0.0,0.0,0.0,0.0,0.0,0.0,0.0,0.0,0.0,0.0,0.0,0.0,0.0,0.0,0.0,0.0,0.0,0.0,0.0,0.0,0.0,0.0,0.0,0.0
19900000000,19,900000000,Archimede_odom,Archimede_base_link,-11.065949151476673,13.208323134916899,344.59844632813116,-0.13259802085854475,0.18456601725644783,0.9299499524795277,-0.28904365763983414,0.0,0.0,0.0,0.0,0.0,0.0,0.0,0.0,0.0,0.0,0.0,0.0,0.0,0.0,0.0,0.0,0.0,0.0,0.0,0.0,0.0,0.0,0.0,0.0,0.0,0.0,0.0,0.0,0.0,0.0,0.0,0.0,0.0,0.0,0.0,0.0,0.25641352224453845,-0.1527454697755197,0.01462547455439745,-0.021392707770893866,-0.02561517456686792,-0.03929948089051222,0.0,0.0,0.0,0.0,0.0,0.0,0.0,0.0,0.0,0.0,0.0,0.0,0.0,0.0,0.0,0.0,0.0,0.0,0.0,0.0,0.0,0.0,0.0,0.0,0.0,0.0,0.0,0.0,0.0,0.0,0.0,0.0,0.0,0.0,0.0,0.0
20001000000,20,0,Archimede_odom,Archimede_base_link,-11.094190569359304,13.205094410642744,344.58989446829025,-0.13106896173513,0.18341752730821664,0.9309116188181943,-0.2873717033653516,0.0,0.0,0.0,0.0,0.0,0.0,0.0,0.0,0.0,0.0,0.0,0.0,0.0,0.0,0.0,0.0,0.0,0.0,0.0,0.0,0.0,0.0,0.0,0.0,0.0,0.0,0.0,0.0,0.0,0.0,0.0,0.0,0.0,0.0,0.0,0.0,0.2595744738644301,-0.15483577841872753,0.013662541269289452,-0.03216091878403375,-0.031667694013362134,-0.038839770840165946,0.0,0.0,0.0,0.0,0.0,0.0,0.0,0.0,0.0,0.0,0.0,0.0,0.0,0.0,0.0,0.0,0.0,0.0,0.0,0.0,0.0,0.0,0.0,0.0,0.0,0.0,0.0,0.0,0.0,0.0,0.0,0.0,0.0,0.0,0.0,0.0
20100000000,20,100000000,Archimede_odom,Archimede_base_link,-11.123201662310858,13.2024470594894,344.5809193534082,-0.12953043205322115,0.18205396009429184,0.9320516042982872,-0.2852332899769608,0.0,0.0,0.0,0.0,0.0,0.0,0.0,0.0,0.0,0.0,0.0,0.0,0.0,0.0,0.0,0.0,0.0,0.0,0.0,0.0,0.0,0.0,0.0,0.0,0.0,0.0,0.0,0.0,0.0,0.0,0.0,0.0,0.0,0.0,0.0,0.0,0.2590689541266209,-0.15429267713988964,0.01219419604476927,-0.026386920745087424,-0.02801758050649016,-0.04437524910090317,0.0,0.0,0.0,0.0,0.0,0.0,0.0,0.0,0.0,0.0,0.0,0.0,0.0,0.0,0.0,0.0,0.0,0.0,0.0,0.0,0.0,0.0,0.0,0.0,0.0,0.0,0.0,0.0,0.0,0.0,0.0,0.0,0.0,0.0,0.0,0.0
20200000000,20,200000000,Archimede_odom,Archimede_base_link,-11.151896795998923,13.199491059154168,344.5721255490717,-0.12863739190594403,0.18134590782004317,0.9329214811958869,-0.2832376970740887,0.0,0.0,0.0,0.0,0.0,0.0,0.0,0.0,0.0,0.0,0.0,0.0,0.0,0.0,0.0,0.0,0.0,0.0,0.0,0.0,0.0,0.0,0.0,0.0,0.0,0.0,0.0,0.0,0.0,0.0,0.0,0.0,0.0,0.0,0.0,0.0,0.263327538541011,-0.15536406402667988,0.011503740769079153,-0.018536238734967493,-0.023211234329879427,-0.04244882535526927,0.0,0.0,0.0,0.0,0.0,0.0,0.0,0.0,0.0,0.0,0.0,0.0,0.0,0.0,0.0,0.0,0.0,0.0,0.0,0.0,0.0,0.0,0.0,0.0,0.0,0.0,0.0,0.0,0.0,0.0,0.0,0.0,0.0,0.0,0.0,0.0
20301000000,20,300000000,Archimede_odom,Archimede_base_link,-11.181325311074588,13.196926590914623,344.5629754714669,-0.1276873054282291,0.18044672157843364,0.9339212060254636,-0.2809379177683512,0.0,0.0,0.0,0.0,0.0,0.0,0.0,0.0,0.0,0.0,0.0,0.0,0.0,0.0,0.0,0.0,0.0,0.0,0.0,0.0,0.0,0.0,0.0,0.0,0.0,0.0,0.0,0.0,0.0,0.0,0.0,0.0,0.0,0.0,0.0,0.0,0.26585258482449975,-0.16069574882203863,0.01075733470433117,-0.020666766364084925,-0.02374338657413532,-0.05084687272026265,0.0,0.0,0.0,0.0,0.0,0.0,0.0,0.0,0.0,0.0,0.0,0.0,0.0,0.0,0.0,0.0,0.0,0.0,0.0,0.0,0.0,0.0,0.0,0.0,0.0,0.0,0.0,0.0,0.0,0.0,0.0,0.0,0.0,0.0,0.0,0.0
20400000000,20,400000000,Archimede_odom,Archimede_base_link,-11.210980329203391,13.194610907123248,344.553673995572,-0.12675751145841643,0.17944787814474994,0.9350134172224435,-0.2783539148857536,0.0,0.0,0.0,0.0,0.0,0.0,0.0,0.0,0.0,0.0,0.0,0.0,0.0,0.0,0.0,0.0,0.0,0.0,0.0,0.0,0.0,0.0,0.0,0.0,0.0,0.0,0.0,0.0,0.0,0.0,0.0,0.0,0.0,0.0,0.0,0.0,0.2670032069431759,-0.16145442807756372,0.009793289990919569,-0.021587818420950318,-0.0239429267898329,-0.05541872355064774,0.0,0.0,0.0,0.0,0.0,0.0,0.0,0.0,0.0,0.0,0.0,0.0,0.0,0.0,0.0,0.0,0.0,0.0,0.0,0.0,0.0,0.0,0.0,0.0,0.0,0.0,0.0,0.0,0.0,0.0,0.0,0.0,0.0,0.0,0.0,0.0
20500000000,20,500000000,Archimede_odom,Archimede_base_link,-11.240450514268582,13.19214743386099,344.54443456259054,-0.12579976541087232,0.1784712459686444,0.9361079131392431,-0.2757252406709631,0.0,0.0,0.0,0.0,0.0,0.0,0.0,0.0,0.0,0.0,0.0,0.0,0.0,0.0,0.0,0.0,0.0,0.0,0.0,0.0,0.0,0.0,0.0,0.0,0.0,0.0,0.0,0.0,0.0,0.0,0.0,0.0,0.0,0.0,0.0,0.0,0.26550807649785846,-0.1484817116687443,0.006643080399382379,-0.018358481102922826,-0.028387828128072647,-0.049126287319802016,0.0,0.0,0.0,0.0,0.0,0.0,0.0,0.0,0.0,0.0,0.0,0.0,0.0,0.0,0.0,0.0,0.0,0.0,0.0,0.0,0.0,0.0,0.0,0.0,0.0,0.0,0.0,0.0,0.0,0.0,0.0,0.0,0.0,0.0,0.0,0.0
20600000000,20,600000000,Archimede_odom,Archimede_base_link,-11.269504809332336,13.189188859281797,344.53560179647826,-0.12478960290385811,0.17827892754406496,0.9369495009845754,-0.2734406912030292,0.0,0.0,0.0,0.0,0.0,0.0,0.0,0.0,0.0,0.0,0.0,0.0,0.0,0.0,0.0,0.0,0.0,0.0,0.0,0.0,0.0,0.0,0.0,0.0,0.0,0.0,0.0,0.0,0.0,0.0,0.0,0.0,0.0,0.0,0.0,0.0,0.2615486662788044,-0.13370054518102703,0.006831962084194028,-0.009223363242985377,-0.02750448676826367,-0.02639496383656072,0.0,0.0,0.0,0.0,0.0,0.0,0.0,0.0,0.0,0.0,0.0,0.0,0.0,0.0,0.0,0.0,0.0,0.0,0.0,0.0,0.0,0.0,0.0,0.0,0.0,0.0,0.0,0.0,0.0,0.0,0.0,0.0,0.0,0.0,0.0,0.0
20700000000,20,700000000,Archimede_odom,Archimede_base_link,-11.298261252512457,13.184848963341047,344.5267746085053,-0.1234401742134057,0.17746803066500777,0.9376926209338191,-0.2720297228765876,0.0,0.0,0.0,0.0,0.0,0.0,0.0,0.0,0.0,0.0,0.0,0.0,0.0,0.0,0.0,0.0,0.0,0.0,0.0,0.0,0.0,0.0,0.0,0.0,0.0,0.0,0.0,0.0,0.0,0.0,0.0,0.0,0.0,0.0,0.0,0.0,0.27763442075941897,-0.14087382877520432,0.0029038500120468673,-0.023556735747341562,-0.028636691088817577,-0.03380780818782051,0.0,0.0,0.0,0.0,0.0,0.0,0.0,0.0,0.0,0.0,0.0,0.0,0.0,0.0,0.0,0.0,0.0,0.0,0.0,0.0,0.0,0.0,0.0,0.0,0.0,0.0,0.0,0.0,0.0,0.0,0.0,0.0,0.0,0.0,0.0,0.0
20800000000,20,800000000,Archimede_odom,Archimede_base_link,-11.327969009486779,13.1807674901864,344.5175393035647,-0.12209432044715718,0.17648068581882556,0.938614948500125,-0.27009169350346834,0.0,0.0,0.0,0.0,0.0,0.0,0.0,0.0,0.0,0.0,0.0,0.0,0.0,0.0,0.0,0.0,0.0,0.0,0.0,0.0,0.0,0.0,0.0,0.0,0.0,0.0,0.0,0.0,0.0,0.0,0.0,0.0,0.0,0.0,0.0,0.0,0.2802790467460622,-0.1435249643472722,0.0017947074597391497,-0.024795143307776747,-0.029233145846623853,-0.04243909024914175,0.0,0.0,0.0,0.0,0.0,0.0,0.0,0.0,0.0,0.0,0.0,0.0,0.0,0.0,0.0,0.0,0.0,0.0,0.0,0.0,0.0,0.0,0.0,0.0,0.0,0.0,0.0,0.0,0.0,0.0,0.0,0.0,0.0,0.0,0.0,0.0
20901000000,20,900000000,Archimede_odom,Archimede_base_link,-11.357084309972725,13.176317339751769,344.5087123511884,-0.12028970863045087,0.17493549248393542,0.9396739787630848,-0.2682177717873251,0.0,0.0,0.0,0.0,0.0,0.0,0.0,0.0,0.0,0.0,0.0,0.0,0.0,0.0,0.0,0.0,0.0,0.0,0.0,0.0,0.0,0.0,0.0,0.0,0.0,0.0,0.0,0.0,0.0,0.0,0.0,0.0,0.0,0.0,0.0,0.0,0.2718123342592793,-0.12258795378616687,0.003978161942197254,-0.04674702605754281,-0.03203952180174112,-0.03358248183576866,0.0,0.0,0.0,0.0,0.0,0.0,0.0,0.0,0.0,0.0,0.0,0.0,0.0,0.0,0.0,0.0,0.0,0.0,0.0,0.0,0.0,0.0,0.0,0.0,0.0,0.0,0.0,0.0,0.0,0.0,0.0,0.0,0.0,0.0,0.0,0.0
21000000000,21,0,Archimede_odom,Archimede_base_link,-11.385935242504335,13.171772297797265,344.5003488000476,-0.11846609167314458,0.17281409990305704,0.9408621320390853,-0.26623208013545874,0.0,0.0,0.0,0.0,0.0,0.0,0.0,0.0,0.0,0.0,0.0,0.0,0.0,0.0,0.0,0.0,0.0,0.0,0.0,0.0,0.0,0.0,0.0,0.0,0.0,0.0,0.0,0.0,0.0,0.0,0.0,0.0,0.0,0.0,0.0,0.0,0.275849497402856,-0.13288800074310272,0.003002556628369675,-0.049973663144102606,-0.03329410206076313,-0.048358557279750754,0.0,0.0,0.0,0.0,0.0,0.0,0.0,0.0,0.0,0.0,0.0,0.0,0.0,0.0,0.0,0.0,0.0,0.0,0.0,0.0,0.0,0.0,0.0,0.0,0.0,0.0,0.0,0.0,0.0,0.0,0.0,0.0,0.0,0.0,0.0,0.0
21101000000,21,100000000,Archimede_odom,Archimede_base_link,-11.414844158634832,13.168273669191585,344.4917899605879,-0.11701171563332975,0.17091525836366947,0.94208677465577,-0.26375887071663284,0.0,0.0,0.0,0.0,0.0,0.0,0.0,0.0,0.0,0.0,0.0,0.0,0.0,0.0,0.0,0.0,0.0,0.0,0.0,0.0,0.0,0.0,0.0,0.0,0.0,0.0,0.0,0.0,0.0,0.0,0.0,0.0,0.0,0.0,0.0,0.0,0.26998107064010346,-0.14408844379876204,0.0024620775473927154,-0.0389587767667117,-0.024939486298718457,-0.058261693510892165,0.0,0.0,0.0,0.0,0.0,0.0,0.0,0.0,0.0,0.0,0.0,0.0,0.0,0.0,0.0,0.0,0.0,0.0,0.0,0.0,0.0,0.0,0.0,0.0,0.0,0.0,0.0,0.0,0.0,0.0,0.0,0.0,0.0,0.0,0.0,0.0
21200000000,21,200000000,Archimede_odom,Archimede_base_link,-11.444346693117476,13.165853232628937,344.4827081488716,-0.11582416122213926,0.1688735637392924,0.9434515497818025,-0.2607022369706371,0.0,0.0,0.0,0.0,0.0,0.0,0.0,0.0,0.0,0.0,0.0,0.0,0.0,0.0,0.0,0.0,0.0,0.0,0.0,0.0,0.0,0.0,0.0,0.0,0.0,0.0,0.0,0.0,0.0,0.0,0.0,0.0,0.0,0.0,0.0,0.0,0.2718128656680811,-0.15194949835531119,0.0009700618523849136,-0.04419708678672236,-0.025406843149718656,-0.07039757537966598,0.0,0.0,0.0,0.0,0.0,0.0,0.0,0.0,0.0,0.0,0.0,0.0,0.0,0.0,0.0,0.0,0.0,0.0,0.0,0.0,0.0,0.0,0.0,0.0,0.0,0.0,0.0,0.0,0.0,0.0,0.0,0.0,0.0,0.0,0.0,0.0
21300000000,21,300000000,Archimede_odom,Archimede_base_link,-11.474099349159212,13.163855538147718,344.47340173336744,-0.11465210884703184,0.16661972933944538,0.9449436362140958,-0.25724362792936345,0.0,0.0,0.0,0.0,0.0,0.0,0.0,0.0,0.0,0.0,0.0,0.0,0.0,0.0,0.0,0.0,0.0,0.0,0.0,0.0,0.0,0.0,0.0,0.0,0.0,0.0,0.0,0.0,0.0,0.0,0.0,0.0,0.0,0.0,0.0,0.0,0.2726852520643944,-0.15226864944836566,-0.0006884524116868175,-0.047259372727295565,-0.025842221466247567,-0.07613461186509946,0.0,0.0,0.0,0.0,0.0,0.0,0.0,0.0,0.0,0.0,0.0,0.0,0.0,0.0,0.0,0.0,0.0,0.0,0.0,0.0,0.0,0.0,0.0,0.0,0.0,0.0,0.0,0.0,0.0,0.0,0.0,0.0,0.0,0.0,0.0,0.0
21400000000,21,400000000,Archimede_odom,Archimede_base_link,-11.503691210371517,13.161733727088594,344.4641793065873,-0.11350816729876685,0.16439695557979156,0.9464036471246396,-0.25379060987702373,0.0,0.0,0.0,0.0,0.0,0.0,0.0,0.0,0.0,0.0,0.0,0.0,0.0,0.0,0.0,0.0,0.0,0.0,0.0,0.0,0.0,0.0,0.0,0.0,0.0,0.0,0.0,0.0,0.0,0.0,0.0,0.0,0.0,0.0,0.0,0.0,0.27442661584270495,-0.1508274063148479,-0.0019907274683272965,-0.04643336076829146,-0.025141475018717486,-0.07665491385583431,0.0,0.0,0.0,0.0,0.0,0.0,0.0,0.0,0.0,0.0,0.0,0.0,0.0,0.0,0.0,0.0,0.0,0.0,0.0,0.0,0.0,0.0,0.0,0.0,0.0,0.0,0.0,0.0,0.0,0.0,0.0,0.0,0.0,0.0,0.0,0.0
21500000000,21,500000000,Archimede_odom,Archimede_base_link,-11.533424539652096,13.159689257576002,344.4548131780233,-0.1123417929254604,0.16194554946975467,0.9479111005722964,-0.2502349016045722,0.0,0.0,0.0,0.0,0.0,0.0,0.0,0.0,0.0,0.0,0.0,0.0,0.0,0.0,0.0,0.0,0.0,0.0,0.0,0.0,0.0,0.0,0.0,0.0,0.0,0.0,0.0,0.0,0.0,0.0,0.0,0.0,0.0,0.0,0.0,0.0,0.273247384327028,-0.13523409064204234,-0.006581366523550328,-0.05655300961830702,-0.024107324159292502,-0.06734097315745702,0.0,0.0,0.0,0.0,0.0,0.0,0.0,0.0,0.0,0.0,0.0,0.0,0.0,0.0,0.0,0.0,0.0,0.0,0.0,0.0,0.0,0.0,0.0,0.0,0.0,0.0,0.0,0.0,0.0,0.0,0.0,0.0,0.0,0.0,0.0,0.0
21600000000,21,600000000,Archimede_odom,Archimede_base_link,-11.562377436272815,13.156715123237124,344.44615816393787,-0.11127009699361128,0.16023384592659942,0.9490694064683917,-0.2474092598112243,0.0,0.0,0.0,0.0,0.0,0.0,0.0,0.0,0.0,0.0,0.0,0.0,0.0,0.0,0.0,0.0,0.0,0.0,0.0,0.0,0.0,0.0,0.0,0.0,0.0,0.0,0.0,0.0,0.0,0.0,0.0,0.0,0.0,0.0,0.0,0.0,0.27572590021520776,-0.1336527328565857,-0.0030814987635250676,-0.034922673068002924,-0.023424480332822135,-0.056803903324667296,0.0,0.0,0.0,0.0,0.0,0.0,0.0,0.0,0.0,0.0,0.0,0.0,0.0,0.0,0.0,0.0,0.0,0.0,0.0,0.0,0.0,0.0,0.0,0.0,0.0,0.0,0.0,0.0,0.0,0.0,0.0,0.0,0.0,0.0,0.0,0.0
21700000000,21,700000000,Archimede_odom,Archimede_base_link,-11.592060993321187,13.15412597888527,344.43716973275025,-0.11018065341294697,0.15839548056016547,0.950262741014253,-0.24448275683918627,0.0,0.0,0.0,0.0,0.0,0.0,0.0,0.0,0.0,0.0,0.0,0.0,0.0,0.0,0.0,0.0,0.0,0.0,0.0,0.0,0.0,0.0,0.0,0.0,0.0,0.0,0.0,0.0,0.0,0.0,0.0,0.0,0.0,0.0,0.0,0.0,0.27967890613793434,-0.14110551408744457,-0.004493231359058961,-0.03910392839300003,-0.023684980914920977,-0.06567421026269013,0.0,0.0,0.0,0.0,0.0,0.0,0.0,0.0,0.0,0.0,0.0,0.0,0.0,0.0,0.0,0.0,0.0,0.0,0.0,0.0,0.0,0.0,0.0,0.0,0.0,0.0,0.0,0.0,0.0,0.0,0.0,0.0,0.0,0.0,0.0,0.0
21801000000,21,800000000,Archimede_odom,Archimede_base_link,-11.622036983703333,13.151885039290564,344.4279770249986,-0.10910764451869281,0.15639799645961217,0.9515410352298124,-0.24125680691905602,0.0,0.0,0.0,0.0,0.0,0.0,0.0,0.0,0.0,0.0,0.0,0.0,0.0,0.0,0.0,0.0,0.0,0.0,0.0,0.0,0.0,0.0,0.0,0.0,0.0,0.0,0.0,0.0,0.0,0.0,0.0,0.0,0.0,0.0,0.0,0.0,0.2810550197254632,-0.14210229996571777,-0.005877515466351154,-0.04083401099176861,-0.023619194551550326,-0.07047514315233383,0.0,0.0,0.0,0.0,0.0,0.0,0.0,0.0,0.0,0.0,0.0,0.0,0.0,0.0,0.0,0.0,0.0,0.0,0.0,0.0,0.0,0.0,0.0,0.0,0.0,0.0,0.0,0.0,0.0,0.0,0.0,0.0,0.0,0.0,0.0,0.0
21901000000,21,900000000,Archimede_odom,Archimede_base_link,-11.652054677413691,13.149725722186597,344.41873827704336,-0.10806671503360578,0.15435523557894998,0.9528356911040293,-0.2379079488153328,0.0,0.0,0.0,0.0,0.0,0.0,0.0,0.0,0.0,0.0,0.0,0.0,0.0,0.0,0.0,0.0,0.0,0.0,0.0,0.0,0.0,0.0,0.0,0.0,0.0,0.0,0.0,0.0,0.0,0.0,0.0,0.0,0.0,0.0,0.0,0.0,0.27977643666288465,-0.13504994881086535,-0.006992164897937465,-0.038228555919722275,-0.022721604691990114,-0.06765320279539087,0.0,0.0,0.0,0.0,0.0,0.0,0.0,0.0,0.0,0.0,0.0,0.0,0.0,0.0,0.0,0.0,0.0,0.0,0.0,0.0,0.0,0.0,0.0,0.0,0.0,0.0,0.0,0.0,0.0,0.0,0.0,0.0,0.0,0.0,0.0,0.0
22000000000,22,0,Archimede_odom,Archimede_base_link,-11.68192905337942,13.1473922268834,344.4097088761854,-0.10718586135392544,0.15233649463727053,0.9540672141871137,-0.23464981214713512,0.0,0.0,0.0,0.0,0.0,0.0,0.0,0.0,0.0,0.0,0.0,0.0,0.0,0.0,0.0,0.0,0.0,0.0,0.0,0.0,0.0,0.0,0.0,0.0,0.0,0.0,0.0,0.0,0.0,0.0,0.0,0.0,0.0,0.0,0.0,0.0,0.28230155207762053,-0.1365081446958092,-0.005841040285666616,-0.04038578471245395,-0.01603176393167796,-0.07318865531463122,0.0,0.0,0.0,0.0,0.0,0.0,0.0,0.0,0.0,0.0,0.0,0.0,0.0,0.0,0.0,0.0,0.0,0.0,0.0,0.0,0.0,0.0,0.0,0.0,0.0,0.0,0.0,0.0,0.0,0.0,0.0,0.0,0.0,0.0,0.0,0.0
22100000000,22,100000000,Archimede_odom,Archimede_base_link,-11.711975094969407,13.145344191405588,344.4006810738193,-0.10654226130427331,0.15015889200902863,0.9553481031906118,-0.23110831970505283,0.0,0.0,0.0,0.0,0.0,0.0,0.0,0.0,0.0,0.0,0.0,0.0,0.0,0.0,0.0,0.0,0.0,0.0,0.0,0.0,0.0,0.0,0.0,0.0,0.0,0.0,0.0,0.0,0.0,0.0,0.0,0.0,0.0,0.0,0.0,0.0,0.2828942123481719,-0.1370770766522404,-0.00703318060736715,-0.03631676357137208,-0.012404452014167613,-0.07801512284978097,0.0,0.0,0.0,0.0,0.0,0.0,0.0,0.0,0.0,0.0,0.0,0.0,0.0,0.0,0.0,0.0,0.0,0.0,0.0,0.0,0.0,0.0,0.0,0.0,0.0,0.0,0.0,0.0,0.0,0.0,0.0,0.0,0.0,0.0,0.0,0.0
22200000000,22,200000000,Archimede_odom,Archimede_base_link,-11.742158112997869,13.143449659236639,344.3915593519345,-0.106164503524949,0.14816113209020848,0.9565838682801446,-0.22743060496609516,0.0,0.0,0.0,0.0,0.0,0.0,0.0,0.0,0.0,0.0,0.0,0.0,0.0,0.0,0.0,0.0,0.0,0.0,0.0,0.0,0.0,0.0,0.0,0.0,0.0,0.0,0.0,0.0,0.0,0.0,0.0,0.0,0.0,0.0,0.0,0.0,0.28570637398928234,-0.1370613924947955,-0.00799594200333172,-0.036365054686215745,-0.011630293286851195,-0.0800936321548009,0.0,0.0,0.0,0.0,0.0,0.0,0.0,0.0,0.0,0.0,0.0,0.0,0.0,0.0,0.0,0.0,0.0,0.0,0.0,0.0,0.0,0.0,0.0,0.0,0.0,0.0,0.0,0.0,0.0,0.0,0.0,0.0,0.0,0.0,0.0,0.0
22301000000,22,300000000,Archimede_odom,Archimede_base_link,-11.77228360765913,13.141435183738535,344.38248671434684,-0.10579160259963118,0.14618847835859336,0.9577808744105389,-0.22381434768125158,0.0,0.0,0.0,0.0,0.0,0.0,0.0,0.0,0.0,0.0,0.0,0.0,0.0,0.0,0.0,0.0,0.0,0.0,0.0,0.0,0.0,0.0,0.0,0.0,0.0,0.0,0.0,0.0,0.0,0.0,0.0,0.0,0.0,0.0,0.0,0.0,0.28654749614167563,-0.13257215286488827,-0.00869071436672075,-0.03522277717693438,-0.011287378829269641,-0.07667494286441358,0.0,0.0,0.0,0.0,0.0,0.0,0.0,0.0,0.0,0.0,0.0,0.0,0.0,0.0,0.0,0.0,0.0,0.0,0.0,0.0,0.0,0.0,0.0,0.0,0.0,0.0,0.0,0.0,0.0,0.0,0.0,0.0,0.0,0.0,0.0,0.0
22400000000,22,400000000,Archimede_odom,Archimede_base_link,-11.80229214283301,13.139296508265263,344.3735682964618,-0.105554147045463,0.14411318875029855,0.9589271186920787,-0.22033722315267854,0.0,0.0,0.0,0.0,0.0,0.0,0.0,0.0,0.0,0.0,0.0,0.0,0.0,0.0,0.0,0.0,0.0,0.0,0.0,0.0,0.0,0.0,0.0,0.0,0.0,0.0,0.0,0.0,0.0,0.0,0.0,0.0,0.0,0.0,0.0,0.0,0.27456370529143753,-0.10011009560319573,-0.007839174116867043,-0.04267668747019613,-0.00044173413004362756,-0.05257574608497538,0.0,0.0,0.0,0.0,0.0,0.0,0.0,0.0,0.0,0.0,0.0,0.0,0.0,0.0,0.0,0.0,0.0,0.0,0.0,0.0,0.0,0.0,0.0,0.0,0.0,0.0,0.0,0.0,0.0,0.0,0.0,0.0,0.0,0.0,0.0,0.0
22500000000,22,500000000,Archimede_odom,Archimede_base_link,-11.831045189138717,13.135682849655039,344.3657336568487,-0.10541146460350703,0.1422107713111272,0.9596980352355777,-0.2182755158468529,0.0,0.0,0.0,0.0,0.0,0.0,0.0,0.0,0.0,0.0,0.0,0.0,0.0,0.0,0.0,0.0,0.0,0.0,0.0,0.0,0.0,0.0,0.0,0.0,0.0,0.0,0.0,0.0,0.0,0.0,0.0,0.0,0.0,0.0,0.0,0.0,0.2829687495968107,-0.11722614997648428,-0.0031834529291827223,-0.008554665364412736,0.008742384826706981,-0.05006961042874335,0.0,0.0,0.0,0.0,0.0,0.0,0.0,0.0,0.0,0.0,0.0,0.0,0.0,0.0,0.0,0.0,0.0,0.0,0.0,0.0,0.0,0.0,0.0,0.0,0.0,0.0,0.0,0.0,0.0,0.0,0.0,0.0,0.0,0.0,0.0,0.0
22600000000,22,600000000,Archimede_odom,Archimede_base_link,-11.860212255803864,13.132826800408305,344.35787328578755,-0.1058084080899598,0.1412444411981741,0.9602572940588828,-0.21624180404074547,0.0,0.0,0.0,0.0,0.0,0.0,0.0,0.0,0.0,0.0,0.0,0.0,0.0,0.0,0.0,0.0,0.0,0.0,0.0,0.0,0.0,0.0,0.0,0.0,0.0,0.0,0.0,0.0,0.0,0.0,0.0,0.0,0.0,0.0,0.0,0.0,0.2790934868313655,-0.10633261022955476,-0.0028066524860299895,-0.01869812955714046,0.000966205532644021,-0.03719669053538891,0.0,0.0,0.0,0.0,0.0,0.0,0.0,0.0,0.0,0.0,0.0,0.0,0.0,0.0,0.0,0.0,0.0,0.0,0.0,0.0,0.0,0.0,0.0,0.0,0.0,0.0,0.0,0.0,0.0,0.0,0.0,0.0,0.0,0.0,0.0,0.0
22700000000,22,700000000,Archimede_odom,Archimede_base_link,-11.88976692994451,13.130262968431254,344.3498241149844,-0.1060017253372681,0.13999746557018072,0.9608833426917759,-0.21416709737241982,0.0,0.0,0.0,0.0,0.0,0.0,0.0,0.0,0.0,0.0,0.0,0.0,0.0,0.0,0.0,0.0,0.0,0.0,0.0,0.0,0.0,0.0,0.0,0.0,0.0,0.0,0.0,0.0,0.0,0.0,0.0,0.0,0.0,0.0,0.0,0.0,0.28653881280219873,-0.12163698322087604,-0.003551142562923504,-0.022763802345475447,0.0016927071088863853,-0.052053597147745344,0.0,0.0,0.0,0.0,0.0,0.0,0.0,0.0,0.0,0.0,0.0,0.0,0.0,0.0,0.0,0.0,0.0,0.0,0.0,0.0,0.0,0.0,0.0,0.0,0.0,0.0,0.0,0.0,0.0,0.0,0.0,0.0,0.0,0.0,0.0,0.0
22801000000,22,800000000,Archimede_odom,Archimede_base_link,-11.919825592878622,13.128320099234159,344.3414446374097,-0.10622060879430241,0.1385268719454189,0.961647300385215,-0.2115702192611562,0.0,0.0,0.0,0.0,0.0,0.0,0.0,0.0,0.0,0.0,0.0,0.0,0.0,0.0,0.0,0.0,0.0,0.0,0.0,0.0,0.0,0.0,0.0,0.0,0.0,0.0,0.0,0.0,0.0,0.0,0.0,0.0,0.0,0.0,0.0,0.0,0.28770503042131884,-0.1242706531321176,-0.00405216826378116,-0.02468267145101159,0.0015827577859175365,-0.059971519096506797,0.0,0.0,0.0,0.0,0.0,0.0,0.0,0.0,0.0,0.0,0.0,0.0,0.0,0.0,0.0,0.0,0.0,0.0,0.0,0.0,0.0,0.0,0.0,0.0,0.0,0.0,0.0,0.0,0.0,0.0,0.0,0.0,0.0,0.0,0.0,0.0
22900000000,22,900000000,Archimede_odom,Archimede_base_link,-11.949986978903393,13.126579605905341,344.3329715785461,-0.10652576502737757,0.1370444584303497,0.9624443847982088,-0.2087387936375546,0.0,0.0,0.0,0.0,0.0,0.0,0.0,0.0,0.0,0.0,0.0,0.0,0.0,0.0,0.0,0.0,0.0,0.0,0.0,0.0,0.0,0.0,0.0,0.0,0.0,0.0,0.0,0.0,0.0,0.0,0.0,0.0,0.0,0.0,0.0,0.0,0.28877114712630503,-0.12413969797781466,-0.004376807485474291,-0.022305817178719323,0.0034839774441083856,-0.0629721308319735,0.0,0.0,0.0,0.0,0.0,0.0,0.0,0.0,0.0,0.0,0.0,0.0,0.0,0.0,0.0,0.0,0.0,0.0,0.0,0.0,0.0,0.0,0.0,0.0,0.0,0.0,0.0,0.0,0.0,0.0,0.0,0.0,0.0,0.0,0.0,0.0
23000000000,23,0,Archimede_odom,Archimede_base_link,-11.980275866507016,13.124965591598663,344.3244229797695,-0.10689867759872188,0.13557405576767229,0.9632448650066119,-0.20579523359092317,0.0,0.0,0.0,0.0,0.0,0.0,0.0,0.0,0.0,0.0,0.0,0.0,0.0,0.0,0.0,0.0,0.0,0.0,0.0,0.0,0.0,0.0,0.0,0.0,0.0,0.0,0.0,0.0,0.0,0.0,0.0,0.0,0.0,0.0,0.0,0.0,0.2901941962767944,-0.12395182490248277,-0.004645045430434029,-0.02290278925953309,0.00359658709010116,-0.06489397074841123,0.0,0.0,0.0,0.0,0.0,0.0,0.0,0.0,0.0,0.0,0.0,0.0,0.0,0.0,0.0,0.0,0.0,0.0,0.0,0.0,0.0,0.0,0.0,0.0,0.0,0.0,0.0,0.0,0.0,0.0,0.0,0.0,0.0,0.0,0.0,0.0
23100000000,23,100000000,Archimede_odom,Archimede_base_link,-12.010295102319292,13.123021236897989,344.3159571971591,-0.10716433600517417,0.13420566905312703,0.9640016933257842,-0.20299108046314018,0.0,0.0,0.0,0.0,0.0,0.0,0.0,0.0,0.0,0.0,0.0,0.0,0.0,0.0,0.0,0.0,0.0,0.0,0.0,0.0,0.0,0.0,0.0,0.0,0.0,0.0,0.0,0.0,0.0,0.0,0.0,0.0,0.0,0.0,0.0,0.0,0.29071838942753914,-0.11782943798819467,-0.005592442295636278,-0.02105785055875393,0.001180254742125794,-0.05817108533363887,0.0,0.0,0.0,0.0,0.0,0.0,0.0,0.0,0.0,0.0,0.0,0.0,0.0,0.0,0.0,0.0,0.0,0.0,0.0,0.0,0.0,0.0,0.0,0.0,0.0,0.0,0.0,0.0,0.0,0.0,0.0,0.0,0.0,0.0,0.0,0.0
23200000000,23,200000000,Archimede_odom,Archimede_base_link,-12.040614396885173,13.12125568502237,344.3073428698669,-0.1074625093059494,0.13289439457481772,0.9647187497376647,-0.20027137311372956,0.0,0.0,0.0,0.0,0.0,0.0,0.0,0.0,0.0,0.0,0.0,0.0,0.0,0.0,0.0,0.0,0.0,0.0,0.0,0.0,0.0,0.0,0.0,0.0,0.0,0.0,0.0,0.0,0.0,0.0,0.0,0.0,0.0,0.0,0.0,0.0,0.29319497840548436,-0.12077274933482665,-0.0059529725383306396,-0.02021869230436655,0.002621536822203792,-0.05994873384388268,0.0,0.0,0.0,0.0,0.0,0.0,0.0,0.0,0.0,0.0,0.0,0.0,0.0,0.0,0.0,0.0,0.0,0.0,0.0,0.0,0.0,0.0,0.0,0.0,0.0,0.0,0.0,0.0,0.0,0.0,0.0,0.0,0.0,0.0,0.0,0.0
23300000000,23,300000000,Archimede_odom,Archimede_base_link,-12.071152468182358,13.119751088992402,344.2985914895264,-0.10779009062410261,0.13153747136484656,0.9654504297432984,-0.19744532837894702,0.0,0.0,0.0,0.0,0.0,0.0,0.0,0.0,0.0,0.0,0.0,0.0,0.0,0.0,0.0,0.0,0.0,0.0,0.0,0.0,0.0,0.0,0.0,0.0,0.0,0.0,0.0,0.0,0.0,0.0,0.0,0.0,0.0,0.0,0.0,0.0,0.2944348517884733,-0.12133864830057081,-0.00625437915880704,-0.021064502508629415,0.002714523367061978,-0.06210342974508656,0.0,0.0,0.0,0.0,0.0,0.0,0.0,0.0,0.0,0.0,0.0,0.0,0.0,0.0,0.0,0.0,0.0,0.0,0.0,0.0,0.0,0.0,0.0,0.0,0.0,0.0,0.0,0.0,0.0,0.0,0.0,0.0,0.0,0.0,0.0,0.0
23400000000,23,400000000,Archimede_odom,Archimede_base_link,-12.100959978527499,13.118132803470964,344.2904687763613,-0.10841959055644494,0.13037175513987295,0.9657956852623064,-0.19618127375984074,0.0,0.0,0.0,0.0,0.0,0.0,0.0,0.0,0.0,0.0,0.0,0.0,0.0,0.0,0.0,0.0,0.0,0.0,0.0,0.0,0.0,0.0,0.0,0.0,0.0,0.0,0.0,0.0,0.0,0.0,0.0,0.0,0.0,0.0,0.0,0.0,0.2883828542120873,-0.12331296475978182,-0.0029293832520401923,-0.024858329331998465,0.015394718596277395,0.0026763861636778614,0.0,0.0,0.0,0.0,0.0,0.0,0.0,0.0,0.0,0.0,0.0,0.0,0.0,0.0,0.0,0.0,0.0,0.0,0.0,0.0,0.0,0.0,0.0,0.0,0.0,0.0,0.0,0.0,0.0,0.0,0.0,0.0,0.0,0.0,0.0,0.0
23500000000,23,500000000,Archimede_odom,Archimede_base_link,-12.13051496174236,13.117010467366711,344.2826750703714,-0.10904349681233519,0.1300144690312726,0.9656515134751218,-0.19678137149806935,0.0,0.0,0.0,0.0,0.0,0.0,0.0,0.0,0.0,0.0,0.0,0.0,0.0,0.0,0.0,0.0,0.0,0.0,0.0,0.0,0.0,0.0,0.0,0.0,0.0,0.0,0.0,0.0,0.0,0.0,0.0,0.0,0.0,0.0,0.0,0.0,0.2786656102511874,-0.10444810162837632,0.0032454692428217067,0.0026065672167860945,0.01432063708802531,0.0031021227671875996,0.0,0.0,0.0,0.0,0.0,0.0,0.0,0.0,0.0,0.0,0.0,0.0,0.0,0.0,0.0,0.0,0.0,0.0,0.0,0.0,0.0,0.0,0.0,0.0,0.0,0.0,0.0,0.0,0.0,0.0,0.0,0.0,0.0,0.0,0.0,0.0
23600000000,23,600000000,Archimede_odom,Archimede_base_link,-12.160022794666357,13.115339386011158,344.27516744522626,-0.10985475583599663,0.1298822992395769,0.9656928401576996,-0.19621381050428188,0.0,0.0,0.0,0.0,0.0,0.0,0.0,0.0,0.0,0.0,0.0,0.0,0.0,0.0,0.0,0.0,0.0,0.0,0.0,0.0,0.0,0.0,0.0,0.0,0.0,0.0,0.0,0.0,0.0,0.0,0.0,0.0,0.0,0.0,0.0,0.0,0.286359465687232,-0.11429905069325416,0.00325196922100187,0.0006552007821210507,0.014392294144289589,-0.024230968136323784,0.0,0.0,0.0,0.0,0.0,0.0,0.0,0.0,0.0,0.0,0.0,0.0,0.0,0.0,0.0,0.0,0.0,0.0,0.0,0.0,0.0,0.0,0.0,0.0,0.0,0.0,0.0,0.0,0.0,0.0,0.0,0.0,0.0,0.0,0.0,0.0
23700000000,23,700000000,Archimede_odom,Archimede_base_link,-12.18996569696478,13.114019737803785,344.2674292133165,-0.11074461110034338,0.1295682885099609,0.9659237224529001,-0.19477949616827198,0.0,0.0,0.0,0.0,0.0,0.0,0.0,0.0,0.0,0.0,0.0,0.0,0.0,0.0,0.0,0.0,0.0,0.0,0.0,0.0,0.0,0.0,0.0,0.0,0.0,0.0,0.0,0.0,0.0,0.0,0.0,0.0,0.0,0.0,0.0,0.0,0.28765910485422486,-0.1160754861862833,0.003460029852198202,-0.00042256731904159885,0.014057023690266738,-0.03608736380632348,0.0,0.0,0.0,0.0,0.0,0.0,0.0,0.0,0.0,0.0,0.0,0.0,0.0,0.0,0.0,0.0,0.0,0.0,0.0,0.0,0.0,0.0,0.0,0.0,0.0,0.0,0.0,0.0,0.0,0.0,0.0,0.0,0.0,0.0,0.0,0.0
23800000000,23,800000000,Archimede_odom,Archimede_base_link,-12.220008807128206,13.1128271856717,344.2596211475225,-0.11166593153721903,0.12918201521372094,0.9662299921375195,-0.19298271677322879,0.0,0.0,0.0,0.0,0.0,0.0,0.0,0.0,0.0,0.0,0.0,0.0,0.0,0.0,0.0,0.0,0.0,0.0,0.0,0.0,0.0,0.0,0.0,0.0,0.0,0.0,0.0,0.0,0.0,0.0,0.0,0.0,0.0,0.0,0.0,0.0,0.2884269250257313,-0.11613324529728634,0.0037675517893107704,-0.0008520752018685287,0.013916162476778132,-0.04104161059306071,0.0,0.0,0.0,0.0,0.0,0.0,0.0,0.0,0.0,0.0,0.0,0.0,0.0,0.0,0.0,0.0,0.0,0.0,0.0,0.0,0.0,0.0,0.0,0.0,0.0,0.0,0.0,0.0,0.0,0.0,0.0,0.0,0.0,0.0,0.0,0.0
23900000000,23,900000000,Archimede_odom,Archimede_base_link,-12.249602102379418,13.111244741031566,344.25202982778393,-0.11192532016379583,0.12812757668931915,0.9666722227272075,-0.19131351391262044,0.0,0.0,0.0,0.0,0.0,0.0,0.0,0.0,0.0,0.0,0.0,0.0,0.0,0.0,0.0,0.0,0.0,0.0,0.0,0.0,0.0,0.0,0.0,0.0,0.0,0.0,0.0,0.0,0.0,0.0,0.0,0.0,0.0,0.0,0.0,0.0,0.2826806658946443,-0.10320826920635992,0.003935335382985199,-0.026144423475704615,-0.002501035467280311,-0.031350550545384354,0.0,0.0,0.0,0.0,0.0,0.0,0.0,0.0,0.0,0.0,0.0,0.0,0.0,0.0,0.0,0.0,0.0,0.0,0.0,0.0,0.0,0.0,0.0,0.0,0.0,0.0,0.0,0.0,0.0,0.0,0.0,0.0,0.0,0.0,0.0,0.0
24000000000,24,0,Archimede_odom,Archimede_base_link,-12.278701844616151,13.109222785274246,344.24469287240316,-0.11168774843634238,0.12667873886715766,0.9671334212178924,-0.19008232303826067,0.0,0.0,0.0,0.0,0.0,0.0,0.0,0.0,0.0,0.0,0.0,0.0,0.0,0.0,0.0,0.0,0.0,0.0,0.0,0.0,0.0,0.0,0.0,0.0,0.0,0.0,0.0,0.0,0.0,0.0,0.0,0.0,0.0,0.0,0.0,0.0,0.28529622850095104,-0.10660325773911761,0.0035161478725444922,-0.030512743927124164,-0.004539594103477491,-0.031240655378582748,0.0,0.0,0.0,0.0,0.0,0.0,0.0,0.0,0.0,0.0,0.0,0.0,0.0,0.0,0.0,0.0,0.0,0.0,0.0,0.0,0.0,0.0,0.0,0.0,0.0,0.0,0.0,0.0,0.0,0.0,0.0,0.0,0.0,0.0,0.0,0.0
24100000000,24,100000000,Archimede_odom,Archimede_base_link,-12.308211431041512,13.1076666131403,344.23704408104817,-0.11128703494804829,0.12506122038433323,0.9676897306946246,-0.18855098015289704,0.0,0.0,0.0,0.0,0.0,0.0,0.0,0.0,0.0,0.0,0.0,0.0,0.0,0.0,0.0,0.0,0.0,0.0,0.0,0.0,0.0,0.0,0.0,0.0,0.0,0.0,0.0,0.0,0.0,0.0,0.0,0.0,0.0,0.0,0.0,0.0,0.28620759871644946,-0.10769758573349997,0.0024409237015121828,-0.02879211693180016,-0.007243873066900118,-0.03460373147010502,0.0,0.0,0.0,0.0,0.0,0.0,0.0,0.0,0.0,0.0,0.0,0.0,0.0,0.0,0.0,0.0,0.0,0.0,0.0,0.0,0.0,0.0,0.0,0.0,0.0,0.0,0.0,0.0,0.0,0.0,0.0,0.0,0.0,0.0,0.0,0.0
24200000000,24,200000000,Archimede_odom,Archimede_base_link,-12.33689966593472,13.106066305885854,344.23021227808954,-0.11095686649336625,0.12525772959509524,0.967790685339798,-0.18809642294360449,0.0,0.0,0.0,0.0,0.0,0.0,0.0,0.0,0.0,0.0,0.0,0.0,0.0,0.0,0.0,0.0,0.0,0.0,0.0,0.0,0.0,0.0,0.0,0.0,0.0,0.0,0.0,0.0,0.0,0.0,0.0,0.0,0.0,0.0,0.0,0.0,0.2795735462331545,-0.10782094013544372,0.0067633589182372195,-0.0004934545169923385,-0.007778919760952472,0.01104972837786894,0.0,0.0,0.0,0.0,0.0,0.0,0.0,0.0,0.0,0.0,0.0,0.0,0.0,0.0,0.0,0.0,0.0,0.0,0.0,0.0,0.0,0.0,0.0,0.0,0.0,0.0,0.0,0.0,0.0,0.0,0.0,0.0,0.0,0.0,0.0,0.0
24300000000,24,300000000,Archimede_odom,Archimede_base_link,-12.366172631656132,13.105388148799381,344.22287916832,-0.11034267263123895,0.1253331245285709,0.967550116108789,-0.1896388022277348,0.0,0.0,0.0,0.0,0.0,0.0,0.0,0.0,0.0,0.0,0.0,0.0,0.0,0.0,0.0,0.0,0.0,0.0,0.0,0.0,0.0,0.0,0.0,0.0,0.0,0.0,0.0,0.0,0.0,0.0,0.0,0.0,0.0,0.0,0.0,0.0,0.27699809976058115,-0.1136586793355491,0.005457126510715264,-0.0017487215977289936,-0.009526261976166978,0.044824233993111036,0.0,0.0,0.0,0.0,0.0,0.0,0.0,0.0,0.0,0.0,0.0,0.0,0.0,0.0,0.0,0.0,0.0,0.0,0.0,0.0,0.0,0.0,0.0,0.0,0.0,0.0,0.0,0.0,0.0,0.0,0.0,0.0,0.0,0.0,0.0,0.0
24400000000,24,400000000,Archimede_odom,Archimede_base_link,-12.395332019864465,13.104987564539123,344.21543721030315,-0.10950268094114883,0.1255201169254314,0.9670733312672444,-0.19241370810158379,0.0,0.0,0.0,0.0,0.0,0.0,0.0,0.0,0.0,0.0,0.0,0.0,0.0,0.0,0.0,0.0,0.0,0.0,0.0,0.0,0.0,0.0,0.0,0.0,0.0,0.0,0.0,0.0,0.0,0.0,0.0,0.0,0.0,0.0,0.0,0.0,0.2765420672655173,-0.11948501117348767,0.004473742379126327,-0.005850123245368685,-0.008847256116081347,0.06760502915775321,0.0,0.0,0.0,0.0,0.0,0.0,0.0,0.0,0.0,0.0,0.0,0.0,0.0,0.0,0.0,0.0,0.0,0.0,0.0,0.0,0.0,0.0,0.0,0.0,0.0,0.0,0.0,0.0,0.0,0.0,0.0,0.0,0.0,0.0,0.0,0.0
24500000000,24,500000000,Archimede_odom,Archimede_base_link,-12.423409307404944,13.103238879551085,344.2083646202054,-0.10861989625446303,0.1253485263443044,0.9666353847858288,-0.1952062959049568,0.0,0.0,0.0,0.0,0.0,0.0,0.0,0.0,0.0,0.0,0.0,0.0,0.0,0.0,0.0,0.0,0.0,0.0,0.0,0.0,0.0,0.0,0.0,0.0,0.0,0.0,0.0,0.0,0.0,0.0,0.0,0.0,0.0,0.0,0.0,0.0,0.2706655795086511,-0.07274309113198459,-0.002313127472501409,-0.03065466172287392,-0.008078056395777852,0.023173778258473277,0.0,0.0,0.0,0.0,0.0,0.0,0.0,0.0,0.0,0.0,0.0,0.0,0.0,0.0,0.0,0.0,0.0,0.0,0.0,0.0,0.0,0.0,0.0,0.0,0.0,0.0,0.0,0.0,0.0,0.0,0.0,0.0,0.0,0.0,0.0,0.0
24600000000,24,600000000,Archimede_odom,Archimede_base_link,-12.452415136617214,13.09991767319988,344.20088020487793,-0.1077008980357578,0.12394529949582998,0.9666043142615253,-0.19675919024580965,0.0,0.0,0.0,0.0,0.0,0.0,0.0,0.0,0.0,0.0,0.0,0.0,0.0,0.0,0.0,0.0,0.0,0.0,0.0,0.0,0.0,0.0,0.0,0.0,0.0,0.0,0.0,0.0,0.0,0.0,0.0,0.0,0.0,0.0,0.0,0.0,0.28951183890279475,-0.10021351794021365,0.0013349765710404036,-0.02696485668565384,-0.0017767659227807258,0.03365260104749337,0.0,0.0,0.0,0.0,0.0,0.0,0.0,0.0,0.0,0.0,0.0,0.0,0.0,0.0,0.0,0.0,0.0,0.0,0.0,0.0,0.0,0.0,0.0,0.0,0.0,0.0,0.0,0.0,0.0,0.0,0.0,0.0,0.0,0.0,0.0,0.0
24700000000,24,700000000,Archimede_odom,Archimede_base_link,-12.481101707358254,13.096927715093752,344.1941450515666,-0.10705357852932484,0.1242109337140471,0.9663640793994356,-0.19812026982727332,0.0,0.0,0.0,0.0,0.0,0.0,0.0,0.0,0.0,0.0,0.0,0.0,0.0,0.0,0.0,0.0,0.0,0.0,0.0,0.0,0.0,0.0,0.0,0.0,0.0,0.0,0.0,0.0,0.0,0.0,0.0,0.0,0.0,0.0,0.0,0.0,0.27774819373771253,-0.09470969406659098,0.005245013257729416,0.005362401969748403,-0.008999527739148817,0.017511625638383495,0.0,0.0,0.0,0.0,0.0,0.0,0.0,0.0,0.0,0.0,0.0,0.0,0.0,0.0,0.0,0.0,0.0,0.0,0.0,0.0,0.0,0.0,0.0,0.0,0.0,0.0,0.0,0.0,0.0,0.0,0.0,0.0,0.0,0.0,0.0,0.0
24800000000,24,800000000,Archimede_odom,Archimede_base_link,-12.510080737946186,13.095022093104983,344.18721677056294,-0.10660700163761395,0.12445381362609302,0.966374142829031,-0.19815956082716557,0.0,0.0,0.0,0.0,0.0,0.0,0.0,0.0,0.0,0.0,0.0,0.0,0.0,0.0,0.0,0.0,0.0,0.0,0.0,0.0,0.0,0.0,0.0,0.0,0.0,0.0,0.0,0.0,0.0,0.0,0.0,0.0,0.0,0.0,0.0,0.0,0.27903965522872126,-0.11089957637333667,0.004492544023815749,0.001533759069366537,-0.009761682676139005,-0.0067192200610225504,0.0,0.0,0.0,0.0,0.0,0.0,0.0,0.0,0.0,0.0,0.0,0.0,0.0,0.0,0.0,0.0,0.0,0.0,0.0,0.0,0.0,0.0,0.0,0.0,0.0,0.0,0.0,0.0,0.0,0.0,0.0,0.0,0.0,0.0,0.0,0.0
24900000000,24,900000000,Archimede_odom,Archimede_base_link,-12.538933002388152,13.093456732728331,344.18022538123694,-0.10577257031509807,0.12409347131301035,0.9666161690783791,-0.19765160111333027,0.0,0.0,0.0,0.0,0.0,0.0,0.0,0.0,0.0,0.0,0.0,0.0,0.0,0.0,0.0,0.0,0.0,0.0,0.0,0.0,0.0,0.0,0.0,0.0,0.0,0.0,0.0,0.0,0.0,0.0,0.0,0.0,0.0,0.0,0.0,0.0,0.27223387916779795,-0.10034790956137354,0.004068314851288489,-0.027388680500227768,-0.02766402504127477,-0.005499050545591069,0.0,0.0,0.0,0.0,0.0,0.0,0.0,0.0,0.0,0.0,0.0,0.0,0.0,0.0,0.0,0.0,0.0,0.0,0.0,0.0,0.0,0.0,0.0,0.0,0.0,0.0,0.0,0.0,0.0,0.0,0.0,0.0,0.0,0.0,0.0,0.0
25000000000,25,0,Archimede_odom,Archimede_base_link,-12.567054087633728,13.091272778655089,344.1738574927942,-0.10454846561015689,0.12389504513280553,0.9668123980904484,-0.19746752398482664,0.0,0.0,0.0,0.0,0.0,0.0,0.0,0.0,0.0,0.0,0.0,0.0,0.0,0.0,0.0,0.0,0.0,0.0,0.0,0.0,0.0,0.0,0.0,0.0,0.0,0.0,0.0,0.0,0.0,0.0,0.0,0.0,0.0,0.0,0.0,0.0,0.2734079957938006,-0.09858376401380994,0.007516465518570459,-0.0041290472945099835,-0.025007402939993834,0.008869471012955646,0.0,0.0,0.0,0.0,0.0,0.0,0.0,0.0,0.0,0.0,0.0,0.0,0.0,0.0,0.0,0.0,0.0,0.0,0.0,0.0,0.0,0.0,0.0,0.0,0.0,0.0,0.0,0.0,0.0,0.0,0.0,0.0,0.0,0.0,0.0,0.0
25100000000,25,100000000,Archimede_odom,Archimede_base_link,-12.591178689693704,13.088972575671136,344.1687231739691,-0.10328997002476084,0.12439893742895618,0.9665524792617536,-0.19907885696825892,0.0,0.0,0.0,0.0,0.0,0.0,0.0,0.0,0.0,0.0,0.0,0.0,0.0,0.0,0.0,0.0,0.0,0.0,0.0,0.0,0.0,0.0,0.0,0.0,0.0,0.0,0.0,0.0,0.0,0.0,0.0,0.0,0.0,0.0,0.0,0.0,0.26342685506589525,-0.03948161797659912,0.017986605830867138,0.04921518394741133,-0.02267992980665672,0.052503299789928556,0.0,0.0,0.0,0.0,0.0,0.0,0.0,0.0,0.0,0.0,0.0,0.0,0.0,0.0,0.0,0.0,0.0,0.0,0.0,0.0,0.0,0.0,0.0,0.0,0.0,0.0,0.0,0.0,0.0,0.0,0.0,0.0,0.0,0.0,0.0,0.0
25201000000,25,200000000,Archimede_odom,Archimede_base_link,-12.600470030790587,13.085951406171919,344.1670669452622,-0.10323630306624337,0.12283219934144467,0.9665253066831428,-0.20020826175564,0.0,0.0,0.0,0.0,0.0,0.0,0.0,0.0,0.0,0.0,0.0,0.0,0.0,0.0,0.0,0.0,0.0,0.0,0.0,0.0,0.0,0.0,0.0,0.0,0.0,0.0,0.0,0.0,0.0,0.0,0.0,0.0,0.0,0.0,0.0,0.0,0.004190100548575798,-0.002355097734619969,0.00020273728208681613,0.0007128388538054287,-0.0008158425704782287,0.00015327567564802578,0.0,0.0,0.0,0.0,0.0,0.0,0.0,0.0,0.0,0.0,0.0,0.0,0.0,0.0,0.0,0.0,0.0,0.0,0.0,0.0,0.0,0.0,0.0,0.0,0.0,0.0,0.0,0.0,0.0,0.0,0.0,0.0,0.0,0.0,0.0,0.0
25300000000,25,300000000,Archimede_odom,Archimede_base_link,-12.602441320865456,13.085281062922625,344.1667595633961,-0.10298959708011768,0.12332452241765281,0.9664986649530601,-0.20016127424575783,0.0,0.0,0.0,0.0,0.0,0.0,0.0,0.0,0.0,0.0,0.0,0.0,0.0,0.0,0.0,0.0,0.0,0.0,0.0,0.0,0.0,0.0,0.0,0.0,0.0,0.0,0.0,0.0,0.0,0.0,0.0,0.0,0.0,0.0,0.0,0.0,0.029884515071359048,-0.0029381836839591606,0.0008995671058394774,0.013181850721347513,-0.01018839364879448,0.0011549835393266626,0.0,0.0,0.0,0.0,0.0,0.0,0.0,0.0,0.0,0.0,0.0,0.0,0.0,0.0,0.0,0.0,0.0,0.0,0.0,0.0,0.0,0.0,0.0,0.0,0.0,0.0,0.0,0.0,0.0,0.0,0.0,0.0,0.0,0.0,0.0,0.0
25401000000,25,400000000,Archimede_odom,Archimede_base_link,-12.606361993827248,13.083957140196505,344.16613658392333,-0.10246901157659784,0.12438517871072421,0.9664404133863755,-0.20005338376840304,0.0,0.0,0.0,0.0,0.0,0.0,0.0,0.0,0.0,0.0,0.0,0.0,0.0,0.0,0.0,0.0,0.0,0.0,0.0,0.0,0.0,0.0,0.0,0.0,0.0,0.0,0.0,0.0,0.0,0.0,0.0,0.0,0.0,0.0,0.0,0.0,0.051339236931215074,-0.005132372062369015,0.0014320999974566915,0.02339048131615425,-0.017964908186747997,0.0019932468744611157,0.0,0.0,0.0,0.0,0.0,0.0,0.0,0.0,0.0,0.0,0.0,0.0,0.0,0.0,0.0,0.0,0.0,0.0,0.0,0.0,0.0,0.0,0.0,0.0,0.0,0.0,0.0,0.0,0.0,0.0,0.0,0.0,0.0,0.0,0.0,0.0
25500000000,25,500000000,Archimede_odom,Archimede_base_link,-12.608058682094578,13.083355689664486,344.1658720575674,-0.10236861009254074,0.12449103243515867,0.9664363252501696,-0.20005869075823224,0.0,0.0,0.0,0.0,0.0,0.0,0.0,0.0,0.0,0.0,0.0,0.0,0.0,0.0,0.0,0.0,0.0,0.0,0.0,0.0,0.0,0.0,0.0,0.0,0.0,0.0,0.0,0.0,0.0,0.0,0.0,0.0,0.0,0.0,0.0,0.0,0.015233086947961227,-0.0008847880915726171,0.0004169166640009583,0.0,0.0,0.0,0.0,0.0,0.0,0.0,0.0,0.0,0.0,0.0,0.0,0.0,0.0,0.0,0.0,0.0,0.0,0.0,0.0,0.0,0.0,0.0,0.0,0.0,0.0,0.0,0.0,0.0,0.0,0.0,0.0,0.0,0.0,0.0,0.0,0.0,0.0,0.0
25600000000,25,600000000,Archimede_odom,Archimede_base_link,-12.609614308175106,13.082759448054135,344.16563932324294,-0.10229980185670666,0.1245275970272258,0.9664359445632464,-0.20007296962570664,0.0,0.0,0.0,0.0,0.0,0.0,0.0,0.0,0.0,0.0,0.0,0.0,0.0,0.0,0.0,0.0,0.0,0.0,0.0,0.0,0.0,0.0,0.0,0.0,0.0,0.0,0.0,0.0,0.0,0.0,0.0,0.0,0.0,0.0,0.0,0.0,0.01805679347060436,-0.001047689488032498,0.0004861950686549809,0.0,0.0,0.0,0.0,0.0,0.0,0.0,0.0,0.0,0.0,0.0,0.0,0.0,0.0,0.0,0.0,0.0,0.0,0.0,0.0,0.0,0.0,0.0,0.0,0.0,0.0,0.0,0.0,0.0,0.0,0.0,0.0,0.0,0.0,0.0,0.0,0.0,0.0,0.0
25700000000,25,700000000,Archimede_odom,Archimede_base_link,-12.611430838412197,13.082062937542046,344.16536727741493,-0.10221945368984633,0.12456989389005498,0.9664355373357166,-0.20008967239264167,0.0,0.0,0.0,0.0,0.0,0.0,0.0,0.0,0.0,0.0,0.0,0.0,0.0,0.0,0.0,0.0,0.0,0.0,0.0,0.0,0.0,0.0,0.0,0.0,0.0,0.0,0.0,0.0,0.0,0.0,0.0,0.0,0.0,0.0,0.0,0.0,0.02086834487802857,-0.0012105080933376474,0.0005565271511994202,0.0,0.0,0.0,0.0,0.0,0.0,0.0,0.0,0.0,0.0,0.0,0.0,0.0,0.0,0.0,0.0,0.0,0.0,0.0,0.0,0.0,0.0,0.0,0.0,0.0,0.0,0.0,0.0,0.0,0.0,0.0,0.0,0.0,0.0,0.0,0.0,0.0,0.0,0.0
25800000000,25,800000000,Archimede_odom,Archimede_base_link,-12.613507161585535,13.081266620749016,344.16505624593395,-0.10212761807953272,0.12461810687150589,0.9664350763627567,-0.20010877102434985,0.0,0.0,0.0,0.0,0.0,0.0,0.0,0.0,0.0,0.0,0.0,0.0,0.0,0.0,0.0,0.0,0.0,0.0,0.0,0.0,0.0,0.0,0.0,0.0,0.0,0.0,0.0,0.0,0.0,0.0,0.0,0.0,0.0,0.0,0.0,0.0,0.02366718419604747,-0.0013728564366772475,0.0006260096393643198,0.000555574163018925,-0.0020270239877227024,0.0007375021520603524,0.0,0.0,0.0,0.0,0.0,0.0,0.0,0.0,0.0,0.0,0.0,0.0,0.0,0.0,0.0,0.0,0.0,0.0,0.0,0.0,0.0,0.0,0.0,0.0,0.0,0.0,0.0,0.0,0.0,0.0,0.0,0.0,0.0,0.0,0.0,0.0
25901000000,25,900000000,Archimede_odom,Archimede_base_link,-12.615841863641021,13.080371010411168,344.1647065080003,-0.10202436133093011,0.1246722830279469,0.9664345503122835,-0.20013023635200558,0.0,0.0,0.0,0.0,0.0,0.0,0.0,0.0,0.0,0.0,0.0,0.0,0.0,0.0,0.0,0.0,0.0,0.0,0.0,0.0,0.0,0.0,0.0,0.0,0.0,0.0,0.0,0.0,0.0,0.0,0.0,0.0,0.0,0.0,0.0,0.0,0.026448116508808694,-0.0015342252211079973,0.0006936991185538073,0.000620667470429688,-0.002265007814285666,0.0008238871291504138,0.0,0.0,0.0,0.0,0.0,0.0,0.0,0.0,0.0,0.0,0.0,0.0,0.0,0.0,0.0,0.0,0.0,0.0,0.0,0.0,0.0,0.0,0.0,0.0,0.0,0.0,0.0,0.0,0.0,0.0,0.0,0.0,0.0,0.0,0.0,0.0
26000000000,26,0,Archimede_odom,Archimede_base_link,-12.618433110512136,13.079376758554867,344.1643183712682,-0.10190976746307892,0.1247324126953879,0.9664339518734586,-0.2001540436390387,0.0,0.0,0.0,0.0,0.0,0.0,0.0,0.0,0.0,0.0,0.0,0.0,0.0,0.0,0.0,0.0,0.0,0.0,0.0,0.0,0.0,0.0,0.0,0.0,0.0,0.0,0.0,0.0,0.0,0.0,0.0,0.0,0.0,0.0,0.0,0.0,0.029208668646111914,-0.0016944875808346895,0.0007591213147059336,0.0006857456708334497,-0.00250124460727543,0.0009095832453482543,0.0,0.0,0.0,0.0,0.0,0.0,0.0,0.0,0.0,0.0,0.0,0.0,0.0,0.0,0.0,0.0,0.0,0.0,0.0,0.0,0.0,0.0,0.0,0.0,0.0,0.0,0.0,0.0,0.0,0.0,0.0,0.0,0.0,0.0,0.0,0.0
26100000000,26,100000000,Archimede_odom,Archimede_base_link,-12.621279115074808,13.078284495768038,344.1638921223985,-0.10178391663463751,0.1247984707059805,0.9664332727077296,-0.2001801824042252,0.0,0.0,0.0,0.0,0.0,0.0,0.0,0.0,0.0,0.0,0.0,0.0,0.0,0.0,0.0,0.0,0.0,0.0,0.0,0.0,0.0,0.0,0.0,0.0,0.0,0.0,0.0,0.0,0.0,0.0,0.0,0.0,0.0,0.0,0.0,0.0,0.03195154567042176,-0.0018538813775705223,0.0008220851085674211,0.0007506334032305795,-0.0027358500015670353,0.0009948931410293709,0.0,0.0,0.0,0.0,0.0,0.0,0.0,0.0,0.0,0.0,0.0,0.0,0.0,0.0,0.0,0.0,0.0,0.0,0.0,0.0,0.0,0.0,0.0,0.0,0.0,0.0,0.0,0.0,0.0,0.0,0.0,0.0,0.0,0.0,0.0,0.0
26200000000,26,200000000,Archimede_odom,Archimede_base_link,-12.62437814749998,13.077094812028825,344.16342803855923,-0.10164688851088495,0.12487042708876812,0.9664325071554478,-0.2002086302034946,0.0,0.0,0.0,0.0,0.0,0.0,0.0,0.0,0.0,0.0,0.0,0.0,0.0,0.0,0.0,0.0,0.0,0.0,0.0,0.0,0.0,0.0,0.0,0.0,0.0,0.0,0.0,0.0,0.0,0.0,0.0,0.0,0.0,0.0,0.0,0.0,0.03467402925661052,-0.0020120710694660165,0.000882323804246398,0.0008152806105311919,-0.002968713889039358,0.00107928950212392,0.0,0.0,0.0,0.0,0.0,0.0,0.0,0.0,0.0,0.0,0.0,0.0,0.0,0.0,0.0,0.0,0.0,0.0,0.0,0.0,0.0,0.0,0.0,0.0,0.0,0.0,0.0,0.0,0.0,0.0,0.0,0.0,0.0,0.0,0.0,0.0
26300000000,26,300000000,Archimede_odom,Archimede_base_link,-12.627727921646512,13.075808497222846,344.16292648147135,-0.10149878900913165,0.1249482368453609,0.9664316514468905,-0.2002393493311225,0.0,0.0,0.0,0.0,0.0,0.0,0.0,0.0,0.0,0.0,0.0,0.0,0.0,0.0,0.0,0.0,0.0,0.0,0.0,0.0,0.0,0.0,0.0,0.0,0.0,0.0,0.0,0.0,0.0,0.0,0.0,0.0,0.0,0.0,0.0,0.0,0.037370025193913775,-0.002168791364153441,0.0009395064336071259,0.0008794777080415557,-0.003199195165736148,0.0011627724392773702,0.0,0.0,0.0,0.0,0.0,0.0,0.0,0.0,0.0,0.0,0.0,0.0,0.0,0.0,0.0,0.0,0.0,0.0,0.0,0.0,0.0,0.0,0.0,0.0,0.0,0.0,0.0,0.0,0.0,0.0,0.0,0.0,0.0,0.0,0.0,0.0
26400000000,26,400000000,Archimede_odom,Archimede_base_link,-12.631298349414989,13.074436475715684,344.16239218230095,-0.10133765646531014,0.1250415511436218,0.9664306304432476,-0.2002676369531099,0.0,0.0,0.0,0.0,0.0,0.0,0.0,0.0,0.0,0.0,0.0,0.0,0.0,0.0,0.0,0.0,0.0,0.0,0.0,0.0,0.0,0.0,0.0,0.0,0.0,0.0,0.0,0.0,0.0,0.0,0.0,0.0,0.0,0.0,0.0,0.0,0.03872377077596129,-0.0023587719242372054,0.0009613847531152822,0.002064503461916379,-0.004019762048514801,0.0012514233003825005,0.0,0.0,0.0,0.0,0.0,0.0,0.0,0.0,0.0,0.0,0.0,0.0,0.0,0.0,0.0,0.0,0.0,0.0,0.0,0.0,0.0,0.0,0.0,0.0,0.0,0.0,0.0,0.0,0.0,0.0,0.0,0.0,0.0,0.0,0.0,0.0
26500000000,26,500000000,Archimede_odom,Archimede_base_link,-12.634805263502244,13.073090013507223,344.161867409187,-0.10115495375100118,0.12520468000971796,0.9664263775642963,-0.20027860640430156,0.0,0.0,0.0,0.0,0.0,0.0,0.0,0.0,0.0,0.0,0.0,0.0,0.0,0.0,0.0,0.0,0.0,0.0,0.0,0.0,0.0,0.0,0.0,0.0,0.0,0.0,0.0,0.0,0.0,0.0,0.0,0.0,0.0,0.0,0.0,0.0,0.038925953883722435,-0.00226227219411627,0.0009530403867017178,0.002470677509154169,-0.004261694351265681,0.0010995854396377428,0.0,0.0,0.0,0.0,0.0,0.0,0.0,0.0,0.0,0.0,0.0,0.0,0.0,0.0,0.0,0.0,0.0,0.0,0.0,0.0,0.0,0.0,0.0,0.0,0.0,0.0,0.0,0.0,0.0,0.0,0.0,0.0,0.0,0.0,0.0,0.0
26600000000,26,600000000,Archimede_odom,Archimede_base_link,-12.638523582800563,13.071661333921524,344.16131115808065,-0.10096100628270087,0.12537761855610846,0.9664212602933607,-0.20029297448631517,0.0,0.0,0.0,0.0,0.0,0.0,0.0,0.0,0.0,0.0,0.0,0.0,0.0,0.0,0.0,0.0,0.0,0.0,0.0,0.0,0.0,0.0,0.0,0.0,0.0,0.0,0.0,0.0,0.0,0.0,0.0,0.0,0.0,0.0,0.0,0.0,0.04113009052339161,-0.00239062627484092,0.0009893966187921044,0.002613593701715682,-0.004503684326096902,0.0011613443565150659,0.0,0.0,0.0,0.0,0.0,0.0,0.0,0.0,0.0,0.0,0.0,0.0,0.0,0.0,0.0,0.0,0.0,0.0,0.0,0.0,0.0,0.0,0.0,0.0,0.0,0.0,0.0,0.0,0.0,0.0,0.0,0.0,0.0,0.0,0.0,0.0
26700000000,26,700000000,Archimede_odom,Archimede_base_link,-12.642444419155455,13.07015437638419,344.16072469444873,-0.10075649718413933,0.12556008776669622,0.9664157861079196,-0.2003080652310685,0.0,0.0,0.0,0.0,0.0,0.0,0.0,0.0,0.0,0.0,0.0,0.0,0.0,0.0,0.0,0.0,0.0,0.0,0.0,0.0,0.0,0.0,0.0,0.0,0.0,0.0,0.0,0.0,0.0,0.0,0.0,0.0,0.0,0.0,0.0,0.0,0.04330581033266601,-0.002517286988709041,0.0010221776365272827,0.0027538023484365614,-0.0047417912263983,0.0012222063595661297,0.0,0.0,0.0,0.0,0.0,0.0,0.0,0.0,0.0,0.0,0.0,0.0,0.0,0.0,0.0,0.0,0.0,0.0,0.0,0.0,0.0,0.0,0.0,0.0,0.0,0.0,0.0,0.0,0.0,0.0,0.0,0.0,0.0,0.0,0.0,0.0
26800000000,26,800000000,Archimede_odom,Archimede_base_link,-12.646565104992806,13.06857008585723,344.16010843191424,-0.10054158143728309,0.12575193718498293,0.9664099489635348,-0.20032386587876233,0.0,0.0,0.0,0.0,0.0,0.0,0.0,0.0,0.0,0.0,0.0,0.0,0.0,0.0,0.0,0.0,0.0,0.0,0.0,0.0,0.0,0.0,0.0,0.0,0.0,0.0,0.0,0.0,0.0,0.0,0.0,0.0,0.0,0.0,0.0,0.0,0.04545165120151915,-0.0026421968766808693,0.0010512525830278783,0.002891955121865825,-0.004976361883486112,0.0012820498294161382,0.0,0.0,0.0,0.0,0.0,0.0,0.0,0.0,0.0,0.0,0.0,0.0,0.0,0.0,0.0,0.0,0.0,0.0,0.0,0.0,0.0,0.0,0.0,0.0,0.0,0.0,0.0,0.0,0.0,0.0,0.0,0.0,0.0,0.0,0.0,0.0
26900000000,26,900000000,Archimede_odom,Archimede_base_link,-12.650882828616759,13.066909466464644,344.1594628046853,-0.10031641340789711,0.12595303185188308,0.9664037407680608,-0.20034036237811204,0.0,0.0,0.0,0.0,0.0,0.0,0.0,0.0,0.0,0.0,0.0,0.0,0.0,0.0,0.0,0.0,0.0,0.0,0.0,0.0,0.0,0.0,0.0,0.0,0.0,0.0,0.0,0.0,0.0,0.0,0.0,0.0,0.0,0.0,0.0,0.0,0.047567080417421706,-0.002765286702608538,0.0010765203993702284,0.0030282662079145336,-0.005207460060443566,0.0013407845492896344,0.0,0.0,0.0,0.0,0.0,0.0,0.0,0.0,0.0,0.0,0.0,0.0,0.0,0.0,0.0,0.0,0.0,0.0,0.0,0.0,0.0,0.0,0.0,0.0,0.0,0.0,0.0,0.0,0.0,0.0,0.0,0.0,0.0,0.0,0.0,0.0
27000000000,27,0,Archimede_odom,Archimede_base_link,-12.655394632586525,13.0651735763543,344.1587882691939,-0.10008115264003208,0.12616323819342928,0.9663971533159685,-0.20035753611377602,0.0,0.0,0.0,0.0,0.0,0.0,0.0,0.0,0.0,0.0,0.0,0.0,0.0,0.0,0.0,0.0,0.0,0.0,0.0,0.0,0.0,0.0,0.0,0.0,0.0,0.0,0.0,0.0,0.0,0.0,0.0,0.0,0.0,0.0,0.0,0.0,0.04965069690341391,-0.002886563785842458,0.0010978665953284433,0.003162693894622584,-0.005434931975725253,0.0013985172667528812,0.0,0.0,0.0,0.0,0.0,0.0,0.0,0.0,0.0,0.0,0.0,0.0,0.0,0.0,0.0,0.0,0.0,0.0,0.0,0.0,0.0,0.0,0.0,0.0,0.0,0.0,0.0,0.0,0.0,0.0,0.0,0.0,0.0,0.0,0.0,0.0
27100000000,27,100000000,Archimede_odom,Archimede_base_link,-12.660097440207274,13.063363517582612,344.1580853000835,-0.0998359640470969,0.1263824202076882,0.966390178274637,-0.20037536644894602,0.0,0.0,0.0,0.0,0.0,0.0,0.0,0.0,0.0,0.0,0.0,0.0,0.0,0.0,0.0,0.0,0.0,0.0,0.0,0.0,0.0,0.0,0.0,0.0,0.0,0.0,0.0,0.0,0.0,0.0,0.0,0.0,0.0,0.0,0.0,0.0,0.05170094617121951,-0.003005950672361716,0.0011151853944194733,0.003295199066102493,-0.0056586676423486535,0.001455237027565736,0.0,0.0,0.0,0.0,0.0,0.0,0.0,0.0,0.0,0.0,0.0,0.0,0.0,0.0,0.0,0.0,0.0,0.0,0.0,0.0,0.0,0.0,0.0,0.0,0.0,0.0,0.0,0.0,0.0,0.0,0.0,0.0,0.0,0.0,0.0,0.0
27200000000,27,200000000,Archimede_odom,Archimede_base_link,-12.664988053268125,13.061480437972888,344.1573543903101,-0.09958101852194555,0.12661043747112188,0.9663828071326419,-0.20039383212049708,0.0,0.0,0.0,0.0,0.0,0.0,0.0,0.0,0.0,0.0,0.0,0.0,0.0,0.0,0.0,0.0,0.0,0.0,0.0,0.0,0.0,0.0,0.0,0.0,0.0,0.0,0.0,0.0,0.0,0.0,0.0,0.0,0.0,0.0,0.0,0.0,0.05371639134219601,-0.003123378962012829,0.0011283847941474068,0.0034257119376678658,-0.005878530676529499,0.0015109441482404654,0.0,0.0,0.0,0.0,0.0,0.0,0.0,0.0,0.0,0.0,0.0,0.0,0.0,0.0,0.0,0.0,0.0,0.0,0.0,0.0,0.0,0.0,0.0,0.0,0.0,0.0,0.0,0.0,0.0,0.0,0.0,0.0,0.0,0.0,0.0,0.0
27300000000,27,300000000,Archimede_odom,Archimede_base_link,-12.67005986547625,13.05952671434961,344.1565965638476,-0.09931667650866556,0.12684700701198645,0.9663750618323366,-0.2004127601923629,0.0,0.0,0.0,0.0,0.0,0.0,0.0,0.0,0.0,0.0,0.0,0.0,0.0,0.0,0.0,0.0,0.0,0.0,0.0,0.0,0.0,0.0,0.0,0.0,0.0,0.0,0.0,0.0,0.0,0.0,0.0,0.0,0.0,0.0,0.0,0.0,0.0556523194271593,-0.0032362342686028263,0.0011365193760724415,0.0035509743776706267,-0.006089351267926688,0.0015643532132397948,0.0,0.0,0.0,0.0,0.0,0.0,0.0,0.0,0.0,0.0,0.0,0.0,0.0,0.0,0.0,0.0,0.0,0.0,0.0,0.0,0.0,0.0,0.0,0.0,0.0,0.0,0.0,0.0,0.0,0.0,0.0,0.0,0.0,0.0,0.0,0.0
27400000000,27,400000000,Archimede_odom,Archimede_base_link,-12.675312005532009,13.057502763107992,344.1558119228108,-0.09904296766777917,0.12709205333666856,0.9663668798643467,-0.20043241762618152,0.0,0.0,0.0,0.0,0.0,0.0,0.0,0.0,0.0,0.0,0.0,0.0,0.0,0.0,0.0,0.0,0.0,0.0,0.0,0.0,0.0,0.0,0.0,0.0,0.0,0.0,0.0,0.0,0.0,0.0,0.0,0.0,0.0,0.0,0.0,0.0,0.057594146918867405,-0.003349512184276983,0.001141313520990641,0.0036774972561500257,-0.006301156582111127,0.0016177230919529034,0.0,0.0,0.0,0.0,0.0,0.0,0.0,0.0,0.0,0.0,0.0,0.0,0.0,0.0,0.0,0.0,0.0,0.0,0.0,0.0,0.0,0.0,0.0,0.0,0.0,0.0,0.0,0.0,0.0,0.0,0.0,0.0,0.0,0.0,0.0,0.0
27500000000,27,500000000,Archimede_odom,Archimede_base_link,-12.679014168906141,13.056050469002235,344.155225050456,-0.09883550597641953,0.12716890393954422,0.9663677286043166,-0.20048198358289898,0.0,0.0,0.0,0.0,0.0,0.0,0.0,0.0,0.0,0.0,0.0,0.0,0.0,0.0,0.0,0.0,0.0,0.0,0.0,0.0,0.0,0.0,0.0,0.0,0.0,0.0,0.0,0.0,0.0,0.0,0.0,0.0,0.0,0.0,0.0,0.0,0.021993137508897646,-0.0013016237325237906,-0.00023909545578358762,0.000780103847967981,-0.0038601246917698865,0.0010700899699139775,0.0,0.0,0.0,0.0,0.0,0.0,0.0,0.0,0.0,0.0,0.0,0.0,0.0,0.0,0.0,0.0,0.0,0.0,0.0,0.0,0.0,0.0,0.0,0.0,0.0,0.0,0.0,0.0,0.0,0.0,0.0,0.0,0.0,0.0,0.0,0.0
27600000000,27,600000000,Archimede_odom,Archimede_base_link,-12.679873333307414,13.05584247487076,344.1550515878506,-0.09876974336556694,0.1271882676052903,0.9663637225276305,-0.20052141571813753,0.0,0.0,0.0,0.0,0.0,0.0,0.0,0.0,0.0,0.0,0.0,0.0,0.0,0.0,0.0,0.0,0.0,0.0,0.0,0.0,0.0,0.0,0.0,0.0,0.0,0.0,0.0,0.0,0.0,0.0,0.0,0.0,0.0,0.0,0.0,0.0,0.00935299224178296,-0.0014857391132562098,-0.00013941774197757608,0.0004830501554564114,-0.0015742456434337487,0.00036368781981859345,0.0,0.0,0.0,0.0,0.0,0.0,0.0,0.0,0.0,0.0,0.0,0.0,0.0,0.0,0.0,0.0,0.0,0.0,0.0,0.0,0.0,0.0,0.0,0.0,0.0,0.0,0.0,0.0,0.0,0.0,0.0,0.0,0.0,0.0,0.0,0.0
27700000000,27,700000000,Archimede_odom,Archimede_base_link,-12.680852986710937,13.055519540143996,344.1548715311007,-0.09870682142897132,0.1271847011469138,0.9663647722519497,-0.20054960021899068,0.0,0.0,0.0,0.0,0.0,0.0,0.0,0.0,0.0,0.0,0.0,0.0,0.0,0.0,0.0,0.0,0.0,0.0,0.0,0.0,0.0,0.0,0.0,0.0,0.0,0.0,0.0,0.0,0.0,0.0,0.0,0.0,0.0,0.0,0.0,0.0,0.017891895751047972,-0.0008015026035002593,-4.9087974059030204e-05,-0.0005064757337585855,-0.001572781196746751,7.913034791850712e-05,0.0,0.0,0.0,0.0,0.0,0.0,0.0,0.0,0.0,0.0,0.0,0.0,0.0,0.0,0.0,0.0,0.0,0.0,0.0,0.0,0.0,0.0,0.0,0.0,0.0,0.0,0.0,0.0,0.0,0.0,0.0,0.0,0.0,0.0,0.0,0.0
27800000000,27,800000000,Archimede_odom,Archimede_base_link,-12.68327917493837,13.054529842841495,344.154460386696,-0.09855693870573172,0.12716991758990476,0.9663834349677533,-0.20054275981211067,0.0,0.0,0.0,0.0,0.0,0.0,0.0,0.0,0.0,0.0,0.0,0.0,0.0,0.0,0.0,0.0,0.0,0.0,0.0,0.0,0.0,0.0,0.0,0.0,0.0,0.0,0.0,0.0,0.0,0.0,0.0,0.0,0.0,0.0,0.0,0.0,0.03353804117772376,-0.001503994711393565,-0.00010186830582353053,-0.001161639690663284,-0.0036628024101753977,0.00018321956893692552,0.0,0.0,0.0,0.0,0.0,0.0,0.0,0.0,0.0,0.0,0.0,0.0,0.0,0.0,0.0,0.0,0.0,0.0,0.0,0.0,0.0,0.0,0.0,0.0,0.0,0.0,0.0,0.0,0.0,0.0,0.0,0.0,0.0,0.0,0.0,0.0
27900000000,27,900000000,Archimede_odom,Archimede_base_link,-12.68713823304723,13.05295565525517,344.1538063963744,-0.09831838745452538,0.12714679634625353,0.9664130633542966,-0.20053173775088728,0.0,0.0,0.0,0.0,0.0,0.0,0.0,0.0,0.0,0.0,0.0,0.0,0.0,0.0,0.0,0.0,0.0,0.0,0.0,0.0,0.0,0.0,0.0,0.0,0.0,0.0,0.0,0.0,0.0,0.0,0.0,0.0,0.0,0.0,0.0,0.0,0.049187728640141086,-0.0022065707588723353,-0.0001722922868886222,-0.001699562082675954,-0.00537450048069811,0.0002667552700418629,0.0,0.0,0.0,0.0,0.0,0.0,0.0,0.0,0.0,0.0,0.0,0.0,0.0,0.0,0.0,0.0,0.0,0.0,0.0,0.0,0.0,0.0,0.0,0.0,0.0,0.0,0.0,0.0,0.0,0.0,0.0,0.0,0.0,0.0,0.0,0.0
28000000000,28,0,Archimede_odom,Archimede_base_link,-12.69242906108591,13.050797150201642,344.15290978140865,-0.09799131121391064,0.12711518648113923,0.9664536427388226,-0.20051630539510779,0.0,0.0,0.0,0.0,0.0,0.0,0.0,0.0,0.0,0.0,0.0,0.0,0.0,0.0,0.0,0.0,0.0,0.0,0.0,0.0,0.0,0.0,0.0,0.0,0.0,0.0,0.0,0.0,0.0,0.0,0.0,0.0,0.0,0.0,0.0,0.0,0.06480788700596966,-0.0029043864094204495,-0.00026850833506807126,-0.0022376263798860796,-0.0070819379150515935,0.00034159387059957546,0.0,0.0,0.0,0.0,0.0,0.0,0.0,0.0,0.0,0.0,0.0,0.0,0.0,0.0,0.0,0.0,0.0,0.0,0.0,0.0,0.0,0.0,0.0,0.0,0.0,0.0,0.0,0.0,0.0,0.0,0.0,0.0,0.0,0.0,0.0,0.0
28100000000,28,100000000,Archimede_odom,Archimede_base_link,-12.699147761439429,13.048055714263338,344.15177121058093,-0.09757599107748703,0.12707503341670745,0.9665051078296228,-0.20049623035518166,0.0,0.0,0.0,0.0,0.0,0.0,0.0,0.0,0.0,0.0,0.0,0.0,0.0,0.0,0.0,0.0,0.0,0.0,0.0,0.0,0.0,0.0,0.0,0.0,0.0,0.0,0.0,0.0,0.0,0.0,0.0,0.0,0.0,0.0,0.0,0.0,0.08039089124708827,-0.0036037192969560748,-0.0003985688969725473,-0.002775067700277147,-0.008785049357619448,0.00041679922225386183,0.0,0.0,0.0,0.0,0.0,0.0,0.0,0.0,0.0,0.0,0.0,0.0,0.0,0.0,0.0,0.0,0.0,0.0,0.0,0.0,0.0,0.0,0.0,0.0,0.0,0.0,0.0,0.0,0.0,0.0,0.0,0.0,0.0,0.0,0.0,0.0
28200000000,28,200000000,Archimede_odom,Archimede_base_link,-12.707293561087166,13.044731713745469,344.150390759234,-0.0970724699522724,0.12702630985031962,0.9665673433289811,-0.20047150169820005,0.0,0.0,0.0,0.0,0.0,0.0,0.0,0.0,0.0,0.0,0.0,0.0,0.0,0.0,0.0,0.0,0.0,0.0,0.0,0.0,0.0,0.0,0.0,0.0,0.0,0.0,0.0,0.0,0.0,0.0,0.0,0.0,0.0,0.0,0.0,0.0,0.0959807748368757,-0.0043041337941273124,-0.0005708298901809853,-0.003312854606620184,-0.010488772448470934,0.0004894554724314945,0.0,0.0,0.0,0.0,0.0,0.0,0.0,0.0,0.0,0.0,0.0,0.0,0.0,0.0,0.0,0.0,0.0,0.0,0.0,0.0,0.0,0.0,0.0,0.0,0.0,0.0,0.0,0.0,0.0,0.0,0.0,0.0,0.0,0.0,0.0,0.0
