timestamp,_header_stamp_sec,_header_stamp_nanosec,_header_frame_id,_child_frame_id,_pose_pose_position_x,_pose_pose_position_y,_pose_pose_position_z,_pose_pose_orientation_x,_pose_pose_orientation_y,_pose_pose_orientation_z,_pose_pose_orientation_w,_pose_covariance_0,_pose_covariance_1,_pose_covariance_2,_pose_covariance_3,_pose_covariance_4,_pose_covariance_5,_pose_covariance_6,_pose_covariance_7,_pose_covariance_8,_pose_covariance_9,_pose_covariance_10,_pose_covariance_11,_pose_covariance_12,_pose_covariance_13,_pose_covariance_14,_pose_covariance_15,_pose_covariance_16,_pose_covariance_17,_pose_covariance_18,_pose_covariance_19,_pose_covariance_20,_pose_covariance_21,_pose_covariance_22,_pose_covariance_23,_pose_covariance_24,_pose_covariance_25,_pose_covariance_26,_pose_covariance_27,_pose_covariance_28,_pose_covariance_29,_pose_covariance_30,_pose_covariance_31,_pose_covariance_32,_pose_covariance_33,_pose_covariance_34,_pose_covariance_35,_twist_twist_linear_x,_twist_twist_linear_y,_twist_twist_linear_z,_twist_twist_angular_x,_twist_twist_angular_y,_twist_twist_angular_z,_twist_covariance_0,_twist_covariance_1,_twist_covariance_2,_twist_covariance_3,_twist_covariance_4,_twist_covariance_5,_twist_covariance_6,_twist_covariance_7,_twist_covariance_8,_twist_covariance_9,_twist_covariance_10,_twist_covariance_11,_twist_covariance_12,_twist_covariance_13,_twist_covariance_14,_twist_covariance_15,_twist_covariance_16,_twist_covariance_17,_twist_covariance_18,_twist_covariance_19,_twist_covariance_20,_twist_covariance_21,_twist_covariance_22,_twist_covariance_23,_twist_covariance_24,_twist_covariance_25,_twist_covariance_26,_twist_covariance_27,_twist_covariance_28,_twist_covariance_29,_twist_covariance_30,_twist_covariance_31,_twist_covariance_32,_twist_covariance_33,_twist_covariance_34,_twist_covariance_35
100000000,0,100000000,Archimede_odom,Archimede_base_link,-38.72136059725961,43.976508863061404,337.43165567317294,-0.002972813564538321,-0.011521949745626698,-0.3800111679073136,0.9249053569524232,0.0,0.0,0.0,0.0,0.0,0.0,0.0,0.0,0.0,0.0,0.0,0.0,0.0,0.0,0.0,0.0,0.0,0.0,0.0,0.0,0.0,0.0,0.0,0.0,0.0,0.0,0.0,0.0,0.0,0.0,0.0,0.0,0.0,0.0,0.0,0.0,-0.009173504169659237,0.004181449225299416,0.00026860706711853694,-0.09056950836805147,0.053526914862291164,0.009459855427699249,0.0,0.0,0.0,0.0,0.0,0.0,0.0,0.0,0.0,0.0,0.0,0.0,0.0,0.0,0.0,0.0,0.0,0.0,0.0,0.0,0.0,0.0,0.0,0.0,0.0,0.0,0.0,0.0,0.0,0.0,0.0,0.0,0.0,0.0,0.0,0.0
200000000,0,200000000,Archimede_odom,Archimede_base_link,-38.7193332093545,43.974950086068304,337.4317918493544,-0.005235459021744872,-0.008507175028234934,-0.37956350276048156,0.9251117582833247,0.0,0.0,0.0,0.0,0.0,0.0,0.0,0.0,0.0,0.0,0.0,0.0,0.0,0.0,0.0,0.0,0.0,0.0,0.0,0.0,0.0,0.0,0.0,0.0,0.0,0.0,0.0,0.0,0.0,0.0,0.0,0.0,0.0,0.0,0.0,0.0,0.04893231606504849,0.001550001594574447,0.0013233377523443484,-0.04487954691258862,0.02705129065710421,0.010807816638529429,0.0,0.0,0.0,0.0,0.0,0.0,0.0,0.0,0.0,0.0,0.0,0.0,0.0,0.0,0.0,0.0,0.0,0.0,0.0,0.0,0.0,0.0,0.0,0.0,0.0,0.0,0.0,0.0,0.0,0.0,0.0,0.0,0.0,0.0,0.0,0.0
300000000,0,300000000,Archimede_odom,Archimede_base_link,-38.7146506352926,43.96996425981561,337.43210114870084,-0.006071778097775432,-0.007361547028185053,-0.3791804521902687,0.9252735410746741,0.0,0.0,0.0,0.0,0.0,0.0,0.0,0.0,0.0,0.0,0.0,0.0,0.0,0.0,0.0,0.0,0.0,0.0,0.0,0.0,0.0,0.0,0.0,0.0,0.0,0.0,0.0,0.0,0.0,0.0,0.0,0.0,0.0,0.0,0.0,0.0,0.08130147722332307,-0.006108837580153173,0.002114712126048772,-0.007848470697527626,0.005276819792595616,0.006301921182731612,0.0,0.0,0.0,0.0,0.0,0.0,0.0,0.0,0.0,0.0,0.0,0.0,0.0,0.0,0.0,0.0,0.0,0.0,0.0,0.0,0.0,0.0,0.0,0.0,0.0,0.0,0.0,0.0,0.0,0.0,0.0,0.0,0.0,0.0,0.0,0.0
400000000,0,400000000,Archimede_odom,Archimede_base_link,-38.708780783698685,43.96290182167587,337.43250855459127,-0.0056693763744682145,-0.007850601798964213,-0.3789981505319515,0.9253467610124753,0.0,0.0,0.0,0.0,0.0,0.0,0.0,0.0,0.0,0.0,0.0,0.0,0.0,0.0,0.0,0.0,0.0,0.0,0.0,0.0,0.0,0.0,0.0,0.0,0.0,0.0,0.0,0.0,0.0,0.0,0.0,0.0,0.0,0.0,0.0,0.0,0.09796817409152123,-0.011285005160307619,0.002474219596595047,0.026527468083083677,-0.015135679943443042,0.001926938606802478,0.0,0.0,0.0,0.0,0.0,0.0,0.0,0.0,0.0,0.0,0.0,0.0,0.0,0.0,0.0,0.0,0.0,0.0,0.0,0.0,0.0,0.0,0.0,0.0,0.0,0.0,0.0,0.0,0.0,0.0,0.0,0.0,0.0,0.0,0.0,0.0
500000000,0,500000000,Archimede_odom,Archimede_base_link,-38.70239046815272,43.954750855001606,337.43296653901996,-0.004088813214119949,-0.00990783046147093,-0.3789753898121615,0.925344676549645,0.0,0.0,0.0,0.0,0.0,0.0,0.0,0.0,0.0,0.0,0.0,0.0,0.0,0.0,0.0,0.0,0.0,0.0,0.0,0.0,0.0,0.0,0.0,0.0,0.0,0.0,0.0,0.0,0.0,0.0,0.0,0.0,0.0,0.0,0.0,0.0,0.10577864048087096,-0.014748667241344441,0.002455658015694909,0.059712832354962844,-0.035012499253689,-0.0016141146482786552,0.0,0.0,0.0,0.0,0.0,0.0,0.0,0.0,0.0,0.0,0.0,0.0,0.0,0.0,0.0,0.0,0.0,0.0,0.0,0.0,0.0,0.0,0.0,0.0,0.0,0.0,0.0,0.0,0.0,0.0,0.0,0.0,0.0,0.0,0.0,0.0
600000000,0,600000000,Archimede_odom,Archimede_base_link,-38.69576517159509,43.946038362612434,337.43348816052963,-0.0017546206408807637,-0.012872001115273285,-0.3790769247878102,0.9252739691502793,0.0,0.0,0.0,0.0,0.0,0.0,0.0,0.0,0.0,0.0,0.0,0.0,0.0,0.0,0.0,0.0,0.0,0.0,0.0,0.0,0.0,0.0,0.0,0.0,0.0,0.0,0.0,0.0,0.0,0.0,0.0,0.0,0.0,0.0,0.0,0.0,0.11336995970075654,-0.01188050672867917,0.00040777640156596456,-0.005134579150433111,-0.0007791354527385966,-0.0030852558361016114,0.0,0.0,0.0,0.0,0.0,0.0,0.0,0.0,0.0,0.0,0.0,0.0,0.0,0.0,0.0,0.0,0.0,0.0,0.0,0.0,0.0,0.0,0.0,0.0,0.0,0.0,0.0,0.0,0.0,0.0,0.0,0.0,0.0,0.0,0.0,0.0
700000000,0,700000000,Archimede_odom,Archimede_base_link,-38.68816316918486,43.93713749336155,337.43395247840743,-0.0028277215220376965,-0.011430707737220592,-0.3791914887915142,0.925243296511623,0.0,0.0,0.0,0.0,0.0,0.0,0.0,0.0,0.0,0.0,0.0,0.0,0.0,0.0,0.0,0.0,0.0,0.0,0.0,0.0,0.0,0.0,0.0,0.0,0.0,0.0,0.0,0.0,0.0,0.0,0.0,0.0,0.0,0.0,0.0,0.0,0.11730865581391195,-0.010738975281718235,0.0024632902885945254,-0.01575653203275212,0.010822510997459608,-0.0026933084063890393,0.0,0.0,0.0,0.0,0.0,0.0,0.0,0.0,0.0,0.0,0.0,0.0,0.0,0.0,0.0,0.0,0.0,0.0,0.0,0.0,0.0,0.0,0.0,0.0,0.0,0.0,0.0,0.0,0.0,0.0,0.0,0.0,0.0,0.0,0.0,0.0
800000000,0,800000000,Archimede_odom,Archimede_base_link,-38.680640225441046,43.928071858312194,337.43446873365775,-0.002730585302810614,-0.01146639739956639,-0.3793545356907307,0.9251763085409448,0.0,0.0,0.0,0.0,0.0,0.0,0.0,0.0,0.0,0.0,0.0,0.0,0.0,0.0,0.0,0.0,0.0,0.0,0.0,0.0,0.0,0.0,0.0,0.0,0.0,0.0,0.0,0.0,0.0,0.0,0.0,0.0,0.0,0.0,0.0,0.0,0.11711911786240795,-0.012635145971584332,0.002479567645007765,0.016526248316327565,-0.008696588890186752,-0.004247368962316451,0.0,0.0,0.0,0.0,0.0,0.0,0.0,0.0,0.0,0.0,0.0,0.0,0.0,0.0,0.0,0.0,0.0,0.0,0.0,0.0,0.0,0.0,0.0,0.0,0.0,0.0,0.0,0.0,0.0,0.0,0.0,0.0,0.0,0.0,0.0,0.0
900000000,0,900000000,Archimede_odom,Archimede_base_link,-38.673317020276265,43.9189095929663,337.434982008261,-0.0015145392488173427,-0.013011583149515527,-0.37956767041963596,0.9250712342555127,0.0,0.0,0.0,0.0,0.0,0.0,0.0,0.0,0.0,0.0,0.0,0.0,0.0,0.0,0.0,0.0,0.0,0.0,0.0,0.0,0.0,0.0,0.0,0.0,0.0,0.0,0.0,0.0,0.0,0.0,0.0,0.0,0.0,0.0,0.0,0.0,0.11601944114261117,-0.014758757855258728,0.002295606385037997,0.04859282882477765,-0.028112028093595788,-0.0058073609326712615,0.0,0.0,0.0,0.0,0.0,0.0,0.0,0.0,0.0,0.0,0.0,0.0,0.0,0.0,0.0,0.0,0.0,0.0,0.0,0.0,0.0,0.0,0.0,0.0,0.0,0.0,0.0,0.0,0.0,0.0,0.0,0.0,0.0,0.0,0.0,0.0
1000000000,1,0,Archimede_odom,Archimede_base_link,-38.66561710268884,43.90967244938174,337.43550568614785,-0.001625900088794382,-0.012762872643835054,-0.37979881105014907,0.9249796368870353,0.0,0.0,0.0,0.0,0.0,0.0,0.0,0.0,0.0,0.0,0.0,0.0,0.0,0.0,0.0,0.0,0.0,0.0,0.0,0.0,0.0,0.0,0.0,0.0,0.0,0.0,0.0,0.0,0.0,0.0,0.0,0.0,0.0,0.0,0.0,0.0,0.11959926567611412,-0.011912825564738746,0.0023575768019502134,0.00291605319317555,-0.0004194722462869269,-0.005136072784833118,0.0,0.0,0.0,0.0,0.0,0.0,0.0,0.0,0.0,0.0,0.0,0.0,0.0,0.0,0.0,0.0,0.0,0.0,0.0,0.0,0.0,0.0,0.0,0.0,0.0,0.0,0.0,0.0,0.0,0.0,0.0,0.0,0.0,0.0,0.0,0.0
1100000000,1,100000000,Archimede_odom,Archimede_base_link,-38.65801700060245,43.90040910310232,337.43602550624894,-0.001208230130620067,-0.013233480246131557,-0.3800504598185759,0.9248702953237365,0.0,0.0,0.0,0.0,0.0,0.0,0.0,0.0,0.0,0.0,0.0,0.0,0.0,0.0,0.0,0.0,0.0,0.0,0.0,0.0,0.0,0.0,0.0,0.0,0.0,0.0,0.0,0.0,0.0,0.0,0.0,0.0,0.0,0.0,0.0,0.0,0.12108362066762415,-0.011358062228589243,0.0023496251642121106,-0.0068233221034309415,0.0055759908071670635,-0.005532380252271667,0.0,0.0,0.0,0.0,0.0,0.0,0.0,0.0,0.0,0.0,0.0,0.0,0.0,0.0,0.0,0.0,0.0,0.0,0.0,0.0,0.0,0.0,0.0,0.0,0.0,0.0,0.0,0.0,0.0,0.0,0.0,0.0,0.0,0.0,0.0,0.0
1200000000,1,200000000,Archimede_odom,Archimede_base_link,-38.650339527623245,43.89110523803938,337.4365546477633,-0.0009796337688825075,-0.01343538587108064,-0.3803199147363838,0.9247568832828895,0.0,0.0,0.0,0.0,0.0,0.0,0.0,0.0,0.0,0.0,0.0,0.0,0.0,0.0,0.0,0.0,0.0,0.0,0.0,0.0,0.0,0.0,0.0,0.0,0.0,0.0,0.0,0.0,0.0,0.0,0.0,0.0,0.0,0.0,0.0,0.0,0.11999463046229171,-0.012104367532375721,0.0022870955691619635,0.003395731494038895,-0.0007056468579687582,-0.006069896401412529,0.0,0.0,0.0,0.0,0.0,0.0,0.0,0.0,0.0,0.0,0.0,0.0,0.0,0.0,0.0,0.0,0.0,0.0,0.0,0.0,0.0,0.0,0.0,0.0,0.0,0.0,0.0,0.0,0.0,0.0,0.0,0.0,0.0,0.0,0.0,0.0
1300000000,1,300000000,Archimede_odom,Archimede_base_link,-38.642680662633246,43.88179381191299,337.4370800168763,-0.0008309345932414616,-0.01353466930696746,-0.38059471747465534,0.9246425164920982,0.0,0.0,0.0,0.0,0.0,0.0,0.0,0.0,0.0,0.0,0.0,0.0,0.0,0.0,0.0,0.0,0.0,0.0,0.0,0.0,0.0,0.0,0.0,0.0,0.0,0.0,0.0,0.0,0.0,0.0,0.0,0.0,0.0,0.0,0.0,0.0,0.11994667372041845,-0.012304372697835617,0.0022778654148416125,0.003446949953440575,-0.0007443979139640721,-0.005986198824308761,0.0,0.0,0.0,0.0,0.0,0.0,0.0,0.0,0.0,0.0,0.0,0.0,0.0,0.0,0.0,0.0,0.0,0.0,0.0,0.0,0.0,0.0,0.0,0.0,0.0,0.0,0.0,0.0,0.0,0.0,0.0,0.0,0.0,0.0,0.0,0.0
1400000000,1,400000000,Archimede_odom,Archimede_base_link,-38.63483013562121,43.872704847295466,337.4376112916359,-0.0006746987146533758,-0.013634463379480401,-0.3809947448066924,0.9244764197207419,0.0,0.0,0.0,0.0,0.0,0.0,0.0,0.0,0.0,0.0,0.0,0.0,0.0,0.0,0.0,0.0,0.0,0.0,0.0,0.0,0.0,0.0,0.0,0.0,0.0,0.0,0.0,0.0,0.0,0.0,0.0,0.0,0.0,0.0,0.0,0.0,0.11969066148985172,-0.005754635419224814,0.00227802161406365,0.0032678373396343363,-0.0006321603857968462,-0.012064059351803078,0.0,0.0,0.0,0.0,0.0,0.0,0.0,0.0,0.0,0.0,0.0,0.0,0.0,0.0,0.0,0.0,0.0,0.0,0.0,0.0,0.0,0.0,0.0,0.0,0.0,0.0,0.0,0.0,0.0,0.0,0.0,0.0,0.0,0.0,0.0,0.0
1500000000,1,500000000,Archimede_odom,Archimede_base_link,-38.62658292053868,43.86404524809199,337.43813906708687,-0.0005369936940579841,-0.013718556391283944,-0.38171041867783895,0.9241799982260493,0.0,0.0,0.0,0.0,0.0,0.0,0.0,0.0,0.0,0.0,0.0,0.0,0.0,0.0,0.0,0.0,0.0,0.0,0.0,0.0,0.0,0.0,0.0,0.0,0.0,0.0,0.0,0.0,0.0,0.0,0.0,0.0,0.0,0.0,0.0,0.0,0.11955152402413576,-0.0016740249842508252,0.0021937778704685567,0.0028101331759512126,-0.0005387436410742999,-0.01811160425069173,0.0,0.0,0.0,0.0,0.0,0.0,0.0,0.0,0.0,0.0,0.0,0.0,0.0,0.0,0.0,0.0,0.0,0.0,0.0,0.0,0.0,0.0,0.0,0.0,0.0,0.0,0.0,0.0,0.0,0.0,0.0,0.0,0.0,0.0,0.0,0.0
1600000000,1,600000000,Archimede_odom,Archimede_base_link,-38.618453725029696,43.85528580736652,337.43866737528725,-0.0003889672455682087,-0.013806485205317838,-0.38250761780223,0.9238490958993358,0.0,0.0,0.0,0.0,0.0,0.0,0.0,0.0,0.0,0.0,0.0,0.0,0.0,0.0,0.0,0.0,0.0,0.0,0.0,0.0,0.0,0.0,0.0,0.0,0.0,0.0,0.0,0.0,0.0,0.0,0.0,0.0,0.0,0.0,0.0,0.0,0.11953073108692873,-0.007301524416359911,0.0022492653984818546,0.003316793715760212,-0.0006208505748388534,-0.01584758412537344,0.0,0.0,0.0,0.0,0.0,0.0,0.0,0.0,0.0,0.0,0.0,0.0,0.0,0.0,0.0,0.0,0.0,0.0,0.0,0.0,0.0,0.0,0.0,0.0,0.0,0.0,0.0,0.0,0.0,0.0,0.0,0.0,0.0,0.0,0.0,0.0
1700000000,1,700000000,Archimede_odom,Archimede_base_link,-38.610557447544295,43.84622404300393,337.43919578845475,-0.00025698424908297536,-0.013869371934723736,-0.38319986163926834,0.9235612814106477,0.0,0.0,0.0,0.0,0.0,0.0,0.0,0.0,0.0,0.0,0.0,0.0,0.0,0.0,0.0,0.0,0.0,0.0,0.0,0.0,0.0,0.0,0.0,0.0,0.0,0.0,0.0,0.0,0.0,0.0,0.0,0.0,0.0,0.0,0.0,0.0,0.1204092751086701,-0.006485375892997002,0.002271806585054496,0.005802970496597319,-0.0021178915719056147,-0.01624045245340995,0.0,0.0,0.0,0.0,0.0,0.0,0.0,0.0,0.0,0.0,0.0,0.0,0.0,0.0,0.0,0.0,0.0,0.0,0.0,0.0,0.0,0.0,0.0,0.0,0.0,0.0,0.0,0.0,0.0,0.0,0.0,0.0,0.0,0.0,0.0,0.0
1800000000,1,800000000,Archimede_odom,Archimede_base_link,-38.602381010563256,43.8372075092579,337.43971805231786,0.00011394375175386106,-0.014287926520660695,-0.38401251106549994,0.9232173273491626,0.0,0.0,0.0,0.0,0.0,0.0,0.0,0.0,0.0,0.0,0.0,0.0,0.0,0.0,0.0,0.0,0.0,0.0,0.0,0.0,0.0,0.0,0.0,0.0,0.0,0.0,0.0,0.0,0.0,0.0,0.0,0.0,0.0,0.0,0.0,0.0,0.12825050439913746,-0.005634069097615858,0.0012564531020056433,0.004338017298866502,-0.0041925858460240256,-0.018166680896548094,0.0,0.0,0.0,0.0,0.0,0.0,0.0,0.0,0.0,0.0,0.0,0.0,0.0,0.0,0.0,0.0,0.0,0.0,0.0,0.0,0.0,0.0,0.0,0.0,0.0,0.0,0.0,0.0,0.0,0.0,0.0,0.0,0.0,0.0,0.0,0.0
1900000000,1,900000000,Archimede_odom,Archimede_base_link,-38.593097946696076,43.8271388104284,337.4400239163795,-0.00013072948302260014,-0.01441052792358902,-0.3850457119638131,0.9227849799888629,0.0,0.0,0.0,0.0,0.0,0.0,0.0,0.0,0.0,0.0,0.0,0.0,0.0,0.0,0.0,0.0,0.0,0.0,0.0,0.0,0.0,0.0,0.0,0.0,0.0,0.0,0.0,0.0,0.0,0.0,0.0,0.0,0.0,0.0,0.0,0.0,0.14073919570176943,-0.004555891459449547,-0.0006437752311426577,-0.004588102010871587,-0.004213497353280273,-0.026377461702116124,0.0,0.0,0.0,0.0,0.0,0.0,0.0,0.0,0.0,0.0,0.0,0.0,0.0,0.0,0.0,0.0,0.0,0.0,0.0,0.0,0.0,0.0,0.0,0.0,0.0,0.0,0.0,0.0,0.0,0.0,0.0,0.0,0.0,0.0,0.0,0.0
2000000000,2,0,Archimede_odom,Archimede_base_link,-38.58328894360533,43.81658044836804,337.4403326358432,-0.00041094330591012464,-0.014522561308093346,-0.3864374461380676,0.9222011855126516,0.0,0.0,0.0,0.0,0.0,0.0,0.0,0.0,0.0,0.0,0.0,0.0,0.0,0.0,0.0,0.0,0.0,0.0,0.0,0.0,0.0,0.0,0.0,0.0,0.0,0.0,0.0,0.0,0.0,0.0,0.0,0.0,0.0,0.0,0.0,0.0,0.14655480707428764,-0.004202791718569731,-0.0007784441964340203,-0.007243497613624079,-0.0029196188041849492,-0.032603537231662545,0.0,0.0,0.0,0.0,0.0,0.0,0.0,0.0,0.0,0.0,0.0,0.0,0.0,0.0,0.0,0.0,0.0,0.0,0.0,0.0,0.0,0.0,0.0,0.0,0.0,0.0,0.0,0.0,0.0,0.0,0.0,0.0,0.0,0.0,0.0,0.0
2100000000,2,100000000,Archimede_odom,Archimede_base_link,-38.57324558375165,43.805727489875046,337.44064260631836,-0.0006772440073673192,-0.0146695015553205,-0.3880729905123849,0.9215116391557121,0.0,0.0,0.0,0.0,0.0,0.0,0.0,0.0,0.0,0.0,0.0,0.0,0.0,0.0,0.0,0.0,0.0,0.0,0.0,0.0,0.0,0.0,0.0,0.0,0.0,0.0,0.0,0.0,0.0,0.0,0.0,0.0,0.0,0.0,0.0,0.0,0.14855225784891984,-0.0041538643557699,-0.0008866525864956858,-0.004443841586085618,-0.004707096599422697,-0.03751672876970963,0.0,0.0,0.0,0.0,0.0,0.0,0.0,0.0,0.0,0.0,0.0,0.0,0.0,0.0,0.0,0.0,0.0,0.0,0.0,0.0,0.0,0.0,0.0,0.0,0.0,0.0,0.0,0.0,0.0,0.0,0.0,0.0,0.0,0.0,0.0,0.0
2200000000,2,200000000,Archimede_odom,Archimede_base_link,-38.56310295989651,43.79477092938156,337.44094928127623,-0.0009702685553353493,-0.014788182270696955,-0.38990878640386994,0.9207342214391299,0.0,0.0,0.0,0.0,0.0,0.0,0.0,0.0,0.0,0.0,0.0,0.0,0.0,0.0,0.0,0.0,0.0,0.0,0.0,0.0,0.0,0.0,0.0,0.0,0.0,0.0,0.0,0.0,0.0,0.0,0.0,0.0,0.0,0.0,0.0,0.0,0.14948882891157367,-0.0018613431421870147,-0.0011433731495842313,-0.005536388015976697,-0.0045263137068147444,-0.04282486452200831,0.0,0.0,0.0,0.0,0.0,0.0,0.0,0.0,0.0,0.0,0.0,0.0,0.0,0.0,0.0,0.0,0.0,0.0,0.0,0.0,0.0,0.0,0.0,0.0,0.0,0.0,0.0,0.0,0.0,0.0,0.0,0.0,0.0,0.0,0.0,0.0
2300000000,2,300000000,Archimede_odom,Archimede_base_link,-38.55267010252666,43.78406311450962,337.44124512503686,-0.0013049876604020745,-0.014868582813545396,-0.39208578308462183,0.9198075673504985,0.0,0.0,0.0,0.0,0.0,0.0,0.0,0.0,0.0,0.0,0.0,0.0,0.0,0.0,0.0,0.0,0.0,0.0,0.0,0.0,0.0,0.0,0.0,0.0,0.0,0.0,0.0,0.0,0.0,0.0,0.0,0.0,0.0,0.0,0.0,0.0,0.14955891573631386,0.002350060117404343,-0.0013481036330480504,-0.00662741898221627,-0.004183278673969051,-0.05042143718538779,0.0,0.0,0.0,0.0,0.0,0.0,0.0,0.0,0.0,0.0,0.0,0.0,0.0,0.0,0.0,0.0,0.0,0.0,0.0,0.0,0.0,0.0,0.0,0.0,0.0,0.0,0.0,0.0,0.0,0.0,0.0,0.0,0.0,0.0,0.0,0.0
2400000000,2,400000000,Archimede_odom,Archimede_base_link,-38.542101185850115,43.77348425876576,337.44153257209615,-0.0016647651109032607,-0.014922026577619596,-0.3945541741062352,0.9187500015647831,0.0,0.0,0.0,0.0,0.0,0.0,0.0,0.0,0.0,0.0,0.0,0.0,0.0,0.0,0.0,0.0,0.0,0.0,0.0,0.0,0.0,0.0,0.0,0.0,0.0,0.0,0.0,0.0,0.0,0.0,0.0,0.0,0.0,0.0,0.0,0.0,0.14946474640844395,0.004025808052025528,-0.0014836810519122932,-0.007180062470867716,-0.003961337077769895,-0.05593873654821994,0.0,0.0,0.0,0.0,0.0,0.0,0.0,0.0,0.0,0.0,0.0,0.0,0.0,0.0,0.0,0.0,0.0,0.0,0.0,0.0,0.0,0.0,0.0,0.0,0.0,0.0,0.0,0.0,0.0,0.0,0.0,0.0,0.0,0.0,0.0,0.0
2500000000,2,500000000,Archimede_odom,Archimede_base_link,-38.53152833016651,43.76298452616464,337.4418353399109,-0.002048875203451383,-0.014985750377572419,-0.3972262886291676,0.9175960467536458,0.0,0.0,0.0,0.0,0.0,0.0,0.0,0.0,0.0,0.0,0.0,0.0,0.0,0.0,0.0,0.0,0.0,0.0,0.0,0.0,0.0,0.0,0.0,0.0,0.0,0.0,0.0,0.0,0.0,0.0,0.0,0.0,0.0,0.0,0.0,0.0,0.1483314337176626,0.005540679428408432,-0.0012890118519475967,-0.007551684387323588,-0.004582472980306844,-0.059557754660313614,0.0,0.0,0.0,0.0,0.0,0.0,0.0,0.0,0.0,0.0,0.0,0.0,0.0,0.0,0.0,0.0,0.0,0.0,0.0,0.0,0.0,0.0,0.0,0.0,0.0,0.0,0.0,0.0,0.0,0.0,0.0,0.0,0.0,0.0,0.0,0.0
2600000000,2,600000000,Archimede_odom,Archimede_base_link,-38.52100982299481,43.75259200088093,337.44213967462036,-0.002444004052498079,-0.015045673719583768,-0.40002846364637484,0.9163759505897326,0.0,0.0,0.0,0.0,0.0,0.0,0.0,0.0,0.0,0.0,0.0,0.0,0.0,0.0,0.0,0.0,0.0,0.0,0.0,0.0,0.0,0.0,0.0,0.0,0.0,0.0,0.0,0.0,0.0,0.0,0.0,0.0,0.0,0.0,0.0,0.0,0.14735769518991673,0.00632028265683076,-0.0013767968999522236,-0.007734549896529765,-0.004422378165900634,-0.062092253695099006,0.0,0.0,0.0,0.0,0.0,0.0,0.0,0.0,0.0,0.0,0.0,0.0,0.0,0.0,0.0,0.0,0.0,0.0,0.0,0.0,0.0,0.0,0.0,0.0,0.0,0.0,0.0,0.0,0.0,0.0,0.0,0.0,0.0,0.0,0.0,0.0
2700000000,2,700000000,Archimede_odom,Archimede_base_link,-38.51057571037405,43.74222076585184,337.4424397224847,-0.0028398839356278843,-0.015097532871321822,-0.40292756844085137,0.9151029309049199,0.0,0.0,0.0,0.0,0.0,0.0,0.0,0.0,0.0,0.0,0.0,0.0,0.0,0.0,0.0,0.0,0.0,0.0,0.0,0.0,0.0,0.0,0.0,0.0,0.0,0.0,0.0,0.0,0.0,0.0,0.0,0.0,0.0,0.0,0.0,0.0,0.14669211062359253,0.0065662378421488116,-0.0014487037411821924,-0.007799298739115763,-0.004308943241759753,-0.06406645867597528,0.0,0.0,0.0,0.0,0.0,0.0,0.0,0.0,0.0,0.0,0.0,0.0,0.0,0.0,0.0,0.0,0.0,0.0,0.0,0.0,0.0,0.0,0.0,0.0,0.0,0.0,0.0,0.0,0.0,0.0,0.0,0.0,0.0,0.0,0.0,0.0
2800000000,2,800000000,Archimede_odom,Archimede_base_link,-38.50022793213142,43.731813377212845,337.4427374903412,-0.0032332604262862697,-0.015145648233307777,-0.4058950819765769,0.913788453524029,0.0,0.0,0.0,0.0,0.0,0.0,0.0,0.0,0.0,0.0,0.0,0.0,0.0,0.0,0.0,0.0,0.0,0.0,0.0,0.0,0.0,0.0,0.0,0.0,0.0,0.0,0.0,0.0,0.0,0.0,0.0,0.0,0.0,0.0,0.0,0.0,0.14644031826416556,0.006532970972824207,-0.0015104483014770254,-0.007738043435766576,-0.004266657452085786,-0.06543148315008218,0.0,0.0,0.0,0.0,0.0,0.0,0.0,0.0,0.0,0.0,0.0,0.0,0.0,0.0,0.0,0.0,0.0,0.0,0.0,0.0,0.0,0.0,0.0,0.0,0.0,0.0,0.0,0.0,0.0,0.0,0.0,0.0,0.0,0.0,0.0,0.0
2900000000,2,900000000,Archimede_odom,Archimede_base_link,-38.489944811807774,43.721258149960924,337.4430371143159,-0.0035973769171452987,-0.015230160477474984,-0.4088758332848733,0.9124558367651263,0.0,0.0,0.0,0.0,0.0,0.0,0.0,0.0,0.0,0.0,0.0,0.0,0.0,0.0,0.0,0.0,0.0,0.0,0.0,0.0,0.0,0.0,0.0,0.0,0.0,0.0,0.0,0.0,0.0,0.0,0.0,0.0,0.0,0.0,0.0,0.0,0.1475753021281691,0.005812161053222603,-0.0015603144649390809,-0.006634085150533833,-0.004877585944708284,-0.0651749103821334,0.0,0.0,0.0,0.0,0.0,0.0,0.0,0.0,0.0,0.0,0.0,0.0,0.0,0.0,0.0,0.0,0.0,0.0,0.0,0.0,0.0,0.0,0.0,0.0,0.0,0.0,0.0,0.0,0.0,0.0,0.0,0.0,0.0,0.0,0.0,0.0
3000000000,3,0,Archimede_odom,Archimede_base_link,-38.47973198664311,43.71064749169722,337.4433333079502,-0.0039497422525916715,-0.015319822073056918,-0.4118831469813178,0.9110993226978901,0.0,0.0,0.0,0.0,0.0,0.0,0.0,0.0,0.0,0.0,0.0,0.0,0.0,0.0,0.0,0.0,0.0,0.0,0.0,0.0,0.0,0.0,0.0,0.0,0.0,0.0,0.0,0.0,0.0,0.0,0.0,0.0,0.0,0.0,0.0,0.0,0.14746368319841005,0.006590335980616939,-0.001914381869473232,-0.007190368532893132,-0.0037264322422624835,-0.06570235554465396,0.0,0.0,0.0,0.0,0.0,0.0,0.0,0.0,0.0,0.0,0.0,0.0,0.0,0.0,0.0,0.0,0.0,0.0,0.0,0.0,0.0,0.0,0.0,0.0,0.0,0.0,0.0,0.0,0.0,0.0,0.0,0.0,0.0,0.0,0.0,0.0
3100000000,3,100000000,Archimede_odom,Archimede_base_link,-38.469157857933034,43.699955533501175,337.4435705609069,-0.004267325852895236,-0.015332403669339901,-0.4146980266537413,0.9098199019681195,0.0,0.0,0.0,0.0,0.0,0.0,0.0,0.0,0.0,0.0,0.0,0.0,0.0,0.0,0.0,0.0,0.0,0.0,0.0,0.0,0.0,0.0,0.0,0.0,0.0,0.0,0.0,0.0,0.0,0.0,0.0,0.0,0.0,0.0,0.0,0.0,0.15134101158093194,0.010903631366921027,-0.002442533580267198,-0.006724517753140674,-0.0029007577379773566,-0.05933126036932522,0.0,0.0,0.0,0.0,0.0,0.0,0.0,0.0,0.0,0.0,0.0,0.0,0.0,0.0,0.0,0.0,0.0,0.0,0.0,0.0,0.0,0.0,0.0,0.0,0.0,0.0,0.0,0.0,0.0,0.0,0.0,0.0,0.0,0.0,0.0,0.0
3200000000,3,200000000,Archimede_odom,Archimede_base_link,-38.458294979554445,43.68921754126199,337.44381022606865,-0.004587266848596208,-0.015338869284561284,-0.4172913394044248,0.908631726350116,0.0,0.0,0.0,0.0,0.0,0.0,0.0,0.0,0.0,0.0,0.0,0.0,0.0,0.0,0.0,0.0,0.0,0.0,0.0,0.0,0.0,0.0,0.0,0.0,0.0,0.0,0.0,0.0,0.0,0.0,0.0,0.0,0.0,0.0,0.0,0.0,0.15285868600793792,0.012651007008705487,-0.0024847355668744762,-0.006600691513295715,-0.0029268602451515717,-0.055197929781057954,0.0,0.0,0.0,0.0,0.0,0.0,0.0,0.0,0.0,0.0,0.0,0.0,0.0,0.0,0.0,0.0,0.0,0.0,0.0,0.0,0.0,0.0,0.0,0.0,0.0,0.0,0.0,0.0,0.0,0.0,0.0,0.0,0.0,0.0,0.0,0.0
3300000000,3,300000000,Archimede_odom,Archimede_base_link,-38.44734368537881,43.67841013614043,337.44405420084985,-0.0049031602295584375,-0.015349063529431297,-0.41972355344006057,0.9075089553035723,0.0,0.0,0.0,0.0,0.0,0.0,0.0,0.0,0.0,0.0,0.0,0.0,0.0,0.0,0.0,0.0,0.0,0.0,0.0,0.0,0.0,0.0,0.0,0.0,0.0,0.0,0.0,0.0,0.0,0.0,0.0,0.0,0.0,0.0,0.0,0.0,0.15354311363053996,0.01330676075199263,-0.0025069990637951807,-0.006426368280315236,-0.0029539313377377587,-0.052242468219438676,0.0,0.0,0.0,0.0,0.0,0.0,0.0,0.0,0.0,0.0,0.0,0.0,0.0,0.0,0.0,0.0,0.0,0.0,0.0,0.0,0.0,0.0,0.0,0.0,0.0,0.0,0.0,0.0,0.0,0.0,0.0,0.0,0.0,0.0,0.0,0.0
3400000000,3,400000000,Archimede_odom,Archimede_base_link,-38.43638661285488,43.66752541813642,337.4443017713283,-0.005213324002532029,-0.015363693179713585,-0.4220372088393501,0.9064333249278819,0.0,0.0,0.0,0.0,0.0,0.0,0.0,0.0,0.0,0.0,0.0,0.0,0.0,0.0,0.0,0.0,0.0,0.0,0.0,0.0,0.0,0.0,0.0,0.0,0.0,0.0,0.0,0.0,0.0,0.0,0.0,0.0,0.0,0.0,0.0,0.0,0.1540888118918326,0.013446832625141994,-0.0025251894130089046,-0.006238648686920664,-0.0029872639810916016,-0.04994877819384777,0.0,0.0,0.0,0.0,0.0,0.0,0.0,0.0,0.0,0.0,0.0,0.0,0.0,0.0,0.0,0.0,0.0,0.0,0.0,0.0,0.0,0.0,0.0,0.0,0.0,0.0,0.0,0.0,0.0,0.0,0.0,0.0,0.0,0.0,0.0,0.0
3500000000,3,500000000,Archimede_odom,Archimede_base_link,-38.42545607412928,43.65655873795327,337.4445525114359,-0.0055175150981058565,-0.01538276778280002,-0.4242602004070676,0.9053928483443181,0.0,0.0,0.0,0.0,0.0,0.0,0.0,0.0,0.0,0.0,0.0,0.0,0.0,0.0,0.0,0.0,0.0,0.0,0.0,0.0,0.0,0.0,0.0,0.0,0.0,0.0,0.0,0.0,0.0,0.0,0.0,0.0,0.0,0.0,0.0,0.0,0.15435182234934144,0.013432619437252324,-0.0025436532451316475,-0.00607220410218632,-0.0030115009003055223,-0.04829116543820951,0.0,0.0,0.0,0.0,0.0,0.0,0.0,0.0,0.0,0.0,0.0,0.0,0.0,0.0,0.0,0.0,0.0,0.0,0.0,0.0,0.0,0.0,0.0,0.0,0.0,0.0,0.0,0.0,0.0,0.0,0.0,0.0,0.0,0.0,0.0,0.0
3600000000,3,600000000,Archimede_odom,Archimede_base_link,-38.41457891732784,43.64553789409999,337.44480520401146,-0.005816404440545729,-0.015405038778785116,-0.42642322214425066,0.9043738661835177,0.0,0.0,0.0,0.0,0.0,0.0,0.0,0.0,0.0,0.0,0.0,0.0,0.0,0.0,0.0,0.0,0.0,0.0,0.0,0.0,0.0,0.0,0.0,0.0,0.0,0.0,0.0,0.0,0.0,0.0,0.0,0.0,0.0,0.0,0.0,0.0,0.1541496745573328,0.013436838476864697,-0.0025628489117409435,-0.005948029273341966,-0.003014408444642164,-0.04734749684548199,0.0,0.0,0.0,0.0,0.0,0.0,0.0,0.0,0.0,0.0,0.0,0.0,0.0,0.0,0.0,0.0,0.0,0.0,0.0,0.0,0.0,0.0,0.0,0.0,0.0,0.0,0.0,0.0,0.0,0.0,0.0,0.0,0.0,0.0,0.0,0.0
3700000000,3,700000000,Archimede_odom,Archimede_base_link,-38.4037658113819,43.63447295224177,337.4450592353103,-0.006110597359004987,-0.015429732079652711,-0.4285477522861613,0.903366707366585,0.0,0.0,0.0,0.0,0.0,0.0,0.0,0.0,0.0,0.0,0.0,0.0,0.0,0.0,0.0,0.0,0.0,0.0,0.0,0.0,0.0,0.0,0.0,0.0,0.0,0.0,0.0,0.0,0.0,0.0,0.0,0.0,0.0,0.0,0.0,0.0,0.15420577633516916,0.01332925946601797,-0.0025857068266725387,-0.00582506363314086,-0.003026169673118162,-0.0465589371846188,0.0,0.0,0.0,0.0,0.0,0.0,0.0,0.0,0.0,0.0,0.0,0.0,0.0,0.0,0.0,0.0,0.0,0.0,0.0,0.0,0.0,0.0,0.0,0.0,0.0,0.0,0.0,0.0,0.0,0.0,0.0,0.0,0.0,0.0,0.0,0.0
3800000000,3,800000000,Archimede_odom,Archimede_base_link,-38.393010137012276,43.62334671170096,337.44531493925535,-0.006400246678443581,-0.015457107881916636,-0.43063906838794985,0.90236916361118,0.0,0.0,0.0,0.0,0.0,0.0,0.0,0.0,0.0,0.0,0.0,0.0,0.0,0.0,0.0,0.0,0.0,0.0,0.0,0.0,0.0,0.0,0.0,0.0,0.0,0.0,0.0,0.0,0.0,0.0,0.0,0.0,0.0,0.0,0.0,0.0,0.1540712390187384,0.013256869519806896,-0.0026097930368796447,-0.005724292939204767,-0.0030279119553274646,-0.04608400790542458,0.0,0.0,0.0,0.0,0.0,0.0,0.0,0.0,0.0,0.0,0.0,0.0,0.0,0.0,0.0,0.0,0.0,0.0,0.0,0.0,0.0,0.0,0.0,0.0,0.0,0.0,0.0,0.0,0.0,0.0,0.0,0.0,0.0,0.0,0.0,0.0
3900000000,3,900000000,Archimede_odom,Archimede_base_link,-38.382323629869326,43.61218304071823,337.44557145775707,-0.006685981377437648,-0.01548612166535094,-0.4327137282817307,0.9013735668663193,0.0,0.0,0.0,0.0,0.0,0.0,0.0,0.0,0.0,0.0,0.0,0.0,0.0,0.0,0.0,0.0,0.0,0.0,0.0,0.0,0.0,0.0,0.0,0.0,0.0,0.0,0.0,0.0,0.0,0.0,0.0,0.0,0.0,0.0,0.0,0.0,0.15397608086006134,0.013163002005959493,-0.0026359058860468795,-0.005632393367557427,-0.003029278041508142,-0.04577623172647479,0.0,0.0,0.0,0.0,0.0,0.0,0.0,0.0,0.0,0.0,0.0,0.0,0.0,0.0,0.0,0.0,0.0,0.0,0.0,0.0,0.0,0.0,0.0,0.0,0.0,0.0,0.0,0.0,0.0,0.0,0.0,0.0,0.0,0.0,0.0,0.0
4000000000,4,0,Archimede_odom,Archimede_base_link,-38.371692700971685,43.60095258732948,337.445829573118,-0.00696765925354419,-0.015517566253422856,-0.43476803292591276,0.9003818159024701,0.0,0.0,0.0,0.0,0.0,0.0,0.0,0.0,0.0,0.0,0.0,0.0,0.0,0.0,0.0,0.0,0.0,0.0,0.0,0.0,0.0,0.0,0.0,0.0,0.0,0.0,0.0,0.0,0.0,0.0,0.0,0.0,0.0,0.0,0.0,0.0,0.15418733700727363,0.012995629554483265,-0.0026651150614414483,-0.005527358281136969,-0.003043812864437441,-0.04533472337041118,0.0,0.0,0.0,0.0,0.0,0.0,0.0,0.0,0.0,0.0,0.0,0.0,0.0,0.0,0.0,0.0,0.0,0.0,0.0,0.0,0.0,0.0,0.0,0.0,0.0,0.0,0.0,0.0,0.0,0.0,0.0,0.0,0.0,0.0,0.0,0.0
4100000000,4,100000000,Archimede_odom,Archimede_base_link,-38.3611072706484,43.58963565621158,337.4460898641864,-0.007245123204010759,-0.015552093767022036,-0.43679656328416405,0.8993966882707339,0.0,0.0,0.0,0.0,0.0,0.0,0.0,0.0,0.0,0.0,0.0,0.0,0.0,0.0,0.0,0.0,0.0,0.0,0.0,0.0,0.0,0.0,0.0,0.0,0.0,0.0,0.0,0.0,0.0,0.0,0.0,0.0,0.0,0.0,0.0,0.0,0.15456751428388732,0.012794336201938043,-0.002696607274968979,-0.005413308109851771,-0.0030666059948393325,-0.04477989581887567,0.0,0.0,0.0,0.0,0.0,0.0,0.0,0.0,0.0,0.0,0.0,0.0,0.0,0.0,0.0,0.0,0.0,0.0,0.0,0.0,0.0,0.0,0.0,0.0,0.0,0.0,0.0,0.0,0.0,0.0,0.0,0.0,0.0,0.0,0.0,0.0
4200000000,4,200000000,Archimede_odom,Archimede_base_link,-38.35058154679334,43.57826557928565,337.4463513399652,-0.007518867597252673,-0.01558861464958853,-0.438810245076464,0.8984130623156006,0.0,0.0,0.0,0.0,0.0,0.0,0.0,0.0,0.0,0.0,0.0,0.0,0.0,0.0,0.0,0.0,0.0,0.0,0.0,0.0,0.0,0.0,0.0,0.0,0.0,0.0,0.0,0.0,0.0,0.0,0.0,0.0,0.0,0.0,0.0,0.0,0.15419778813323068,0.012774657985214998,-0.0027245621675558917,-0.005348548991874127,-0.003054681643523404,-0.0447848069488355,0.0,0.0,0.0,0.0,0.0,0.0,0.0,0.0,0.0,0.0,0.0,0.0,0.0,0.0,0.0,0.0,0.0,0.0,0.0,0.0,0.0,0.0,0.0,0.0,0.0,0.0,0.0,0.0,0.0,0.0,0.0,0.0,0.0,0.0,0.0,0.0
4300000000,4,300000000,Archimede_odom,Archimede_base_link,-38.34025371575311,43.5668619382837,337.44665123177856,-0.007706688544489885,-0.015668313710340845,-0.4407688638694616,0.8974507894811707,0.0,0.0,0.0,0.0,0.0,0.0,0.0,0.0,0.0,0.0,0.0,0.0,0.0,0.0,0.0,0.0,0.0,0.0,0.0,0.0,0.0,0.0,0.0,0.0,0.0,0.0,0.0,0.0,0.0,0.0,0.0,0.0,0.0,0.0,0.0,0.0,0.15286531513186066,0.01100097737554687,-0.0023315575657476195,-0.003277131441457563,-0.0031067912405706,-0.042602991198956885,0.0,0.0,0.0,0.0,0.0,0.0,0.0,0.0,0.0,0.0,0.0,0.0,0.0,0.0,0.0,0.0,0.0,0.0,0.0,0.0,0.0,0.0,0.0,0.0,0.0,0.0,0.0,0.0,0.0,0.0,0.0,0.0,0.0,0.0,0.0,0.0
4400000000,4,400000000,Archimede_odom,Archimede_base_link,-38.33012655558586,43.555419949039184,337.4469521604258,-0.007884403670958226,-0.01575536952393815,-0.4426381438895164,0.8965272322043326,0.0,0.0,0.0,0.0,0.0,0.0,0.0,0.0,0.0,0.0,0.0,0.0,0.0,0.0,0.0,0.0,0.0,0.0,0.0,0.0,0.0,0.0,0.0,0.0,0.0,0.0,0.0,0.0,0.0,0.0,0.0,0.0,0.0,0.0,0.0,0.0,0.1521889549860957,0.01021699331451521,-0.0023459600776978965,-0.003060543733562843,-0.0031478504801078534,-0.04095734584432782,0.0,0.0,0.0,0.0,0.0,0.0,0.0,0.0,0.0,0.0,0.0,0.0,0.0,0.0,0.0,0.0,0.0,0.0,0.0,0.0,0.0,0.0,0.0,0.0,0.0,0.0,0.0,0.0,0.0,0.0,0.0,0.0,0.0,0.0,0.0,0.0
4500000000,4,500000000,Archimede_odom,Archimede_base_link,-38.320116582442246,43.543941320514335,337.44725396063615,-0.008056044318098497,-0.015847264621545253,-0.444444252060416,0.895630097285937,0.0,0.0,0.0,0.0,0.0,0.0,0.0,0.0,0.0,0.0,0.0,0.0,0.0,0.0,0.0,0.0,0.0,0.0,0.0,0.0,0.0,0.0,0.0,0.0,0.0,0.0,0.0,0.0,0.0,0.0,0.0,0.0,0.0,0.0,0.0,0.0,0.15187564027845077,0.009835382677774665,-0.002372101686126143,-0.0029098787125625023,-0.0031791084730179164,-0.03978149554347798,0.0,0.0,0.0,0.0,0.0,0.0,0.0,0.0,0.0,0.0,0.0,0.0,0.0,0.0,0.0,0.0,0.0,0.0,0.0,0.0,0.0,0.0,0.0,0.0,0.0,0.0,0.0,0.0,0.0,0.0,0.0,0.0,0.0,0.0,0.0,0.0
4600000000,4,600000000,Archimede_odom,Archimede_base_link,-38.310188301692946,43.53242434845582,337.4475566874947,-0.008223262407713377,-0.01594277711986297,-0.4462048079203278,0.8947510688464494,0.0,0.0,0.0,0.0,0.0,0.0,0.0,0.0,0.0,0.0,0.0,0.0,0.0,0.0,0.0,0.0,0.0,0.0,0.0,0.0,0.0,0.0,0.0,0.0,0.0,0.0,0.0,0.0,0.0,0.0,0.0,0.0,0.0,0.0,0.0,0.0,0.1516294793262512,0.009635895451134364,-0.0024037257625324567,-0.0028002093558243337,-0.003200065590649663,-0.038996277778146696,0.0,0.0,0.0,0.0,0.0,0.0,0.0,0.0,0.0,0.0,0.0,0.0,0.0,0.0,0.0,0.0,0.0,0.0,0.0,0.0,0.0,0.0,0.0,0.0,0.0,0.0,0.0,0.0,0.0,0.0,0.0,0.0,0.0,0.0,0.0,0.0
4700000000,4,700000000,Archimede_odom,Archimede_base_link,-38.30035288626629,43.52108093027727,337.4479301032468,-0.008242762789274913,-0.016104769005732177,-0.4479440296575492,0.8938785373701666,0.0,0.0,0.0,0.0,0.0,0.0,0.0,0.0,0.0,0.0,0.0,0.0,0.0,0.0,0.0,0.0,0.0,0.0,0.0,0.0,0.0,0.0,0.0,0.0,0.0,0.0,0.0,0.0,0.0,0.0,0.0,0.0,0.0,0.0,0.0,0.0,0.14747441963590063,0.012028468700346842,-0.001424898236401351,0.0012418282037160223,-0.002922044188318141,-0.03899026369782917,0.0,0.0,0.0,0.0,0.0,0.0,0.0,0.0,0.0,0.0,0.0,0.0,0.0,0.0,0.0,0.0,0.0,0.0,0.0,0.0,0.0,0.0,0.0,0.0,0.0,0.0,0.0,0.0,0.0,0.0,0.0,0.0,0.0,0.0,0.0,0.0
4800000000,4,800000000,Archimede_odom,Archimede_base_link,-38.29061659430734,43.510201562285985,337.44831351661446,-0.008227518277781152,-0.016271969540456028,-0.44969025861293893,0.8929984335142427,0.0,0.0,0.0,0.0,0.0,0.0,0.0,0.0,0.0,0.0,0.0,0.0,0.0,0.0,0.0,0.0,0.0,0.0,0.0,0.0,0.0,0.0,0.0,0.0,0.0,0.0,0.0,0.0,0.0,0.0,0.0,0.0,0.0,0.0,0.0,0.0,0.14414060538828014,0.013836313027556477,-0.0014637919622295288,0.0009591630860328064,-0.0028038480514664937,-0.03923909420527512,0.0,0.0,0.0,0.0,0.0,0.0,0.0,0.0,0.0,0.0,0.0,0.0,0.0,0.0,0.0,0.0,0.0,0.0,0.0,0.0,0.0,0.0,0.0,0.0,0.0,0.0,0.0,0.0,0.0,0.0,0.0,0.0,0.0,0.0,0.0,0.0
4900000000,4,900000000,Archimede_odom,Archimede_base_link,-38.28097521254765,43.499544452666434,337.44868907559,-0.008217964097164222,-0.01643192897204473,-0.45144668840461744,0.8921089307393238,0.0,0.0,0.0,0.0,0.0,0.0,0.0,0.0,0.0,0.0,0.0,0.0,0.0,0.0,0.0,0.0,0.0,0.0,0.0,0.0,0.0,0.0,0.0,0.0,0.0,0.0,0.0,0.0,0.0,0.0,0.0,0.0,0.0,0.0,0.0,0.0,0.14227382783043238,0.01456188972935582,-0.0014959016088890813,0.0008504547949277344,-0.0027504871311073978,-0.03955132819617202,0.0,0.0,0.0,0.0,0.0,0.0,0.0,0.0,0.0,0.0,0.0,0.0,0.0,0.0,0.0,0.0,0.0,0.0,0.0,0.0,0.0,0.0,0.0,0.0,0.0,0.0,0.0,0.0,0.0,0.0,0.0,0.0,0.0,0.0,0.0,0.0
5001000000,5,0,Archimede_odom,Archimede_base_link,-38.27142263884638,43.488986018079075,337.44906074836734,-0.008209915620904406,-0.016589215001964405,-0.45321502267168673,0.8912090318526954,0.0,0.0,0.0,0.0,0.0,0.0,0.0,0.0,0.0,0.0,0.0,0.0,0.0,0.0,0.0,0.0,0.0,0.0,0.0,0.0,0.0,0.0,0.0,0.0,0.0,0.0,0.0,0.0,0.0,0.0,0.0,0.0,0.0,0.0,0.0,0.0,0.14125657393019792,0.014803652377514229,-0.0015258351100867341,0.0008315134101643208,-0.002733238262393453,-0.039816861368687166,0.0,0.0,0.0,0.0,0.0,0.0,0.0,0.0,0.0,0.0,0.0,0.0,0.0,0.0,0.0,0.0,0.0,0.0,0.0,0.0,0.0,0.0,0.0,0.0,0.0,0.0,0.0,0.0,0.0,0.0,0.0,0.0,0.0,0.0,0.0,0.0
5100000000,5,100000000,Archimede_odom,Archimede_base_link,-38.261930990637616,43.47846540396165,337.44947998697893,-0.008450296336610928,-0.016448838489386823,-0.4549743633680606,0.8903125051811872,0.0,0.0,0.0,0.0,0.0,0.0,0.0,0.0,0.0,0.0,0.0,0.0,0.0,0.0,0.0,0.0,0.0,0.0,0.0,0.0,0.0,0.0,0.0,0.0,0.0,0.0,0.0,0.0,0.0,0.0,0.0,0.0,0.0,0.0,0.0,0.0,0.13964902066677537,0.013553507200179032,0.0008162646593376994,-0.006495743696546585,-0.004290521535273943,-0.03689094908522704,0.0,0.0,0.0,0.0,0.0,0.0,0.0,0.0,0.0,0.0,0.0,0.0,0.0,0.0,0.0,0.0,0.0,0.0,0.0,0.0,0.0,0.0,0.0,0.0,0.0,0.0,0.0,0.0,0.0,0.0,0.0,0.0,0.0,0.0,0.0,0.0
5200000000,5,200000000,Archimede_odom,Archimede_base_link,-38.253210147160814,43.468160067027846,337.4500558654141,-0.008776763668186246,-0.016500627725347418,-0.4562942798787681,0.8896326364596224,0.0,0.0,0.0,0.0,0.0,0.0,0.0,0.0,0.0,0.0,0.0,0.0,0.0,0.0,0.0,0.0,0.0,0.0,0.0,0.0,0.0,0.0,0.0,0.0,0.0,0.0,0.0,0.0,0.0,0.0,0.0,0.0,0.0,0.0,0.0,0.0,0.1315174807523366,0.008629025264606321,0.0007092489339908534,-0.005485672004042046,-0.0036247129199008616,-0.02420866269218468,0.0,0.0,0.0,0.0,0.0,0.0,0.0,0.0,0.0,0.0,0.0,0.0,0.0,0.0,0.0,0.0,0.0,0.0,0.0,0.0,0.0,0.0,0.0,0.0,0.0,0.0,0.0,0.0,0.0,0.0,0.0,0.0,0.0,0.0,0.0,0.0
5300000000,5,300000000,Archimede_odom,Archimede_base_link,-38.24510816656545,43.45810934383252,337.45060611016004,-0.00906740785000275,-0.01654241846496876,-0.457134978552777,0.8891972457727046,0.0,0.0,0.0,0.0,0.0,0.0,0.0,0.0,0.0,0.0,0.0,0.0,0.0,0.0,0.0,0.0,0.0,0.0,0.0,0.0,0.0,0.0,0.0,0.0,0.0,0.0,0.0,0.0,0.0,0.0,0.0,0.0,0.0,0.0,0.0,0.0,0.12728528924075927,0.006463689492274949,0.0006322537433088642,-0.004906586558250865,-0.0032296532659843924,-0.014854292193833035,0.0,0.0,0.0,0.0,0.0,0.0,0.0,0.0,0.0,0.0,0.0,0.0,0.0,0.0,0.0,0.0,0.0,0.0,0.0,0.0,0.0,0.0,0.0,0.0,0.0,0.0,0.0,0.0,0.0,0.0,0.0,0.0,0.0,0.0,0.0,0.0
5400000000,5,400000000,Archimede_odom,Archimede_base_link,-38.23731929887039,43.44822012227183,337.45114173972377,-0.009337673774124306,-0.01657705913920483,-0.4576196947841098,0.8889444436546535,0.0,0.0,0.0,0.0,0.0,0.0,0.0,0.0,0.0,0.0,0.0,0.0,0.0,0.0,0.0,0.0,0.0,0.0,0.0,0.0,0.0,0.0,0.0,0.0,0.0,0.0,0.0,0.0,0.0,0.0,0.0,0.0,0.0,0.0,0.0,0.0,0.12487044455212874,0.005498415594438831,0.0005718286135126213,-0.004546438357232938,-0.002978671810099656,-0.007866171776322121,0.0,0.0,0.0,0.0,0.0,0.0,0.0,0.0,0.0,0.0,0.0,0.0,0.0,0.0,0.0,0.0,0.0,0.0,0.0,0.0,0.0,0.0,0.0,0.0,0.0,0.0,0.0,0.0,0.0,0.0,0.0,0.0,0.0,0.0,0.0,0.0
5500000000,5,500000000,Archimede_odom,Archimede_base_link,-38.22968490608176,43.438418021607276,337.4516695123257,-0.009596006930114332,-0.016606675234419225,-0.4578424918499789,0.8888264102991414,0.0,0.0,0.0,0.0,0.0,0.0,0.0,0.0,0.0,0.0,0.0,0.0,0.0,0.0,0.0,0.0,0.0,0.0,0.0,0.0,0.0,0.0,0.0,0.0,0.0,0.0,0.0,0.0,0.0,0.0,0.0,0.0,0.0,0.0,0.0,0.0,0.12383644581457232,0.005037645520228886,0.0005238149630209228,-0.00432660176119736,-0.002825000664903935,-0.002819049285504033,0.0,0.0,0.0,0.0,0.0,0.0,0.0,0.0,0.0,0.0,0.0,0.0,0.0,0.0,0.0,0.0,0.0,0.0,0.0,0.0,0.0,0.0,0.0,0.0,0.0,0.0,0.0,0.0,0.0,0.0,0.0,0.0,0.0,0.0,0.0,0.0
5600000000,5,600000000,Archimede_odom,Archimede_base_link,-38.22212831914507,43.428667140650425,337.45219278490896,-0.009847000112078029,-0.01663274158411162,-0.4578722074670286,0.8888078701977493,0.0,0.0,0.0,0.0,0.0,0.0,0.0,0.0,0.0,0.0,0.0,0.0,0.0,0.0,0.0,0.0,0.0,0.0,0.0,0.0,0.0,0.0,0.0,0.0,0.0,0.0,0.0,0.0,0.0,0.0,0.0,0.0,0.0,0.0,0.0,0.0,0.1231768284895437,0.0048301402006394765,0.0004814350248951636,-0.004176883733524002,-0.002721085451845414,0.0009511656879592795,0.0,0.0,0.0,0.0,0.0,0.0,0.0,0.0,0.0,0.0,0.0,0.0,0.0,0.0,0.0,0.0,0.0,0.0,0.0,0.0,0.0,0.0,0.0,0.0,0.0,0.0,0.0,0.0,0.0,0.0,0.0,0.0,0.0,0.0,0.0,0.0
5700000000,5,700000000,Archimede_odom,Archimede_base_link,-38.21461684650987,43.418958568714615,337.452712837989,-0.010093079379250481,-0.016656235620856188,-0.4577570396698455,0.8888639897061227,0.0,0.0,0.0,0.0,0.0,0.0,0.0,0.0,0.0,0.0,0.0,0.0,0.0,0.0,0.0,0.0,0.0,0.0,0.0,0.0,0.0,0.0,0.0,0.0,0.0,0.0,0.0,0.0,0.0,0.0,0.0,0.0,0.0,0.0,0.0,0.0,0.12251163754224988,0.004744614305225743,0.00044192361639541766,-0.004062559133104123,-0.0026432298478900307,0.003877554842532418,0.0,0.0,0.0,0.0,0.0,0.0,0.0,0.0,0.0,0.0,0.0,0.0,0.0,0.0,0.0,0.0,0.0,0.0,0.0,0.0,0.0,0.0,0.0,0.0,0.0,0.0,0.0,0.0,0.0,0.0,0.0,0.0,0.0,0.0,0.0,0.0
5800000000,5,800000000,Archimede_odom,Archimede_base_link,-38.207113505161715,43.40925957012831,337.4532318825597,-0.010336546122690946,-0.016678058797525788,-0.4575396391875768,0.8889727086593276,0.0,0.0,0.0,0.0,0.0,0.0,0.0,0.0,0.0,0.0,0.0,0.0,0.0,0.0,0.0,0.0,0.0,0.0,0.0,0.0,0.0,0.0,0.0,0.0,0.0,0.0,0.0,0.0,0.0,0.0,0.0,0.0,0.0,0.0,0.0,0.0,0.12248864269769447,0.004708399373694978,0.00040747214852353015,-0.004002264064530992,-0.0026039412252929933,0.005833271991714616,0.0,0.0,0.0,0.0,0.0,0.0,0.0,0.0,0.0,0.0,0.0,0.0,0.0,0.0,0.0,0.0,0.0,0.0,0.0,0.0,0.0,0.0,0.0,0.0,0.0,0.0,0.0,0.0,0.0,0.0,0.0,0.0,0.0,0.0,0.0,0.0
5900000000,5,900000000,Archimede_odom,Archimede_base_link,-38.199626864366294,43.39959442360468,337.45374893715297,-0.010577675014754089,-0.016698549942763097,-0.4572404637174202,0.889123405135963,0.0,0.0,0.0,0.0,0.0,0.0,0.0,0.0,0.0,0.0,0.0,0.0,0.0,0.0,0.0,0.0,0.0,0.0,0.0,0.0,0.0,0.0,0.0,0.0,0.0,0.0,0.0,0.0,0.0,0.0,0.0,0.0,0.0,0.0,0.0,0.0,0.12213266061557546,0.004710068329410387,0.0003731243065959503,-0.003944873493171826,-0.0025675889448834506,0.007468743464635492,0.0,0.0,0.0,0.0,0.0,0.0,0.0,0.0,0.0,0.0,0.0,0.0,0.0,0.0,0.0,0.0,0.0,0.0,0.0,0.0,0.0,0.0,0.0,0.0,0.0,0.0,0.0,0.0,0.0,0.0,0.0,0.0,0.0,0.0,0.0,0.0
6000000000,6,0,Archimede_odom,Archimede_base_link,-38.192728730330906,43.38996442481994,337.454382188382,-0.010877290386157944,-0.016878845563040316,-0.45699487488964285,0.8892426403692717,0.0,0.0,0.0,0.0,0.0,0.0,0.0,0.0,0.0,0.0,0.0,0.0,0.0,0.0,0.0,0.0,0.0,0.0,0.0,0.0,0.0,0.0,0.0,0.0,0.0,0.0,0.0,0.0,0.0,0.0,0.0,0.0,0.0,0.0,0.0,0.0,0.11453341992035915,-0.005530877835710968,0.001839266302320067,-0.003128458299345204,-0.0064433396411233915,0.0025076371991356503,0.0,0.0,0.0,0.0,0.0,0.0,0.0,0.0,0.0,0.0,0.0,0.0,0.0,0.0,0.0,0.0,0.0,0.0,0.0,0.0,0.0,0.0,0.0,0.0,0.0,0.0,0.0,0.0,0.0,0.0,0.0,0.0,0.0,0.0,0.0,0.0
6100000000,6,100000000,Archimede_odom,Archimede_base_link,-38.187067668217416,43.380389721888264,337.45499729604614,-0.011136519592667338,-0.0170769543652473,-0.45702061951895534,0.8892224181246667,0.0,0.0,0.0,0.0,0.0,0.0,0.0,0.0,0.0,0.0,0.0,0.0,0.0,0.0,0.0,0.0,0.0,0.0,0.0,0.0,0.0,0.0,0.0,0.0,0.0,0.0,0.0,0.0,0.0,0.0,0.0,0.0,0.0,0.0,0.0,0.0,0.10859963930054048,-0.012311102448384991,0.001515974360582278,-0.0026249879468445607,-0.005547237481189748,-0.0028680569205164585,0.0,0.0,0.0,0.0,0.0,0.0,0.0,0.0,0.0,0.0,0.0,0.0,0.0,0.0,0.0,0.0,0.0,0.0,0.0,0.0,0.0,0.0,0.0,0.0,0.0,0.0,0.0,0.0,0.0,0.0,0.0,0.0,0.0,0.0,0.0,0.0
6200000000,6,200000000,Archimede_odom,Archimede_base_link,-38.1820161674051,43.37090497394163,337.4555794286769,-0.01136442367721401,-0.01725778218984487,-0.45724544902589664,0.8891004544895243,0.0,0.0,0.0,0.0,0.0,0.0,0.0,0.0,0.0,0.0,0.0,0.0,0.0,0.0,0.0,0.0,0.0,0.0,0.0,0.0,0.0,0.0,0.0,0.0,0.0,0.0,0.0,0.0,0.0,0.0,0.0,0.0,0.0,0.0,0.0,0.0,0.10535762986932777,-0.015257754963531451,0.0013307005880177627,-0.002432463236702105,-0.005123579858547397,-0.006671008983525647,0.0,0.0,0.0,0.0,0.0,0.0,0.0,0.0,0.0,0.0,0.0,0.0,0.0,0.0,0.0,0.0,0.0,0.0,0.0,0.0,0.0,0.0,0.0,0.0,0.0,0.0,0.0,0.0,0.0,0.0,0.0,0.0,0.0,0.0,0.0,0.0
6300000000,6,300000000,Archimede_odom,Archimede_base_link,-38.17727259225182,43.361503657943025,337.45614333138724,-0.011577548693600722,-0.017429778627373264,-0.4576091104796554,0.8889072309241649,0.0,0.0,0.0,0.0,0.0,0.0,0.0,0.0,0.0,0.0,0.0,0.0,0.0,0.0,0.0,0.0,0.0,0.0,0.0,0.0,0.0,0.0,0.0,0.0,0.0,0.0,0.0,0.0,0.0,0.0,0.0,0.0,0.0,0.0,0.0,0.0,0.1034249090683577,-0.01659029566761539,0.001207763841437336,-0.002359713546623044,-0.0049035531957848325,-0.009304217723127114,0.0,0.0,0.0,0.0,0.0,0.0,0.0,0.0,0.0,0.0,0.0,0.0,0.0,0.0,0.0,0.0,0.0,0.0,0.0,0.0,0.0,0.0,0.0,0.0,0.0,0.0,0.0,0.0,0.0,0.0,0.0,0.0,0.0,0.0,0.0,0.0
6400000000,6,400000000,Archimede_odom,Archimede_base_link,-38.1726858134098,43.35215235803739,337.45669751355825,-0.011783837496419765,-0.017597220126089764,-0.45807394253365497,0.8886617704106359,0.0,0.0,0.0,0.0,0.0,0.0,0.0,0.0,0.0,0.0,0.0,0.0,0.0,0.0,0.0,0.0,0.0,0.0,0.0,0.0,0.0,0.0,0.0,0.0,0.0,0.0,0.0,0.0,0.0,0.0,0.0,0.0,0.0,0.0,0.0,0.0,0.10247553495910486,-0.01721054906463959,0.0011187895641825492,-0.002348096459164728,-0.004795529011404834,-0.011289709793393329,0.0,0.0,0.0,0.0,0.0,0.0,0.0,0.0,0.0,0.0,0.0,0.0,0.0,0.0,0.0,0.0,0.0,0.0,0.0,0.0,0.0,0.0,0.0,0.0,0.0,0.0,0.0,0.0,0.0,0.0,0.0,0.0,0.0,0.0,0.0,0.0
6500000000,6,500000000,Archimede_odom,Archimede_base_link,-38.16818514307216,43.3428271619235,337.4572462985213,-0.01198678751981541,-0.017762074698962356,-0.45861293919234547,0.8883777336430159,0.0,0.0,0.0,0.0,0.0,0.0,0.0,0.0,0.0,0.0,0.0,0.0,0.0,0.0,0.0,0.0,0.0,0.0,0.0,0.0,0.0,0.0,0.0,0.0,0.0,0.0,0.0,0.0,0.0,0.0,0.0,0.0,0.0,0.0,0.0,0.0,0.10205143634028838,-0.017519178045009125,0.0010463251439158641,-0.0023593869352593767,-0.004739639658157786,-0.01278920327002565,0.0,0.0,0.0,0.0,0.0,0.0,0.0,0.0,0.0,0.0,0.0,0.0,0.0,0.0,0.0,0.0,0.0,0.0,0.0,0.0,0.0,0.0,0.0,0.0,0.0,0.0,0.0,0.0,0.0,0.0,0.0,0.0,0.0,0.0,0.0,0.0
6600000000,6,600000000,Archimede_odom,Archimede_base_link,-38.1638940506945,43.33313257373161,337.4577714595437,-0.012118723627828032,-0.017950828857043757,-0.4590764837023761,0.8881326963874483,0.0,0.0,0.0,0.0,0.0,0.0,0.0,0.0,0.0,0.0,0.0,0.0,0.0,0.0,0.0,0.0,0.0,0.0,0.0,0.0,0.0,0.0,0.0,0.0,0.0,0.0,0.0,0.0,0.0,0.0,0.0,0.0,0.0,0.0,0.0,0.0,0.10471892344692132,-0.023993659004105574,0.0005234293351708769,-9.291994060151726e-05,-0.004306496670855182,-0.008053831669957092,0.0,0.0,0.0,0.0,0.0,0.0,0.0,0.0,0.0,0.0,0.0,0.0,0.0,0.0,0.0,0.0,0.0,0.0,0.0,0.0,0.0,0.0,0.0,0.0,0.0,0.0,0.0,0.0,0.0,0.0,0.0,0.0,0.0,0.0,0.0,0.0
6700000000,6,700000000,Archimede_odom,Archimede_base_link,-38.15999470386278,43.32309601020982,337.45827760151593,-0.012191694705421289,-0.01814384091899084,-0.4593073458675705,0.8880084040418785,0.0,0.0,0.0,0.0,0.0,0.0,0.0,0.0,0.0,0.0,0.0,0.0,0.0,0.0,0.0,0.0,0.0,0.0,0.0,0.0,0.0,0.0,0.0,0.0,0.0,0.0,0.0,0.0,0.0,0.0,0.0,0.0,0.0,0.0,0.0,0.0,0.10456698213538276,-0.027565486074541196,0.0003393854221968552,0.0006532447814354953,-0.003957512790260898,-0.0032784624626798807,0.0,0.0,0.0,0.0,0.0,0.0,0.0,0.0,0.0,0.0,0.0,0.0,0.0,0.0,0.0,0.0,0.0,0.0,0.0,0.0,0.0,0.0,0.0,0.0,0.0,0.0,0.0,0.0,0.0,0.0,0.0,0.0,0.0,0.0,0.0,0.0
6800000000,6,800000000,Archimede_odom,Archimede_base_link,-38.15627554173262,43.31291460782102,337.45877653905364,-0.012274433674837848,-0.018339103651420614,-0.4593651044945417,0.887973375911656,0.0,0.0,0.0,0.0,0.0,0.0,0.0,0.0,0.0,0.0,0.0,0.0,0.0,0.0,0.0,0.0,0.0,0.0,0.0,0.0,0.0,0.0,0.0,0.0,0.0,0.0,0.0,0.0,0.0,0.0,0.0,0.0,0.0,0.0,0.0,0.0,0.10495370932519628,-0.029008784633561442,0.00023857314603705081,-0.0012458276452270984,-0.005205993180645245,-1.662447075242708e-06,0.0,0.0,0.0,0.0,0.0,0.0,0.0,0.0,0.0,0.0,0.0,0.0,0.0,0.0,0.0,0.0,0.0,0.0,0.0,0.0,0.0,0.0,0.0,0.0,0.0,0.0,0.0,0.0,0.0,0.0,0.0,0.0,0.0,0.0,0.0,0.0
6900000000,6,900000000,Archimede_odom,Archimede_base_link,-38.15264181212676,43.30266573877447,337.45927159470415,-0.012450054507195087,-0.018541847615640768,-0.4592891520799199,0.8880060083194676,0.0,0.0,0.0,0.0,0.0,0.0,0.0,0.0,0.0,0.0,0.0,0.0,0.0,0.0,0.0,0.0,0.0,0.0,0.0,0.0,0.0,0.0,0.0,0.0,0.0,0.0,0.0,0.0,0.0,0.0,0.0,0.0,0.0,0.0,0.0,0.0,0.1046196683421653,-0.02992614957361605,0.00013978481798314124,-0.0011420475654676594,-0.0051968838211322605,0.0028921742101262055,0.0,0.0,0.0,0.0,0.0,0.0,0.0,0.0,0.0,0.0,0.0,0.0,0.0,0.0,0.0,0.0,0.0,0.0,0.0,0.0,0.0,0.0,0.0,0.0,0.0,0.0,0.0,0.0,0.0,0.0,0.0,0.0,0.0,0.0,0.0,0.0
7001000000,7,0,Archimede_odom,Archimede_base_link,-38.14906704552029,43.29240402373109,337.4597632370933,-0.012620579698164934,-0.01874470868865719,-0.4591046192732568,0.8880947615126539,0.0,0.0,0.0,0.0,0.0,0.0,0.0,0.0,0.0,0.0,0.0,0.0,0.0,0.0,0.0,0.0,0.0,0.0,0.0,0.0,0.0,0.0,0.0,0.0,0.0,0.0,0.0,0.0,0.0,0.0,0.0,0.0,0.0,0.0,0.0,0.0,0.10447000525629993,-0.030292626335701584,6.554556857319816e-05,-0.0010298406226504273,-0.0051766631577986584,0.004978399487354216,0.0,0.0,0.0,0.0,0.0,0.0,0.0,0.0,0.0,0.0,0.0,0.0,0.0,0.0,0.0,0.0,0.0,0.0,0.0,0.0,0.0,0.0,0.0,0.0,0.0,0.0,0.0,0.0,0.0,0.0,0.0,0.0,0.0,0.0,0.0,0.0
7100000000,7,100000000,Archimede_odom,Archimede_base_link,-38.145520244935746,43.28214861321698,337.4602527688597,-0.012788141059831934,-0.01894778755225517,-0.458837851985172,0.8882259117931326,0.0,0.0,0.0,0.0,0.0,0.0,0.0,0.0,0.0,0.0,0.0,0.0,0.0,0.0,0.0,0.0,0.0,0.0,0.0,0.0,0.0,0.0,0.0,0.0,0.0,0.0,0.0,0.0,0.0,0.0,0.0,0.0,0.0,0.0,0.0,0.0,0.10445890946471104,-0.030403979615678943,3.7663069739248164e-06,-0.0009643248203603523,-0.005179410787416939,0.006471446310902798,0.0,0.0,0.0,0.0,0.0,0.0,0.0,0.0,0.0,0.0,0.0,0.0,0.0,0.0,0.0,0.0,0.0,0.0,0.0,0.0,0.0,0.0,0.0,0.0,0.0,0.0,0.0,0.0,0.0,0.0,0.0,0.0,0.0,0.0,0.0,0.0
7200000000,7,200000000,Archimede_odom,Archimede_base_link,-38.14195839911907,43.27188109708429,337.4607432157048,-0.012955491726673644,-0.019151876583045735,-0.45852110370881866,0.8883826643463473,0.0,0.0,0.0,0.0,0.0,0.0,0.0,0.0,0.0,0.0,0.0,0.0,0.0,0.0,0.0,0.0,0.0,0.0,0.0,0.0,0.0,0.0,0.0,0.0,0.0,0.0,0.0,0.0,0.0,0.0,0.0,0.0,0.0,0.0,0.0,0.0,0.10429124425204894,-0.03045671209861182,-5.641619019268694e-05,-0.0009115393447146665,-0.005175178478618105,0.007624765104441785,0.0,0.0,0.0,0.0,0.0,0.0,0.0,0.0,0.0,0.0,0.0,0.0,0.0,0.0,0.0,0.0,0.0,0.0,0.0,0.0,0.0,0.0,0.0,0.0,0.0,0.0,0.0,0.0,0.0,0.0,0.0,0.0,0.0,0.0,0.0,0.0
7300000000,7,300000000,Archimede_odom,Archimede_base_link,-38.13842585062961,43.26165182006044,337.46123069791963,-0.013120271788406647,-0.01935552241438265,-0.4581489573361737,0.8885678112063489,0.0,0.0,0.0,0.0,0.0,0.0,0.0,0.0,0.0,0.0,0.0,0.0,0.0,0.0,0.0,0.0,0.0,0.0,0.0,0.0,0.0,0.0,0.0,0.0,0.0,0.0,0.0,0.0,0.0,0.0,0.0,0.0,0.0,0.0,0.0,0.0,0.10370589569429589,-0.03055311672368529,-0.00012059868855501471,-0.0008401956321291329,-0.005142410410173029,0.008836097358347108,0.0,0.0,0.0,0.0,0.0,0.0,0.0,0.0,0.0,0.0,0.0,0.0,0.0,0.0,0.0,0.0,0.0,0.0,0.0,0.0,0.0,0.0,0.0,0.0,0.0,0.0,0.0,0.0,0.0,0.0,0.0,0.0,0.0,0.0,0.0,0.0
7400000000,7,400000000,Archimede_odom,Archimede_base_link,-38.134913346787314,43.25145838400146,337.4617158281391,-0.013283091115473924,-0.019558865862409174,-0.4577307414868065,0.8887764502699949,0.0,0.0,0.0,0.0,0.0,0.0,0.0,0.0,0.0,0.0,0.0,0.0,0.0,0.0,0.0,0.0,0.0,0.0,0.0,0.0,0.0,0.0,0.0,0.0,0.0,0.0,0.0,0.0,0.0,0.0,0.0,0.0,0.0,0.0,0.0,0.0,0.10337055316588406,-0.030567796491419764,-0.00017813996722875231,-0.0007949026688796365,-0.005130400276379278,0.009737468129810148,0.0,0.0,0.0,0.0,0.0,0.0,0.0,0.0,0.0,0.0,0.0,0.0,0.0,0.0,0.0,0.0,0.0,0.0,0.0,0.0,0.0,0.0,0.0,0.0,0.0,0.0,0.0,0.0,0.0,0.0,0.0,0.0,0.0,0.0,0.0,0.0
7500000000,7,500000000,Archimede_odom,Archimede_base_link,-38.13140478757449,43.241289694857066,337.46219985045985,-0.013444950806919471,-0.01976226874003342,-0.4572781258216916,0.8890024756304379,0.0,0.0,0.0,0.0,0.0,0.0,0.0,0.0,0.0,0.0,0.0,0.0,0.0,0.0,0.0,0.0,0.0,0.0,0.0,0.0,0.0,0.0,0.0,0.0,0.0,0.0,0.0,0.0,0.0,0.0,0.0,0.0,0.0,0.0,0.0,0.0,0.10316945297415028,-0.030540426820388898,-0.00023207107062804492,-0.0007660037928783614,-0.005129367777249603,0.01041108449031426,0.0,0.0,0.0,0.0,0.0,0.0,0.0,0.0,0.0,0.0,0.0,0.0,0.0,0.0,0.0,0.0,0.0,0.0,0.0,0.0,0.0,0.0,0.0,0.0,0.0,0.0,0.0,0.0,0.0,0.0,0.0,0.0,0.0,0.0,0.0,0.0
7600000000,7,600000000,Archimede_odom,Archimede_base_link,-38.12789110160857,43.231139531832056,337.4626834734484,-0.013606447367155234,-0.019965916848689334,-0.4567998007535369,0.8892413445100071,0.0,0.0,0.0,0.0,0.0,0.0,0.0,0.0,0.0,0.0,0.0,0.0,0.0,0.0,0.0,0.0,0.0,0.0,0.0,0.0,0.0,0.0,0.0,0.0,0.0,0.0,0.0,0.0,0.0,0.0,0.0,0.0,0.0,0.0,0.0,0.0,0.10309101285862932,-0.030479201563110993,-0.00028318744323124344,-0.0007515441488253893,-0.005138052612348497,0.010885318864571034,0.0,0.0,0.0,0.0,0.0,0.0,0.0,0.0,0.0,0.0,0.0,0.0,0.0,0.0,0.0,0.0,0.0,0.0,0.0,0.0,0.0,0.0,0.0,0.0,0.0,0.0,0.0,0.0,0.0,0.0,0.0,0.0,0.0,0.0,0.0,0.0
7700000000,7,700000000,Archimede_odom,Archimede_base_link,-38.12430908416114,43.22093133808023,337.46316323442943,-0.013552748972531097,-0.020144194758502234,-0.456336129178112,0.8894761782192689,0.0,0.0,0.0,0.0,0.0,0.0,0.0,0.0,0.0,0.0,0.0,0.0,0.0,0.0,0.0,0.0,0.0,0.0,0.0,0.0,0.0,0.0,0.0,0.0,0.0,0.0,0.0,0.0,0.0,0.0,0.0,0.0,0.0,0.0,0.0,0.0,0.10519542785457123,-0.030323836633256197,-0.0005718610464240351,0.0032136174094562634,-0.0019594276688725022,0.00930229412138735,0.0,0.0,0.0,0.0,0.0,0.0,0.0,0.0,0.0,0.0,0.0,0.0,0.0,0.0,0.0,0.0,0.0,0.0,0.0,0.0,0.0,0.0,0.0,0.0,0.0,0.0,0.0,0.0,0.0,0.0,0.0,0.0,0.0,0.0,0.0,0.0
7800000000,7,800000000,Archimede_odom,Archimede_base_link,-38.120653769764054,43.210536824290486,337.46363183247115,-0.013461376022024208,-0.020297626933065083,-0.4559629856563551,0.8896654165515384,0.0,0.0,0.0,0.0,0.0,0.0,0.0,0.0,0.0,0.0,0.0,0.0,0.0,0.0,0.0,0.0,0.0,0.0,0.0,0.0,0.0,0.0,0.0,0.0,0.0,0.0,0.0,0.0,0.0,0.0,0.0,0.0,0.0,0.0,0.0,0.0,0.10619973009670909,-0.03141068276755764,-0.0006176753793017329,0.0032321837257668143,-0.0018953768259391802,0.00758262683662633,0.0,0.0,0.0,0.0,0.0,0.0,0.0,0.0,0.0,0.0,0.0,0.0,0.0,0.0,0.0,0.0,0.0,0.0,0.0,0.0,0.0,0.0,0.0,0.0,0.0,0.0,0.0,0.0,0.0,0.0,0.0,0.0,0.0,0.0,0.0,0.0
7900000000,7,900000000,Archimede_odom,Archimede_base_link,-38.11700246354941,43.200046211731205,337.4641023983029,-0.01336805049128447,-0.02045028137862686,-0.4556547823782467,0.889821218286814,0.0,0.0,0.0,0.0,0.0,0.0,0.0,0.0,0.0,0.0,0.0,0.0,0.0,0.0,0.0,0.0,0.0,0.0,0.0,0.0,0.0,0.0,0.0,0.0,0.0,0.0,0.0,0.0,0.0,0.0,0.0,0.0,0.0,0.0,0.0,0.0,0.10682379947114877,-0.03181598698906619,-0.0006378279077431209,0.003206385921999024,-0.0018802549478447086,0.006264099071025301,0.0,0.0,0.0,0.0,0.0,0.0,0.0,0.0,0.0,0.0,0.0,0.0,0.0,0.0,0.0,0.0,0.0,0.0,0.0,0.0,0.0,0.0,0.0,0.0,0.0,0.0,0.0,0.0,0.0,0.0,0.0,0.0,0.0,0.0,0.0,0.0
8000000000,8,0,Archimede_odom,Archimede_base_link,-38.113357526658966,43.18952549600713,337.4645733064924,-0.013274150586770778,-0.020602265696664315,-0.4553875676244062,0.8899559016195637,0.0,0.0,0.0,0.0,0.0,0.0,0.0,0.0,0.0,0.0,0.0,0.0,0.0,0.0,0.0,0.0,0.0,0.0,0.0,0.0,0.0,0.0,0.0,0.0,0.0,0.0,0.0,0.0,0.0,0.0,0.0,0.0,0.0,0.0,0.0,0.0,0.1068406351130818,-0.03202202511531995,-0.0006527243401548281,0.003189422975014196,-0.0018632525824074327,0.005555351289344661,0.0,0.0,0.0,0.0,0.0,0.0,0.0,0.0,0.0,0.0,0.0,0.0,0.0,0.0,0.0,0.0,0.0,0.0,0.0,0.0,0.0,0.0,0.0,0.0,0.0,0.0,0.0,0.0,0.0,0.0,0.0,0.0,0.0,0.0,0.0,0.0
8100000000,8,100000000,Archimede_odom,Archimede_base_link,-38.10967896910278,43.1790589455272,337.46506990210565,-0.01323558080709471,-0.020727244722186886,-0.4551950270470137,0.8900520704310473,0.0,0.0,0.0,0.0,0.0,0.0,0.0,0.0,0.0,0.0,0.0,0.0,0.0,0.0,0.0,0.0,0.0,0.0,0.0,0.0,0.0,0.0,0.0,0.0,0.0,0.0,0.0,0.0,0.0,0.0,0.0,0.0,0.0,0.0,0.0,0.0,0.10595057743757841,-0.030959584251640155,-0.0003450822169166816,0.001684606230704664,-0.0018877881957496674,0.003095013696271899,0.0,0.0,0.0,0.0,0.0,0.0,0.0,0.0,0.0,0.0,0.0,0.0,0.0,0.0,0.0,0.0,0.0,0.0,0.0,0.0,0.0,0.0,0.0,0.0,0.0,0.0,0.0,0.0,0.0,0.0,0.0,0.0,0.0,0.0,0.0,0.0
8200000000,8,200000000,Archimede_odom,Archimede_base_link,-38.10599959279705,43.16872898549355,337.46556624727316,-0.013208445630271312,-0.020846696279331917,-0.4551033472465634,0.8900965652912292,0.0,0.0,0.0,0.0,0.0,0.0,0.0,0.0,0.0,0.0,0.0,0.0,0.0,0.0,0.0,0.0,0.0,0.0,0.0,0.0,0.0,0.0,0.0,0.0,0.0,0.0,0.0,0.0,0.0,0.0,0.0,0.0,0.0,0.0,0.0,0.0,0.10510647783779228,-0.030459917851195,-0.0003498448530228997,0.0015723773111896665,-0.00188532516327528,0.0011430041995593107,0.0,0.0,0.0,0.0,0.0,0.0,0.0,0.0,0.0,0.0,0.0,0.0,0.0,0.0,0.0,0.0,0.0,0.0,0.0,0.0,0.0,0.0,0.0,0.0,0.0,0.0,0.0,0.0,0.0,0.0,0.0,0.0,0.0,0.0,0.0,0.0
8301000000,8,300000000,Archimede_odom,Archimede_base_link,-38.10232963432308,43.15846741843847,337.4660600121419,-0.013183263273060174,-0.020964978477934784,-0.455084540284424,0.8901037762199459,0.0,0.0,0.0,0.0,0.0,0.0,0.0,0.0,0.0,0.0,0.0,0.0,0.0,0.0,0.0,0.0,0.0,0.0,0.0,0.0,0.0,0.0,0.0,0.0,0.0,0.0,0.0,0.0,0.0,0.0,0.0,0.0,0.0,0.0,0.0,0.0,0.10447206540395992,-0.03029915204513668,-0.00036403801606104986,0.0015134547204142489,-0.0018673768760753538,-0.00015558315131145706,0.0,0.0,0.0,0.0,0.0,0.0,0.0,0.0,0.0,0.0,0.0,0.0,0.0,0.0,0.0,0.0,0.0,0.0,0.0,0.0,0.0,0.0,0.0,0.0,0.0,0.0,0.0,0.0,0.0,0.0,0.0,0.0,0.0,0.0,0.0,0.0
8400000000,8,400000000,Archimede_odom,Archimede_base_link,-38.09867182864718,43.148241796093544,337.4665520246922,-0.01315893124628169,-0.02108237426906674,-0.45511734624697786,0.8900845898951083,0.0,0.0,0.0,0.0,0.0,0.0,0.0,0.0,0.0,0.0,0.0,0.0,0.0,0.0,0.0,0.0,0.0,0.0,0.0,0.0,0.0,0.0,0.0,0.0,0.0,0.0,0.0,0.0,0.0,0.0,0.0,0.0,0.0,0.0,0.0,0.0,0.10419651689169637,-0.030229055800548597,-0.0003791127217559125,0.0014714288849839465,-0.0018572181613387105,-0.0011478595876995182,0.0,0.0,0.0,0.0,0.0,0.0,0.0,0.0,0.0,0.0,0.0,0.0,0.0,0.0,0.0,0.0,0.0,0.0,0.0,0.0,0.0,0.0,0.0,0.0,0.0,0.0,0.0,0.0,0.0,0.0,0.0,0.0,0.0,0.0,0.0,0.0
8500000000,8,500000000,Archimede_odom,Archimede_base_link,-38.09503312474879,43.13804285270353,337.4670421999916,-0.013134645043471576,-0.021198963695698226,-0.45518306427011984,0.8900485734157852,0.0,0.0,0.0,0.0,0.0,0.0,0.0,0.0,0.0,0.0,0.0,0.0,0.0,0.0,0.0,0.0,0.0,0.0,0.0,0.0,0.0,0.0,0.0,0.0,0.0,0.0,0.0,0.0,0.0,0.0,0.0,0.0,0.0,0.0,0.0,0.0,0.104334468396135,-0.030153190855218566,-0.00039182904403223283,0.0014298591097050806,-0.0018637380158512881,-0.0020217448622955065,0.0,0.0,0.0,0.0,0.0,0.0,0.0,0.0,0.0,0.0,0.0,0.0,0.0,0.0,0.0,0.0,0.0,0.0,0.0,0.0,0.0,0.0,0.0,0.0,0.0,0.0,0.0,0.0,0.0,0.0,0.0,0.0,0.0,0.0,0.0,0.0
8600000000,8,600000000,Archimede_odom,Archimede_base_link,-38.0913549764305,43.12780719910038,337.4675355197315,-0.013112321583319275,-0.021316053182658952,-0.4552952864245463,0.8899887050176536,0.0,0.0,0.0,0.0,0.0,0.0,0.0,0.0,0.0,0.0,0.0,0.0,0.0,0.0,0.0,0.0,0.0,0.0,0.0,0.0,0.0,0.0,0.0,0.0,0.0,0.0,0.0,0.0,0.0,0.0,0.0,0.0,0.0,0.0,0.0,0.0,0.10483472607476226,-0.03005218419641053,-0.00040281045467157543,0.0013790454023455121,-0.001885097126376426,-0.0029963670270753613,0.0,0.0,0.0,0.0,0.0,0.0,0.0,0.0,0.0,0.0,0.0,0.0,0.0,0.0,0.0,0.0,0.0,0.0,0.0,0.0,0.0,0.0,0.0,0.0,0.0,0.0,0.0,0.0,0.0,0.0,0.0,0.0,0.0,0.0,0.0,0.0
8700000000,8,700000000,Archimede_odom,Archimede_base_link,-38.08765371087082,43.11754471226725,337.4680308256131,-0.013091195276159286,-0.021433370345830566,-0.45544420618245374,0.8899099989868046,0.0,0.0,0.0,0.0,0.0,0.0,0.0,0.0,0.0,0.0,0.0,0.0,0.0,0.0,0.0,0.0,0.0,0.0,0.0,0.0,0.0,0.0,0.0,0.0,0.0,0.0,0.0,0.0,0.0,0.0,0.0,0.0,0.0,0.0,0.0,0.0,0.1051063548119088,-0.030015347181725847,-0.0004175441700471092,0.0013469200582512848,-0.001893234898171195,-0.0037100896470370105,0.0,0.0,0.0,0.0,0.0,0.0,0.0,0.0,0.0,0.0,0.0,0.0,0.0,0.0,0.0,0.0,0.0,0.0,0.0,0.0,0.0,0.0,0.0,0.0,0.0,0.0,0.0,0.0,0.0,0.0,0.0,0.0,0.0,0.0,0.0,0.0
8800000000,8,800000000,Archimede_odom,Archimede_base_link,-38.083953489662456,43.10727554210449,337.4685262428538,-0.013070244206510847,-0.021550481972336236,-0.455615894666043,0.8898195895634144,0.0,0.0,0.0,0.0,0.0,0.0,0.0,0.0,0.0,0.0,0.0,0.0,0.0,0.0,0.0,0.0,0.0,0.0,0.0,0.0,0.0,0.0,0.0,0.0,0.0,0.0,0.0,0.0,0.0,0.0,0.0,0.0,0.0,0.0,0.0,0.0,0.10488581813622806,-0.030079317897812662,-0.0004378118224595905,0.0013464421100815283,-0.001875990781612802,-0.003981295067332065,0.0,0.0,0.0,0.0,0.0,0.0,0.0,0.0,0.0,0.0,0.0,0.0,0.0,0.0,0.0,0.0,0.0,0.0,0.0,0.0,0.0,0.0,0.0,0.0,0.0,0.0,0.0,0.0,0.0,0.0,0.0,0.0,0.0,0.0,0.0,0.0
8900000000,8,900000000,Archimede_odom,Archimede_base_link,-38.08026452118875,43.0969496263585,337.4690113845048,-0.013042433822186197,-0.021653531461226647,-0.4558387069748813,0.8897033734446104,0.0,0.0,0.0,0.0,0.0,0.0,0.0,0.0,0.0,0.0,0.0,0.0,0.0,0.0,0.0,0.0,0.0,0.0,0.0,0.0,0.0,0.0,0.0,0.0,0.0,0.0,0.0,0.0,0.0,0.0,0.0,0.0,0.0,0.0,0.0,0.0,0.1055191443672504,-0.031164062002884442,-0.0006006813436997194,0.0013754726897568497,-0.001475914762212515,-0.005989885040799341,0.0,0.0,0.0,0.0,0.0,0.0,0.0,0.0,0.0,0.0,0.0,0.0,0.0,0.0,0.0,0.0,0.0,0.0,0.0,0.0,0.0,0.0,0.0,0.0,0.0,0.0,0.0,0.0,0.0,0.0,0.0,0.0,0.0,0.0,0.0,0.0
9000000000,9,0,Archimede_odom,Archimede_base_link,-38.0767008208206,43.086541826828274,337.46949064229125,-0.013004824114548993,-0.021751900556486087,-0.45613959224433154,0.8895473015860963,0.0,0.0,0.0,0.0,0.0,0.0,0.0,0.0,0.0,0.0,0.0,0.0,0.0,0.0,0.0,0.0,0.0,0.0,0.0,0.0,0.0,0.0,0.0,0.0,0.0,0.0,0.0,0.0,0.0,0.0,0.0,0.0,0.0,0.0,0.0,0.0,0.10533966731499275,-0.032269469680385285,-0.0006626953476606168,0.001404231263020607,-0.0013465000335025636,-0.007430282871357956,0.0,0.0,0.0,0.0,0.0,0.0,0.0,0.0,0.0,0.0,0.0,0.0,0.0,0.0,0.0,0.0,0.0,0.0,0.0,0.0,0.0,0.0,0.0,0.0,0.0,0.0,0.0,0.0,0.0,0.0,0.0,0.0,0.0,0.0,0.0,0.0
9100000000,9,100000000,Archimede_odom,Archimede_base_link,-38.07321875797339,43.07610561348109,337.46996533597616,-0.01296307579854639,-0.021847237289402695,-0.45649110519506475,0.8893652386766924,0.0,0.0,0.0,0.0,0.0,0.0,0.0,0.0,0.0,0.0,0.0,0.0,0.0,0.0,0.0,0.0,0.0,0.0,0.0,0.0,0.0,0.0,0.0,0.0,0.0,0.0,0.0,0.0,0.0,0.0,0.0,0.0,0.0,0.0,0.0,0.0,0.10533377981356389,-0.03275330838738128,-0.0006958749213905838,0.001402436626937698,-0.0012870817980771402,-0.008511618732822723,0.0,0.0,0.0,0.0,0.0,0.0,0.0,0.0,0.0,0.0,0.0,0.0,0.0,0.0,0.0,0.0,0.0,0.0,0.0,0.0,0.0,0.0,0.0,0.0,0.0,0.0,0.0,0.0,0.0,0.0,0.0,0.0,0.0,0.0,0.0,0.0
9200000000,9,200000000,Archimede_odom,Archimede_base_link,-38.06979058852343,43.06566218977302,337.4704369134409,-0.012908938753720633,-0.021940062327624864,-0.45687627221224814,0.8891659377499526,0.0,0.0,0.0,0.0,0.0,0.0,0.0,0.0,0.0,0.0,0.0,0.0,0.0,0.0,0.0,0.0,0.0,0.0,0.0,0.0,0.0,0.0,0.0,0.0,0.0,0.0,0.0,0.0,0.0,0.0,0.0,0.0,0.0,0.0,0.0,0.0,0.10473685351350734,-0.03318932264120375,-0.0007224457829550725,0.00237999220529741,-0.0006458735628424916,-0.008883332397158614,0.0,0.0,0.0,0.0,0.0,0.0,0.0,0.0,0.0,0.0,0.0,0.0,0.0,0.0,0.0,0.0,0.0,0.0,0.0,0.0,0.0,0.0,0.0,0.0,0.0,0.0,0.0,0.0,0.0,0.0,0.0,0.0,0.0,0.0,0.0,0.0
9300000000,9,300000000,Archimede_odom,Archimede_base_link,-38.06642154978677,43.05522210011831,337.47090513545777,-0.01280720272780434,-0.02202826188364492,-0.45727423820384133,0.8889606303497197,0.0,0.0,0.0,0.0,0.0,0.0,0.0,0.0,0.0,0.0,0.0,0.0,0.0,0.0,0.0,0.0,0.0,0.0,0.0,0.0,0.0,0.0,0.0,0.0,0.0,0.0,0.0,0.0,0.0,0.0,0.0,0.0,0.0,0.0,0.0,0.0,0.10464528765215271,-0.033444457183846525,-0.0007339271562527358,0.0023894449455585712,-0.0006165879212576662,-0.009200777929913188,0.0,0.0,0.0,0.0,0.0,0.0,0.0,0.0,0.0,0.0,0.0,0.0,0.0,0.0,0.0,0.0,0.0,0.0,0.0,0.0,0.0,0.0,0.0,0.0,0.0,0.0,0.0,0.0,0.0,0.0,0.0,0.0,0.0,0.0,0.0,0.0
9400000000,9,400000000,Archimede_odom,Archimede_base_link,-38.06305812261099,43.04475096788489,337.4713737679873,-0.01270468321469757,-0.022116161241948335,-0.4576939826637299,0.8887438802432046,0.0,0.0,0.0,0.0,0.0,0.0,0.0,0.0,0.0,0.0,0.0,0.0,0.0,0.0,0.0,0.0,0.0,0.0,0.0,0.0,0.0,0.0,0.0,0.0,0.0,0.0,0.0,0.0,0.0,0.0,0.0,0.0,0.0,0.0,0.0,0.0,0.10480019528510065,-0.033556805555258265,-0.0007396639319195638,0.0023896745024453644,-0.0006027919486106617,-0.009611791080069857,0.0,0.0,0.0,0.0,0.0,0.0,0.0,0.0,0.0,0.0,0.0,0.0,0.0,0.0,0.0,0.0,0.0,0.0,0.0,0.0,0.0,0.0,0.0,0.0,0.0,0.0,0.0,0.0,0.0,0.0,0.0,0.0,0.0,0.0,0.0,0.0
9500000000,9,500000000,Archimede_odom,Archimede_base_link,-38.05973675708991,43.034291383556216,337.4718397057186,-0.012600885583682856,-0.02220318953057409,-0.458115917772372,0.8885257688670338,0.0,0.0,0.0,0.0,0.0,0.0,0.0,0.0,0.0,0.0,0.0,0.0,0.0,0.0,0.0,0.0,0.0,0.0,0.0,0.0,0.0,0.0,0.0,0.0,0.0,0.0,0.0,0.0,0.0,0.0,0.0,0.0,0.0,0.0,0.0,0.0,0.10439283953790238,-0.03373502566876098,-0.0007482129954877279,0.002407040062769444,-0.0005741525717730583,-0.009531561532320106,0.0,0.0,0.0,0.0,0.0,0.0,0.0,0.0,0.0,0.0,0.0,0.0,0.0,0.0,0.0,0.0,0.0,0.0,0.0,0.0,0.0,0.0,0.0,0.0,0.0,0.0,0.0,0.0,0.0,0.0,0.0,0.0,0.0,0.0,0.0,0.0
9600000000,9,600000000,Archimede_odom,Archimede_base_link,-38.0564360327453,43.02382687040946,337.47230459110995,-0.01249625878376843,-0.02228981162636865,-0.45854211225331093,0.8883052060549583,0.0,0.0,0.0,0.0,0.0,0.0,0.0,0.0,0.0,0.0,0.0,0.0,0.0,0.0,0.0,0.0,0.0,0.0,0.0,0.0,0.0,0.0,0.0,0.0,0.0,0.0,0.0,0.0,0.0,0.0,0.0,0.0,0.0,0.0,0.0,0.0,0.10465769614596007,-0.03376270173464946,-0.0007499316299742943,0.0024072131686313112,-0.0005709489785717546,-0.009810061191552314,0.0,0.0,0.0,0.0,0.0,0.0,0.0,0.0,0.0,0.0,0.0,0.0,0.0,0.0,0.0,0.0,0.0,0.0,0.0,0.0,0.0,0.0,0.0,0.0,0.0,0.0,0.0,0.0,0.0,0.0,0.0,0.0,0.0,0.0,0.0,0.0
9700000000,9,700000000,Archimede_odom,Archimede_base_link,-38.053132587657515,43.013336404732435,337.47277027294587,-0.012391235775295646,-0.022376456851600113,-0.4589808155668309,0.8880779033375036,0.0,0.0,0.0,0.0,0.0,0.0,0.0,0.0,0.0,0.0,0.0,0.0,0.0,0.0,0.0,0.0,0.0,0.0,0.0,0.0,0.0,0.0,0.0,0.0,0.0,0.0,0.0,0.0,0.0,0.0,0.0,0.0,0.0,0.0,0.0,0.0,0.10483365792767722,-0.03380364310513324,-0.0007523428010160389,0.0024094594625990603,-0.0005646545249226941,-0.010042611866686079,0.0,0.0,0.0,0.0,0.0,0.0,0.0,0.0,0.0,0.0,0.0,0.0,0.0,0.0,0.0,0.0,0.0,0.0,0.0,0.0,0.0,0.0,0.0,0.0,0.0,0.0,0.0,0.0,0.0,0.0,0.0,0.0,0.0,0.0,0.0,0.0
9800000000,9,800000000,Archimede_odom,Archimede_base_link,-38.04981916607281,43.002812661433396,337.4732373431696,-0.012285935914742611,-0.02246324987052111,-0.4594355682407326,0.8878419999184926,0.0,0.0,0.0,0.0,0.0,0.0,0.0,0.0,0.0,0.0,0.0,0.0,0.0,0.0,0.0,0.0,0.0,0.0,0.0,0.0,0.0,0.0,0.0,0.0,0.0,0.0,0.0,0.0,0.0,0.0,0.0,0.0,0.0,0.0,0.0,0.0,0.10505245959065404,-0.0338379202186702,-0.0007546114576313895,0.002410067193206432,-0.0005592114329349968,-0.010329707513262128,0.0,0.0,0.0,0.0,0.0,0.0,0.0,0.0,0.0,0.0,0.0,0.0,0.0,0.0,0.0,0.0,0.0,0.0,0.0,0.0,0.0,0.0,0.0,0.0,0.0,0.0,0.0,0.0,0.0,0.0,0.0,0.0,0.0,0.0,0.0,0.0
9900000000,9,900000000,Archimede_odom,Archimede_base_link,-38.04654796298888,42.99230547810794,337.4737016084065,-0.012179535153130942,-0.022549280838045447,-0.4598850935047443,0.8876085227335716,0.0,0.0,0.0,0.0,0.0,0.0,0.0,0.0,0.0,0.0,0.0,0.0,0.0,0.0,0.0,0.0,0.0,0.0,0.0,0.0,0.0,0.0,0.0,0.0,0.0,0.0,0.0,0.0,0.0,0.0,0.0,0.0,0.0,0.0,0.0,0.0,0.1046122518596668,-0.033994697059372664,-0.0007615556659012147,0.0024327924443881066,-0.0005313589441726071,-0.010099851031328256,0.0,0.0,0.0,0.0,0.0,0.0,0.0,0.0,0.0,0.0,0.0,0.0,0.0,0.0,0.0,0.0,0.0,0.0,0.0,0.0,0.0,0.0,0.0,0.0,0.0,0.0,0.0,0.0,0.0,0.0,0.0,0.0,0.0,0.0,0.0,0.0
10000000000,10,0,Archimede_odom,Archimede_base_link,-38.043314757661534,42.981811541734864,337.474163404903,-0.012071881031720624,-0.022634667782594212,-0.4603265015649659,0.8873789796133821,0.0,0.0,0.0,0.0,0.0,0.0,0.0,0.0,0.0,0.0,0.0,0.0,0.0,0.0,0.0,0.0,0.0,0.0,0.0,0.0,0.0,0.0,0.0,0.0,0.0,0.0,0.0,0.0,0.0,0.0,0.0,0.0,0.0,0.0,0.0,0.0,0.10448820470265356,-0.03409067299953493,-0.000765355715458102,0.002446276735878775,-0.000516998480292269,-0.01000414263241252,0.0,0.0,0.0,0.0,0.0,0.0,0.0,0.0,0.0,0.0,0.0,0.0,0.0,0.0,0.0,0.0,0.0,0.0,0.0,0.0,0.0,0.0,0.0,0.0,0.0,0.0,0.0,0.0,0.0,0.0,0.0,0.0,0.0,0.0,0.0,0.0
10100000000,10,100000000,Archimede_odom,Archimede_base_link,-38.03996837907565,42.97142485485419,337.4746287208718,-0.011824964541808518,-0.02271628023099057,-0.46030630583524706,0.8873906950348083,0.0,0.0,0.0,0.0,0.0,0.0,0.0,0.0,0.0,0.0,0.0,0.0,0.0,0.0,0.0,0.0,0.0,0.0,0.0,0.0,0.0,0.0,0.0,0.0,0.0,0.0,0.0,0.0,0.0,0.0,0.0,0.0,0.0,0.0,0.0,0.0,0.10183264674638388,-0.03079357193337349,-0.0005865820384967161,0.0026031056452907905,-0.0012896304416399119,0.017523507500908298,0.0,0.0,0.0,0.0,0.0,0.0,0.0,0.0,0.0,0.0,0.0,0.0,0.0,0.0,0.0,0.0,0.0,0.0,0.0,0.0,0.0,0.0,0.0,0.0,0.0,0.0,0.0,0.0,0.0,0.0,0.0,0.0,0.0,0.0,0.0,0.0
10200000000,10,200000000,Archimede_odom,Archimede_base_link,-38.03670414426423,42.96153130583932,337.4750833185003,-0.011875583845591403,-0.022840039804801263,-0.45859615392428554,0.8882718450428869,0.0,0.0,0.0,0.0,0.0,0.0,0.0,0.0,0.0,0.0,0.0,0.0,0.0,0.0,0.0,0.0,0.0,0.0,0.0,0.0,0.0,0.0,0.0,0.0,0.0,0.0,0.0,0.0,0.0,0.0,0.0,0.0,0.0,0.0,0.0,0.0,0.09874597682954311,-0.03076047175207262,-0.0005602137131549496,0.004142729563293901,-0.001263929967045945,0.053807423412132925,0.0,0.0,0.0,0.0,0.0,0.0,0.0,0.0,0.0,0.0,0.0,0.0,0.0,0.0,0.0,0.0,0.0,0.0,0.0,0.0,0.0,0.0,0.0,0.0,0.0,0.0,0.0,0.0,0.0,0.0,0.0,0.0,0.0,0.0,0.0,0.0
10300000000,10,300000000,Archimede_odom,Archimede_base_link,-38.033563064189096,42.95180091267615,337.4755315695613,-0.01177995287605163,-0.02296519511583518,-0.45551301567056546,0.8898548898996043,0.0,0.0,0.0,0.0,0.0,0.0,0.0,0.0,0.0,0.0,0.0,0.0,0.0,0.0,0.0,0.0,0.0,0.0,0.0,0.0,0.0,0.0,0.0,0.0,0.0,0.0,0.0,0.0,0.0,0.0,0.0,0.0,0.0,0.0,0.0,0.0,0.09681051823170418,-0.031404243778745955,-0.0005371773075458969,0.004997607897846189,-0.0014182984189120755,0.08062532038917507,0.0,0.0,0.0,0.0,0.0,0.0,0.0,0.0,0.0,0.0,0.0,0.0,0.0,0.0,0.0,0.0,0.0,0.0,0.0,0.0,0.0,0.0,0.0,0.0,0.0,0.0,0.0,0.0,0.0,0.0,0.0,0.0,0.0,0.0,0.0,0.0
10400000000,10,400000000,Archimede_odom,Archimede_base_link,-38.030468839428664,42.942122003983506,337.4759780220608,-0.011680307127861578,-0.023098800339727686,-0.45140544308148467,0.891943463345448,0.0,0.0,0.0,0.0,0.0,0.0,0.0,0.0,0.0,0.0,0.0,0.0,0.0,0.0,0.0,0.0,0.0,0.0,0.0,0.0,0.0,0.0,0.0,0.0,0.0,0.0,0.0,0.0,0.0,0.0,0.0,0.0,0.0,0.0,0.0,0.0,0.09645573222640089,-0.032331966231061916,-0.0005175537009339354,0.005643706714110535,-0.0015209442437310945,0.10055304407491246,0.0,0.0,0.0,0.0,0.0,0.0,0.0,0.0,0.0,0.0,0.0,0.0,0.0,0.0,0.0,0.0,0.0,0.0,0.0,0.0,0.0,0.0,0.0,0.0,0.0,0.0,0.0,0.0,0.0,0.0,0.0,0.0,0.0,0.0,0.0,0.0
10500000000,10,500000000,Archimede_odom,Archimede_base_link,-38.027344083779106,42.93242833228583,337.4764279709749,-0.011577707779162432,-0.023237927558745198,-0.44652442184176533,0.8943947093449469,0.0,0.0,0.0,0.0,0.0,0.0,0.0,0.0,0.0,0.0,0.0,0.0,0.0,0.0,0.0,0.0,0.0,0.0,0.0,0.0,0.0,0.0,0.0,0.0,0.0,0.0,0.0,0.0,0.0,0.0,0.0,0.0,0.0,0.0,0.0,0.0,0.09663315583920913,-0.0330389138385462,-0.0004916308693148578,0.006110998916692594,-0.0015934993680861652,0.11550057036089864,0.0,0.0,0.0,0.0,0.0,0.0,0.0,0.0,0.0,0.0,0.0,0.0,0.0,0.0,0.0,0.0,0.0,0.0,0.0,0.0,0.0,0.0,0.0,0.0,0.0,0.0,0.0,0.0,0.0,0.0,0.0,0.0,0.0,0.0,0.0,0.0
10600000000,10,600000000,Archimede_odom,Archimede_base_link,-38.024122187685364,42.92270799233408,337.4768846176919,-0.011498861297766123,-0.023382582228480366,-0.4410580295082447,0.8971002428065035,0.0,0.0,0.0,0.0,0.0,0.0,0.0,0.0,0.0,0.0,0.0,0.0,0.0,0.0,0.0,0.0,0.0,0.0,0.0,0.0,0.0,0.0,0.0,0.0,0.0,0.0,0.0,0.0,0.0,0.0,0.0,0.0,0.0,0.0,0.0,0.0,0.09703385882962819,-0.03339242993840251,-0.00046213352728390414,0.0059668749084263485,-0.001938716553601523,0.12669500108223572,0.0,0.0,0.0,0.0,0.0,0.0,0.0,0.0,0.0,0.0,0.0,0.0,0.0,0.0,0.0,0.0,0.0,0.0,0.0,0.0,0.0,0.0,0.0,0.0,0.0,0.0,0.0,0.0,0.0,0.0,0.0,0.0,0.0,0.0,0.0,0.0
10700000000,10,700000000,Archimede_odom,Archimede_base_link,-38.02076351736695,42.912930743297366,337.47732929717296,-0.011383093908458774,-0.023545528478344964,-0.43513254119057315,0.8999865025981116,0.0,0.0,0.0,0.0,0.0,0.0,0.0,0.0,0.0,0.0,0.0,0.0,0.0,0.0,0.0,0.0,0.0,0.0,0.0,0.0,0.0,0.0,0.0,0.0,0.0,0.0,0.0,0.0,0.0,0.0,0.0,0.0,0.0,0.0,0.0,0.0,0.09903832952054122,-0.0342483887449519,-0.0006747215056140733,0.006531431903893613,-0.0025870194800823214,0.1355287347001673,0.0,0.0,0.0,0.0,0.0,0.0,0.0,0.0,0.0,0.0,0.0,0.0,0.0,0.0,0.0,0.0,0.0,0.0,0.0,0.0,0.0,0.0,0.0,0.0,0.0,0.0,0.0,0.0,0.0,0.0,0.0,0.0,0.0,0.0,0.0,0.0
10800000000,10,800000000,Archimede_odom,Archimede_base_link,-38.017206956725566,42.90290364044775,337.4777437294775,-0.011183740353304815,-0.023767357986131717,-0.4287912381742994,0.9030216557264948,0.0,0.0,0.0,0.0,0.0,0.0,0.0,0.0,0.0,0.0,0.0,0.0,0.0,0.0,0.0,0.0,0.0,0.0,0.0,0.0,0.0,0.0,0.0,0.0,0.0,0.0,0.0,0.0,0.0,0.0,0.0,0.0,0.0,0.0,0.0,0.0,0.10263191796736897,-0.03609540585668246,-0.0015516446684309328,0.008871982254988165,-0.0037319953299467063,0.14483425483278037,0.0,0.0,0.0,0.0,0.0,0.0,0.0,0.0,0.0,0.0,0.0,0.0,0.0,0.0,0.0,0.0,0.0,0.0,0.0,0.0,0.0,0.0,0.0,0.0,0.0,0.0,0.0,0.0,0.0,0.0,0.0,0.0,0.0,0.0,0.0,0.0
10900000000,10,900000000,Archimede_odom,Archimede_base_link,-38.01353611298308,42.89255940129383,337.4781239098292,-0.011065909162124464,-0.02404794151884356,-0.42195130903028466,0.906231943252251,0.0,0.0,0.0,0.0,0.0,0.0,0.0,0.0,0.0,0.0,0.0,0.0,0.0,0.0,0.0,0.0,0.0,0.0,0.0,0.0,0.0,0.0,0.0,0.0,0.0,0.0,0.0,0.0,0.0,0.0,0.0,0.0,0.0,0.0,0.0,0.0,0.10362399473843631,-0.03873471586643733,-0.0018222621310166724,0.00969217304919651,-0.003023588285374463,0.15546636682639414,0.0,0.0,0.0,0.0,0.0,0.0,0.0,0.0,0.0,0.0,0.0,0.0,0.0,0.0,0.0,0.0,0.0,0.0,0.0,0.0,0.0,0.0,0.0,0.0,0.0,0.0,0.0,0.0,0.0,0.0,0.0,0.0,0.0,0.0,0.0,0.0
11000000000,11,0,Archimede_odom,Archimede_base_link,-38.00971809533574,42.88201081711449,337.47850742288284,-0.010945084601954624,-0.024324995251282636,-0.4147269923607102,0.9095548480089151,0.0,0.0,0.0,0.0,0.0,0.0,0.0,0.0,0.0,0.0,0.0,0.0,0.0,0.0,0.0,0.0,0.0,0.0,0.0,0.0,0.0,0.0,0.0,0.0,0.0,0.0,0.0,0.0,0.0,0.0,0.0,0.0,0.0,0.0,0.0,0.0,0.10530150022813785,-0.04033145516567396,-0.0017789780908545438,0.008978342768075947,-0.003857288199855911,0.1618940785683005,0.0,0.0,0.0,0.0,0.0,0.0,0.0,0.0,0.0,0.0,0.0,0.0,0.0,0.0,0.0,0.0,0.0,0.0,0.0,0.0,0.0,0.0,0.0,0.0,0.0,0.0,0.0,0.0,0.0,0.0,0.0,0.0,0.0,0.0,0.0,0.0
11100000000,11,100000000,Archimede_odom,Archimede_base_link,-38.00580586784651,42.87141891179584,337.4788920890766,-0.010811973618435673,-0.02459657405430879,-0.40719172178806046,0.9129474308406481,0.0,0.0,0.0,0.0,0.0,0.0,0.0,0.0,0.0,0.0,0.0,0.0,0.0,0.0,0.0,0.0,0.0,0.0,0.0,0.0,0.0,0.0,0.0,0.0,0.0,0.0,0.0,0.0,0.0,0.0,0.0,0.0,0.0,0.0,0.0,0.0,0.10533593876955838,-0.041014759118401724,-0.001779835832260991,0.009151719041366992,-0.003818756531298308,0.16748732776615666,0.0,0.0,0.0,0.0,0.0,0.0,0.0,0.0,0.0,0.0,0.0,0.0,0.0,0.0,0.0,0.0,0.0,0.0,0.0,0.0,0.0,0.0,0.0,0.0,0.0,0.0,0.0,0.0,0.0,0.0,0.0,0.0,0.0,0.0,0.0,0.0
11200000000,11,200000000,Archimede_odom,Archimede_base_link,-38.00174271256264,42.86089200181452,337.47928157069697,-0.010677810076736934,-0.02486452738363755,-0.399404908340538,0.9163751736289236,0.0,0.0,0.0,0.0,0.0,0.0,0.0,0.0,0.0,0.0,0.0,0.0,0.0,0.0,0.0,0.0,0.0,0.0,0.0,0.0,0.0,0.0,0.0,0.0,0.0,0.0,0.0,0.0,0.0,0.0,0.0,0.0,0.0,0.0,0.0,0.0,0.10501924849416336,-0.04091839326844983,-0.0017521623034842415,0.009236138480606606,-0.0037788923997256973,0.1718396786366903,0.0,0.0,0.0,0.0,0.0,0.0,0.0,0.0,0.0,0.0,0.0,0.0,0.0,0.0,0.0,0.0,0.0,0.0,0.0,0.0,0.0,0.0,0.0,0.0,0.0,0.0,0.0,0.0,0.0,0.0,0.0,0.0,0.0,0.0,0.0,0.0
11300000000,11,300000000,Archimede_odom,Archimede_base_link,-37.997470996538816,42.850471443830585,337.4796760834931,-0.010522655905154768,-0.025121894391731212,-0.39142526976954195,0.9198067309607566,0.0,0.0,0.0,0.0,0.0,0.0,0.0,0.0,0.0,0.0,0.0,0.0,0.0,0.0,0.0,0.0,0.0,0.0,0.0,0.0,0.0,0.0,0.0,0.0,0.0,0.0,0.0,0.0,0.0,0.0,0.0,0.0,0.0,0.0,0.0,0.0,0.10590335298221283,-0.03985103570367774,-0.0016609557663909915,0.010007050453149927,-0.0033823720335587303,0.1742315208582129,0.0,0.0,0.0,0.0,0.0,0.0,0.0,0.0,0.0,0.0,0.0,0.0,0.0,0.0,0.0,0.0,0.0,0.0,0.0,0.0,0.0,0.0,0.0,0.0,0.0,0.0,0.0,0.0,0.0,0.0,0.0,0.0,0.0,0.0,0.0,0.0
11400000000,11,400000000,Archimede_odom,Archimede_base_link,-37.99292090123016,42.840181516455,337.4800862412305,-0.01041544748693759,-0.02538661248592561,-0.3833159319390467,0.9232095832918095,0.0,0.0,0.0,0.0,0.0,0.0,0.0,0.0,0.0,0.0,0.0,0.0,0.0,0.0,0.0,0.0,0.0,0.0,0.0,0.0,0.0,0.0,0.0,0.0,0.0,0.0,0.0,0.0,0.0,0.0,0.0,0.0,0.0,0.0,0.0,0.0,0.10506509944218675,-0.039289970585536765,-0.0016429690984572126,0.009208483350532277,-0.0037529410849052093,0.17684118316810155,0.0,0.0,0.0,0.0,0.0,0.0,0.0,0.0,0.0,0.0,0.0,0.0,0.0,0.0,0.0,0.0,0.0,0.0,0.0,0.0,0.0,0.0,0.0,0.0,0.0,0.0,0.0,0.0,0.0,0.0,0.0,0.0,0.0,0.0,0.0,0.0
11500000000,11,500000000,Archimede_odom,Archimede_base_link,-37.98790418426097,42.83006713720024,337.48050511297043,-0.01027041253226464,-0.025655716257687918,-0.37514110305925424,0.9265556948425756,0.0,0.0,0.0,0.0,0.0,0.0,0.0,0.0,0.0,0.0,0.0,0.0,0.0,0.0,0.0,0.0,0.0,0.0,0.0,0.0,0.0,0.0,0.0,0.0,0.0,0.0,0.0,0.0,0.0,0.0,0.0,0.0,0.0,0.0,0.0,0.0,0.10845597409652882,-0.03471717360644573,-0.001731928940945158,0.009950597870188798,-0.0039668039724088736,0.17620620332806797,0.0,0.0,0.0,0.0,0.0,0.0,0.0,0.0,0.0,0.0,0.0,0.0,0.0,0.0,0.0,0.0,0.0,0.0,0.0,0.0,0.0,0.0,0.0,0.0,0.0,0.0,0.0,0.0,0.0,0.0,0.0,0.0,0.0,0.0,0.0,0.0
11600000000,11,600000000,Archimede_odom,Archimede_base_link,-37.98233171549983,42.820125399745116,337.4809376343493,-0.010109681617138313,-0.025935208270280917,-0.3669128556673385,0.9298387578798897,0.0,0.0,0.0,0.0,0.0,0.0,0.0,0.0,0.0,0.0,0.0,0.0,0.0,0.0,0.0,0.0,0.0,0.0,0.0,0.0,0.0,0.0,0.0,0.0,0.0,0.0,0.0,0.0,0.0,0.0,0.0,0.0,0.0,0.0,0.0,0.0,0.10927069159016915,-0.032833696271348675,-0.0016985917553413224,0.009987166063551605,-0.003979339352065246,0.1775696455771561,0.0,0.0,0.0,0.0,0.0,0.0,0.0,0.0,0.0,0.0,0.0,0.0,0.0,0.0,0.0,0.0,0.0,0.0,0.0,0.0,0.0,0.0,0.0,0.0,0.0,0.0,0.0,0.0,0.0,0.0,0.0,0.0,0.0,0.0,0.0,0.0
11700000000,11,700000000,Archimede_odom,Archimede_base_link,-37.976440491668534,42.81036717502364,337.48138008067366,-0.009948132799386196,-0.026211933547873253,-0.3585983410510964,0.9330708434995112,0.0,0.0,0.0,0.0,0.0,0.0,0.0,0.0,0.0,0.0,0.0,0.0,0.0,0.0,0.0,0.0,0.0,0.0,0.0,0.0,0.0,0.0,0.0,0.0,0.0,0.0,0.0,0.0,0.0,0.0,0.0,0.0,0.0,0.0,0.0,0.0,0.10953574464014597,-0.031447145693022135,-0.0016742854624194638,0.010011160780963953,-0.003947799803483738,0.17871193118185733,0.0,0.0,0.0,0.0,0.0,0.0,0.0,0.0,0.0,0.0,0.0,0.0,0.0,0.0,0.0,0.0,0.0,0.0,0.0,0.0,0.0,0.0,0.0,0.0,0.0,0.0,0.0,0.0,0.0,0.0,0.0,0.0,0.0,0.0,0.0,0.0
11800000000,11,800000000,Archimede_odom,Archimede_base_link,-37.97028577459607,42.80080352601623,337.481829571587,-0.009785461731449438,-0.02648424326873619,-0.35020618412034066,0.9362470070451787,0.0,0.0,0.0,0.0,0.0,0.0,0.0,0.0,0.0,0.0,0.0,0.0,0.0,0.0,0.0,0.0,0.0,0.0,0.0,0.0,0.0,0.0,0.0,0.0,0.0,0.0,0.0,0.0,0.0,0.0,0.0,0.0,0.0,0.0,0.0,0.0,0.10953326641415914,-0.03028317222120704,-0.0016553686265012967,0.010026507237133057,-0.003893063488860051,0.1796824491860624,0.0,0.0,0.0,0.0,0.0,0.0,0.0,0.0,0.0,0.0,0.0,0.0,0.0,0.0,0.0,0.0,0.0,0.0,0.0,0.0,0.0,0.0,0.0,0.0,0.0,0.0,0.0,0.0,0.0,0.0,0.0,0.0,0.0,0.0,0.0,0.0
11900000000,11,900000000,Archimede_odom,Archimede_base_link,-37.96380938770359,42.79142090334691,337.4822883357582,-0.00962226601916044,-0.026751969430196962,-0.34177541758876945,0.9393515359333185,0.0,0.0,0.0,0.0,0.0,0.0,0.0,0.0,0.0,0.0,0.0,0.0,0.0,0.0,0.0,0.0,0.0,0.0,0.0,0.0,0.0,0.0,0.0,0.0,0.0,0.0,0.0,0.0,0.0,0.0,0.0,0.0,0.0,0.0,0.0,0.0,0.10992099665510166,-0.028889368810339038,-0.001623028440926428,0.01002678994792296,-0.0038875731210736347,0.17993491483850285,0.0,0.0,0.0,0.0,0.0,0.0,0.0,0.0,0.0,0.0,0.0,0.0,0.0,0.0,0.0,0.0,0.0,0.0,0.0,0.0,0.0,0.0,0.0,0.0,0.0,0.0,0.0,0.0,0.0,0.0,0.0,0.0,0.0,0.0,0.0,0.0
12000000000,12,0,Archimede_odom,Archimede_base_link,-37.95716818314219,42.78227313589004,337.48275037938816,-0.009457697056384684,-0.02701474806481977,-0.3332677349131789,0.9423976720149637,0.0,0.0,0.0,0.0,0.0,0.0,0.0,0.0,0.0,0.0,0.0,0.0,0.0,0.0,0.0,0.0,0.0,0.0,0.0,0.0,0.0,0.0,0.0,0.0,0.0,0.0,0.0,0.0,0.0,0.0,0.0,0.0,0.0,0.0,0.0,0.0,0.10920727197574982,-0.02800281086293343,-0.0016197312710595328,0.010026494013406991,-0.0037680969506489565,0.18096730872133399,0.0,0.0,0.0,0.0,0.0,0.0,0.0,0.0,0.0,0.0,0.0,0.0,0.0,0.0,0.0,0.0,0.0,0.0,0.0,0.0,0.0,0.0,0.0,0.0,0.0,0.0,0.0,0.0,0.0,0.0,0.0,0.0,0.0,0.0,0.0,0.0
12100000000,12,100000000,Archimede_odom,Archimede_base_link,-37.950353189667865,42.77335951040683,337.48321368830165,-0.009291862103336651,-0.027269709612206677,-0.32468767118821906,0.9453824307732239,0.0,0.0,0.0,0.0,0.0,0.0,0.0,0.0,0.0,0.0,0.0,0.0,0.0,0.0,0.0,0.0,0.0,0.0,0.0,0.0,0.0,0.0,0.0,0.0,0.0,0.0,0.0,0.0,0.0,0.0,0.0,0.0,0.0,0.0,0.0,0.0,0.10862772641142851,-0.027034061635286634,-0.001612516186324946,0.0100247325613996,-0.0036648460804561563,0.1818733241331113,0.0,0.0,0.0,0.0,0.0,0.0,0.0,0.0,0.0,0.0,0.0,0.0,0.0,0.0,0.0,0.0,0.0,0.0,0.0,0.0,0.0,0.0,0.0,0.0,0.0,0.0,0.0,0.0,0.0,0.0,0.0,0.0,0.0,0.0,0.0,0.0
12200000000,12,200000000,Archimede_odom,Archimede_base_link,-37.943355204566416,42.764680405259995,337.4836790478908,-0.0091249484497076,-0.02751735420988035,-0.31604137040307934,0.948302368829068,0.0,0.0,0.0,0.0,0.0,0.0,0.0,0.0,0.0,0.0,0.0,0.0,0.0,0.0,0.0,0.0,0.0,0.0,0.0,0.0,0.0,0.0,0.0,0.0,0.0,0.0,0.0,0.0,0.0,0.0,0.0,0.0,0.0,0.0,0.0,0.0,0.10817922793340773,-0.026016630877269097,-0.0016055864230077274,0.01002023176643108,-0.003569463817831413,0.18266342724342216,0.0,0.0,0.0,0.0,0.0,0.0,0.0,0.0,0.0,0.0,0.0,0.0,0.0,0.0,0.0,0.0,0.0,0.0,0.0,0.0,0.0,0.0,0.0,0.0,0.0,0.0,0.0,0.0,0.0,0.0,0.0,0.0,0.0,0.0,0.0,0.0
12300000000,12,300000000,Archimede_odom,Archimede_base_link,-37.93617246221741,42.7562395231249,337.48414659871605,-0.008957120000139946,-0.027757766086999095,-0.3073329352670853,0.9511549523202201,0.0,0.0,0.0,0.0,0.0,0.0,0.0,0.0,0.0,0.0,0.0,0.0,0.0,0.0,0.0,0.0,0.0,0.0,0.0,0.0,0.0,0.0,0.0,0.0,0.0,0.0,0.0,0.0,0.0,0.0,0.0,0.0,0.0,0.0,0.0,0.0,0.1078090709832958,-0.02496766748906052,-0.00160032932524319,0.010012470169054192,-0.00347678288590358,0.18337388724818862,0.0,0.0,0.0,0.0,0.0,0.0,0.0,0.0,0.0,0.0,0.0,0.0,0.0,0.0,0.0,0.0,0.0,0.0,0.0,0.0,0.0,0.0,0.0,0.0,0.0,0.0,0.0,0.0,0.0,0.0,0.0,0.0,0.0,0.0,0.0,0.0
12400000000,12,400000000,Archimede_odom,Archimede_base_link,-37.92883612844786,42.74804171527059,337.48462153204315,-0.008791013033529003,-0.02799904616008874,-0.2985668654925665,0.9539374184577902,0.0,0.0,0.0,0.0,0.0,0.0,0.0,0.0,0.0,0.0,0.0,0.0,0.0,0.0,0.0,0.0,0.0,0.0,0.0,0.0,0.0,0.0,0.0,0.0,0.0,0.0,0.0,0.0,0.0,0.0,0.0,0.0,0.0,0.0,0.0,0.0,0.1069549433497059,-0.024217078281372102,-0.0015238526260664474,0.010004392181055111,-0.0035596707122877783,0.18399203119361818,0.0,0.0,0.0,0.0,0.0,0.0,0.0,0.0,0.0,0.0,0.0,0.0,0.0,0.0,0.0,0.0,0.0,0.0,0.0,0.0,0.0,0.0,0.0,0.0,0.0,0.0,0.0,0.0,0.0,0.0,0.0,0.0,0.0,0.0,0.0,0.0
12500000000,12,500000000,Archimede_odom,Archimede_base_link,-37.921276178876234,42.74006193010071,337.4851007763821,-0.008624505674469658,-0.028233727060391987,-0.2897794275062919,0.9566380496051137,0.0,0.0,0.0,0.0,0.0,0.0,0.0,0.0,0.0,0.0,0.0,0.0,0.0,0.0,0.0,0.0,0.0,0.0,0.0,0.0,0.0,0.0,0.0,0.0,0.0,0.0,0.0,0.0,0.0,0.0,0.0,0.0,0.0,0.0,0.0,0.0,0.10735701143736638,-0.02303082697279644,-0.0015092966673676768,0.009981759051320333,-0.0035436017028409525,0.1837579269716018,0.0,0.0,0.0,0.0,0.0,0.0,0.0,0.0,0.0,0.0,0.0,0.0,0.0,0.0,0.0,0.0,0.0,0.0,0.0,0.0,0.0,0.0,0.0,0.0,0.0,0.0,0.0,0.0,0.0,0.0,0.0,0.0,0.0,0.0,0.0,0.0
12600000000,12,600000000,Archimede_odom,Archimede_base_link,-37.9135629448114,42.73247789733333,337.48564413753184,-0.008599202678355006,-0.02842250978688617,-0.28100316223222,0.9592473286208326,0.0,0.0,0.0,0.0,0.0,0.0,0.0,0.0,0.0,0.0,0.0,0.0,0.0,0.0,0.0,0.0,0.0,0.0,0.0,0.0,0.0,0.0,0.0,0.0,0.0,0.0,0.0,0.0,0.0,0.0,0.0,0.0,0.0,0.0,0.0,0.0,0.10488465093739383,-0.019181814762602414,-0.0005656796267569601,0.005638917456933162,-0.0034649796950212116,0.18131168258476751,0.0,0.0,0.0,0.0,0.0,0.0,0.0,0.0,0.0,0.0,0.0,0.0,0.0,0.0,0.0,0.0,0.0,0.0,0.0,0.0,0.0,0.0,0.0,0.0,0.0,0.0,0.0,0.0,0.0,0.0,0.0,0.0,0.0,0.0,0.0,0.0
12700000000,12,700000000,Archimede_odom,Archimede_base_link,-37.90572244483511,42.725510048129216,337.4862075876072,-0.00863529632560561,-0.028591111579597404,-0.272383443784607,0.9617251372133567,0.0,0.0,0.0,0.0,0.0,0.0,0.0,0.0,0.0,0.0,0.0,0.0,0.0,0.0,0.0,0.0,0.0,0.0,0.0,0.0,0.0,0.0,0.0,0.0,0.0,0.0,0.0,0.0,0.0,0.0,0.0,0.0,0.0,0.0,0.0,0.0,0.10268603886883385,-0.016044481476906597,-0.0003649007686615164,0.005585597234415315,-0.003985947107104483,0.17772159787291764,0.0,0.0,0.0,0.0,0.0,0.0,0.0,0.0,0.0,0.0,0.0,0.0,0.0,0.0,0.0,0.0,0.0,0.0,0.0,0.0,0.0,0.0,0.0,0.0,0.0,0.0,0.0,0.0,0.0,0.0,0.0,0.0,0.0,0.0,0.0,0.0
12800000000,12,800000000,Archimede_odom,Archimede_base_link,-37.898009125552846,42.718771074980545,337.48680414584067,-0.008683426164266381,-0.028814484521128857,-0.26400924109671814,0.9640505402764765,0.0,0.0,0.0,0.0,0.0,0.0,0.0,0.0,0.0,0.0,0.0,0.0,0.0,0.0,0.0,0.0,0.0,0.0,0.0,0.0,0.0,0.0,0.0,0.0,0.0,0.0,0.0,0.0,0.0,0.0,0.0,0.0,0.0,0.0,0.0,0.0,0.09993910661824992,-0.018831576871450255,-0.00015266553438814085,0.0054460859494277385,-0.004546252507206167,0.1707816222592656,0.0,0.0,0.0,0.0,0.0,0.0,0.0,0.0,0.0,0.0,0.0,0.0,0.0,0.0,0.0,0.0,0.0,0.0,0.0,0.0,0.0,0.0,0.0,0.0,0.0,0.0,0.0,0.0,0.0,0.0,0.0,0.0,0.0,0.0,0.0,0.0
12900000000,12,900000000,Archimede_odom,Archimede_base_link,-37.890444723433035,42.71216149935071,337.4873853359977,-0.00872329267010549,-0.02902646309522861,-0.25589134092554583,0.9662302987613766,0.0,0.0,0.0,0.0,0.0,0.0,0.0,0.0,0.0,0.0,0.0,0.0,0.0,0.0,0.0,0.0,0.0,0.0,0.0,0.0,0.0,0.0,0.0,0.0,0.0,0.0,0.0,0.0,0.0,0.0,0.0,0.0,0.0,0.0,0.0,0.0,0.09812467499989748,-0.01924854493949111,-0.00020512737443898716,0.0053777871844512826,-0.0044033490169178655,0.16594912449497196,0.0,0.0,0.0,0.0,0.0,0.0,0.0,0.0,0.0,0.0,0.0,0.0,0.0,0.0,0.0,0.0,0.0,0.0,0.0,0.0,0.0,0.0,0.0,0.0,0.0,0.0,0.0,0.0,0.0,0.0,0.0,0.0,0.0,0.0,0.0,0.0
13000000000,13,0,Archimede_odom,Archimede_base_link,-37.882892732965075,42.7057729452793,337.48795820834425,-0.008758447652604487,-0.02923316272237904,-0.24794718907281266,0.9682927776364205,0.0,0.0,0.0,0.0,0.0,0.0,0.0,0.0,0.0,0.0,0.0,0.0,0.0,0.0,0.0,0.0,0.0,0.0,0.0,0.0,0.0,0.0,0.0,0.0,0.0,0.0,0.0,0.0,0.0,0.0,0.0,0.0,0.0,0.0,0.0,0.0,0.09666397281543845,-0.018609366308904293,-0.0002364171646011694,0.005330608241851756,-0.0043416920243317374,0.1626789970253574,0.0,0.0,0.0,0.0,0.0,0.0,0.0,0.0,0.0,0.0,0.0,0.0,0.0,0.0,0.0,0.0,0.0,0.0,0.0,0.0,0.0,0.0,0.0,0.0,0.0,0.0,0.0,0.0,0.0,0.0,0.0,0.0,0.0,0.0,0.0,0.0
13100000000,13,100000000,Archimede_odom,Archimede_base_link,-37.875250308082265,42.69962644317082,337.4885266824203,-0.008790276978481962,-0.029436066118645556,-0.2401310137410352,0.9702542683656707,0.0,0.0,0.0,0.0,0.0,0.0,0.0,0.0,0.0,0.0,0.0,0.0,0.0,0.0,0.0,0.0,0.0,0.0,0.0,0.0,0.0,0.0,0.0,0.0,0.0,0.0,0.0,0.0,0.0,0.0,0.0,0.0,0.0,0.0,0.0,0.0,0.09680810095666799,-0.01736678023296815,-0.00023763732845498206,0.005288048617712288,-0.004463758697890955,0.15972755041030665,0.0,0.0,0.0,0.0,0.0,0.0,0.0,0.0,0.0,0.0,0.0,0.0,0.0,0.0,0.0,0.0,0.0,0.0,0.0,0.0,0.0,0.0,0.0,0.0,0.0,0.0,0.0,0.0,0.0,0.0,0.0,0.0,0.0,0.0,0.0,0.0
13200000000,13,200000000,Archimede_odom,Archimede_base_link,-37.867495668395684,42.693727841647856,337.48909769026653,-0.008820702843843906,-0.029643413839092345,-0.2324026788272196,0.9721277992585322,0.0,0.0,0.0,0.0,0.0,0.0,0.0,0.0,0.0,0.0,0.0,0.0,0.0,0.0,0.0,0.0,0.0,0.0,0.0,0.0,0.0,0.0,0.0,0.0,0.0,0.0,0.0,0.0,0.0,0.0,0.0,0.0,0.0,0.0,0.0,0.0,0.09579528222635167,-0.016311907104140683,-0.00027670242787712396,0.0052837898050910005,-0.004410690229479262,0.15835335315498206,0.0,0.0,0.0,0.0,0.0,0.0,0.0,0.0,0.0,0.0,0.0,0.0,0.0,0.0,0.0,0.0,0.0,0.0,0.0,0.0,0.0,0.0,0.0,0.0,0.0,0.0,0.0,0.0,0.0,0.0,0.0,0.0,0.0,0.0,0.0,0.0
13300000000,13,300000000,Archimede_odom,Archimede_base_link,-37.85967211546498,42.68808756145864,337.48966444986826,-0.008834815367500349,-0.029843680923576518,-0.22471291236391402,0.9739278247197181,0.0,0.0,0.0,0.0,0.0,0.0,0.0,0.0,0.0,0.0,0.0,0.0,0.0,0.0,0.0,0.0,0.0,0.0,0.0,0.0,0.0,0.0,0.0,0.0,0.0,0.0,0.0,0.0,0.0,0.0,0.0,0.0,0.0,0.0,0.0,0.0,0.09511377855719502,-0.015180598023305578,-0.0003047970986747391,0.005585312664569639,-0.0042196283711976095,0.15746033423637879,0.0,0.0,0.0,0.0,0.0,0.0,0.0,0.0,0.0,0.0,0.0,0.0,0.0,0.0,0.0,0.0,0.0,0.0,0.0,0.0,0.0,0.0,0.0,0.0,0.0,0.0,0.0,0.0,0.0,0.0,0.0,0.0,0.0,0.0,0.0,0.0
13400000000,13,400000000,Archimede_odom,Archimede_base_link,-37.85174720441534,42.682691482834116,337.49022968996405,-0.008844233911773662,-0.030042088641243265,-0.21704467653188578,0.9756591929694275,0.0,0.0,0.0,0.0,0.0,0.0,0.0,0.0,0.0,0.0,0.0,0.0,0.0,0.0,0.0,0.0,0.0,0.0,0.0,0.0,0.0,0.0,0.0,0.0,0.0,0.0,0.0,0.0,0.0,0.0,0.0,0.0,0.0,0.0,0.0,0.0,0.09478393783133329,-0.014025649926906655,-0.0003313009211459993,0.005597704804137216,-0.004236088624019802,0.15690249907269904,0.0,0.0,0.0,0.0,0.0,0.0,0.0,0.0,0.0,0.0,0.0,0.0,0.0,0.0,0.0,0.0,0.0,0.0,0.0,0.0,0.0,0.0,0.0,0.0,0.0,0.0,0.0,0.0,0.0,0.0,0.0,0.0,0.0,0.0,0.0,0.0
13500000000,13,500000000,Archimede_odom,Archimede_base_link,-37.84368237039303,42.677526518867445,337.49079602682224,-0.008905581645034816,-0.030259656217388346,-0.20938906605508192,0.9773235200473535,0.0,0.0,0.0,0.0,0.0,0.0,0.0,0.0,0.0,0.0,0.0,0.0,0.0,0.0,0.0,0.0,0.0,0.0,0.0,0.0,0.0,0.0,0.0,0.0,0.0,0.0,0.0,0.0,0.0,0.0,0.0,0.0,0.0,0.0,0.0,0.0,0.09504359604023838,-0.012850043058782356,-0.00036764777375041945,0.00416992029471563,-0.005184831002585796,0.15650267582226468,0.0,0.0,0.0,0.0,0.0,0.0,0.0,0.0,0.0,0.0,0.0,0.0,0.0,0.0,0.0,0.0,0.0,0.0,0.0,0.0,0.0,0.0,0.0,0.0,0.0,0.0,0.0,0.0,0.0,0.0,0.0,0.0,0.0,0.0,0.0,0.0
13601000000,13,600000000,Archimede_odom,Archimede_base_link,-37.83551743219812,42.672595638913556,337.49136123289145,-0.008989551125785561,-0.030486083788289025,-0.20171917862817113,0.9789275558688632,0.0,0.0,0.0,0.0,0.0,0.0,0.0,0.0,0.0,0.0,0.0,0.0,0.0,0.0,0.0,0.0,0.0,0.0,0.0,0.0,0.0,0.0,0.0,0.0,0.0,0.0,0.0,0.0,0.0,0.0,0.0,0.0,0.0,0.0,0.0,0.0,0.09449905560314717,-0.011814230462757635,-0.0004070637962235294,0.004287897349693268,-0.005162111683963714,0.15680509317112687,0.0,0.0,0.0,0.0,0.0,0.0,0.0,0.0,0.0,0.0,0.0,0.0,0.0,0.0,0.0,0.0,0.0,0.0,0.0,0.0,0.0,0.0,0.0,0.0,0.0,0.0,0.0,0.0,0.0,0.0,0.0,0.0,0.0,0.0,0.0,0.0
13700000000,13,700000000,Archimede_odom,Archimede_base_link,-37.8272524782209,42.66789752948037,337.49192262199836,-0.009055791847081954,-0.03070381331322014,-0.1940244045008677,0.9804742724519256,0.0,0.0,0.0,0.0,0.0,0.0,0.0,0.0,0.0,0.0,0.0,0.0,0.0,0.0,0.0,0.0,0.0,0.0,0.0,0.0,0.0,0.0,0.0,0.0,0.0,0.0,0.0,0.0,0.0,0.0,0.0,0.0,0.0,0.0,0.0,0.0,0.09547442683893363,-0.010722033192680369,-0.0004190631452023753,0.004830043478054158,-0.005045393506314298,0.15653671896893387,0.0,0.0,0.0,0.0,0.0,0.0,0.0,0.0,0.0,0.0,0.0,0.0,0.0,0.0,0.0,0.0,0.0,0.0,0.0,0.0,0.0,0.0,0.0,0.0,0.0,0.0,0.0,0.0,0.0,0.0,0.0,0.0,0.0,0.0,0.0,0.0
13800000000,13,800000000,Archimede_odom,Archimede_base_link,-37.81883611211048,42.66342678592254,337.49249061630553,-0.009138033379796509,-0.030936026334437396,-0.18631685914106172,0.9819600229237413,0.0,0.0,0.0,0.0,0.0,0.0,0.0,0.0,0.0,0.0,0.0,0.0,0.0,0.0,0.0,0.0,0.0,0.0,0.0,0.0,0.0,0.0,0.0,0.0,0.0,0.0,0.0,0.0,0.0,0.0,0.0,0.0,0.0,0.0,0.0,0.0,0.09465923502643808,-0.0095927642860439,-0.000480110855668603,0.004543907787690133,-0.005203782935571636,0.15720708250937326,0.0,0.0,0.0,0.0,0.0,0.0,0.0,0.0,0.0,0.0,0.0,0.0,0.0,0.0,0.0,0.0,0.0,0.0,0.0,0.0,0.0,0.0,0.0,0.0,0.0,0.0,0.0,0.0,0.0,0.0,0.0,0.0,0.0,0.0,0.0,0.0
13900000000,13,900000000,Archimede_odom,Archimede_base_link,-37.81036282509862,42.659205773995254,337.49305361843585,-0.009203166219953467,-0.03116016122852079,-0.1785651636668234,0.983391492950992,0.0,0.0,0.0,0.0,0.0,0.0,0.0,0.0,0.0,0.0,0.0,0.0,0.0,0.0,0.0,0.0,0.0,0.0,0.0,0.0,0.0,0.0,0.0,0.0,0.0,0.0,0.0,0.0,0.0,0.0,0.0,0.0,0.0,0.0,0.0,0.0,0.09413304195926467,-0.008504202335442742,-0.0005295891074755222,0.004670991005054694,-0.005152154005768828,0.15790062559036494,0.0,0.0,0.0,0.0,0.0,0.0,0.0,0.0,0.0,0.0,0.0,0.0,0.0,0.0,0.0,0.0,0.0,0.0,0.0,0.0,0.0,0.0,0.0,0.0,0.0,0.0,0.0,0.0,0.0,0.0,0.0,0.0,0.0,0.0,0.0,0.0
14000000000,14,0,Archimede_odom,Archimede_base_link,-37.80183705726042,42.65524401298635,337.4936118565861,-0.009262169764532898,-0.03138081856812119,-0.17076583190550018,0.9847682402935576,0.0,0.0,0.0,0.0,0.0,0.0,0.0,0.0,0.0,0.0,0.0,0.0,0.0,0.0,0.0,0.0,0.0,0.0,0.0,0.0,0.0,0.0,0.0,0.0,0.0,0.0,0.0,0.0,0.0,0.0,0.0,0.0,0.0,0.0,0.0,0.0,0.0936483546932183,-0.007372439344877241,-0.0005753694886812958,0.004799975819274573,-0.005110841154709141,0.15864425336323074,0.0,0.0,0.0,0.0,0.0,0.0,0.0,0.0,0.0,0.0,0.0,0.0,0.0,0.0,0.0,0.0,0.0,0.0,0.0,0.0,0.0,0.0,0.0,0.0,0.0,0.0,0.0,0.0,0.0,0.0,0.0,0.0,0.0,0.0,0.0,0.0
14100000000,14,100000000,Archimede_odom,Archimede_base_link,-37.793241860242226,42.65153399970829,337.49416667896213,-0.00931498155798475,-0.031598696089772664,-0.16292015120919545,0.9860891328140543,0.0,0.0,0.0,0.0,0.0,0.0,0.0,0.0,0.0,0.0,0.0,0.0,0.0,0.0,0.0,0.0,0.0,0.0,0.0,0.0,0.0,0.0,0.0,0.0,0.0,0.0,0.0,0.0,0.0,0.0,0.0,0.0,0.0,0.0,0.0,0.0,0.09358682445645407,-0.006291370511266041,-0.0006230486205041233,0.004933876027951064,-0.005090767164286483,0.15930896560309185,0.0,0.0,0.0,0.0,0.0,0.0,0.0,0.0,0.0,0.0,0.0,0.0,0.0,0.0,0.0,0.0,0.0,0.0,0.0,0.0,0.0,0.0,0.0,0.0,0.0,0.0,0.0,0.0,0.0,0.0,0.0,0.0,0.0,0.0,0.0,0.0
14200000000,14,200000000,Archimede_odom,Archimede_base_link,-37.7845313616042,42.64805190983061,337.49472125958494,-0.009361314464415413,-0.031815157878322474,-0.15503461458498166,0.9873522318813899,0.0,0.0,0.0,0.0,0.0,0.0,0.0,0.0,0.0,0.0,0.0,0.0,0.0,0.0,0.0,0.0,0.0,0.0,0.0,0.0,0.0,0.0,0.0,0.0,0.0,0.0,0.0,0.0,0.0,0.0,0.0,0.0,0.0,0.0,0.0,0.0,0.09392057278335425,-0.005254516697864047,-0.0006740503070787794,0.005072822960859454,-0.0050884620907472216,0.15990042435793594,0.0,0.0,0.0,0.0,0.0,0.0,0.0,0.0,0.0,0.0,0.0,0.0,0.0,0.0,0.0,0.0,0.0,0.0,0.0,0.0,0.0,0.0,0.0,0.0,0.0,0.0,0.0,0.0,0.0,0.0,0.0,0.0,0.0,0.0,0.0,0.0
14300000000,14,300000000,Archimede_odom,Archimede_base_link,-37.77570958344845,42.64480342631832,337.4952752645822,-0.009401133361158755,-0.03202997369642419,-0.14710773514767098,0.9885570361573756,0.0,0.0,0.0,0.0,0.0,0.0,0.0,0.0,0.0,0.0,0.0,0.0,0.0,0.0,0.0,0.0,0.0,0.0,0.0,0.0,0.0,0.0,0.0,0.0,0.0,0.0,0.0,0.0,0.0,0.0,0.0,0.0,0.0,0.0,0.0,0.0,0.09416454837901136,-0.004184107242469804,-0.0007260322048953796,0.00521202427688309,-0.00507807607192463,0.16054860731297227,0.0,0.0,0.0,0.0,0.0,0.0,0.0,0.0,0.0,0.0,0.0,0.0,0.0,0.0,0.0,0.0,0.0,0.0,0.0,0.0,0.0,0.0,0.0,0.0,0.0,0.0,0.0,0.0,0.0,0.0,0.0,0.0,0.0,0.0,0.0,0.0
14400000000,14,400000000,Archimede_odom,Archimede_base_link,-37.76668860379845,42.64184299669184,337.49582730078595,-0.00943294935220287,-0.032238425236621876,-0.13913109152805897,0.9897041188026815,0.0,0.0,0.0,0.0,0.0,0.0,0.0,0.0,0.0,0.0,0.0,0.0,0.0,0.0,0.0,0.0,0.0,0.0,0.0,0.0,0.0,0.0,0.0,0.0,0.0,0.0,0.0,0.0,0.0,0.0,0.0,0.0,0.0,0.0,0.0,0.0,0.09512242107127802,-0.0004626029942053888,-0.0009285546640924213,0.0035103629662696203,-0.005867004065384164,0.1629033349284124,0.0,0.0,0.0,0.0,0.0,0.0,0.0,0.0,0.0,0.0,0.0,0.0,0.0,0.0,0.0,0.0,0.0,0.0,0.0,0.0,0.0,0.0,0.0,0.0,0.0,0.0,0.0,0.0,0.0,0.0,0.0,0.0,0.0,0.0,0.0,0.0
14500000000,14,500000000,Archimede_odom,Archimede_base_link,-37.75756344660884,42.63951063838984,337.49633395290255,-0.009452943936091205,-0.03239439401031676,-0.13090890612913456,0.9908199147088833,0.0,0.0,0.0,0.0,0.0,0.0,0.0,0.0,0.0,0.0,0.0,0.0,0.0,0.0,0.0,0.0,0.0,0.0,0.0,0.0,0.0,0.0,0.0,0.0,0.0,0.0,0.0,0.0,0.0,0.0,0.0,0.0,0.0,0.0,0.0,0.0,0.09345859196023425,0.004452206708449529,-0.0012607917823978124,0.005671288983537042,-0.003773146530959018,0.1689284121153501,0.0,0.0,0.0,0.0,0.0,0.0,0.0,0.0,0.0,0.0,0.0,0.0,0.0,0.0,0.0,0.0,0.0,0.0,0.0,0.0,0.0,0.0,0.0,0.0,0.0,0.0,0.0,0.0,0.0,0.0,0.0,0.0,0.0,0.0,0.0,0.0
14600000000,14,600000000,Archimede_odom,Archimede_base_link,-37.74841240945496,42.637807189618094,337.4968160725999,-0.009467452541414921,-0.032529399918804464,-0.12237339677036335,0.9919057199382317,0.0,0.0,0.0,0.0,0.0,0.0,0.0,0.0,0.0,0.0,0.0,0.0,0.0,0.0,0.0,0.0,0.0,0.0,0.0,0.0,0.0,0.0,0.0,0.0,0.0,0.0,0.0,0.0,0.0,0.0,0.0,0.0,0.0,0.0,0.0,0.0,0.09273334151925476,0.007866513763858456,-0.0013680473960889382,0.0059026989584694866,-0.003515255912177119,0.17420017095834053,0.0,0.0,0.0,0.0,0.0,0.0,0.0,0.0,0.0,0.0,0.0,0.0,0.0,0.0,0.0,0.0,0.0,0.0,0.0,0.0,0.0,0.0,0.0,0.0,0.0,0.0,0.0,0.0,0.0,0.0,0.0,0.0,0.0,0.0,0.0,0.0
14700000000,14,700000000,Archimede_odom,Archimede_base_link,-37.73919410520212,42.63651755648766,337.49728472871425,-0.009476563069415174,-0.0326505425200066,-0.11360829056593047,0.992943751246881,0.0,0.0,0.0,0.0,0.0,0.0,0.0,0.0,0.0,0.0,0.0,0.0,0.0,0.0,0.0,0.0,0.0,0.0,0.0,0.0,0.0,0.0,0.0,0.0,0.0,0.0,0.0,0.0,0.0,0.0,0.0,0.0,0.0,0.0,0.0,0.0,0.09285797523121499,0.009894954405115178,-0.001467908345475722,0.006103804040909151,-0.0033317505010746476,0.17804632778833446,0.0,0.0,0.0,0.0,0.0,0.0,0.0,0.0,0.0,0.0,0.0,0.0,0.0,0.0,0.0,0.0,0.0,0.0,0.0,0.0,0.0,0.0,0.0,0.0,0.0,0.0,0.0,0.0,0.0,0.0,0.0,0.0,0.0,0.0,0.0,0.0
14800000000,14,800000000,Archimede_odom,Archimede_base_link,-37.72988055970923,42.63554765679472,337.4977448607291,-0.00947998162646089,-0.032760543676174016,-0.10466952045308417,0.993922113756669,0.0,0.0,0.0,0.0,0.0,0.0,0.0,0.0,0.0,0.0,0.0,0.0,0.0,0.0,0.0,0.0,0.0,0.0,0.0,0.0,0.0,0.0,0.0,0.0,0.0,0.0,0.0,0.0,0.0,0.0,0.0,0.0,0.0,0.0,0.0,0.0,0.09337467103545259,0.011360896761506981,-0.001564417352145364,0.006285199101833688,-0.0031812937179864853,0.1809835504036882,0.0,0.0,0.0,0.0,0.0,0.0,0.0,0.0,0.0,0.0,0.0,0.0,0.0,0.0,0.0,0.0,0.0,0.0,0.0,0.0,0.0,0.0,0.0,0.0,0.0,0.0,0.0,0.0,0.0,0.0,0.0,0.0,0.0,0.0,0.0,0.0
14900000000,14,900000000,Archimede_odom,Archimede_base_link,-37.720490312962326,42.63487795210839,337.49819628057327,-0.009477667815465662,-0.03285939270860671,-0.09558986021565158,0.9948331582469261,0.0,0.0,0.0,0.0,0.0,0.0,0.0,0.0,0.0,0.0,0.0,0.0,0.0,0.0,0.0,0.0,0.0,0.0,0.0,0.0,0.0,0.0,0.0,0.0,0.0,0.0,0.0,0.0,0.0,0.0,0.0,0.0,0.0,0.0,0.0,0.0,0.093599309506283,0.0127312642217155,-0.0016583504927117983,0.006447435751245722,-0.003011442413565738,0.18342873653411965,0.0,0.0,0.0,0.0,0.0,0.0,0.0,0.0,0.0,0.0,0.0,0.0,0.0,0.0,0.0,0.0,0.0,0.0,0.0,0.0,0.0,0.0,0.0,0.0,0.0,0.0,0.0,0.0,0.0,0.0,0.0,0.0,0.0,0.0,0.0,0.0
15000000000,15,0,Archimede_odom,Archimede_base_link,-37.71095754866248,42.63447249070058,337.49864239378746,-0.009469937442771624,-0.03294808737915895,-0.0864122106845382,0.9956694600455999,0.0,0.0,0.0,0.0,0.0,0.0,0.0,0.0,0.0,0.0,0.0,0.0,0.0,0.0,0.0,0.0,0.0,0.0,0.0,0.0,0.0,0.0,0.0,0.0,0.0,0.0,0.0,0.0,0.0,0.0,0.0,0.0,0.0,0.0,0.0,0.0,0.09529594805285993,0.013747576306135554,-0.001732612737309843,0.006627238167869083,-0.0029903781776488367,0.1847669938916874,0.0,0.0,0.0,0.0,0.0,0.0,0.0,0.0,0.0,0.0,0.0,0.0,0.0,0.0,0.0,0.0,0.0,0.0,0.0,0.0,0.0,0.0,0.0,0.0,0.0,0.0,0.0,0.0,0.0,0.0,0.0,0.0,0.0,0.0,0.0,0.0
15100000000,15,100000000,Archimede_odom,Archimede_base_link,-37.70171021036135,42.63460136059675,337.4991675479228,-0.009689110808761557,-0.033010237588567595,-0.07765043262023176,0.9963869005862998,0.0,0.0,0.0,0.0,0.0,0.0,0.0,0.0,0.0,0.0,0.0,0.0,0.0,0.0,0.0,0.0,0.0,0.0,0.0,0.0,0.0,0.0,0.0,0.0,0.0,0.0,0.0,0.0,0.0,0.0,0.0,0.0,0.0,0.0,0.0,0.0,0.08765644055589647,0.01857469299955438,-0.0005411734788187182,0.001062991253831846,-0.0027645051174361476,0.16122251587117192,0.0,0.0,0.0,0.0,0.0,0.0,0.0,0.0,0.0,0.0,0.0,0.0,0.0,0.0,0.0,0.0,0.0,0.0,0.0,0.0,0.0,0.0,0.0,0.0,0.0,0.0,0.0,0.0,0.0,0.0,0.0,0.0,0.0,0.0,0.0,0.0
15200000000,15,200000000,Archimede_odom,Archimede_base_link,-37.69304915643584,42.63533470064131,337.49965941275786,-0.009895050552440311,-0.033084481415363784,-0.07051118006735464,0.9969130747209358,0.0,0.0,0.0,0.0,0.0,0.0,0.0,0.0,0.0,0.0,0.0,0.0,0.0,0.0,0.0,0.0,0.0,0.0,0.0,0.0,0.0,0.0,0.0,0.0,0.0,0.0,0.0,0.0,0.0,0.0,0.0,0.0,0.0,0.0,0.0,0.0,0.08275446321216481,0.020894316187738918,-0.0004563257740180125,0.0006427400497797732,-0.0029006931655078307,0.12994159279105943,0.0,0.0,0.0,0.0,0.0,0.0,0.0,0.0,0.0,0.0,0.0,0.0,0.0,0.0,0.0,0.0,0.0,0.0,0.0,0.0,0.0,0.0,0.0,0.0,0.0,0.0,0.0,0.0,0.0,0.0,0.0,0.0,0.0,0.0,0.0,0.0
15300000000,15,300000000,Archimede_odom,Archimede_base_link,-37.68467420418374,42.63638470483893,337.5001356820836,-0.01007685336889486,-0.033178969839583676,-0.06470255163729792,0.9973019566802166,0.0,0.0,0.0,0.0,0.0,0.0,0.0,0.0,0.0,0.0,0.0,0.0,0.0,0.0,0.0,0.0,0.0,0.0,0.0,0.0,0.0,0.0,0.0,0.0,0.0,0.0,0.0,0.0,0.0,0.0,0.0,0.0,0.0,0.0,0.0,0.0,0.08116250662308307,0.0221797755458303,-0.0003802429484693952,0.0002627031028421314,-0.0031439122938773253,0.10647088518555159,0.0,0.0,0.0,0.0,0.0,0.0,0.0,0.0,0.0,0.0,0.0,0.0,0.0,0.0,0.0,0.0,0.0,0.0,0.0,0.0,0.0,0.0,0.0,0.0,0.0,0.0,0.0,0.0,0.0,0.0,0.0,0.0,0.0,0.0,0.0,0.0
15400000000,15,400000000,Archimede_odom,Archimede_base_link,-37.676395319622216,42.63763161112052,337.50060998230344,-0.01024272579102352,-0.03329307083801056,-0.0598871027886298,0.9975972097605973,0.0,0.0,0.0,0.0,0.0,0.0,0.0,0.0,0.0,0.0,0.0,0.0,0.0,0.0,0.0,0.0,0.0,0.0,0.0,0.0,0.0,0.0,0.0,0.0,0.0,0.0,0.0,0.0,0.0,0.0,0.0,0.0,0.0,0.0,0.0,0.0,0.08044235013733776,0.022937311358495666,-0.0003260150420062743,-3.114972927532769e-05,-0.0033537696076818375,0.08919838489265369,0.0,0.0,0.0,0.0,0.0,0.0,0.0,0.0,0.0,0.0,0.0,0.0,0.0,0.0,0.0,0.0,0.0,0.0,0.0,0.0,0.0,0.0,0.0,0.0,0.0,0.0,0.0,0.0,0.0,0.0,0.0,0.0,0.0,0.0,0.0,0.0
15500000000,15,500000000,Archimede_odom,Archimede_base_link,-37.66817141610036,42.639020988924294,337.50108418768104,-0.010397132739887665,-0.03342237858071873,-0.05580006018590771,0.9978282404923431,0.0,0.0,0.0,0.0,0.0,0.0,0.0,0.0,0.0,0.0,0.0,0.0,0.0,0.0,0.0,0.0,0.0,0.0,0.0,0.0,0.0,0.0,0.0,0.0,0.0,0.0,0.0,0.0,0.0,0.0,0.0,0.0,0.0,0.0,0.0,0.0,0.08018124554729764,0.023499232913140666,-0.00029147621853830945,-0.0002537207424037594,-0.0035241783807616472,0.07646721566336415,0.0,0.0,0.0,0.0,0.0,0.0,0.0,0.0,0.0,0.0,0.0,0.0,0.0,0.0,0.0,0.0,0.0,0.0,0.0,0.0,0.0,0.0,0.0,0.0,0.0,0.0,0.0,0.0,0.0,0.0,0.0,0.0,0.0,0.0,0.0,0.0
15600000000,15,600000000,Archimede_odom,Archimede_base_link,-37.659960618442405,42.64049436651369,337.50157349416213,-0.010544065671831592,-0.03358162779416725,-0.05227004591838342,0.9980124945377649,0.0,0.0,0.0,0.0,0.0,0.0,0.0,0.0,0.0,0.0,0.0,0.0,0.0,0.0,0.0,0.0,0.0,0.0,0.0,0.0,0.0,0.0,0.0,0.0,0.0,0.0,0.0,0.0,0.0,0.0,0.0,0.0,0.0,0.0,0.0,0.0,0.08006440625449569,0.02312961822624493,-6.761760174444229e-05,-0.0004347094625862258,-0.0042298577084339695,0.06622929412213763,0.0,0.0,0.0,0.0,0.0,0.0,0.0,0.0,0.0,0.0,0.0,0.0,0.0,0.0,0.0,0.0,0.0,0.0,0.0,0.0,0.0,0.0,0.0,0.0,0.0,0.0,0.0,0.0,0.0,0.0,0.0,0.0,0.0,0.0,0.0,0.0
15700000000,15,700000000,Archimede_odom,Archimede_base_link,-37.65180652654088,42.64196823558788,337.5020712810906,-0.010684168117295808,-0.03376103155205768,-0.04918753926850536,0.9981616238269689,0.0,0.0,0.0,0.0,0.0,0.0,0.0,0.0,0.0,0.0,0.0,0.0,0.0,0.0,0.0,0.0,0.0,0.0,0.0,0.0,0.0,0.0,0.0,0.0,0.0,0.0,0.0,0.0,0.0,0.0,0.0,0.0,0.0,0.0,0.0,0.0,0.07974429153474574,0.02276569293900369,-6.3593466160262e-05,-0.0005652934747950107,-0.0043221595239968345,0.05836893301994024,0.0,0.0,0.0,0.0,0.0,0.0,0.0,0.0,0.0,0.0,0.0,0.0,0.0,0.0,0.0,0.0,0.0,0.0,0.0,0.0,0.0,0.0,0.0,0.0,0.0,0.0,0.0,0.0,0.0,0.0,0.0,0.0,0.0,0.0,0.0,0.0
15800000000,15,800000000,Archimede_odom,Archimede_base_link,-37.64367913100933,42.64348077531777,337.50256952207593,-0.010818689813663022,-0.03394758316827377,-0.046437912307232765,0.9982855492534662,0.0,0.0,0.0,0.0,0.0,0.0,0.0,0.0,0.0,0.0,0.0,0.0,0.0,0.0,0.0,0.0,0.0,0.0,0.0,0.0,0.0,0.0,0.0,0.0,0.0,0.0,0.0,0.0,0.0,0.0,0.0,0.0,0.0,0.0,0.0,0.0,0.07965062201351164,0.022816900150883213,-6.92428431220379e-05,-0.0006617763326164022,-0.004396065563652554,0.052581346978175666,0.0,0.0,0.0,0.0,0.0,0.0,0.0,0.0,0.0,0.0,0.0,0.0,0.0,0.0,0.0,0.0,0.0,0.0,0.0,0.0,0.0,0.0,0.0,0.0,0.0,0.0,0.0,0.0,0.0,0.0,0.0,0.0,0.0,0.0,0.0,0.0
15900000000,15,900000000,Archimede_odom,Archimede_base_link,-37.6355602473603,42.64505211850953,337.5030680949225,-0.010949018513461624,-0.03413960699954983,-0.04393295300693384,0.9983909564231833,0.0,0.0,0.0,0.0,0.0,0.0,0.0,0.0,0.0,0.0,0.0,0.0,0.0,0.0,0.0,0.0,0.0,0.0,0.0,0.0,0.0,0.0,0.0,0.0,0.0,0.0,0.0,0.0,0.0,0.0,0.0,0.0,0.0,0.0,0.0,0.0,0.07973492608171685,0.02303956246285405,-8.217190470688835e-05,-0.0007333174639847812,-0.004458143161063158,0.04830389221123751,0.0,0.0,0.0,0.0,0.0,0.0,0.0,0.0,0.0,0.0,0.0,0.0,0.0,0.0,0.0,0.0,0.0,0.0,0.0,0.0,0.0,0.0,0.0,0.0,0.0,0.0,0.0,0.0,0.0,0.0,0.0,0.0,0.0,0.0,0.0,0.0
16000000000,16,0,Archimede_odom,Archimede_base_link,-37.627432849063155,42.64668797525717,337.5035674134251,-0.011076199502939275,-0.034336103801793944,-0.04161034422844469,0.9984823128295632,0.0,0.0,0.0,0.0,0.0,0.0,0.0,0.0,0.0,0.0,0.0,0.0,0.0,0.0,0.0,0.0,0.0,0.0,0.0,0.0,0.0,0.0,0.0,0.0,0.0,0.0,0.0,0.0,0.0,0.0,0.0,0.0,0.0,0.0,0.0,0.0,0.07964387093389544,0.023339135762556834,-0.0001018171444448575,-0.0007771088489519012,-0.004489752568953724,0.04522990922208991,0.0,0.0,0.0,0.0,0.0,0.0,0.0,0.0,0.0,0.0,0.0,0.0,0.0,0.0,0.0,0.0,0.0,0.0,0.0,0.0,0.0,0.0,0.0,0.0,0.0,0.0,0.0,0.0,0.0,0.0,0.0,0.0,0.0,0.0,0.0,0.0
16100000000,16,100000000,Archimede_odom,Archimede_base_link,-37.61929420233937,42.64838974247198,337.50406714161994,-0.011200901319890886,-0.034535972826730245,-0.039422016635566985,0.9985628227582471,0.0,0.0,0.0,0.0,0.0,0.0,0.0,0.0,0.0,0.0,0.0,0.0,0.0,0.0,0.0,0.0,0.0,0.0,0.0,0.0,0.0,0.0,0.0,0.0,0.0,0.0,0.0,0.0,0.0,0.0,0.0,0.0,0.0,0.0,0.0,0.0,0.07985062490944869,0.023653408326048363,-0.0001246612021766457,-0.0008138094551874252,-0.0045306708031222645,0.042867630089086936,0.0,0.0,0.0,0.0,0.0,0.0,0.0,0.0,0.0,0.0,0.0,0.0,0.0,0.0,0.0,0.0,0.0,0.0,0.0,0.0,0.0,0.0,0.0,0.0,0.0,0.0,0.0,0.0,0.0,0.0,0.0,0.0,0.0,0.0,0.0,0.0
16200000000,16,200000000,Archimede_odom,Archimede_base_link,-37.61114864358513,42.65015748625054,337.50456660184153,-0.011323542642779948,-0.034738175345818904,-0.03733175282324996,0.9986347564484245,0.0,0.0,0.0,0.0,0.0,0.0,0.0,0.0,0.0,0.0,0.0,0.0,0.0,0.0,0.0,0.0,0.0,0.0,0.0,0.0,0.0,0.0,0.0,0.0,0.0,0.0,0.0,0.0,0.0,0.0,0.0,0.0,0.0,0.0,0.0,0.0,0.08002522360462909,0.023974186729075968,-0.0001511165866162869,-0.0008365890655078253,-0.004559606751598108,0.0411539975039639,0.0,0.0,0.0,0.0,0.0,0.0,0.0,0.0,0.0,0.0,0.0,0.0,0.0,0.0,0.0,0.0,0.0,0.0,0.0,0.0,0.0,0.0,0.0,0.0,0.0,0.0,0.0,0.0,0.0,0.0,0.0,0.0,0.0,0.0,0.0,0.0
16300000000,16,300000000,Archimede_odom,Archimede_base_link,-37.602977666499136,42.651989447287185,337.50506688345274,-0.011461878906789177,-0.034952399906568336,-0.03531626859974547,0.9986990118373443,0.0,0.0,0.0,0.0,0.0,0.0,0.0,0.0,0.0,0.0,0.0,0.0,0.0,0.0,0.0,0.0,0.0,0.0,0.0,0.0,0.0,0.0,0.0,0.0,0.0,0.0,0.0,0.0,0.0,0.0,0.0,0.0,0.0,0.0,0.0,0.0,0.08066919674630117,0.02449617946014679,-0.00017953743485528127,-0.005363250111380146,-0.007352590976729271,0.03978633552367105,0.0,0.0,0.0,0.0,0.0,0.0,0.0,0.0,0.0,0.0,0.0,0.0,0.0,0.0,0.0,0.0,0.0,0.0,0.0,0.0,0.0,0.0,0.0,0.0,0.0,0.0,0.0,0.0,0.0,0.0,0.0,0.0,0.0,0.0,0.0,0.0
16400000000,16,400000000,Archimede_odom,Archimede_base_link,-37.594764308744026,42.65390479648203,337.505568599962,-0.011675835696266765,-0.03521263251912941,-0.033369509014970294,0.9987543347790618,0.0,0.0,0.0,0.0,0.0,0.0,0.0,0.0,0.0,0.0,0.0,0.0,0.0,0.0,0.0,0.0,0.0,0.0,0.0,0.0,0.0,0.0,0.0,0.0,0.0,0.0,0.0,0.0,0.0,0.0,0.0,0.0,0.0,0.0,0.0,0.0,0.0807748390484715,0.02493947196935048,-0.000214200745178277,-0.0027337495918585636,-0.0057712859549567406,0.03855942923047617,0.0,0.0,0.0,0.0,0.0,0.0,0.0,0.0,0.0,0.0,0.0,0.0,0.0,0.0,0.0,0.0,0.0,0.0,0.0,0.0,0.0,0.0,0.0,0.0,0.0,0.0,0.0,0.0,0.0,0.0,0.0,0.0,0.0,0.0,0.0,0.0
16500000000,16,500000000,Archimede_odom,Archimede_base_link,-37.58629081127347,42.655833531188804,337.5060539365969,-0.011895158134702174,-0.035439937078049905,-0.031549275296458075,0.9988028630821613,0.0,0.0,0.0,0.0,0.0,0.0,0.0,0.0,0.0,0.0,0.0,0.0,0.0,0.0,0.0,0.0,0.0,0.0,0.0,0.0,0.0,0.0,0.0,0.0,0.0,0.0,0.0,0.0,0.0,0.0,0.0,0.0,0.0,0.0,0.0,0.0,0.0868223507479315,0.024658479061210895,-0.0009378308399563863,-0.003129590988200969,-0.004404963301353041,0.034211725048626934,0.0,0.0,0.0,0.0,0.0,0.0,0.0,0.0,0.0,0.0,0.0,0.0,0.0,0.0,0.0,0.0,0.0,0.0,0.0,0.0,0.0,0.0,0.0,0.0,0.0,0.0,0.0,0.0,0.0,0.0,0.0,0.0,0.0,0.0,0.0,0.0
16600000000,16,600000000,Archimede_odom,Archimede_base_link,-37.57725838240708,42.65780782939009,337.50654079623195,-0.012125333959996216,-0.035643108533803605,-0.029924279911673346,0.9988428718082609,0.0,0.0,0.0,0.0,0.0,0.0,0.0,0.0,0.0,0.0,0.0,0.0,0.0,0.0,0.0,0.0,0.0,0.0,0.0,0.0,0.0,0.0,0.0,0.0,0.0,0.0,0.0,0.0,0.0,0.0,0.0,0.0,0.0,0.0,0.0,0.0,0.0904519328938237,0.025576798761005715,-0.0010006437178964433,-0.0034230587636279427,-0.00466115630584641,0.03146302322211814,0.0,0.0,0.0,0.0,0.0,0.0,0.0,0.0,0.0,0.0,0.0,0.0,0.0,0.0,0.0,0.0,0.0,0.0,0.0,0.0,0.0,0.0,0.0,0.0,0.0,0.0,0.0,0.0,0.0,0.0,0.0,0.0,0.0,0.0,0.0,0.0
16700000000,16,700000000,Archimede_odom,Archimede_base_link,-37.56796000833995,42.659858364180174,337.50704232610275,-0.012362827789785905,-0.03585722264534458,-0.02841790865522325,0.9988762899082477,0.0,0.0,0.0,0.0,0.0,0.0,0.0,0.0,0.0,0.0,0.0,0.0,0.0,0.0,0.0,0.0,0.0,0.0,0.0,0.0,0.0,0.0,0.0,0.0,0.0,0.0,0.0,0.0,0.0,0.0,0.0,0.0,0.0,0.0,0.0,0.0,0.09246276938911788,0.026044268211235365,-0.0010492765778741273,-0.0036001827083666344,-0.0048176173577728024,0.02938894941877132,0.0,0.0,0.0,0.0,0.0,0.0,0.0,0.0,0.0,0.0,0.0,0.0,0.0,0.0,0.0,0.0,0.0,0.0,0.0,0.0,0.0,0.0,0.0,0.0,0.0,0.0,0.0,0.0,0.0,0.0,0.0,0.0,0.0,0.0,0.0,0.0
16800000000,16,800000000,Archimede_odom,Archimede_base_link,-37.558520638370716,42.661963194500956,337.5075515121845,-0.012604096314595721,-0.036078154972061946,-0.026999763004682858,0.9989046582570307,0.0,0.0,0.0,0.0,0.0,0.0,0.0,0.0,0.0,0.0,0.0,0.0,0.0,0.0,0.0,0.0,0.0,0.0,0.0,0.0,0.0,0.0,0.0,0.0,0.0,0.0,0.0,0.0,0.0,0.0,0.0,0.0,0.0,0.0,0.0,0.0,0.09380731484203159,0.026307337938401777,-0.0010932974653282998,-0.003723446405424534,-0.00492945676608599,0.027755096418912738,0.0,0.0,0.0,0.0,0.0,0.0,0.0,0.0,0.0,0.0,0.0,0.0,0.0,0.0,0.0,0.0,0.0,0.0,0.0,0.0,0.0,0.0,0.0,0.0,0.0,0.0,0.0,0.0,0.0,0.0,0.0,0.0,0.0,0.0,0.0,0.0
16900000000,16,900000000,Archimede_odom,Archimede_base_link,-37.548991234723154,42.66411221187897,337.50806546003156,-0.012847681162609523,-0.03630400245851072,-0.02565036802996943,0.9989289339658569,0.0,0.0,0.0,0.0,0.0,0.0,0.0,0.0,0.0,0.0,0.0,0.0,0.0,0.0,0.0,0.0,0.0,0.0,0.0,0.0,0.0,0.0,0.0,0.0,0.0,0.0,0.0,0.0,0.0,0.0,0.0,0.0,0.0,0.0,0.0,0.0,0.09427915518225827,0.026538298339400246,-0.0011305503407994181,-0.0037849024324533493,-0.004982841778888858,0.026661479223833152,0.0,0.0,0.0,0.0,0.0,0.0,0.0,0.0,0.0,0.0,0.0,0.0,0.0,0.0,0.0,0.0,0.0,0.0,0.0,0.0,0.0,0.0,0.0,0.0,0.0,0.0,0.0,0.0,0.0,0.0,0.0,0.0,0.0,0.0,0.0,0.0
17000000000,17,0,Archimede_odom,Archimede_base_link,-37.5394204152279,42.66630381565225,337.50858113680783,-0.013092313591780785,-0.036532859984533164,-0.02434952898445149,0.9989499696703535,0.0,0.0,0.0,0.0,0.0,0.0,0.0,0.0,0.0,0.0,0.0,0.0,0.0,0.0,0.0,0.0,0.0,0.0,0.0,0.0,0.0,0.0,0.0,0.0,0.0,0.0,0.0,0.0,0.0,0.0,0.0,0.0,0.0,0.0,0.0,0.0,0.09475418335712252,0.026709328912424214,-0.0011690081127671973,-0.0038373746354666066,-0.005032641493181169,0.025766722468966097,0.0,0.0,0.0,0.0,0.0,0.0,0.0,0.0,0.0,0.0,0.0,0.0,0.0,0.0,0.0,0.0,0.0,0.0,0.0,0.0,0.0,0.0,0.0,0.0,0.0,0.0,0.0,0.0,0.0,0.0,0.0,0.0,0.0,0.0,0.0,0.0
17100000000,17,100000000,Archimede_odom,Archimede_base_link,-37.52984593625791,42.66853948810656,337.50909609275755,-0.013337041522483247,-0.036763195863233275,-0.023080103332064637,0.9989684177107554,0.0,0.0,0.0,0.0,0.0,0.0,0.0,0.0,0.0,0.0,0.0,0.0,0.0,0.0,0.0,0.0,0.0,0.0,0.0,0.0,0.0,0.0,0.0,0.0,0.0,0.0,0.0,0.0,0.0,0.0,0.0,0.0,0.0,0.0,0.0,0.0,0.09498173360933741,0.02688510595186024,-0.0012058492342147975,-0.003866995207042684,-0.005063280620978666,0.025171137386971743,0.0,0.0,0.0,0.0,0.0,0.0,0.0,0.0,0.0,0.0,0.0,0.0,0.0,0.0,0.0,0.0,0.0,0.0,0.0,0.0,0.0,0.0,0.0,0.0,0.0,0.0,0.0,0.0,0.0,0.0,0.0,0.0,0.0,0.0,0.0,0.0
17200000000,17,200000000,Archimede_odom,Archimede_base_link,-37.52024672952885,42.67081406359984,337.5096117186304,-0.013582308631336524,-0.036995493101450894,-0.02183861569985221,0.9989844489514027,0.0,0.0,0.0,0.0,0.0,0.0,0.0,0.0,0.0,0.0,0.0,0.0,0.0,0.0,0.0,0.0,0.0,0.0,0.0,0.0,0.0,0.0,0.0,0.0,0.0,0.0,0.0,0.0,0.0,0.0,0.0,0.0,0.0,0.0,0.0,0.0,0.09482980477558449,0.027091656421379395,-0.0012389593219549802,-0.003869195241003998,-0.005068095538217724,0.024845694726732044,0.0,0.0,0.0,0.0,0.0,0.0,0.0,0.0,0.0,0.0,0.0,0.0,0.0,0.0,0.0,0.0,0.0,0.0,0.0,0.0,0.0,0.0,0.0,0.0,0.0,0.0,0.0,0.0,0.0,0.0,0.0,0.0,0.0,0.0,0.0,0.0
17300000000,17,300000000,Archimede_odom,Archimede_base_link,-37.51063912304309,42.673129065350814,337.51012690769807,-0.01382781823653967,-0.037229076888620656,-0.020614922541887373,0.9989984045259684,0.0,0.0,0.0,0.0,0.0,0.0,0.0,0.0,0.0,0.0,0.0,0.0,0.0,0.0,0.0,0.0,0.0,0.0,0.0,0.0,0.0,0.0,0.0,0.0,0.0,0.0,0.0,0.0,0.0,0.0,0.0,0.0,0.0,0.0,0.0,0.0,0.09537201778437657,0.02721645447330544,-0.0012807189739823914,-0.003904954427609396,-0.00511242905417145,0.024373029301014076,0.0,0.0,0.0,0.0,0.0,0.0,0.0,0.0,0.0,0.0,0.0,0.0,0.0,0.0,0.0,0.0,0.0,0.0,0.0,0.0,0.0,0.0,0.0,0.0,0.0,0.0,0.0,0.0,0.0,0.0,0.0,0.0,0.0,0.0,0.0,0.0
17400000000,17,400000000,Archimede_odom,Archimede_base_link,-37.501028436749,42.67548459513272,337.510641298843,-0.014073125549253327,-0.03746348660260114,-0.01940422190955658,0.9990104656513547,0.0,0.0,0.0,0.0,0.0,0.0,0.0,0.0,0.0,0.0,0.0,0.0,0.0,0.0,0.0,0.0,0.0,0.0,0.0,0.0,0.0,0.0,0.0,0.0,0.0,0.0,0.0,0.0,0.0,0.0,0.0,0.0,0.0,0.0,0.0,0.0,0.09508568664712842,0.0274330674146299,-0.0013126547422639694,-0.0038926532830405175,-0.005106515992493206,0.024295442026024232,0.0,0.0,0.0,0.0,0.0,0.0,0.0,0.0,0.0,0.0,0.0,0.0,0.0,0.0,0.0,0.0,0.0,0.0,0.0,0.0,0.0,0.0,0.0,0.0,0.0,0.0,0.0,0.0,0.0,0.0,0.0,0.0,0.0,0.0,0.0,0.0
17500000000,17,500000000,Archimede_odom,Archimede_base_link,-37.491409610608194,42.67787997003634,337.5111551937713,-0.014318567364829712,-0.03769891283136219,-0.018203497140103997,0.9990207221533608,0.0,0.0,0.0,0.0,0.0,0.0,0.0,0.0,0.0,0.0,0.0,0.0,0.0,0.0,0.0,0.0,0.0,0.0,0.0,0.0,0.0,0.0,0.0,0.0,0.0,0.0,0.0,0.0,0.0,0.0,0.0,0.0,0.0,0.0,0.0,0.0,0.09555362909218942,0.027564550590177594,-0.0013543803104626062,-0.00392200384395872,-0.00514570946755556,0.023978615366696744,0.0,0.0,0.0,0.0,0.0,0.0,0.0,0.0,0.0,0.0,0.0,0.0,0.0,0.0,0.0,0.0,0.0,0.0,0.0,0.0,0.0,0.0,0.0,0.0,0.0,0.0,0.0,0.0,0.0,0.0,0.0,0.0,0.0,0.0,0.0,0.0
17600000000,17,600000000,Archimede_odom,Archimede_base_link,-37.4817734847267,42.68031322001096,337.51166920350147,-0.014564317992326246,-0.03793560591397906,-0.017013268151288594,0.9990291883384439,0.0,0.0,0.0,0.0,0.0,0.0,0.0,0.0,0.0,0.0,0.0,0.0,0.0,0.0,0.0,0.0,0.0,0.0,0.0,0.0,0.0,0.0,0.0,0.0,0.0,0.0,0.0,0.0,0.0,0.0,0.0,0.0,0.0,0.0,0.0,0.0,0.09526382769807172,0.027779223664874474,-0.0013861684607028588,-0.0039045317823765946,-0.005137448702554172,0.023984778207922452,0.0,0.0,0.0,0.0,0.0,0.0,0.0,0.0,0.0,0.0,0.0,0.0,0.0,0.0,0.0,0.0,0.0,0.0,0.0,0.0,0.0,0.0,0.0,0.0,0.0,0.0,0.0,0.0,0.0,0.0,0.0,0.0,0.0,0.0,0.0,0.0
17700000000,17,700000000,Archimede_odom,Archimede_base_link,-37.472159103055795,42.68278994786621,337.5121807269345,-0.014809440562928596,-0.03817216350740809,-0.015822312682749553,0.9990361459050149,0.0,0.0,0.0,0.0,0.0,0.0,0.0,0.0,0.0,0.0,0.0,0.0,0.0,0.0,0.0,0.0,0.0,0.0,0.0,0.0,0.0,0.0,0.0,0.0,0.0,0.0,0.0,0.0,0.0,0.0,0.0,0.0,0.0,0.0,0.0,0.0,0.09564133711958103,0.027913906796245613,-0.001427339556150831,-0.0039230236170299014,-0.005168845305007772,0.02382010929083802,0.0,0.0,0.0,0.0,0.0,0.0,0.0,0.0,0.0,0.0,0.0,0.0,0.0,0.0,0.0,0.0,0.0,0.0,0.0,0.0,0.0,0.0,0.0,0.0,0.0,0.0,0.0,0.0,0.0,0.0,0.0,0.0,0.0,0.0,0.0,0.0
17800000000,17,800000000,Archimede_odom,Archimede_base_link,-37.462539541443796,42.68530583490059,337.5126915391538,-0.015054545359519283,-0.03840943873370932,-0.014634431231333069,0.9990414951856179,0.0,0.0,0.0,0.0,0.0,0.0,0.0,0.0,0.0,0.0,0.0,0.0,0.0,0.0,0.0,0.0,0.0,0.0,0.0,0.0,0.0,0.0,0.0,0.0,0.0,0.0,0.0,0.0,0.0,0.0,0.0,0.0,0.0,0.0,0.0,0.0,0.09520809677341882,0.02814385257340527,-0.0014566858674762025,-0.0038921919863294926,-0.005150304538643429,0.023981606864611666,0.0,0.0,0.0,0.0,0.0,0.0,0.0,0.0,0.0,0.0,0.0,0.0,0.0,0.0,0.0,0.0,0.0,0.0,0.0,0.0,0.0,0.0,0.0,0.0,0.0,0.0,0.0,0.0,0.0,0.0,0.0,0.0,0.0,0.0,0.0,0.0
17900000000,17,900000000,Archimede_odom,Archimede_base_link,-37.45271867446511,42.68790896609606,337.5131746418302,-0.015220140162572619,-0.03865452039470194,-0.013457113865154736,0.9990460857602653,0.0,0.0,0.0,0.0,0.0,0.0,0.0,0.0,0.0,0.0,0.0,0.0,0.0,0.0,0.0,0.0,0.0,0.0,0.0,0.0,0.0,0.0,0.0,0.0,0.0,0.0,0.0,0.0,0.0,0.0,0.0,0.0,0.0,0.0,0.0,0.0,0.09959484320442331,0.03005762564045758,-0.0021713356107973735,-0.0013804821995352053,-0.005412487912821384,0.023005102825109598,0.0,0.0,0.0,0.0,0.0,0.0,0.0,0.0,0.0,0.0,0.0,0.0,0.0,0.0,0.0,0.0,0.0,0.0,0.0,0.0,0.0,0.0,0.0,0.0,0.0,0.0,0.0,0.0,0.0,0.0,0.0,0.0,0.0,0.0,0.0,0.0
18000000000,18,0,Archimede_odom,Archimede_base_link,-37.44259314094315,42.69074199572097,337.5136465912024,-0.014932442178537095,-0.03867048997733215,-0.012319353225421681,0.9990644868633881,0.0,0.0,0.0,0.0,0.0,0.0,0.0,0.0,0.0,0.0,0.0,0.0,0.0,0.0,0.0,0.0,0.0,0.0,0.0,0.0,0.0,0.0,0.0,0.0,0.0,0.0,0.0,0.0,0.0,0.0,0.0,0.0,0.0,0.0,0.0,0.0,0.10094363220983978,0.03169966120198771,-0.002217229453277046,0.007651822222331306,3.085723728373197e-05,0.0222288113784732,0.0,0.0,0.0,0.0,0.0,0.0,0.0,0.0,0.0,0.0,0.0,0.0,0.0,0.0,0.0,0.0,0.0,0.0,0.0,0.0,0.0,0.0,0.0,0.0,0.0,0.0,0.0,0.0,0.0,0.0,0.0,0.0,0.0,0.0,0.0,0.0
18100000000,18,100000000,Archimede_odom,Archimede_base_link,-37.432726448607696,42.69376604202888,337.51420345677,-0.014825298414314162,-0.03866345495271336,-0.01128300349937856,0.999078596312662,0.0,0.0,0.0,0.0,0.0,0.0,0.0,0.0,0.0,0.0,0.0,0.0,0.0,0.0,0.0,0.0,0.0,0.0,0.0,0.0,0.0,0.0,0.0,0.0,0.0,0.0,0.0,0.0,0.0,0.0,0.0,0.0,0.0,0.0,0.0,0.0,0.09379775712535376,0.032725359006518726,-0.00038558322890630493,0.0013559266378867043,-0.0010759500361565875,0.018344704535732767,0.0,0.0,0.0,0.0,0.0,0.0,0.0,0.0,0.0,0.0,0.0,0.0,0.0,0.0,0.0,0.0,0.0,0.0,0.0,0.0,0.0,0.0,0.0,0.0,0.0,0.0,0.0,0.0,0.0,0.0,0.0,0.0,0.0,0.0,0.0,0.0
18200000000,18,200000000,Archimede_odom,Archimede_base_link,-37.42376707642701,42.69677638354667,337.51476628422665,-0.01479205131221543,-0.03870413771774083,-0.010511984968779732,0.9990859237890999,0.0,0.0,0.0,0.0,0.0,0.0,0.0,0.0,0.0,0.0,0.0,0.0,0.0,0.0,0.0,0.0,0.0,0.0,0.0,0.0,0.0,0.0,0.0,0.0,0.0,0.0,0.0,0.0,0.0,0.0,0.0,0.0,0.0,0.0,0.0,0.0,0.08609911395520567,0.03153331592318019,-0.0003628229216555325,0.0012156578525981364,-0.000997357923935049,0.013145781545525825,0.0,0.0,0.0,0.0,0.0,0.0,0.0,0.0,0.0,0.0,0.0,0.0,0.0,0.0,0.0,0.0,0.0,0.0,0.0,0.0,0.0,0.0,0.0,0.0,0.0,0.0,0.0,0.0,0.0,0.0,0.0,0.0,0.0,0.0,0.0,0.0
18300000000,18,300000000,Archimede_odom,Archimede_base_link,-37.41536672146614,42.69974233905813,337.5152899770745,-0.014755463806898766,-0.0387451821657611,-0.009961761013005435,0.999090511647621,0.0,0.0,0.0,0.0,0.0,0.0,0.0,0.0,0.0,0.0,0.0,0.0,0.0,0.0,0.0,0.0,0.0,0.0,0.0,0.0,0.0,0.0,0.0,0.0,0.0,0.0,0.0,0.0,0.0,0.0,0.0,0.0,0.0,0.0,0.0,0.0,0.08195225156002303,0.03117166699255212,-0.00035374432258789815,0.0011341351262031175,-0.0009550080414794926,0.009312321605635407,0.0,0.0,0.0,0.0,0.0,0.0,0.0,0.0,0.0,0.0,0.0,0.0,0.0,0.0,0.0,0.0,0.0,0.0,0.0,0.0,0.0,0.0,0.0,0.0,0.0,0.0,0.0,0.0,0.0,0.0,0.0,0.0,0.0,0.0,0.0,0.0
18400000000,18,400000000,Archimede_odom,Archimede_base_link,-37.4072733441763,42.70270544487669,337.51579159372415,-0.014715699516157848,-0.03878702868928746,-0.009573801545788558,0.999093267376559,0.0,0.0,0.0,0.0,0.0,0.0,0.0,0.0,0.0,0.0,0.0,0.0,0.0,0.0,0.0,0.0,0.0,0.0,0.0,0.0,0.0,0.0,0.0,0.0,0.0,0.0,0.0,0.0,0.0,0.0,0.0,0.0,0.0,0.0,0.0,0.0,0.07953548331775669,0.031139393023153366,-0.00035177351047280427,0.001083282343058688,-0.0009307774234939344,0.006527886640671207,0.0,0.0,0.0,0.0,0.0,0.0,0.0,0.0,0.0,0.0,0.0,0.0,0.0,0.0,0.0,0.0,0.0,0.0,0.0,0.0,0.0,0.0,0.0,0.0,0.0,0.0,0.0,0.0,0.0,0.0,0.0,0.0,0.0,0.0,0.0,0.0
18500000000,18,500000000,Archimede_odom,Archimede_base_link,-37.39936187349664,42.705679749383485,337.5162797767823,-0.014673330685510346,-0.038829689645868776,-0.009304238856430523,0.9990947801424556,0.0,0.0,0.0,0.0,0.0,0.0,0.0,0.0,0.0,0.0,0.0,0.0,0.0,0.0,0.0,0.0,0.0,0.0,0.0,0.0,0.0,0.0,0.0,0.0,0.0,0.0,0.0,0.0,0.0,0.0,0.0,0.0,0.0,0.0,0.0,0.0,0.07837443453352763,0.031157445130576687,-0.00035593840868575384,0.0010528322886086332,-0.0009182071950677875,0.004387981047920826,0.0,0.0,0.0,0.0,0.0,0.0,0.0,0.0,0.0,0.0,0.0,0.0,0.0,0.0,0.0,0.0,0.0,0.0,0.0,0.0,0.0,0.0,0.0,0.0,0.0,0.0,0.0,0.0,0.0,0.0,0.0,0.0,0.0,0.0,0.0,0.0
18600000000,18,600000000,Archimede_odom,Archimede_base_link,-37.39151244358387,42.70865799694686,337.51676336180515,-0.014628335351739612,-0.03887335453224966,-0.009130711809309569,0.9990953429048213,0.0,0.0,0.0,0.0,0.0,0.0,0.0,0.0,0.0,0.0,0.0,0.0,0.0,0.0,0.0,0.0,0.0,0.0,0.0,0.0,0.0,0.0,0.0,0.0,0.0,0.0,0.0,0.0,0.0,0.0,0.0,0.0,0.0,0.0,0.0,0.0,0.07790142081527769,0.031170038063397364,-0.00036369968956404214,0.001034173647946219,-0.0009120194948440557,0.0027111224477416682,0.0,0.0,0.0,0.0,0.0,0.0,0.0,0.0,0.0,0.0,0.0,0.0,0.0,0.0,0.0,0.0,0.0,0.0,0.0,0.0,0.0,0.0,0.0,0.0,0.0,0.0,0.0,0.0,0.0,0.0,0.0,0.0,0.0,0.0,0.0,0.0
18701000000,18,700000000,Archimede_odom,Archimede_base_link,-37.38368928057043,42.71163913711556,337.51724495917074,-0.014581199403010557,-0.03891788494323514,-0.009030859135217605,0.9990952058932094,0.0,0.0,0.0,0.0,0.0,0.0,0.0,0.0,0.0,0.0,0.0,0.0,0.0,0.0,0.0,0.0,0.0,0.0,0.0,0.0,0.0,0.0,0.0,0.0,0.0,0.0,0.0,0.0,0.0,0.0,0.0,0.0,0.0,0.0,0.0,0.0,0.07781048343197867,0.03116488042732078,-0.00037356971668359965,0.0,0.0,0.0,0.0,0.0,0.0,0.0,0.0,0.0,0.0,0.0,0.0,0.0,0.0,0.0,0.0,0.0,0.0,0.0,0.0,0.0,0.0,0.0,0.0,0.0,0.0,0.0,0.0,0.0,0.0,0.0,0.0,0.0,0.0,0.0,0.0,0.0,0.0,0.0
18800000000,18,800000000,Archimede_odom,Archimede_base_link,-37.375874043907544,42.714621790951114,337.5177259307203,-0.014532311483974051,-0.03896315154517381,-0.008988854729361027,0.9990945326820957,0.0,0.0,0.0,0.0,0.0,0.0,0.0,0.0,0.0,0.0,0.0,0.0,0.0,0.0,0.0,0.0,0.0,0.0,0.0,0.0,0.0,0.0,0.0,0.0,0.0,0.0,0.0,0.0,0.0,0.0,0.0,0.0,0.0,0.0,0.0,0.0,0.07775155872257702,0.031169176456229575,-0.0003835453968538184,0.0,0.0,0.0,0.0,0.0,0.0,0.0,0.0,0.0,0.0,0.0,0.0,0.0,0.0,0.0,0.0,0.0,0.0,0.0,0.0,0.0,0.0,0.0,0.0,0.0,0.0,0.0,0.0,0.0,0.0,0.0,0.0,0.0,0.0,0.0,0.0,0.0,0.0,0.0
18900000000,18,900000000,Archimede_odom,Archimede_base_link,-37.368072658408515,42.717606875007306,337.51820582871704,-0.014482209163947676,-0.039008926847105024,-0.008988666895703424,0.9990934756625163,0.0,0.0,0.0,0.0,0.0,0.0,0.0,0.0,0.0,0.0,0.0,0.0,0.0,0.0,0.0,0.0,0.0,0.0,0.0,0.0,0.0,0.0,0.0,0.0,0.0,0.0,0.0,0.0,0.0,0.0,0.0,0.0,0.0,0.0,0.0,0.0,0.07751557124017101,0.031205463135435207,-0.0003923319394587119,0.0,0.0,0.0,0.0,0.0,0.0,0.0,0.0,0.0,0.0,0.0,0.0,0.0,0.0,0.0,0.0,0.0,0.0,0.0,0.0,0.0,0.0,0.0,0.0,0.0,0.0,0.0,0.0,0.0,0.0,0.0,0.0,0.0,0.0,0.0,0.0,0.0,0.0,0.0
19000000000,19,0,Archimede_odom,Archimede_base_link,-37.36027863703451,42.720592373290025,337.5186851774244,-0.014431190047477766,-0.03905509201041489,-0.00901962287225433,0.9990921313598231,0.0,0.0,0.0,0.0,0.0,0.0,0.0,0.0,0.0,0.0,0.0,0.0,0.0,0.0,0.0,0.0,0.0,0.0,0.0,0.0,0.0,0.0,0.0,0.0,0.0,0.0,0.0,0.0,0.0,0.0,0.0,0.0,0.0,0.0,0.0,0.0,0.07759227355405454,0.031183052309011534,-0.0004030970056747757,0.0,0.0,0.0,0.0,0.0,0.0,0.0,0.0,0.0,0.0,0.0,0.0,0.0,0.0,0.0,0.0,0.0,0.0,0.0,0.0,0.0,0.0,0.0,0.0,0.0,0.0,0.0,0.0,0.0,0.0,0.0,0.0,0.0,0.0,0.0,0.0,0.0,0.0,0.0
19100000000,19,100000000,Archimede_odom,Archimede_base_link,-37.35247898955463,42.723575127396806,337.51916499920196,-0.01437935990889901,-0.03910161512947159,-0.009075978349296876,0.9990905486090238,0.0,0.0,0.0,0.0,0.0,0.0,0.0,0.0,0.0,0.0,0.0,0.0,0.0,0.0,0.0,0.0,0.0,0.0,0.0,0.0,0.0,0.0,0.0,0.0,0.0,0.0,0.0,0.0,0.0,0.0,0.0,0.0,0.0,0.0,0.0,0.0,0.07763092896466794,0.031165578210026485,-0.0004136167593615774,0.0,0.0,0.0,0.0,0.0,0.0,0.0,0.0,0.0,0.0,0.0,0.0,0.0,0.0,0.0,0.0,0.0,0.0,0.0,0.0,0.0,0.0,0.0,0.0,0.0,0.0,0.0,0.0,0.0,0.0,0.0,0.0,0.0,0.0,0.0,0.0,0.0,0.0,0.0
19200000000,19,200000000,Archimede_odom,Archimede_base_link,-37.344669312550025,42.72655615497423,337.51964556178365,-0.014353117424162124,-0.03916401440261001,-0.009152864278637568,0.9990877804635473,0.0,0.0,0.0,0.0,0.0,0.0,0.0,0.0,0.0,0.0,0.0,0.0,0.0,0.0,0.0,0.0,0.0,0.0,0.0,0.0,0.0,0.0,0.0,0.0,0.0,0.0,0.0,0.0,0.0,0.0,0.0,0.0,0.0,0.0,0.0,0.0,0.07766008544857353,0.031223047336688965,-0.000425084808627127,8.137365144267244e-05,-0.0014592985597174563,-0.0017169641131405578,0.0,0.0,0.0,0.0,0.0,0.0,0.0,0.0,0.0,0.0,0.0,0.0,0.0,0.0,0.0,0.0,0.0,0.0,0.0,0.0,0.0,0.0,0.0,0.0,0.0,0.0,0.0,0.0,0.0,0.0,0.0,0.0,0.0,0.0,0.0,0.0
19300000000,19,300000000,Archimede_odom,Archimede_base_link,-37.33686011215942,42.7295452826192,337.52012584625703,-0.014346282742565206,-0.03923851601735338,-0.009248004340698942,0.9990840792685772,0.0,0.0,0.0,0.0,0.0,0.0,0.0,0.0,0.0,0.0,0.0,0.0,0.0,0.0,0.0,0.0,0.0,0.0,0.0,0.0,0.0,0.0,0.0,0.0,0.0,0.0,0.0,0.0,0.0,0.0,0.0,0.0,0.0,0.0,0.0,0.0,0.07772621316498132,0.031285541440285725,-0.0004371061135426899,7.020483694042481e-05,-0.0014653019288104131,-0.0020858487248388816,0.0,0.0,0.0,0.0,0.0,0.0,0.0,0.0,0.0,0.0,0.0,0.0,0.0,0.0,0.0,0.0,0.0,0.0,0.0,0.0,0.0,0.0,0.0,0.0,0.0,0.0,0.0,0.0,0.0,0.0,0.0,0.0,0.0,0.0,0.0,0.0
19400000000,19,400000000,Archimede_odom,Archimede_base_link,-37.32904577492677,42.732536045793665,337.5206064503391,-0.01433923038690687,-0.039313429420326354,-0.009358969153016728,0.9990802022037656,0.0,0.0,0.0,0.0,0.0,0.0,0.0,0.0,0.0,0.0,0.0,0.0,0.0,0.0,0.0,0.0,0.0,0.0,0.0,0.0,0.0,0.0,0.0,0.0,0.0,0.0,0.0,0.0,0.0,0.0,0.0,0.0,0.0,0.0,0.0,0.0,0.07775647121688774,0.03130100150415158,-0.00044901350231716134,6.40919907520696e-05,-0.0014676794417856356,-0.002363465129316576,0.0,0.0,0.0,0.0,0.0,0.0,0.0,0.0,0.0,0.0,0.0,0.0,0.0,0.0,0.0,0.0,0.0,0.0,0.0,0.0,0.0,0.0,0.0,0.0,0.0,0.0,0.0,0.0,0.0,0.0,0.0,0.0,0.0,0.0,0.0,0.0
19500000000,19,500000000,Archimede_odom,Archimede_base_link,-37.32122885538629,42.735525158368695,337.5210872808685,-0.014331944617550678,-0.03938858392707119,-0.009481860029512396,0.9990761878606057,0.0,0.0,0.0,0.0,0.0,0.0,0.0,0.0,0.0,0.0,0.0,0.0,0.0,0.0,0.0,0.0,0.0,0.0,0.0,0.0,0.0,0.0,0.0,0.0,0.0,0.0,0.0,0.0,0.0,0.0,0.0,0.0,0.0,0.0,0.0,0.0,0.07776752667974436,0.031295155012280626,-0.000460842911865256,6.0286990783548045e-05,-0.0014685636417918547,-0.002573059511838546,0.0,0.0,0.0,0.0,0.0,0.0,0.0,0.0,0.0,0.0,0.0,0.0,0.0,0.0,0.0,0.0,0.0,0.0,0.0,0.0,0.0,0.0,0.0,0.0,0.0,0.0,0.0,0.0,0.0,0.0,0.0,0.0,0.0,0.0,0.0,0.0
19600000000,19,600000000,Archimede_odom,Archimede_base_link,-37.313410706247694,42.7385110529353,337.5215682839525,-0.014324458193452742,-0.039463887232948934,-0.00961376596415534,0.9990720629693914,0.0,0.0,0.0,0.0,0.0,0.0,0.0,0.0,0.0,0.0,0.0,0.0,0.0,0.0,0.0,0.0,0.0,0.0,0.0,0.0,0.0,0.0,0.0,0.0,0.0,0.0,0.0,0.0,0.0,0.0,0.0,0.0,0.0,0.0,0.0,0.0,0.07776820282642985,0.031279379065300386,-0.00047262025412250904,5.766717180668939e-05,-0.0014687160833924957,-0.002731709080232496,0.0,0.0,0.0,0.0,0.0,0.0,0.0,0.0,0.0,0.0,0.0,0.0,0.0,0.0,0.0,0.0,0.0,0.0,0.0,0.0,0.0,0.0,0.0,0.0,0.0,0.0,0.0,0.0,0.0,0.0,0.0,0.0,0.0,0.0,0.0,0.0
19700000000,19,700000000,Archimede_odom,Archimede_base_link,-37.30559204853004,42.74149294014194,337.5220494297283,-0.014316811894323067,-0.03953928420410289,-0.009752510914407372,0.9990678467615071,0.0,0.0,0.0,0.0,0.0,0.0,0.0,0.0,0.0,0.0,0.0,0.0,0.0,0.0,0.0,0.0,0.0,0.0,0.0,0.0,0.0,0.0,0.0,0.0,0.0,0.0,0.0,0.0,0.0,0.0,0.0,0.0,0.0,0.0,0.0,0.0,0.07776320848453676,0.03125876285918384,-0.0004843624655343914,5.574140656316348e-05,-0.001468546047510336,-0.0028523399234628177,0.0,0.0,0.0,0.0,0.0,0.0,0.0,0.0,0.0,0.0,0.0,0.0,0.0,0.0,0.0,0.0,0.0,0.0,0.0,0.0,0.0,0.0,0.0,0.0,0.0,0.0,0.0,0.0,0.0,0.0,0.0,0.0,0.0,0.0,0.0,0.0
19800000000,19,800000000,Archimede_odom,Archimede_base_link,-37.2977732691265,42.7444703925765,337.52253070237066,-0.014309042136836649,-0.03961473915022752,-0.009896467207948331,0.9990635533798576,0.0,0.0,0.0,0.0,0.0,0.0,0.0,0.0,0.0,0.0,0.0,0.0,0.0,0.0,0.0,0.0,0.0,0.0,0.0,0.0,0.0,0.0,0.0,0.0,0.0,0.0,0.0,0.0,0.0,0.0,0.0,0.0,0.0,0.0,0.0,0.0,0.07775507762794182,0.031235629626082118,-0.0004960800893271734,5.4264791080523924e-05,-0.0014681772756288884,-0.0029444711537281467,0.0,0.0,0.0,0.0,0.0,0.0,0.0,0.0,0.0,0.0,0.0,0.0,0.0,0.0,0.0,0.0,0.0,0.0,0.0,0.0,0.0,0.0,0.0,0.0,0.0,0.0,0.0,0.0,0.0,0.0,0.0,0.0,0.0,0.0,0.0,0.0
19900000000,19,900000000,Archimede_odom,Archimede_base_link,-37.28995457718773,42.74744315849577,337.5230120939594,-0.014301178284707833,-0.039690227622220256,-0.010044416935779642,0.9990591933511175,0.0,0.0,0.0,0.0,0.0,0.0,0.0,0.0,0.0,0.0,0.0,0.0,0.0,0.0,0.0,0.0,0.0,0.0,0.0,0.0,0.0,0.0,0.0,0.0,0.0,0.0,0.0,0.0,0.0,0.0,0.0,0.0,0.0,0.0,0.0,0.0,0.07774518588043311,0.031211076020804206,-0.0005077794998437422,5.3100234848997105e-05,-0.00146767584347588,-0.0030152457551591016,0.0,0.0,0.0,0.0,0.0,0.0,0.0,0.0,0.0,0.0,0.0,0.0,0.0,0.0,0.0,0.0,0.0,0.0,0.0,0.0,0.0,0.0,0.0,0.0,0.0,0.0,0.0,0.0,0.0,0.0,0.0,0.0,0.0,0.0,0.0,0.0
20000000000,20,0,Archimede_odom,Archimede_base_link,-37.282136086822376,42.750411076677686,337.5234936008782,-0.014293243048050517,-0.03976573225320237,-0.01019544864109394,0.999054774558704,0.0,0.0,0.0,0.0,0.0,0.0,0.0,0.0,0.0,0.0,0.0,0.0,0.0,0.0,0.0,0.0,0.0,0.0,0.0,0.0,0.0,0.0,0.0,0.0,0.0,0.0,0.0,0.0,0.0,0.0,0.0,0.0,0.0,0.0,0.0,0.0,0.07773428724059248,0.03118564648238435,-0.000519464468127225,5.216417043745382e-05,-0.0014671534745320045,-0.0030701730425633385,0.0,0.0,0.0,0.0,0.0,0.0,0.0,0.0,0.0,0.0,0.0,0.0,0.0,0.0,0.0,0.0,0.0,0.0,0.0,0.0,0.0,0.0,0.0,0.0,0.0,0.0,0.0,0.0,0.0,0.0,0.0,0.0,0.0,0.0,0.0,0.0
20100000000,20,100000000,Archimede_odom,Archimede_base_link,-37.273412937929194,42.75314190449213,337.5239412983212,-0.014276053844601278,-0.039707384540190516,-0.010626477290855557,0.9990528493928589,0.0,0.0,0.0,0.0,0.0,0.0,0.0,0.0,0.0,0.0,0.0,0.0,0.0,0.0,0.0,0.0,0.0,0.0,0.0,0.0,0.0,0.0,0.0,0.0,0.0,0.0,0.0,0.0,0.0,0.0,0.0,0.0,0.0,0.0,0.0,0.0,0.09060281650936379,0.02937365365762351,-0.0019338998516650325,2.9709800126396233e-05,0.002019108733906423,-0.01100944318154458,0.0,0.0,0.0,0.0,0.0,0.0,0.0,0.0,0.0,0.0,0.0,0.0,0.0,0.0,0.0,0.0,0.0,0.0,0.0,0.0,0.0,0.0,0.0,0.0,0.0,0.0,0.0,0.0,0.0,0.0,0.0,0.0,0.0,0.0,0.0,0.0
20200000000,20,200000000,Archimede_odom,Archimede_base_link,-37.26409027519615,42.75594134355901,337.52439866538265,-0.014249805804692725,-0.03961234481880177,-0.011262822965750447,0.9990500257701448,0.0,0.0,0.0,0.0,0.0,0.0,0.0,0.0,0.0,0.0,0.0,0.0,0.0,0.0,0.0,0.0,0.0,0.0,0.0,0.0,0.0,0.0,0.0,0.0,0.0,0.0,0.0,0.0,0.0,0.0,0.0,0.0,0.0,0.0,0.0,0.0,0.0939861083566064,0.030378632940984918,-0.002004947083325801,-2.311114018396952e-05,0.0021252884162268264,-0.013953537459571596,0.0,0.0,0.0,0.0,0.0,0.0,0.0,0.0,0.0,0.0,0.0,0.0,0.0,0.0,0.0,0.0,0.0,0.0,0.0,0.0,0.0,0.0,0.0,0.0,0.0,0.0,0.0,0.0,0.0,0.0,0.0,0.0,0.0,0.0,0.0,0.0
20300000000,20,300000000,Archimede_odom,Archimede_base_link,-37.25452975170176,42.75878400175768,337.5248672423814,-0.014220503329043576,-0.03951520362565726,-0.012024101064365428,0.9990454178670184,0.0,0.0,0.0,0.0,0.0,0.0,0.0,0.0,0.0,0.0,0.0,0.0,0.0,0.0,0.0,0.0,0.0,0.0,0.0,0.0,0.0,0.0,0.0,0.0,0.0,0.0,0.0,0.0,0.0,0.0,0.0,0.0,0.0,0.0,0.0,0.0,0.09579932086692167,0.03071312529547074,-0.0020338584848544413,-5.2752406653337596e-05,0.0021883044885780446,-0.01616798949789487,0.0,0.0,0.0,0.0,0.0,0.0,0.0,0.0,0.0,0.0,0.0,0.0,0.0,0.0,0.0,0.0,0.0,0.0,0.0,0.0,0.0,0.0,0.0,0.0,0.0,0.0,0.0,0.0,0.0,0.0,0.0,0.0,0.0,0.0,0.0,0.0
20400000000,20,400000000,Archimede_odom,Archimede_base_link,-37.24484417023157,42.761626911493266,337.52534223675656,-0.014188592502763216,-0.03941708036688721,-0.012878953183444484,0.9990390934207928,0.0,0.0,0.0,0.0,0.0,0.0,0.0,0.0,0.0,0.0,0.0,0.0,0.0,0.0,0.0,0.0,0.0,0.0,0.0,0.0,0.0,0.0,0.0,0.0,0.0,0.0,0.0,0.0,0.0,0.0,0.0,0.0,0.0,0.0,0.0,0.0,0.09648699976439307,0.030838015442712113,-0.0020342889875515475,-7.068570783064077e-05,0.002218698311082681,-0.01775637987051221,0.0,0.0,0.0,0.0,0.0,0.0,0.0,0.0,0.0,0.0,0.0,0.0,0.0,0.0,0.0,0.0,0.0,0.0,0.0,0.0,0.0,0.0,0.0,0.0,0.0,0.0,0.0,0.0,0.0,0.0,0.0,0.0,0.0,0.0,0.0,0.0
20500000000,20,500000000,Archimede_odom,Archimede_base_link,-37.23511260088963,42.76444437591057,337.5258304593916,-0.014178240309119565,-0.03931845021703873,-0.013800852878393855,0.9990308170592617,0.0,0.0,0.0,0.0,0.0,0.0,0.0,0.0,0.0,0.0,0.0,0.0,0.0,0.0,0.0,0.0,0.0,0.0,0.0,0.0,0.0,0.0,0.0,0.0,0.0,0.0,0.0,0.0,0.0,0.0,0.0,0.0,0.0,0.0,0.0,0.0,0.09650280834301174,0.03020066211747784,-0.001673861262504179,-0.0016231729995416732,0.0022423766059751953,-0.018761327480298844,0.0,0.0,0.0,0.0,0.0,0.0,0.0,0.0,0.0,0.0,0.0,0.0,0.0,0.0,0.0,0.0,0.0,0.0,0.0,0.0,0.0,0.0,0.0,0.0,0.0,0.0,0.0,0.0,0.0,0.0,0.0,0.0,0.0,0.0,0.0,0.0
20601000000,20,600000000,Archimede_odom,Archimede_base_link,-37.22548055029396,42.767102370463434,337.5263406570053,-0.014219286094013309,-0.03921907121193896,-0.01475075421970336,0.999020566157774,0.0,0.0,0.0,0.0,0.0,0.0,0.0,0.0,0.0,0.0,0.0,0.0,0.0,0.0,0.0,0.0,0.0,0.0,0.0,0.0,0.0,0.0,0.0,0.0,0.0,0.0,0.0,0.0,0.0,0.0,0.0,0.0,0.0,0.0,0.0,0.0,0.09531057985624289,0.028637331879311008,-0.0016366505409939392,-0.0015819838778580735,0.0022379944041490815,-0.019093148129067764,0.0,0.0,0.0,0.0,0.0,0.0,0.0,0.0,0.0,0.0,0.0,0.0,0.0,0.0,0.0,0.0,0.0,0.0,0.0,0.0,0.0,0.0,0.0,0.0,0.0,0.0,0.0,0.0,0.0,0.0,0.0,0.0,0.0,0.0,0.0,0.0
20700000000,20,700000000,Archimede_odom,Archimede_base_link,-37.21595229961042,42.769643135556315,337.5268473798923,-0.014258343570413496,-0.039120226593929254,-0.015710521822159224,0.9990092527168821,0.0,0.0,0.0,0.0,0.0,0.0,0.0,0.0,0.0,0.0,0.0,0.0,0.0,0.0,0.0,0.0,0.0,0.0,0.0,0.0,0.0,0.0,0.0,0.0,0.0,0.0,0.0,0.0,0.0,0.0,0.0,0.0,0.0,0.0,0.0,0.0,0.09409373636718518,0.02801095084800625,-0.0015943511040948817,-0.0015539147753608857,0.0022199790718479243,-0.01913042759354338,0.0,0.0,0.0,0.0,0.0,0.0,0.0,0.0,0.0,0.0,0.0,0.0,0.0,0.0,0.0,0.0,0.0,0.0,0.0,0.0,0.0,0.0,0.0,0.0,0.0,0.0,0.0,0.0,0.0,0.0,0.0,0.0,0.0,0.0,0.0,0.0
20800000000,20,800000000,Archimede_odom,Archimede_base_link,-37.2064926987686,42.77211087826046,337.5273575772305,-0.014296204636003593,-0.03902968953919152,-0.016676230620513096,0.9989965991932962,0.0,0.0,0.0,0.0,0.0,0.0,0.0,0.0,0.0,0.0,0.0,0.0,0.0,0.0,0.0,0.0,0.0,0.0,0.0,0.0,0.0,0.0,0.0,0.0,0.0,0.0,0.0,0.0,0.0,0.0,0.0,0.0,0.0,0.0,0.0,0.0,0.0935202058230771,0.027182055754084562,-0.0013510057844293316,-0.0015319410060424447,0.0016322630315995699,-0.019446006688040595,0.0,0.0,0.0,0.0,0.0,0.0,0.0,0.0,0.0,0.0,0.0,0.0,0.0,0.0,0.0,0.0,0.0,0.0,0.0,0.0,0.0,0.0,0.0,0.0,0.0,0.0,0.0,0.0,0.0,0.0,0.0,0.0,0.0,0.0,0.0,0.0
20900000000,20,900000000,Archimede_odom,Archimede_base_link,-37.19715615048421,42.774439614408436,337.52787905810123,-0.014331785875796588,-0.03896091342691427,-0.017668589260443332,0.998981715594483,0.0,0.0,0.0,0.0,0.0,0.0,0.0,0.0,0.0,0.0,0.0,0.0,0.0,0.0,0.0,0.0,0.0,0.0,0.0,0.0,0.0,0.0,0.0,0.0,0.0,0.0,0.0,0.0,0.0,0.0,0.0,0.0,0.0,0.0,0.0,0.0,0.09196725019211249,0.02597757427040214,-0.0013195447109561275,-0.001499167445207629,0.0016327651981541478,-0.019998524890273383,0.0,0.0,0.0,0.0,0.0,0.0,0.0,0.0,0.0,0.0,0.0,0.0,0.0,0.0,0.0,0.0,0.0,0.0,0.0,0.0,0.0,0.0,0.0,0.0,0.0,0.0,0.0,0.0,0.0,0.0,0.0,0.0,0.0,0.0,0.0,0.0
21000000000,21,0,Archimede_odom,Archimede_base_link,-37.187919204300755,42.7766679442176,337.52839646820553,-0.014365231645761114,-0.038892230738869486,-0.018685942280468656,0.9989653998357547,0.0,0.0,0.0,0.0,0.0,0.0,0.0,0.0,0.0,0.0,0.0,0.0,0.0,0.0,0.0,0.0,0.0,0.0,0.0,0.0,0.0,0.0,0.0,0.0,0.0,0.0,0.0,0.0,0.0,0.0,0.0,0.0,0.0,0.0,0.0,0.0,0.09135972707108064,0.02532912957379054,-0.00129923623080386,-0.00148294654066309,0.0016422802458278102,-0.02047683646199548,0.0,0.0,0.0,0.0,0.0,0.0,0.0,0.0,0.0,0.0,0.0,0.0,0.0,0.0,0.0,0.0,0.0,0.0,0.0,0.0,0.0,0.0,0.0,0.0,0.0,0.0,0.0,0.0,0.0,0.0,0.0,0.0,0.0,0.0,0.0,0.0
21100000000,21,100000000,Archimede_odom,Archimede_base_link,-37.17874643804653,42.77883721996896,337.52891113515955,-0.014397279020292648,-0.038823610374996965,-0.019719733339496212,0.9989477352450835,0.0,0.0,0.0,0.0,0.0,0.0,0.0,0.0,0.0,0.0,0.0,0.0,0.0,0.0,0.0,0.0,0.0,0.0,0.0,0.0,0.0,0.0,0.0,0.0,0.0,0.0,0.0,0.0,0.0,0.0,0.0,0.0,0.0,0.0,0.0,0.0,0.09071164664696614,0.02502470088014446,-0.00127547831283187,-0.0014692848073933746,0.001642795840435573,-0.020716224625595657,0.0,0.0,0.0,0.0,0.0,0.0,0.0,0.0,0.0,0.0,0.0,0.0,0.0,0.0,0.0,0.0,0.0,0.0,0.0,0.0,0.0,0.0,0.0,0.0,0.0,0.0,0.0,0.0,0.0,0.0,0.0,0.0,0.0,0.0,0.0,0.0
21200000000,21,200000000,Archimede_odom,Archimede_base_link,-37.16962143248528,42.78096515825817,337.5294237244305,-0.014428330513172926,-0.038755002798009495,-0.02076293838272693,0.9989288129924194,0.0,0.0,0.0,0.0,0.0,0.0,0.0,0.0,0.0,0.0,0.0,0.0,0.0,0.0,0.0,0.0,0.0,0.0,0.0,0.0,0.0,0.0,0.0,0.0,0.0,0.0,0.0,0.0,0.0,0.0,0.0,0.0,0.0,0.0,0.0,0.0,0.0902816979324261,0.024819515286032965,-0.0012543310406844675,-0.0014578347841655349,0.001645429628957479,-0.020866532364333595,0.0,0.0,0.0,0.0,0.0,0.0,0.0,0.0,0.0,0.0,0.0,0.0,0.0,0.0,0.0,0.0,0.0,0.0,0.0,0.0,0.0,0.0,0.0,0.0,0.0,0.0,0.0,0.0,0.0,0.0,0.0,0.0,0.0,0.0,0.0,0.0
21300000000,21,300000000,Archimede_odom,Archimede_base_link,-37.160529778196356,42.78305781119084,337.52993502055097,-0.014458598909254494,-0.03868628928562646,-0.021811511227418697,0.9989086934834767,0.0,0.0,0.0,0.0,0.0,0.0,0.0,0.0,0.0,0.0,0.0,0.0,0.0,0.0,0.0,0.0,0.0,0.0,0.0,0.0,0.0,0.0,0.0,0.0,0.0,0.0,0.0,0.0,0.0,0.0,0.0,0.0,0.0,0.0,0.0,0.0,0.08994562918795414,0.024659496818303005,-0.001234229864357085,-0.0014468605413763568,0.0016486390644911396,-0.020942086222780248,0.0,0.0,0.0,0.0,0.0,0.0,0.0,0.0,0.0,0.0,0.0,0.0,0.0,0.0,0.0,0.0,0.0,0.0,0.0,0.0,0.0,0.0,0.0,0.0,0.0,0.0,0.0,0.0,0.0,0.0,0.0,0.0,0.0,0.0,0.0,0.0
21400000000,21,400000000,Archimede_odom,Archimede_base_link,-37.15144588151685,42.78509634121974,337.5304473522888,-0.014354094074260668,-0.038540301593445646,-0.02286281229814013,0.9988923350142465,0.0,0.0,0.0,0.0,0.0,0.0,0.0,0.0,0.0,0.0,0.0,0.0,0.0,0.0,0.0,0.0,0.0,0.0,0.0,0.0,0.0,0.0,0.0,0.0,0.0,0.0,0.0,0.0,0.0,0.0,0.0,0.0,0.0,0.0,0.0,0.0,0.08996386347776741,0.024185048777673294,-0.0012100414631349028,0.0023387171951180052,0.003936773892189876,-0.021077296205091106,0.0,0.0,0.0,0.0,0.0,0.0,0.0,0.0,0.0,0.0,0.0,0.0,0.0,0.0,0.0,0.0,0.0,0.0,0.0,0.0,0.0,0.0,0.0,0.0,0.0,0.0,0.0,0.0,0.0,0.0,0.0,0.0,0.0,0.0,0.0,0.0
21500000000,21,500000000,Archimede_odom,Archimede_base_link,-37.14238127039389,42.787087602018815,337.5309597030389,-0.014192437522688865,-0.03836198712755028,-0.02391079422533592,0.9988769726949881,0.0,0.0,0.0,0.0,0.0,0.0,0.0,0.0,0.0,0.0,0.0,0.0,0.0,0.0,0.0,0.0,0.0,0.0,0.0,0.0,0.0,0.0,0.0,0.0,0.0,0.0,0.0,0.0,0.0,0.0,0.0,0.0,0.0,0.0,0.0,0.0,0.08960032088600228,0.024006561613832585,-0.0011781252239243967,0.0023345320488890554,0.003916217438357116,-0.020960408326369084,0.0,0.0,0.0,0.0,0.0,0.0,0.0,0.0,0.0,0.0,0.0,0.0,0.0,0.0,0.0,0.0,0.0,0.0,0.0,0.0,0.0,0.0,0.0,0.0,0.0,0.0,0.0,0.0,0.0,0.0,0.0,0.0,0.0,0.0,0.0,0.0
21600000000,21,600000000,Archimede_odom,Archimede_base_link,-37.13334931925055,42.78904555733735,337.5314735438809,-0.014037172460922297,-0.038184295802912126,-0.0249538738287511,0.9988604614881283,0.0,0.0,0.0,0.0,0.0,0.0,0.0,0.0,0.0,0.0,0.0,0.0,0.0,0.0,0.0,0.0,0.0,0.0,0.0,0.0,0.0,0.0,0.0,0.0,0.0,0.0,0.0,0.0,0.0,0.0,0.0,0.0,0.0,0.0,0.0,0.0,0.0893568256143992,0.023800605022572238,-0.001065853893231613,0.001966164290164419,0.003908163476417675,-0.021016968456135147,0.0,0.0,0.0,0.0,0.0,0.0,0.0,0.0,0.0,0.0,0.0,0.0,0.0,0.0,0.0,0.0,0.0,0.0,0.0,0.0,0.0,0.0,0.0,0.0,0.0,0.0,0.0,0.0,0.0,0.0,0.0,0.0,0.0,0.0,0.0,0.0
21700000000,21,700000000,Archimede_odom,Archimede_base_link,-37.12434743162535,42.79095110451323,337.53199223721015,-0.013843845545220407,-0.037978480762772195,-0.026009792030529534,0.9988440687404618,0.0,0.0,0.0,0.0,0.0,0.0,0.0,0.0,0.0,0.0,0.0,0.0,0.0,0.0,0.0,0.0,0.0,0.0,0.0,0.0,0.0,0.0,0.0,0.0,0.0,0.0,0.0,0.0,0.0,0.0,0.0,0.0,0.0,0.0,0.0,0.0,0.0887685918983612,0.023455783152561395,-0.0010294942718360649,0.00296391937131014,0.004489137792573169,-0.0212577006438117,0.0,0.0,0.0,0.0,0.0,0.0,0.0,0.0,0.0,0.0,0.0,0.0,0.0,0.0,0.0,0.0,0.0,0.0,0.0,0.0,0.0,0.0,0.0,0.0,0.0,0.0,0.0,0.0,0.0,0.0,0.0,0.0,0.0,0.0,0.0,0.0
21800000000,21,800000000,Archimede_odom,Archimede_base_link,-37.11540213779261,42.79281811251956,337.5325081767014,-0.013649587613065735,-0.03777350899588834,-0.02707176811143472,0.9988262962835187,0.0,0.0,0.0,0.0,0.0,0.0,0.0,0.0,0.0,0.0,0.0,0.0,0.0,0.0,0.0,0.0,0.0,0.0,0.0,0.0,0.0,0.0,0.0,0.0,0.0,0.0,0.0,0.0,0.0,0.0,0.0,0.0,0.0,0.0,0.0,0.0,0.08828427590336797,0.023259034728844004,-0.000994222779118749,0.0029617989633973054,0.004466290720572799,-0.021349549290583764,0.0,0.0,0.0,0.0,0.0,0.0,0.0,0.0,0.0,0.0,0.0,0.0,0.0,0.0,0.0,0.0,0.0,0.0,0.0,0.0,0.0,0.0,0.0,0.0,0.0,0.0,0.0,0.0,0.0,0.0,0.0,0.0,0.0,0.0,0.0,0.0
21900000000,21,900000000,Archimede_odom,Archimede_base_link,-37.10649835857029,42.79465167636381,337.5330222299922,-0.01345530698860705,-0.037569611100093166,-0.02813594924829074,0.9988072123265469,0.0,0.0,0.0,0.0,0.0,0.0,0.0,0.0,0.0,0.0,0.0,0.0,0.0,0.0,0.0,0.0,0.0,0.0,0.0,0.0,0.0,0.0,0.0,0.0,0.0,0.0,0.0,0.0,0.0,0.0,0.0,0.0,0.0,0.0,0.0,0.0,0.08788461622908258,0.023103853596289026,-0.0009598185856952516,0.002962330460290842,0.0044462922542492945,-0.021365774758257204,0.0,0.0,0.0,0.0,0.0,0.0,0.0,0.0,0.0,0.0,0.0,0.0,0.0,0.0,0.0,0.0,0.0,0.0,0.0,0.0,0.0,0.0,0.0,0.0,0.0,0.0,0.0,0.0,0.0,0.0,0.0,0.0,0.0,0.0,0.0,0.0
22000000000,22,0,Archimede_odom,Archimede_base_link,-37.097625074953925,42.796452983865464,337.5335350844648,-0.01326090441384645,-0.03736652287933502,-0.029199928631921074,0.9987868919594038,0.0,0.0,0.0,0.0,0.0,0.0,0.0,0.0,0.0,0.0,0.0,0.0,0.0,0.0,0.0,0.0,0.0,0.0,0.0,0.0,0.0,0.0,0.0,0.0,0.0,0.0,0.0,0.0,0.0,0.0,0.0,0.0,0.0,0.0,0.0,0.0,0.08754920817422439,0.022962677228122234,-0.000926214713639062,0.002964859453967543,0.004428706115272583,-0.021334660671969503,0.0,0.0,0.0,0.0,0.0,0.0,0.0,0.0,0.0,0.0,0.0,0.0,0.0,0.0,0.0,0.0,0.0,0.0,0.0,0.0,0.0,0.0,0.0,0.0,0.0,0.0,0.0,0.0,0.0,0.0,0.0,0.0,0.0,0.0,0.0,0.0
22101000000,22,100000000,Archimede_odom,Archimede_base_link,-37.08878513308311,42.79822471079329,337.53404652162726,-0.013066585463398495,-0.037164330580772474,-0.03026035729895455,0.9987654317470896,0.0,0.0,0.0,0.0,0.0,0.0,0.0,0.0,0.0,0.0,0.0,0.0,0.0,0.0,0.0,0.0,0.0,0.0,0.0,0.0,0.0,0.0,0.0,0.0,0.0,0.0,0.0,0.0,0.0,0.0,0.0,0.0,0.0,0.0,0.0,0.0,0.08718467106245187,0.022838605085887004,-0.0008922990986417421,0.0029658809033066566,0.00440860464463022,-0.021241836034186775,0.0,0.0,0.0,0.0,0.0,0.0,0.0,0.0,0.0,0.0,0.0,0.0,0.0,0.0,0.0,0.0,0.0,0.0,0.0,0.0,0.0,0.0,0.0,0.0,0.0,0.0,0.0,0.0,0.0,0.0,0.0,0.0,0.0,0.0,0.0,0.0
22200000000,22,200000000,Archimede_odom,Archimede_base_link,-37.079979093570635,42.7999679350362,337.53455649675925,-0.012872470628952524,-0.03696305404806037,-0.031314863975782925,0.9987429155841483,0.0,0.0,0.0,0.0,0.0,0.0,0.0,0.0,0.0,0.0,0.0,0.0,0.0,0.0,0.0,0.0,0.0,0.0,0.0,0.0,0.0,0.0,0.0,0.0,0.0,0.0,0.0,0.0,0.0,0.0,0.0,0.0,0.0,0.0,0.0,0.0,0.0868111680203422,0.02272110857395684,-0.0008584519946994321,0.0029661556046326485,0.004387385142317441,-0.02110581870706718,0.0,0.0,0.0,0.0,0.0,0.0,0.0,0.0,0.0,0.0,0.0,0.0,0.0,0.0,0.0,0.0,0.0,0.0,0.0,0.0,0.0,0.0,0.0,0.0,0.0,0.0,0.0,0.0,0.0,0.0,0.0,0.0,0.0,0.0,0.0,0.0
22300000000,22,300000000,Archimede_odom,Archimede_base_link,-37.07120688969866,42.80168320451898,337.5350650123748,-0.012678641676937075,-0.036762693510600915,-0.032361732870460146,0.998719417382427,0.0,0.0,0.0,0.0,0.0,0.0,0.0,0.0,0.0,0.0,0.0,0.0,0.0,0.0,0.0,0.0,0.0,0.0,0.0,0.0,0.0,0.0,0.0,0.0,0.0,0.0,0.0,0.0,0.0,0.0,0.0,0.0,0.0,0.0,0.0,0.0,0.08644242909495596,0.02260488462519417,-0.0008248977589537627,0.0029662084785934623,0.004366005060953327,-0.020940583349816355,0.0,0.0,0.0,0.0,0.0,0.0,0.0,0.0,0.0,0.0,0.0,0.0,0.0,0.0,0.0,0.0,0.0,0.0,0.0,0.0,0.0,0.0,0.0,0.0,0.0,0.0,0.0,0.0,0.0,0.0,0.0,0.0,0.0,0.0,0.0,0.0
22400000000,22,400000000,Archimede_odom,Archimede_base_link,-37.06246863114103,42.80337098633102,337.5355720591933,-0.012485169212320051,-0.03656325206848489,-0.03339962130332477,0.9986950057173164,0.0,0.0,0.0,0.0,0.0,0.0,0.0,0.0,0.0,0.0,0.0,0.0,0.0,0.0,0.0,0.0,0.0,0.0,0.0,0.0,0.0,0.0,0.0,0.0,0.0,0.0,0.0,0.0,0.0,0.0,0.0,0.0,0.0,0.0,0.0,0.0,0.08607572485736757,0.022489693667496837,-0.0007916259238370497,0.0029659319083297922,0.004344425721389665,-0.02075171017878112,0.0,0.0,0.0,0.0,0.0,0.0,0.0,0.0,0.0,0.0,0.0,0.0,0.0,0.0,0.0,0.0,0.0,0.0,0.0,0.0,0.0,0.0,0.0,0.0,0.0,0.0,0.0,0.0,0.0,0.0,0.0,0.0,0.0,0.0,0.0,0.0
22500000000,22,500000000,Archimede_odom,Archimede_base_link,-37.05376451309715,42.80503173266311,337.5360776210644,-0.012292114875416035,-0.036364734036287205,-0.034427463090909285,0.9986697451187173,0.0,0.0,0.0,0.0,0.0,0.0,0.0,0.0,0.0,0.0,0.0,0.0,0.0,0.0,0.0,0.0,0.0,0.0,0.0,0.0,0.0,0.0,0.0,0.0,0.0,0.0,0.0,0.0,0.0,0.0,0.0,0.0,0.0,0.0,0.0,0.0,0.08570394738806866,0.022376249733305386,-0.0007585816783725082,0.0029650566943946076,0.004322350077543126,-0.020543287990672374,0.0,0.0,0.0,0.0,0.0,0.0,0.0,0.0,0.0,0.0,0.0,0.0,0.0,0.0,0.0,0.0,0.0,0.0,0.0,0.0,0.0,0.0,0.0,0.0,0.0,0.0,0.0,0.0,0.0,0.0,0.0,0.0,0.0,0.0,0.0,0.0
22600000000,22,600000000,Archimede_odom,Archimede_base_link,-37.045093535211734,42.806665543996026,337.53658176216084,-0.01209949591588354,-0.03616711194320649,-0.035444696766161514,0.99864368805066,0.0,0.0,0.0,0.0,0.0,0.0,0.0,0.0,0.0,0.0,0.0,0.0,0.0,0.0,0.0,0.0,0.0,0.0,0.0,0.0,0.0,0.0,0.0,0.0,0.0,0.0,0.0,0.0,0.0,0.0,0.0,0.0,0.0,0.0,0.0,0.0,0.08537176370821668,0.022256017817321158,-0.0007262475005226923,0.0029653275912362195,0.004302370279453249,-0.02033486715205494,0.0,0.0,0.0,0.0,0.0,0.0,0.0,0.0,0.0,0.0,0.0,0.0,0.0,0.0,0.0,0.0,0.0,0.0,0.0,0.0,0.0,0.0,0.0,0.0,0.0,0.0,0.0,0.0,0.0,0.0,0.0,0.0,0.0,0.0,0.0,0.0
22700000000,22,700000000,Archimede_odom,Archimede_base_link,-37.03636753285724,42.80824824038358,337.5370905088193,-0.01191082383841968,-0.03597133787362264,-0.03646511870136466,0.9986162877928475,0.0,0.0,0.0,0.0,0.0,0.0,0.0,0.0,0.0,0.0,0.0,0.0,0.0,0.0,0.0,0.0,0.0,0.0,0.0,0.0,0.0,0.0,0.0,0.0,0.0,0.0,0.0,0.0,0.0,0.0,0.0,0.0,0.0,0.0,0.0,0.0,0.08754489767486659,0.021576462905354747,-0.0007191418160108425,0.002643754932661179,0.004169679478297545,-0.020867492237032065,0.0,0.0,0.0,0.0,0.0,0.0,0.0,0.0,0.0,0.0,0.0,0.0,0.0,0.0,0.0,0.0,0.0,0.0,0.0,0.0,0.0,0.0,0.0,0.0,0.0,0.0,0.0,0.0,0.0,0.0,0.0,0.0,0.0,0.0,0.0,0.0
22800000000,22,800000000,Archimede_odom,Archimede_base_link,-37.02723536041887,42.80965036633413,337.53762864170307,-0.011752392564676018,-0.03578778202083434,-0.03753835711614026,0.9985849927132172,0.0,0.0,0.0,0.0,0.0,0.0,0.0,0.0,0.0,0.0,0.0,0.0,0.0,0.0,0.0,0.0,0.0,0.0,0.0,0.0,0.0,0.0,0.0,0.0,0.0,0.0,0.0,0.0,0.0,0.0,0.0,0.0,0.0,0.0,0.0,0.0,0.09064488269757401,0.02069346977432148,-0.0007200278292172097,0.0021890138193130957,0.003988885907755741,-0.021832366960745368,0.0,0.0,0.0,0.0,0.0,0.0,0.0,0.0,0.0,0.0,0.0,0.0,0.0,0.0,0.0,0.0,0.0,0.0,0.0,0.0,0.0,0.0,0.0,0.0,0.0,0.0,0.0,0.0,0.0,0.0,0.0,0.0,0.0,0.0,0.0,0.0
22900000000,22,900000000,Archimede_odom,Archimede_base_link,-37.018114700938376,42.81107518303918,337.5381653726284,-0.011598086232715472,-0.03560782803227365,-0.03863677957032604,0.9985513338046255,0.0,0.0,0.0,0.0,0.0,0.0,0.0,0.0,0.0,0.0,0.0,0.0,0.0,0.0,0.0,0.0,0.0,0.0,0.0,0.0,0.0,0.0,0.0,0.0,0.0,0.0,0.0,0.0,0.0,0.0,0.0,0.0,0.0,0.0,0.0,0.0,0.08965204718261548,0.02133844884303265,-0.0006815752002487861,0.0021338989467545753,0.003918315635476918,-0.02219546396579284,0.0,0.0,0.0,0.0,0.0,0.0,0.0,0.0,0.0,0.0,0.0,0.0,0.0,0.0,0.0,0.0,0.0,0.0,0.0,0.0,0.0,0.0,0.0,0.0,0.0,0.0,0.0,0.0,0.0,0.0,0.0,0.0,0.0,0.0,0.0,0.0
23000000000,23,0,Archimede_odom,Archimede_base_link,-37.00905901486806,42.81252169751736,337.5386974074206,-0.011444673484256528,-0.035430216729240335,-0.03975173425618082,0.9985156577715664,0.0,0.0,0.0,0.0,0.0,0.0,0.0,0.0,0.0,0.0,0.0,0.0,0.0,0.0,0.0,0.0,0.0,0.0,0.0,0.0,0.0,0.0,0.0,0.0,0.0,0.0,0.0,0.0,0.0,0.0,0.0,0.0,0.0,0.0,0.0,0.0,0.08913074470342194,0.021527632200152892,-0.000648750202152535,0.002123188074995804,0.0038900891542868786,-0.022501648123591955,0.0,0.0,0.0,0.0,0.0,0.0,0.0,0.0,0.0,0.0,0.0,0.0,0.0,0.0,0.0,0.0,0.0,0.0,0.0,0.0,0.0,0.0,0.0,0.0,0.0,0.0,0.0,0.0,0.0,0.0,0.0,0.0,0.0,0.0,0.0,0.0
23100000000,23,100000000,Archimede_odom,Archimede_base_link,-37.00004024872791,42.81395779183374,337.53922727429386,-0.011290786193320712,-0.03525359068986862,-0.04087919049933702,0.9984781391070747,0.0,0.0,0.0,0.0,0.0,0.0,0.0,0.0,0.0,0.0,0.0,0.0,0.0,0.0,0.0,0.0,0.0,0.0,0.0,0.0,0.0,0.0,0.0,0.0,0.0,0.0,0.0,0.0,0.0,0.0,0.0,0.0,0.0,0.0,0.0,0.0,0.0887216179420317,0.021532636400278662,-0.000617296439830298,0.0021282269454047,0.0038745935709275426,-0.022685874293371495,0.0,0.0,0.0,0.0,0.0,0.0,0.0,0.0,0.0,0.0,0.0,0.0,0.0,0.0,0.0,0.0,0.0,0.0,0.0,0.0,0.0,0.0,0.0,0.0,0.0,0.0,0.0,0.0,0.0,0.0,0.0,0.0,0.0,0.0,0.0,0.0
23200000000,23,200000000,Archimede_odom,Archimede_base_link,-36.9912610704075,42.81519134556445,337.5398009930955,-0.011256877630737891,-0.03506650948869528,-0.041970345384483854,0.9984398393126113,0.0,0.0,0.0,0.0,0.0,0.0,0.0,0.0,0.0,0.0,0.0,0.0,0.0,0.0,0.0,0.0,0.0,0.0,0.0,0.0,0.0,0.0,0.0,0.0,0.0,0.0,0.0,0.0,0.0,0.0,0.0,0.0,0.0,0.0,0.0,0.0,0.08518487832065066,0.017666327753021,-0.00020691074666767686,0.000695749702676006,0.005177874722504108,-0.021175467026057795,0.0,0.0,0.0,0.0,0.0,0.0,0.0,0.0,0.0,0.0,0.0,0.0,0.0,0.0,0.0,0.0,0.0,0.0,0.0,0.0,0.0,0.0,0.0,0.0,0.0,0.0,0.0,0.0,0.0,0.0,0.0,0.0,0.0,0.0,0.0,0.0
23300000000,23,300000000,Archimede_odom,Archimede_base_link,-36.98244375042106,42.81609455466488,337.5403262813172,-0.011226849188210288,-0.03479441809029806,-0.043069316664492485,0.9984028947720035,0.0,0.0,0.0,0.0,0.0,0.0,0.0,0.0,0.0,0.0,0.0,0.0,0.0,0.0,0.0,0.0,0.0,0.0,0.0,0.0,0.0,0.0,0.0,0.0,0.0,0.0,0.0,0.0,0.0,0.0,0.0,0.0,0.0,0.0,0.0,0.0,0.08791942496352421,0.015853133962050753,-0.0005954504456667697,-0.00022417672625105897,0.005847726947673311,-0.022209934425008234,0.0,0.0,0.0,0.0,0.0,0.0,0.0,0.0,0.0,0.0,0.0,0.0,0.0,0.0,0.0,0.0,0.0,0.0,0.0,0.0,0.0,0.0,0.0,0.0,0.0,0.0,0.0,0.0,0.0,0.0,0.0,0.0,0.0,0.0,0.0,0.0
23400000000,23,400000000,Archimede_odom,Archimede_base_link,-36.973523771303064,42.81686405967433,337.54085875737417,-0.011183388562991845,-0.03451160797467088,-0.04419232510823287,0.9983641215191881,0.0,0.0,0.0,0.0,0.0,0.0,0.0,0.0,0.0,0.0,0.0,0.0,0.0,0.0,0.0,0.0,0.0,0.0,0.0,0.0,0.0,0.0,0.0,0.0,0.0,0.0,0.0,0.0,0.0,0.0,0.0,0.0,0.0,0.0,0.0,0.0,0.08858124507314355,0.0151098312683304,-0.0005619939402234028,-0.00012604514318322345,0.0059463014905716685,-0.022552101694123812,0.0,0.0,0.0,0.0,0.0,0.0,0.0,0.0,0.0,0.0,0.0,0.0,0.0,0.0,0.0,0.0,0.0,0.0,0.0,0.0,0.0,0.0,0.0,0.0,0.0,0.0,0.0,0.0,0.0,0.0,0.0,0.0,0.0,0.0,0.0,0.0
23500000000,23,500000000,Archimede_odom,Archimede_base_link,-36.96459007028921,42.81756101874701,337.5413929557117,-0.011135879737962541,-0.03422657233713061,-0.045322000544303166,0.9983238203084083,0.0,0.0,0.0,0.0,0.0,0.0,0.0,0.0,0.0,0.0,0.0,0.0,0.0,0.0,0.0,0.0,0.0,0.0,0.0,0.0,0.0,0.0,0.0,0.0,0.0,0.0,0.0,0.0,0.0,0.0,0.0,0.0,0.0,0.0,0.0,0.0,0.08846850353784898,0.01473699990552737,-0.0005149404449271109,-6.641863264207297e-05,0.0059659126858999404,-0.02256090366049906,0.0,0.0,0.0,0.0,0.0,0.0,0.0,0.0,0.0,0.0,0.0,0.0,0.0,0.0,0.0,0.0,0.0,0.0,0.0,0.0,0.0,0.0,0.0,0.0,0.0,0.0,0.0,0.0,0.0,0.0,0.0,0.0,0.0,0.0,0.0,0.0
23600000000,23,600000000,Archimede_odom,Archimede_base_link,-36.95569527555179,42.81821473947092,337.5419254217373,-0.01108619854365657,-0.03394184107270002,-0.04644506418707135,0.998282476876713,0.0,0.0,0.0,0.0,0.0,0.0,0.0,0.0,0.0,0.0,0.0,0.0,0.0,0.0,0.0,0.0,0.0,0.0,0.0,0.0,0.0,0.0,0.0,0.0,0.0,0.0,0.0,0.0,0.0,0.0,0.0,0.0,0.0,0.0,0.0,0.0,0.08791816811603495,0.014534475797591604,-0.0004621588440906591,-2.5601438122785533e-05,0.0059434193255604,-0.022328880924576487,0.0,0.0,0.0,0.0,0.0,0.0,0.0,0.0,0.0,0.0,0.0,0.0,0.0,0.0,0.0,0.0,0.0,0.0,0.0,0.0,0.0,0.0,0.0,0.0,0.0,0.0,0.0,0.0,0.0,0.0,0.0,0.0,0.0,0.0,0.0,0.0
23700000000,23,700000000,Archimede_odom,Archimede_base_link,-36.94684176227012,42.81883321645361,337.5424559799678,-0.011034830341777527,-0.033657718491538986,-0.047556893533089166,0.9982403179509205,0.0,0.0,0.0,0.0,0.0,0.0,0.0,0.0,0.0,0.0,0.0,0.0,0.0,0.0,0.0,0.0,0.0,0.0,0.0,0.0,0.0,0.0,0.0,0.0,0.0,0.0,0.0,0.0,0.0,0.0,0.0,0.0,0.0,0.0,0.0,0.0,0.08760013015459132,0.014347603109366702,-0.0004108287802640047,1.669771058725862e-05,0.0059357855972340615,-0.022113929549237306,0.0,0.0,0.0,0.0,0.0,0.0,0.0,0.0,0.0,0.0,0.0,0.0,0.0,0.0,0.0,0.0,0.0,0.0,0.0,0.0,0.0,0.0,0.0,0.0,0.0,0.0,0.0,0.0,0.0,0.0,0.0,0.0,0.0,0.0,0.0,0.0
23800000000,23,800000000,Archimede_odom,Archimede_base_link,-36.93789646913057,42.81940524839101,337.5429853631722,-0.010979923808770059,-0.03335933400675729,-0.04867080307419364,0.9981972495633777,0.0,0.0,0.0,0.0,0.0,0.0,0.0,0.0,0.0,0.0,0.0,0.0,0.0,0.0,0.0,0.0,0.0,0.0,0.0,0.0,0.0,0.0,0.0,0.0,0.0,0.0,0.0,0.0,0.0,0.0,0.0,0.0,0.0,0.0,0.0,0.0,0.08959235151412295,0.014377090863302374,-0.00045057309638568774,7.867377531431811e-05,0.006317170296409326,-0.022291415207811936,0.0,0.0,0.0,0.0,0.0,0.0,0.0,0.0,0.0,0.0,0.0,0.0,0.0,0.0,0.0,0.0,0.0,0.0,0.0,0.0,0.0,0.0,0.0,0.0,0.0,0.0,0.0,0.0,0.0,0.0,0.0,0.0,0.0,0.0,0.0,0.0
23900000000,23,900000000,Archimede_odom,Archimede_base_link,-36.92881835677793,42.819976272856984,337.54352173549074,-0.010923270546044911,-0.0330544362294556,-0.049778438511841126,0.9981533917517156,0.0,0.0,0.0,0.0,0.0,0.0,0.0,0.0,0.0,0.0,0.0,0.0,0.0,0.0,0.0,0.0,0.0,0.0,0.0,0.0,0.0,0.0,0.0,0.0,0.0,0.0,0.0,0.0,0.0,0.0,0.0,0.0,0.0,0.0,0.0,0.0,0.09013497293816465,0.01467553500438778,-0.0004038938966637559,9.426486315302043e-05,0.006378680873243383,-0.021981521902842187,0.0,0.0,0.0,0.0,0.0,0.0,0.0,0.0,0.0,0.0,0.0,0.0,0.0,0.0,0.0,0.0,0.0,0.0,0.0,0.0,0.0,0.0,0.0,0.0,0.0,0.0,0.0,0.0,0.0,0.0,0.0,0.0,0.0,0.0,0.0,0.0
24000000000,24,0,Archimede_odom,Archimede_base_link,-36.91970805071585,42.82053876900975,337.5440597899586,-0.010865792573822202,-0.032747456051857304,-0.05086987949685047,0.9981091092830734,0.0,0.0,0.0,0.0,0.0,0.0,0.0,0.0,0.0,0.0,0.0,0.0,0.0,0.0,0.0,0.0,0.0,0.0,0.0,0.0,0.0,0.0,0.0,0.0,0.0,0.0,0.0,0.0,0.0,0.0,0.0,0.0,0.0,0.0,0.0,0.0,0.09036269840812687,0.01471285606417366,-0.00035086554340793915,0.0001271046685008308,0.006410067986145615,-0.021683443861420498,0.0,0.0,0.0,0.0,0.0,0.0,0.0,0.0,0.0,0.0,0.0,0.0,0.0,0.0,0.0,0.0,0.0,0.0,0.0,0.0,0.0,0.0,0.0,0.0,0.0,0.0,0.0,0.0,0.0,0.0,0.0,0.0,0.0,0.0,0.0,0.0
24100000000,24,100000000,Archimede_odom,Archimede_base_link,-36.91055284562942,42.82106942936788,337.5446010151681,-0.010806197331040221,-0.032438034576750936,-0.051953310701116195,0.9980640528138629,0.0,0.0,0.0,0.0,0.0,0.0,0.0,0.0,0.0,0.0,0.0,0.0,0.0,0.0,0.0,0.0,0.0,0.0,0.0,0.0,0.0,0.0,0.0,0.0,0.0,0.0,0.0,0.0,0.0,0.0,0.0,0.0,0.0,0.0,0.0,0.0,0.09072086455222968,0.014600769762491717,-0.00029697206680581614,0.0001735611477399717,0.00645114680689296,-0.021539175135490446,0.0,0.0,0.0,0.0,0.0,0.0,0.0,0.0,0.0,0.0,0.0,0.0,0.0,0.0,0.0,0.0,0.0,0.0,0.0,0.0,0.0,0.0,0.0,0.0,0.0,0.0,0.0,0.0,0.0,0.0,0.0,0.0,0.0,0.0,0.0,0.0
24200000000,24,200000000,Archimede_odom,Archimede_base_link,-36.90139104368819,42.821568768309355,337.54514321692517,-0.010744816747038451,-0.03212768907656033,-0.05302532728509595,0.9980183741665185,0.0,0.0,0.0,0.0,0.0,0.0,0.0,0.0,0.0,0.0,0.0,0.0,0.0,0.0,0.0,0.0,0.0,0.0,0.0,0.0,0.0,0.0,0.0,0.0,0.0,0.0,0.0,0.0,0.0,0.0,0.0,0.0,0.0,0.0,0.0,0.0,0.09101290035894793,0.01443517833097096,-0.00024190969747857504,0.00022320981013418512,0.006486840305667424,-0.021405776923067023,0.0,0.0,0.0,0.0,0.0,0.0,0.0,0.0,0.0,0.0,0.0,0.0,0.0,0.0,0.0,0.0,0.0,0.0,0.0,0.0,0.0,0.0,0.0,0.0,0.0,0.0,0.0,0.0,0.0,0.0,0.0,0.0,0.0,0.0,0.0,0.0
24300000000,24,300000000,Archimede_odom,Archimede_base_link,-36.89218325751226,42.82202410203029,337.5456889973865,-0.010692639097731218,-0.031821313636503264,-0.05409540706933424,0.9979713214324227,0.0,0.0,0.0,0.0,0.0,0.0,0.0,0.0,0.0,0.0,0.0,0.0,0.0,0.0,0.0,0.0,0.0,0.0,0.0,0.0,0.0,0.0,0.0,0.0,0.0,0.0,0.0,0.0,0.0,0.0,0.0,0.0,0.0,0.0,0.0,0.0,0.09143866303398049,0.014261751433983814,-0.00018759114753559355,-0.00011646085523389566,0.0062964853591118,-0.021382771621100333,0.0,0.0,0.0,0.0,0.0,0.0,0.0,0.0,0.0,0.0,0.0,0.0,0.0,0.0,0.0,0.0,0.0,0.0,0.0,0.0,0.0,0.0,0.0,0.0,0.0,0.0,0.0,0.0,0.0,0.0,0.0,0.0,0.0,0.0,0.0,0.0
24400000000,24,400000000,Archimede_odom,Archimede_base_link,-36.882977592383924,42.822449213507234,337.54623523452676,-0.010646863575978058,-0.03151877874382491,-0.05515834930959166,0.9979232271993339,0.0,0.0,0.0,0.0,0.0,0.0,0.0,0.0,0.0,0.0,0.0,0.0,0.0,0.0,0.0,0.0,0.0,0.0,0.0,0.0,0.0,0.0,0.0,0.0,0.0,0.0,0.0,0.0,0.0,0.0,0.0,0.0,0.0,0.0,0.0,0.0,0.09122282273871117,0.014166507301001205,-0.00013083143409345628,-8.194758613132881e-05,0.006290682849313408,-0.021173527915269344,0.0,0.0,0.0,0.0,0.0,0.0,0.0,0.0,0.0,0.0,0.0,0.0,0.0,0.0,0.0,0.0,0.0,0.0,0.0,0.0,0.0,0.0,0.0,0.0,0.0,0.0,0.0,0.0,0.0,0.0,0.0,0.0,0.0,0.0,0.0,0.0
24500000000,24,500000000,Archimede_odom,Archimede_base_link,-36.87378149861342,42.8228424811216,337.54678153401824,-0.010591771593308935,-0.031211960681907788,-0.05621260709962659,0.9978746267382337,0.0,0.0,0.0,0.0,0.0,0.0,0.0,0.0,0.0,0.0,0.0,0.0,0.0,0.0,0.0,0.0,0.0,0.0,0.0,0.0,0.0,0.0,0.0,0.0,0.0,0.0,0.0,0.0,0.0,0.0,0.0,0.0,0.0,0.0,0.0,0.0,0.0911086156869741,0.01397599838377496,-7.422032539165678e-05,0.0014265472360982458,0.007180379543690168,-0.02101160765602268,0.0,0.0,0.0,0.0,0.0,0.0,0.0,0.0,0.0,0.0,0.0,0.0,0.0,0.0,0.0,0.0,0.0,0.0,0.0,0.0,0.0,0.0,0.0,0.0,0.0,0.0,0.0,0.0,0.0,0.0,0.0,0.0,0.0,0.0,0.0,0.0
24600000000,24,600000000,Archimede_odom,Archimede_base_link,-36.864529487771065,42.823186136143896,337.54733202072634,-0.010657979632470211,-0.03096805273062257,-0.05726874217015779,0.9978214661704143,0.0,0.0,0.0,0.0,0.0,0.0,0.0,0.0,0.0,0.0,0.0,0.0,0.0,0.0,0.0,0.0,0.0,0.0,0.0,0.0,0.0,0.0,0.0,0.0,0.0,0.0,0.0,0.0,0.0,0.0,0.0,0.0,0.0,0.0,0.0,0.0,0.0918933311056502,0.013823326281492871,-2.9722201128845544e-05,-0.0020768793103098787,0.005108775392547044,-0.02110828187549262,0.0,0.0,0.0,0.0,0.0,0.0,0.0,0.0,0.0,0.0,0.0,0.0,0.0,0.0,0.0,0.0,0.0,0.0,0.0,0.0,0.0,0.0,0.0,0.0,0.0,0.0,0.0,0.0,0.0,0.0,0.0,0.0,0.0,0.0,0.0,0.0
24700000000,24,700000000,Archimede_odom,Archimede_base_link,-36.85526474399927,42.82350362818663,337.54788377822626,-0.010713788069689504,-0.030718467868003977,-0.05832625171043845,0.9977673270048738,0.0,0.0,0.0,0.0,0.0,0.0,0.0,0.0,0.0,0.0,0.0,0.0,0.0,0.0,0.0,0.0,0.0,0.0,0.0,0.0,0.0,0.0,0.0,0.0,0.0,0.0,0.0,0.0,0.0,0.0,0.0,0.0,0.0,0.0,0.0,0.0,0.0917045110867032,0.013784770231712953,1.9000426039821614e-05,-0.002054665226282203,0.0051048495166500655,-0.02101945885736848,0.0,0.0,0.0,0.0,0.0,0.0,0.0,0.0,0.0,0.0,0.0,0.0,0.0,0.0,0.0,0.0,0.0,0.0,0.0,0.0,0.0,0.0,0.0,0.0,0.0,0.0,0.0,0.0,0.0,0.0,0.0,0.0,0.0,0.0,0.0,0.0
24800000000,24,800000000,Archimede_odom,Archimede_base_link,-36.84601211793347,42.82379460657653,337.54843532522034,-0.010768204394221749,-0.030468666008349573,-0.05937938331927118,0.9977122806713461,0.0,0.0,0.0,0.0,0.0,0.0,0.0,0.0,0.0,0.0,0.0,0.0,0.0,0.0,0.0,0.0,0.0,0.0,0.0,0.0,0.0,0.0,0.0,0.0,0.0,0.0,0.0,0.0,0.0,0.0,0.0,0.0,0.0,0.0,0.0,0.0,0.09154948878158915,0.013682564718153795,6.711832492511874e-05,-0.0020200761114988293,0.005109126601484066,-0.020903403737418277,0.0,0.0,0.0,0.0,0.0,0.0,0.0,0.0,0.0,0.0,0.0,0.0,0.0,0.0,0.0,0.0,0.0,0.0,0.0,0.0,0.0,0.0,0.0,0.0,0.0,0.0,0.0,0.0,0.0,0.0,0.0,0.0,0.0,0.0,0.0,0.0
24900000000,24,900000000,Archimede_odom,Archimede_base_link,-36.83678462641084,42.824058572968454,337.54898590211855,-0.010820995583119684,-0.030218865290109934,-0.060423867099794845,0.9976565954875829,0.0,0.0,0.0,0.0,0.0,0.0,0.0,0.0,0.0,0.0,0.0,0.0,0.0,0.0,0.0,0.0,0.0,0.0,0.0,0.0,0.0,0.0,0.0,0.0,0.0,0.0,0.0,0.0,0.0,0.0,0.0,0.0,0.0,0.0,0.0,0.0,0.09126611054413404,0.013570436515499159,0.00011503176187697332,-0.0019807345475842996,0.005107130280849267,-0.02070038184652847,0.0,0.0,0.0,0.0,0.0,0.0,0.0,0.0,0.0,0.0,0.0,0.0,0.0,0.0,0.0,0.0,0.0,0.0,0.0,0.0,0.0,0.0,0.0,0.0,0.0,0.0,0.0,0.0,0.0,0.0,0.0,0.0,0.0,0.0,0.0,0.0
25000000000,25,0,Archimede_odom,Archimede_base_link,-36.827593908763006,42.824296936105824,337.54953479807386,-0.010872165556622413,-0.02996935317337472,-0.061455422573139254,0.9976005537903614,0.0,0.0,0.0,0.0,0.0,0.0,0.0,0.0,0.0,0.0,0.0,0.0,0.0,0.0,0.0,0.0,0.0,0.0,0.0,0.0,0.0,0.0,0.0,0.0,0.0,0.0,0.0,0.0,0.0,0.0,0.0,0.0,0.0,0.0,0.0,0.0,0.09096799866736997,0.013447520504384932,0.00016251508454718646,-0.001939507057473756,0.0051047449689769625,-0.020447836975445333,0.0,0.0,0.0,0.0,0.0,0.0,0.0,0.0,0.0,0.0,0.0,0.0,0.0,0.0,0.0,0.0,0.0,0.0,0.0,0.0,0.0,0.0,0.0,0.0,0.0,0.0,0.0,0.0,0.0,0.0,0.0,0.0,0.0,0.0,0.0,0.0
25100000000,25,100000000,Archimede_odom,Archimede_base_link,-36.82428751115982,42.82429959423885,337.549753872252,-0.01101404077339938,-0.02986542101750567,-0.061419984798559174,0.9976042968034138,0.0,0.0,0.0,0.0,0.0,0.0,0.0,0.0,0.0,0.0,0.0,0.0,0.0,0.0,0.0,0.0,0.0,0.0,0.0,0.0,0.0,0.0,0.0,0.0,0.0,0.0,0.0,0.0,0.0,0.0,0.0,0.0,0.0,0.0,0.0,0.0,0.00031220669138129844,-0.002152518014312832,-0.006306941416732397,0.030136672723696134,-1.3337750046077038e-05,-0.0001931597077062492,0.0,0.0,0.0,0.0,0.0,0.0,0.0,0.0,0.0,0.0,0.0,0.0,0.0,0.0,0.0,0.0,0.0,0.0,0.0,0.0,0.0,0.0,0.0,0.0,0.0,0.0,0.0,0.0,0.0,0.0,0.0,0.0,0.0,0.0,0.0,0.0
25200000000,25,200000000,Archimede_odom,Archimede_base_link,-36.82463052378753,42.8242982265,337.5497096015804,-0.010860343306755216,-0.029870421892290368,-0.061380803359546494,0.9976082436598911,0.0,0.0,0.0,0.0,0.0,0.0,0.0,0.0,0.0,0.0,0.0,0.0,0.0,0.0,0.0,0.0,0.0,0.0,0.0,0.0,0.0,0.0,0.0,0.0,0.0,0.0,0.0,0.0,0.0,0.0,0.0,0.0,0.0,0.0,0.0,0.0,-0.0010005377779368657,0.0008681240081050599,5.879971242245053e-05,-0.014810323726717329,-0.008909218704770707,0.00017576161368241326,0.0,0.0,0.0,0.0,0.0,0.0,0.0,0.0,0.0,0.0,0.0,0.0,0.0,0.0,0.0,0.0,0.0,0.0,0.0,0.0,0.0,0.0,0.0,0.0,0.0,0.0,0.0,0.0,0.0,0.0,0.0,0.0,0.0,0.0,0.0,0.0
25300000000,25,300000000,Archimede_odom,Archimede_base_link,-36.82473422392698,42.82431604937841,337.5497070559487,-0.010887693366273132,-0.029884847518530037,-0.06138450727661035,0.9976072856030894,0.0,0.0,0.0,0.0,0.0,0.0,0.0,0.0,0.0,0.0,0.0,0.0,0.0,0.0,0.0,0.0,0.0,0.0,0.0,0.0,0.0,0.0,0.0,0.0,0.0,0.0,0.0,0.0,0.0,0.0,0.0,0.0,0.0,0.0,0.0,0.0,-0.0010522427294983902,-7.878760568268379e-05,1.6784526835648197e-05,0.0001196942642480043,4.358521947129552e-05,0.0005944280980105099,0.0,0.0,0.0,0.0,0.0,0.0,0.0,0.0,0.0,0.0,0.0,0.0,0.0,0.0,0.0,0.0,0.0,0.0,0.0,0.0,0.0,0.0,0.0,0.0,0.0,0.0,0.0,0.0,0.0,0.0,0.0,0.0,0.0,0.0,0.0,0.0
25400000000,25,400000000,Archimede_odom,Archimede_base_link,-36.82481502655598,42.824309251359686,337.54970335121124,-0.010889946790035685,-0.02988789228026829,-0.06137243438820753,0.9976079125845075,0.0,0.0,0.0,0.0,0.0,0.0,0.0,0.0,0.0,0.0,0.0,0.0,0.0,0.0,0.0,0.0,0.0,0.0,0.0,0.0,0.0,0.0,0.0,0.0,0.0,0.0,0.0,0.0,0.0,0.0,0.0,0.0,0.0,0.0,0.0,0.0,-0.0014761881148305993,-0.00016294819283056697,3.9250952686835786e-06,0.0003079335054645141,0.0001471141282663662,0.00021097558665320154,0.0,0.0,0.0,0.0,0.0,0.0,0.0,0.0,0.0,0.0,0.0,0.0,0.0,0.0,0.0,0.0,0.0,0.0,0.0,0.0,0.0,0.0,0.0,0.0,0.0,0.0,0.0,0.0,0.0,0.0,0.0,0.0,0.0,0.0,0.0,0.0
25500000000,25,500000000,Archimede_odom,Archimede_base_link,-36.82491435132954,42.82425815967587,337.54969868247804,-0.010889365522050162,-0.029890571748354904,-0.06135758171231301,0.9976087522698969,0.0,0.0,0.0,0.0,0.0,0.0,0.0,0.0,0.0,0.0,0.0,0.0,0.0,0.0,0.0,0.0,0.0,0.0,0.0,0.0,0.0,0.0,0.0,0.0,0.0,0.0,0.0,0.0,0.0,0.0,0.0,0.0,0.0,0.0,0.0,0.0,-0.001025419751298351,-0.0012022321616718934,-7.558136489486822e-06,0.00017907915160065131,0.000111604685667131,9.394339821044237e-06,0.0,0.0,0.0,0.0,0.0,0.0,0.0,0.0,0.0,0.0,0.0,0.0,0.0,0.0,0.0,0.0,0.0,0.0,0.0,0.0,0.0,0.0,0.0,0.0,0.0,0.0,0.0,0.0,0.0,0.0,0.0,0.0,0.0,0.0,0.0,0.0
25600000000,25,600000000,Archimede_odom,Archimede_base_link,-36.82499671861462,42.82425978705549,337.5496938504654,-0.010889358983135089,-0.02989288547968408,-0.06134498198796398,0.9976094578759422,0.0,0.0,0.0,0.0,0.0,0.0,0.0,0.0,0.0,0.0,0.0,0.0,0.0,0.0,0.0,0.0,0.0,0.0,0.0,0.0,0.0,0.0,0.0,0.0,0.0,0.0,0.0,0.0,0.0,0.0,0.0,0.0,0.0,0.0,0.0,0.0,-0.0008356449251038647,-0.00037540150676892986,-2.84476660260995e-06,0.00017256513394996075,0.0001101658385521196,-1.5417858473603912e-05,0.0,0.0,0.0,0.0,0.0,0.0,0.0,0.0,0.0,0.0,0.0,0.0,0.0,0.0,0.0,0.0,0.0,0.0,0.0,0.0,0.0,0.0,0.0,0.0,0.0,0.0,0.0,0.0,0.0,0.0,0.0,0.0,0.0,0.0,0.0,0.0
25700000000,25,700000000,Archimede_odom,Archimede_base_link,-36.82509351676879,42.824231998897666,337.54968859318956,-0.010888454087200142,-0.029895357007131626,-0.061330267086355854,0.9976102984312679,0.0,0.0,0.0,0.0,0.0,0.0,0.0,0.0,0.0,0.0,0.0,0.0,0.0,0.0,0.0,0.0,0.0,0.0,0.0,0.0,0.0,0.0,0.0,0.0,0.0,0.0,0.0,0.0,0.0,0.0,0.0,0.0,0.0,0.0,0.0,0.0,-0.0005753365721067321,-0.0005201221971334293,-4.835316985017231e-06,-0.00020061437354528346,-0.00012490010480820094,8.362093122972274e-05,0.0,0.0,0.0,0.0,0.0,0.0,0.0,0.0,0.0,0.0,0.0,0.0,0.0,0.0,0.0,0.0,0.0,0.0,0.0,0.0,0.0,0.0,0.0,0.0,0.0,0.0,0.0,0.0,0.0,0.0,0.0,0.0,0.0,0.0,0.0,0.0
25800000000,25,800000000,Archimede_odom,Archimede_base_link,-36.82518804682426,42.82420633319184,337.5496834030747,-0.010887057920185978,-0.029897508496626573,-0.06131580131724953,0.9976111384023136,0.0,0.0,0.0,0.0,0.0,0.0,0.0,0.0,0.0,0.0,0.0,0.0,0.0,0.0,0.0,0.0,0.0,0.0,0.0,0.0,0.0,0.0,0.0,0.0,0.0,0.0,0.0,0.0,0.0,0.0,0.0,0.0,0.0,0.0,0.0,0.0,-0.001270127248154502,-5.4585322723078695e-05,-1.3119848398204798e-06,0.00036678283068954283,0.0002167649457951934,0.0003920991820453184,0.0,0.0,0.0,0.0,0.0,0.0,0.0,0.0,0.0,0.0,0.0,0.0,0.0,0.0,0.0,0.0,0.0,0.0,0.0,0.0,0.0,0.0,0.0,0.0,0.0,0.0,0.0,0.0,0.0,0.0,0.0,0.0,0.0,0.0,0.0,0.0
25900000000,25,900000000,Archimede_odom,Archimede_base_link,-36.82530017398531,42.82414203539613,337.54967780999584,-0.010881718169035265,-0.029898444111342546,-0.06130448977455621,0.9976118637941772,0.0,0.0,0.0,0.0,0.0,0.0,0.0,0.0,0.0,0.0,0.0,0.0,0.0,0.0,0.0,0.0,0.0,0.0,0.0,0.0,0.0,0.0,0.0,0.0,0.0,0.0,0.0,0.0,0.0,0.0,0.0,0.0,0.0,0.0,0.0,0.0,-0.0014876049587348845,7.595312843416881e-05,-5.238069732243105e-07,0.0002920694681824494,0.00014259174707704263,0.0001054817530566451,0.0,0.0,0.0,0.0,0.0,0.0,0.0,0.0,0.0,0.0,0.0,0.0,0.0,0.0,0.0,0.0,0.0,0.0,0.0,0.0,0.0,0.0,0.0,0.0,0.0,0.0,0.0,0.0,0.0,0.0,0.0,0.0,0.0,0.0,0.0,0.0
26000000000,26,0,Archimede_odom,Archimede_base_link,-36.82538047303492,42.82415532035367,337.54967279795255,-0.01088503880865448,-0.029902285483319035,-0.06128431999680132,0.997612951687947,0.0,0.0,0.0,0.0,0.0,0.0,0.0,0.0,0.0,0.0,0.0,0.0,0.0,0.0,0.0,0.0,0.0,0.0,0.0,0.0,0.0,0.0,0.0,0.0,0.0,0.0,0.0,0.0,0.0,0.0,0.0,0.0,0.0,0.0,0.0,0.0,-9.901466515637198e-05,-9.927528279873276e-05,-2.683034142843654e-07,-0.0005739491880880135,-0.0003724521106047192,0.00021867877330854633,0.0,0.0,0.0,0.0,0.0,0.0,0.0,0.0,0.0,0.0,0.0,0.0,0.0,0.0,0.0,0.0,0.0,0.0,0.0,0.0,0.0,0.0,0.0,0.0,0.0,0.0,0.0,0.0,0.0,0.0,0.0,0.0,0.0,0.0,0.0,0.0
26100000000,26,100000000,Archimede_odom,Archimede_base_link,-36.82547971714149,42.82413044940824,337.5496672720957,-0.010881392643022092,-0.0299034891073173,-0.06127348429084479,0.9976136209756844,0.0,0.0,0.0,0.0,0.0,0.0,0.0,0.0,0.0,0.0,0.0,0.0,0.0,0.0,0.0,0.0,0.0,0.0,0.0,0.0,0.0,0.0,0.0,0.0,0.0,0.0,0.0,0.0,0.0,0.0,0.0,0.0,0.0,0.0,0.0,0.0,-0.0006807589430492743,0.0002730414647890946,-2.413359584400056e-07,-0.00017411332137314467,-0.0001261888269403558,1.5754039575234825e-05,0.0,0.0,0.0,0.0,0.0,0.0,0.0,0.0,0.0,0.0,0.0,0.0,0.0,0.0,0.0,0.0,0.0,0.0,0.0,0.0,0.0,0.0,0.0,0.0,0.0,0.0,0.0,0.0,0.0,0.0,0.0,0.0,0.0,0.0,0.0,0.0
26200000000,26,200000000,Archimede_odom,Archimede_base_link,-36.82557649252013,42.82407734906244,337.54966242593656,-0.010880116564445588,-0.029905907892301596,-0.06125767120642809,0.9976145335023174,0.0,0.0,0.0,0.0,0.0,0.0,0.0,0.0,0.0,0.0,0.0,0.0,0.0,0.0,0.0,0.0,0.0,0.0,0.0,0.0,0.0,0.0,0.0,0.0,0.0,0.0,0.0,0.0,0.0,0.0,0.0,0.0,0.0,0.0,0.0,0.0,-0.001184073026764585,2.3869347030205328e-05,-1.0264649529907939e-06,5.360120039334907e-05,-5.568943441510441e-06,0.00014555010582791716,0.0,0.0,0.0,0.0,0.0,0.0,0.0,0.0,0.0,0.0,0.0,0.0,0.0,0.0,0.0,0.0,0.0,0.0,0.0,0.0,0.0,0.0,0.0,0.0,0.0,0.0,0.0,0.0,0.0,0.0,0.0,0.0,0.0,0.0,0.0,0.0
26300000000,26,300000000,Archimede_odom,Archimede_base_link,-36.82568494272669,42.82403991476195,337.54965657020716,-0.010875057880030159,-0.029906721731010083,-0.061246026710185135,0.9976152792152019,0.0,0.0,0.0,0.0,0.0,0.0,0.0,0.0,0.0,0.0,0.0,0.0,0.0,0.0,0.0,0.0,0.0,0.0,0.0,0.0,0.0,0.0,0.0,0.0,0.0,0.0,0.0,0.0,0.0,0.0,0.0,0.0,0.0,0.0,0.0,0.0,-0.0017007287168758687,-0.0005289085365215189,-6.110288112573606e-06,0.00043342142857672844,0.00022982073448518935,-0.000197312657830714,0.0,0.0,0.0,0.0,0.0,0.0,0.0,0.0,0.0,0.0,0.0,0.0,0.0,0.0,0.0,0.0,0.0,0.0,0.0,0.0,0.0,0.0,0.0,0.0,0.0,0.0,0.0,0.0,0.0,0.0,0.0,0.0,0.0,0.0,0.0,0.0
26400000000,26,400000000,Archimede_odom,Archimede_base_link,-36.825773121075514,42.824041851020716,337.5496512879946,-0.010877355995233656,-0.029910318871273885,-0.06122453882179381,0.9976164652799343,0.0,0.0,0.0,0.0,0.0,0.0,0.0,0.0,0.0,0.0,0.0,0.0,0.0,0.0,0.0,0.0,0.0,0.0,0.0,0.0,0.0,0.0,0.0,0.0,0.0,0.0,0.0,0.0,0.0,0.0,0.0,0.0,0.0,0.0,0.0,0.0,-0.00014962974157134545,-8.601613338543676e-06,9.80943935945047e-07,-0.000558131751929848,-0.0003637912196714844,0.0002852905959382547,0.0,0.0,0.0,0.0,0.0,0.0,0.0,0.0,0.0,0.0,0.0,0.0,0.0,0.0,0.0,0.0,0.0,0.0,0.0,0.0,0.0,0.0,0.0,0.0,0.0,0.0,0.0,0.0,0.0,0.0,0.0,0.0,0.0,0.0,0.0,0.0
26500000000,26,500000000,Archimede_odom,Archimede_base_link,-36.82587047797608,42.824024837470084,337.54964574843575,-0.010876236482346665,-0.02991268307445288,-0.06121083492625361,0.9976172475247701,0.0,0.0,0.0,0.0,0.0,0.0,0.0,0.0,0.0,0.0,0.0,0.0,0.0,0.0,0.0,0.0,0.0,0.0,0.0,0.0,0.0,0.0,0.0,0.0,0.0,0.0,0.0,0.0,0.0,0.0,0.0,0.0,0.0,0.0,0.0,0.0,-0.0009083982417652907,-0.0006285109398912345,-5.443659151482083e-06,0.0,0.0,0.0,0.0,0.0,0.0,0.0,0.0,0.0,0.0,0.0,0.0,0.0,0.0,0.0,0.0,0.0,0.0,0.0,0.0,0.0,0.0,0.0,0.0,0.0,0.0,0.0,0.0,0.0,0.0,0.0,0.0,0.0,0.0,0.0,0.0,0.0,0.0,0.0
26600000000,26,600000000,Archimede_odom,Archimede_base_link,-36.825958458533,42.82402426201973,337.54964048326593,-0.010876982135556637,-0.029915629880072313,-0.061197059695816174,0.9976179961453622,0.0,0.0,0.0,0.0,0.0,0.0,0.0,0.0,0.0,0.0,0.0,0.0,0.0,0.0,0.0,0.0,0.0,0.0,0.0,0.0,0.0,0.0,0.0,0.0,0.0,0.0,0.0,0.0,0.0,0.0,0.0,0.0,0.0,0.0,0.0,0.0,-0.00013265221763971146,4.995973152521708e-05,1.0133553700509825e-06,-0.0005701905669413077,-0.0003700006624861629,0.00022284355207824748,0.0,0.0,0.0,0.0,0.0,0.0,0.0,0.0,0.0,0.0,0.0,0.0,0.0,0.0,0.0,0.0,0.0,0.0,0.0,0.0,0.0,0.0,0.0,0.0,0.0,0.0,0.0,0.0,0.0,0.0,0.0,0.0,0.0,0.0,0.0,0.0
26700000000,26,700000000,Archimede_odom,Archimede_base_link,-36.826055926261134,42.82400159877732,337.54963505020675,-0.010873583138459365,-0.029916798816499217,-0.06118147296075815,0.9976189541626884,0.0,0.0,0.0,0.0,0.0,0.0,0.0,0.0,0.0,0.0,0.0,0.0,0.0,0.0,0.0,0.0,0.0,0.0,0.0,0.0,0.0,0.0,0.0,0.0,0.0,0.0,0.0,0.0,0.0,0.0,0.0,0.0,0.0,0.0,0.0,0.0,-0.0008634324826925487,0.00043477883715866826,3.909082818789475e-06,0.00035668974350820323,0.00021018055773233614,0.00039156274031204125,0.0,0.0,0.0,0.0,0.0,0.0,0.0,0.0,0.0,0.0,0.0,0.0,0.0,0.0,0.0,0.0,0.0,0.0,0.0,0.0,0.0,0.0,0.0,0.0,0.0,0.0,0.0,0.0,0.0,0.0,0.0,0.0,0.0,0.0,0.0,0.0
26800000000,26,800000000,Archimede_odom,Archimede_base_link,-36.82616115956795,42.82395211505731,337.5496296094764,-0.010872701163147687,-0.02991973184922286,-0.0611684592774567,0.997619673826208,0.0,0.0,0.0,0.0,0.0,0.0,0.0,0.0,0.0,0.0,0.0,0.0,0.0,0.0,0.0,0.0,0.0,0.0,0.0,0.0,0.0,0.0,0.0,0.0,0.0,0.0,0.0,0.0,0.0,0.0,0.0,0.0,0.0,0.0,0.0,0.0,-0.0009257547277422099,-0.0006048175446862394,-4.476219964091132e-06,-0.0001747994025602958,-0.00012859218510918657,5.213697891321039e-05,0.0,0.0,0.0,0.0,0.0,0.0,0.0,0.0,0.0,0.0,0.0,0.0,0.0,0.0,0.0,0.0,0.0,0.0,0.0,0.0,0.0,0.0,0.0,0.0,0.0,0.0,0.0,0.0,0.0,0.0,0.0,0.0,0.0,0.0,0.0,0.0
26900000000,26,900000000,Archimede_odom,Archimede_base_link,-36.82625366284407,42.823962908078244,337.54962389594385,-0.010868711203826861,-0.02992018769734748,-0.06114980835438256,0.9976208470271387,0.0,0.0,0.0,0.0,0.0,0.0,0.0,0.0,0.0,0.0,0.0,0.0,0.0,0.0,0.0,0.0,0.0,0.0,0.0,0.0,0.0,0.0,0.0,0.0,0.0,0.0,0.0,0.0,0.0,0.0,0.0,0.0,0.0,0.0,0.0,0.0,-0.0009766744220922603,0.0005271467119223236,4.17690009339138e-06,0.0004118021736577044,0.00021231136338750248,0.0005235430894028842,0.0,0.0,0.0,0.0,0.0,0.0,0.0,0.0,0.0,0.0,0.0,0.0,0.0,0.0,0.0,0.0,0.0,0.0,0.0,0.0,0.0,0.0,0.0,0.0,0.0,0.0,0.0,0.0,0.0,0.0,0.0,0.0,0.0,0.0,0.0,0.0
27000000000,27,0,Archimede_odom,Archimede_base_link,-36.82632723609812,42.823960943090555,337.54961951808866,-0.010871831638180396,-0.029923963526243935,-0.061138161365428954,0.9976214136176939,0.0,0.0,0.0,0.0,0.0,0.0,0.0,0.0,0.0,0.0,0.0,0.0,0.0,0.0,0.0,0.0,0.0,0.0,0.0,0.0,0.0,0.0,0.0,0.0,0.0,0.0,0.0,0.0,0.0,0.0,0.0,0.0,0.0,0.0,0.0,0.0,-0.0008688081376560547,-0.0004816173951522083,-4.340635826425392e-06,0.0,0.0,0.0,0.0,0.0,0.0,0.0,0.0,0.0,0.0,0.0,0.0,0.0,0.0,0.0,0.0,0.0,0.0,0.0,0.0,0.0,0.0,0.0,0.0,0.0,0.0,0.0,0.0,0.0,0.0,0.0,0.0,0.0,0.0,0.0,0.0,0.0,0.0,0.0
27100000000,27,100000000,Archimede_odom,Archimede_base_link,-36.82642343482281,42.8239590472441,337.5496137884988,-0.010870793770228985,-0.029926211836604946,-0.06112252448475937,0.9976223156528354,0.0,0.0,0.0,0.0,0.0,0.0,0.0,0.0,0.0,0.0,0.0,0.0,0.0,0.0,0.0,0.0,0.0,0.0,0.0,0.0,0.0,0.0,0.0,0.0,0.0,0.0,0.0,0.0,0.0,0.0,0.0,0.0,0.0,0.0,0.0,0.0,-0.0007743507958110232,4.4348536103865514e-05,-2.0632195439668405e-06,-0.00019308776597022338,-0.00011840749003154188,7.995530677063037e-05,0.0,0.0,0.0,0.0,0.0,0.0,0.0,0.0,0.0,0.0,0.0,0.0,0.0,0.0,0.0,0.0,0.0,0.0,0.0,0.0,0.0,0.0,0.0,0.0,0.0,0.0,0.0,0.0,0.0,0.0,0.0,0.0,0.0,0.0,0.0,0.0
27200000000,27,200000000,Archimede_odom,Archimede_base_link,-36.82652039874266,42.823922339151466,337.54960863833924,-0.010867124255684311,-0.02992729787177174,-0.061106853169292506,0.9976232830824732,0.0,0.0,0.0,0.0,0.0,0.0,0.0,0.0,0.0,0.0,0.0,0.0,0.0,0.0,0.0,0.0,0.0,0.0,0.0,0.0,0.0,0.0,0.0,0.0,0.0,0.0,0.0,0.0,0.0,0.0,0.0,0.0,0.0,0.0,0.0,0.0,-0.0006311889113543012,-0.00021409565949023014,-1.579777941370759e-07,0.000161023070664949,5.720853618237272e-05,0.0005833407125534019,0.0,0.0,0.0,0.0,0.0,0.0,0.0,0.0,0.0,0.0,0.0,0.0,0.0,0.0,0.0,0.0,0.0,0.0,0.0,0.0,0.0,0.0,0.0,0.0,0.0,0.0,0.0,0.0,0.0,0.0,0.0,0.0,0.0,0.0,0.0,0.0
27300000000,27,300000000,Archimede_odom,Archimede_base_link,-36.82660373833896,42.823911192576986,337.5496038275175,-0.010869129348686056,-0.02993087211233877,-0.06109607670899045,0.997623814036416,0.0,0.0,0.0,0.0,0.0,0.0,0.0,0.0,0.0,0.0,0.0,0.0,0.0,0.0,0.0,0.0,0.0,0.0,0.0,0.0,0.0,0.0,0.0,0.0,0.0,0.0,0.0,0.0,0.0,0.0,0.0,0.0,0.0,0.0,0.0,0.0,-0.0007372546536365085,-0.0012145739699789607,-1.1009026665899787e-05,-0.0002018306623428552,-0.00012692799736761267,6.980820587482039e-05,0.0,0.0,0.0,0.0,0.0,0.0,0.0,0.0,0.0,0.0,0.0,0.0,0.0,0.0,0.0,0.0,0.0,0.0,0.0,0.0,0.0,0.0,0.0,0.0,0.0,0.0,0.0,0.0,0.0,0.0,0.0,0.0,0.0,0.0,0.0,0.0
27400000000,27,400000000,Archimede_odom,Archimede_base_link,-36.826693515370174,42.823889048831404,337.5495988414138,-0.01086673083669502,-0.02993235286824987,-0.061082442544023605,0.9976246306229359,0.0,0.0,0.0,0.0,0.0,0.0,0.0,0.0,0.0,0.0,0.0,0.0,0.0,0.0,0.0,0.0,0.0,0.0,0.0,0.0,0.0,0.0,0.0,0.0,0.0,0.0,0.0,0.0,0.0,0.0,0.0,0.0,0.0,0.0,0.0,0.0,-0.0009094647388323861,-0.0006637078513027034,-5.51441006090892e-06,0.000169973982475345,0.0001090351967014158,-2.307421588677705e-06,0.0,0.0,0.0,0.0,0.0,0.0,0.0,0.0,0.0,0.0,0.0,0.0,0.0,0.0,0.0,0.0,0.0,0.0,0.0,0.0,0.0,0.0,0.0,0.0,0.0,0.0,0.0,0.0,0.0,0.0,0.0,0.0,0.0,0.0,0.0,0.0
27500000000,27,500000000,Archimede_odom,Archimede_base_link,-36.826788897820606,42.8238720786817,337.54959342332853,-0.01086491498787044,-0.029934283136114685,-0.06106844753518961,0.9976254492699528,0.0,0.0,0.0,0.0,0.0,0.0,0.0,0.0,0.0,0.0,0.0,0.0,0.0,0.0,0.0,0.0,0.0,0.0,0.0,0.0,0.0,0.0,0.0,0.0,0.0,0.0,0.0,0.0,0.0,0.0,0.0,0.0,0.0,0.0,0.0,0.0,-0.0015345214639495386,-0.0005123481493970458,-4.998265323611714e-06,0.000557227390036071,0.00031591761779805276,3.307655218861361e-05,0.0,0.0,0.0,0.0,0.0,0.0,0.0,0.0,0.0,0.0,0.0,0.0,0.0,0.0,0.0,0.0,0.0,0.0,0.0,0.0,0.0,0.0,0.0,0.0,0.0,0.0,0.0,0.0,0.0,0.0,0.0,0.0,0.0,0.0,0.0,0.0
27600000000,27,600000000,Archimede_odom,Archimede_base_link,-36.82688263622698,42.823860986411475,337.5495880202171,-0.010862526040726657,-0.029935754645402428,-0.061050756384907146,0.9976265139152305,0.0,0.0,0.0,0.0,0.0,0.0,0.0,0.0,0.0,0.0,0.0,0.0,0.0,0.0,0.0,0.0,0.0,0.0,0.0,0.0,0.0,0.0,0.0,0.0,0.0,0.0,0.0,0.0,0.0,0.0,0.0,0.0,0.0,0.0,0.0,0.0,-0.0007316512319366327,0.00032016940109834874,3.7546361628788176e-06,0.00014965956043583813,5.323573935968227e-05,0.0005772366019366384,0.0,0.0,0.0,0.0,0.0,0.0,0.0,0.0,0.0,0.0,0.0,0.0,0.0,0.0,0.0,0.0,0.0,0.0,0.0,0.0,0.0,0.0,0.0,0.0,0.0,0.0,0.0,0.0,0.0,0.0,0.0,0.0,0.0,0.0,0.0,0.0
27700000000,27,700000000,Archimede_odom,Archimede_base_link,-36.82697201929527,42.823859286097,337.5495826851236,-0.010863045462627346,-0.029938653390786222,-0.06103792566725624,0.9976272063785458,0.0,0.0,0.0,0.0,0.0,0.0,0.0,0.0,0.0,0.0,0.0,0.0,0.0,0.0,0.0,0.0,0.0,0.0,0.0,0.0,0.0,0.0,0.0,0.0,0.0,0.0,0.0,0.0,0.0,0.0,0.0,0.0,0.0,0.0,0.0,0.0,-0.0013381859791126267,-4.559476876878567e-05,-2.1037041218987853e-06,0.0003053613823242217,0.00014801307012117065,-2.149055488123514e-05,0.0,0.0,0.0,0.0,0.0,0.0,0.0,0.0,0.0,0.0,0.0,0.0,0.0,0.0,0.0,0.0,0.0,0.0,0.0,0.0,0.0,0.0,0.0,0.0,0.0,0.0,0.0,0.0,0.0,0.0,0.0,0.0,0.0,0.0,0.0,0.0
27800000000,27,800000000,Archimede_odom,Archimede_base_link,-36.827057606873645,42.82386084440603,337.54957754799386,-0.010864574631023232,-0.029941841992642715,-0.0610201607237089,0.9976281807875252,0.0,0.0,0.0,0.0,0.0,0.0,0.0,0.0,0.0,0.0,0.0,0.0,0.0,0.0,0.0,0.0,0.0,0.0,0.0,0.0,0.0,0.0,0.0,0.0,0.0,0.0,0.0,0.0,0.0,0.0,0.0,0.0,0.0,0.0,0.0,0.0,-0.0009280694823236773,-0.0008351746935866461,-6.754514306672011e-06,0.00017547693148676534,0.00011071915244172154,-2.829414363755073e-06,0.0,0.0,0.0,0.0,0.0,0.0,0.0,0.0,0.0,0.0,0.0,0.0,0.0,0.0,0.0,0.0,0.0,0.0,0.0,0.0,0.0,0.0,0.0,0.0,0.0,0.0,0.0,0.0,0.0,0.0,0.0,0.0,0.0,0.0,0.0,0.0
27900000000,27,900000000,Archimede_odom,Archimede_base_link,-36.8271466957469,42.823869558862306,337.5495720625099,-0.010866221391795319,-0.029945192641142898,-0.061003746331694565,0.9976290661382353,0.0,0.0,0.0,0.0,0.0,0.0,0.0,0.0,0.0,0.0,0.0,0.0,0.0,0.0,0.0,0.0,0.0,0.0,0.0,0.0,0.0,0.0,0.0,0.0,0.0,0.0,0.0,0.0,0.0,0.0,0.0,0.0,0.0,0.0,0.0,0.0,-0.0004010369023464992,0.0001523387284369781,1.8602547035154235e-06,-0.00035524097105057225,-0.00023765178917946857,0.00020939828796177185,0.0,0.0,0.0,0.0,0.0,0.0,0.0,0.0,0.0,0.0,0.0,0.0,0.0,0.0,0.0,0.0,0.0,0.0,0.0,0.0,0.0,0.0,0.0,0.0,0.0,0.0,0.0,0.0,0.0,0.0,0.0,0.0,0.0,0.0,0.0,0.0
28000000000,28,0,Archimede_odom,Archimede_base_link,-36.827245554007014,42.82386880278918,337.54956614741445,-0.010863121782773646,-0.029946460941004983,-0.06098908773039689,0.9976299580706544,0.0,0.0,0.0,0.0,0.0,0.0,0.0,0.0,0.0,0.0,0.0,0.0,0.0,0.0,0.0,0.0,0.0,0.0,0.0,0.0,0.0,0.0,0.0,0.0,0.0,0.0,0.0,0.0,0.0,0.0,0.0,0.0,0.0,0.0,0.0,0.0,-0.001401169449455075,0.00039222168453548965,2.829412685677762e-06,0.00012002080863759783,2.122454132542299e-05,0.0002624798504588719,0.0,0.0,0.0,0.0,0.0,0.0,0.0,0.0,0.0,0.0,0.0,0.0,0.0,0.0,0.0,0.0,0.0,0.0,0.0,0.0,0.0,0.0,0.0,0.0,0.0,0.0,0.0,0.0,0.0,0.0,0.0,0.0,0.0,0.0,0.0,0.0
28100000000,28,100000000,Archimede_odom,Archimede_base_link,-36.827334584022395,42.82386484188336,337.54956088348314,-0.010862931782350229,-0.029948957657226077,-0.06097465734341499,0.9976307672732386,0.0,0.0,0.0,0.0,0.0,0.0,0.0,0.0,0.0,0.0,0.0,0.0,0.0,0.0,0.0,0.0,0.0,0.0,0.0,0.0,0.0,0.0,0.0,0.0,0.0,0.0,0.0,0.0,0.0,0.0,0.0,0.0,0.0,0.0,0.0,0.0,-0.0014290367662100393,0.00015620924922233112,8.234041757991646e-08,0.0003172230988672647,0.0001595119595064524,8.069530860675828e-05,0.0,0.0,0.0,0.0,0.0,0.0,0.0,0.0,0.0,0.0,0.0,0.0,0.0,0.0,0.0,0.0,0.0,0.0,0.0,0.0,0.0,0.0,0.0,0.0,0.0,0.0,0.0,0.0,0.0,0.0,0.0,0.0,0.0,0.0,0.0,0.0
28200000000,28,200000000,Archimede_odom,Archimede_base_link,-36.82741951837931,42.82386412640541,337.5495558210302,-0.010863835316326911,-0.029951834097960373,-0.06095807295286873,0.9976316845701427,0.0,0.0,0.0,0.0,0.0,0.0,0.0,0.0,0.0,0.0,0.0,0.0,0.0,0.0,0.0,0.0,0.0,0.0,0.0,0.0,0.0,0.0,0.0,0.0,0.0,0.0,0.0,0.0,0.0,0.0,0.0,0.0,0.0,0.0,0.0,0.0,-0.0014331316209667878,-0.00042034119456651873,-4.4138078694226945e-06,0.0003021823172779911,0.00017299187694249185,0.00020954571220969587,0.0,0.0,0.0,0.0,0.0,0.0,0.0,0.0,0.0,0.0,0.0,0.0,0.0,0.0,0.0,0.0,0.0,0.0,0.0,0.0,0.0,0.0,0.0,0.0,0.0,0.0,0.0,0.0,0.0,0.0,0.0,0.0,0.0,0.0,0.0,0.0
28300000000,28,300000000,Archimede_odom,Archimede_base_link,-36.82750368648265,42.823869308742104,337.54955069994014,-0.010863953942810972,-0.02995424398280714,-0.060941539385759705,0.9976326210331341,0.0,0.0,0.0,0.0,0.0,0.0,0.0,0.0,0.0,0.0,0.0,0.0,0.0,0.0,0.0,0.0,0.0,0.0,0.0,0.0,0.0,0.0,0.0,0.0,0.0,0.0,0.0,0.0,0.0,0.0,0.0,0.0,0.0,0.0,0.0,0.0,-0.0008886236799229523,-0.0005567386270320154,-4.824843973537859e-06,0.0,0.0,0.0,0.0,0.0,0.0,0.0,0.0,0.0,0.0,0.0,0.0,0.0,0.0,0.0,0.0,0.0,0.0,0.0,0.0,0.0,0.0,0.0,0.0,0.0,0.0,0.0,0.0,0.0,0.0,0.0,0.0,0.0,0.0,0.0,0.0,0.0,0.0,0.0
28400000000,28,400000000,Archimede_odom,Archimede_base_link,-36.82759350020654,42.82387495056283,337.54954522810084,-0.010864854037693637,-0.029957236852529226,-0.0609247544166918,0.9976335465521229,0.0,0.0,0.0,0.0,0.0,0.0,0.0,0.0,0.0,0.0,0.0,0.0,0.0,0.0,0.0,0.0,0.0,0.0,0.0,0.0,0.0,0.0,0.0,0.0,0.0,0.0,0.0,0.0,0.0,0.0,0.0,0.0,0.0,0.0,0.0,0.0,-7.236063351577435e-05,0.00017814442239176374,2.246243234463107e-06,-0.0005517341021677032,-0.00035767253430380076,0.0002715276783878869,0.0,0.0,0.0,0.0,0.0,0.0,0.0,0.0,0.0,0.0,0.0,0.0,0.0,0.0,0.0,0.0,0.0,0.0,0.0,0.0,0.0,0.0,0.0,0.0,0.0,0.0,0.0,0.0,0.0,0.0,0.0,0.0,0.0,0.0,0.0,0.0
28501000000,28,500000000,Archimede_odom,Archimede_base_link,-36.82769203572339,42.823868876625866,337.5495394460172,-0.01086165418483133,-0.029958404031362695,-0.06090673671292652,0.9976346465110587,0.0,0.0,0.0,0.0,0.0,0.0,0.0,0.0,0.0,0.0,0.0,0.0,0.0,0.0,0.0,0.0,0.0,0.0,0.0,0.0,0.0,0.0,0.0,0.0,0.0,0.0,0.0,0.0,0.0,0.0,0.0,0.0,0.0,0.0,0.0,0.0,-0.0005523151438506852,0.0005207715290385205,5.250908076729684e-06,0.00014514994571571208,7.989454927962117e-05,0.000484530131411597,0.0,0.0,0.0,0.0,0.0,0.0,0.0,0.0,0.0,0.0,0.0,0.0,0.0,0.0,0.0,0.0,0.0,0.0,0.0,0.0,0.0,0.0,0.0,0.0,0.0,0.0,0.0,0.0,0.0,0.0,0.0,0.0,0.0,0.0,0.0,0.0
28600000000,28,600000000,Archimede_odom,Archimede_base_link,-36.82777583754985,42.82385513341218,337.5495346575699,-0.010863316884528332,-0.029961815439664884,-0.0608952886936993,0.9976352248075129,0.0,0.0,0.0,0.0,0.0,0.0,0.0,0.0,0.0,0.0,0.0,0.0,0.0,0.0,0.0,0.0,0.0,0.0,0.0,0.0,0.0,0.0,0.0,0.0,0.0,0.0,0.0,0.0,0.0,0.0,0.0,0.0,0.0,0.0,0.0,0.0,-5.8390606511436826e-05,0.00011361622499467378,2.063305351496688e-06,-0.000728818252324136,-0.00048461421607363074,0.0003358613586303636,0.0,0.0,0.0,0.0,0.0,0.0,0.0,0.0,0.0,0.0,0.0,0.0,0.0,0.0,0.0,0.0,0.0,0.0,0.0,0.0,0.0,0.0,0.0,0.0,0.0,0.0,0.0,0.0,0.0,0.0,0.0,0.0,0.0,0.0,0.0,0.0
28700000000,28,700000000,Archimede_odom,Archimede_base_link,-36.82787538683969,42.823853106357774,337.5495287293645,-0.01085908099847518,-0.029962498878660367,-0.06087967849437044,0.9976362031157635,0.0,0.0,0.0,0.0,0.0,0.0,0.0,0.0,0.0,0.0,0.0,0.0,0.0,0.0,0.0,0.0,0.0,0.0,0.0,0.0,0.0,0.0,0.0,0.0,0.0,0.0,0.0,0.0,0.0,0.0,0.0,0.0,0.0,0.0,0.0,0.0,-0.0008754616097423699,0.0007675634811809892,5.994278985696593e-06,0.0005399719734217052,0.00031231621434785553,0.0004438754497156453,0.0,0.0,0.0,0.0,0.0,0.0,0.0,0.0,0.0,0.0,0.0,0.0,0.0,0.0,0.0,0.0,0.0,0.0,0.0,0.0,0.0,0.0,0.0,0.0,0.0,0.0,0.0,0.0,0.0,0.0,0.0,0.0,0.0,0.0,0.0,0.0
28800000000,28,800000000,Archimede_odom,Archimede_base_link,-36.82796998905494,42.82384638079311,337.54952318031604,-0.010861062575058745,-0.029966304433526752,-0.06086414181712451,0.9976370152310923,0.0,0.0,0.0,0.0,0.0,0.0,0.0,0.0,0.0,0.0,0.0,0.0,0.0,0.0,0.0,0.0,0.0,0.0,0.0,0.0,0.0,0.0,0.0,0.0,0.0,0.0,0.0,0.0,0.0,0.0,0.0,0.0,0.0,0.0,0.0,0.0,-0.0015451941598242317,0.00024823979197495456,2.9632857383830875e-08,0.0002917628554455979,0.0001426846492640286,-2.9824528633433683e-05,0.0,0.0,0.0,0.0,0.0,0.0,0.0,0.0,0.0,0.0,0.0,0.0,0.0,0.0,0.0,0.0,0.0,0.0,0.0,0.0,0.0,0.0,0.0,0.0,0.0,0.0,0.0,0.0,0.0,0.0,0.0,0.0,0.0,0.0,0.0,0.0
28900000000,28,900000000,Archimede_odom,Archimede_base_link,-36.82805373226124,42.82384537750634,337.54951820126627,-0.010861767455058518,-0.029969019542526794,-0.060846514176076665,0.9976380012750278,0.0,0.0,0.0,0.0,0.0,0.0,0.0,0.0,0.0,0.0,0.0,0.0,0.0,0.0,0.0,0.0,0.0,0.0,0.0,0.0,0.0,0.0,0.0,0.0,0.0,0.0,0.0,0.0,0.0,0.0,0.0,0.0,0.0,0.0,0.0,0.0,-0.0009333141566971292,-0.0008861617078963976,-7.34968531540097e-06,0.0,0.0,0.0,0.0,0.0,0.0,0.0,0.0,0.0,0.0,0.0,0.0,0.0,0.0,0.0,0.0,0.0,0.0,0.0,0.0,0.0,0.0,0.0,0.0,0.0,0.0,0.0,0.0,0.0,0.0,0.0,0.0,0.0,0.0,0.0,0.0,0.0,0.0,0.0
29000000000,29,0,Archimede_odom,Archimede_base_link,-36.82814209255979,42.823856719875664,337.5495127126668,-0.010862682205471489,-0.029971953762576456,-0.0608303007278017,0.9976388919024368,0.0,0.0,0.0,0.0,0.0,0.0,0.0,0.0,0.0,0.0,0.0,0.0,0.0,0.0,0.0,0.0,0.0,0.0,0.0,0.0,0.0,0.0,0.0,0.0,0.0,0.0,0.0,0.0,0.0,0.0,0.0,0.0,0.0,0.0,0.0,0.0,-0.0007881581919249503,1.4784231423370895e-05,-1.6738124137035532e-07,0.0,0.0,0.0,0.0,0.0,0.0,0.0,0.0,0.0,0.0,0.0,0.0,0.0,0.0,0.0,0.0,0.0,0.0,0.0,0.0,0.0,0.0,0.0,0.0,0.0,0.0,0.0,0.0,0.0,0.0,0.0,0.0,0.0,0.0,0.0,0.0,0.0,0.0,0.0
29100000000,29,100000000,Archimede_odom,Archimede_base_link,-36.82823683956143,42.8238573906213,337.54950702547114,-0.01086163423535791,-0.02997413610940803,-0.06081467135451698,0.9976397906129617,0.0,0.0,0.0,0.0,0.0,0.0,0.0,0.0,0.0,0.0,0.0,0.0,0.0,0.0,0.0,0.0,0.0,0.0,0.0,0.0,0.0,0.0,0.0,0.0,0.0,0.0,0.0,0.0,0.0,0.0,0.0,0.0,0.0,0.0,0.0,0.0,-0.0013905555025203217,0.00048153761077791965,3.4493931416091386e-06,-7.289889870861395e-05,-9.655964384216621e-05,0.0003774666234526758,0.0,0.0,0.0,0.0,0.0,0.0,0.0,0.0,0.0,0.0,0.0,0.0,0.0,0.0,0.0,0.0,0.0,0.0,0.0,0.0,0.0,0.0,0.0,0.0,0.0,0.0,0.0,0.0,0.0,0.0,0.0,0.0,0.0,0.0,0.0,0.0
29200000000,29,200000000,Archimede_odom,Archimede_base_link,-36.82832177788226,42.823859900624335,337.5495018980974,-0.010862035173852229,-0.029976759987134425,-0.06079947160194186,0.9976406338484216,0.0,0.0,0.0,0.0,0.0,0.0,0.0,0.0,0.0,0.0,0.0,0.0,0.0,0.0,0.0,0.0,0.0,0.0,0.0,0.0,0.0,0.0,0.0,0.0,0.0,0.0,0.0,0.0,0.0,0.0,0.0,0.0,0.0,0.0,0.0,0.0,-0.00044093601810785675,0.00012655335992753795,8.681450691525285e-07,-0.00019479440303245063,-0.00012003248771147313,0.00011594653842362248,0.0,0.0,0.0,0.0,0.0,0.0,0.0,0.0,0.0,0.0,0.0,0.0,0.0,0.0,0.0,0.0,0.0,0.0,0.0,0.0,0.0,0.0,0.0,0.0,0.0,0.0,0.0,0.0,0.0,0.0,0.0,0.0,0.0,0.0,0.0,0.0
29300000000,29,300000000,Archimede_odom,Archimede_base_link,-36.82842122115631,42.82383315817815,337.5494964207933,-0.010859071626493763,-0.029978230325662016,-0.06078333344597727,0.9976416053098164,0.0,0.0,0.0,0.0,0.0,0.0,0.0,0.0,0.0,0.0,0.0,0.0,0.0,0.0,0.0,0.0,0.0,0.0,0.0,0.0,0.0,0.0,0.0,0.0,0.0,0.0,0.0,0.0,0.0,0.0,0.0,0.0,0.0,0.0,0.0,0.0,-0.00047137881216108,-1.632693039697803e-05,7.45110710142461e-07,-0.0001550862349905425,-0.00012416695530398868,0.0002672190733756407,0.0,0.0,0.0,0.0,0.0,0.0,0.0,0.0,0.0,0.0,0.0,0.0,0.0,0.0,0.0,0.0,0.0,0.0,0.0,0.0,0.0,0.0,0.0,0.0,0.0,0.0,0.0,0.0,0.0,0.0,0.0,0.0,0.0,0.0,0.0,0.0
29400000000,29,400000000,Archimede_odom,Archimede_base_link,-36.82850935913148,42.823812457685946,337.5494915070897,-0.01085792055581104,-0.029980304568587586,-0.06076978374132005,0.9976423809578319,0.0,0.0,0.0,0.0,0.0,0.0,0.0,0.0,0.0,0.0,0.0,0.0,0.0,0.0,0.0,0.0,0.0,0.0,0.0,0.0,0.0,0.0,0.0,0.0,0.0,0.0,0.0,0.0,0.0,0.0,0.0,0.0,0.0,0.0,0.0,0.0,-0.0009262577374322919,-0.0008017255332256858,-6.450575397317898e-06,0.0001747619780613228,0.00011071620928893713,-6.08417676623982e-06,0.0,0.0,0.0,0.0,0.0,0.0,0.0,0.0,0.0,0.0,0.0,0.0,0.0,0.0,0.0,0.0,0.0,0.0,0.0,0.0,0.0,0.0,0.0,0.0,0.0,0.0,0.0,0.0,0.0,0.0,0.0,0.0,0.0,0.0,0.0,0.0
29500000000,29,500000000,Archimede_odom,Archimede_base_link,-36.828602662736095,42.8237845792459,337.5494864020218,-0.010856280539391855,-0.029982351763444926,-0.06075741140770732,0.9976430908469309,0.0,0.0,0.0,0.0,0.0,0.0,0.0,0.0,0.0,0.0,0.0,0.0,0.0,0.0,0.0,0.0,0.0,0.0,0.0,0.0,0.0,0.0,0.0,0.0,0.0,0.0,0.0,0.0,0.0,0.0,0.0,0.0,0.0,0.0,0.0,0.0,-0.00037322289418187534,0.00016415641338137247,1.6501675078913902e-06,-0.00018541150119870696,-0.00011392083266460176,0.00011813371838790632,0.0,0.0,0.0,0.0,0.0,0.0,0.0,0.0,0.0,0.0,0.0,0.0,0.0,0.0,0.0,0.0,0.0,0.0,0.0,0.0,0.0,0.0,0.0,0.0,0.0,0.0,0.0,0.0,0.0,0.0,0.0,0.0,0.0,0.0,0.0,0.0
29600000000,29,600000000,Archimede_odom,Archimede_base_link,-36.828694306585795,42.82378088670943,337.54948098808376,-0.010855844527007722,-0.029984752633694295,-0.060740489975453824,0.9976440538221252,0.0,0.0,0.0,0.0,0.0,0.0,0.0,0.0,0.0,0.0,0.0,0.0,0.0,0.0,0.0,0.0,0.0,0.0,0.0,0.0,0.0,0.0,0.0,0.0,0.0,0.0,0.0,0.0,0.0,0.0,0.0,0.0,0.0,0.0,0.0,0.0,-0.0009256400684734681,-0.0009562539053880799,-7.580574511572225e-06,0.0,0.0,0.0,0.0,0.0,0.0,0.0,0.0,0.0,0.0,0.0,0.0,0.0,0.0,0.0,0.0,0.0,0.0,0.0,0.0,0.0,0.0,0.0,0.0,0.0,0.0,0.0,0.0,0.0,0.0,0.0,0.0,0.0,0.0,0.0,0.0,0.0,0.0,0.0
29700000000,29,700000000,Archimede_odom,Archimede_base_link,-36.828782339164135,42.82379206675175,337.5494755198742,-0.010857708608260467,-0.029988180624888564,-0.06072458727198029,0.9976448985922971,0.0,0.0,0.0,0.0,0.0,0.0,0.0,0.0,0.0,0.0,0.0,0.0,0.0,0.0,0.0,0.0,0.0,0.0,0.0,0.0,0.0,0.0,0.0,0.0,0.0,0.0,0.0,0.0,0.0,0.0,0.0,0.0,0.0,0.0,0.0,0.0,-0.00045032340450116263,9.932395727274614e-05,9.12217551725121e-07,-0.00019949669883428793,-0.0001227364868441584,0.00012555783482499008,0.0,0.0,0.0,0.0,0.0,0.0,0.0,0.0,0.0,0.0,0.0,0.0,0.0,0.0,0.0,0.0,0.0,0.0,0.0,0.0,0.0,0.0,0.0,0.0,0.0,0.0,0.0,0.0,0.0,0.0,0.0,0.0,0.0,0.0,0.0,0.0
29800000000,29,800000000,Archimede_odom,Archimede_base_link,-36.828877544639425,42.82379180482123,337.5494698225179,-0.010855673689509916,-0.0299898656466281,-0.060708941250650315,0.997645822303421,0.0,0.0,0.0,0.0,0.0,0.0,0.0,0.0,0.0,0.0,0.0,0.0,0.0,0.0,0.0,0.0,0.0,0.0,0.0,0.0,0.0,0.0,0.0,0.0,0.0,0.0,0.0,0.0,0.0,0.0,0.0,0.0,0.0,0.0,0.0,0.0,-0.001083671394614149,0.00044105208525336474,3.7483287703679424e-06,8.256734073414226e-05,1.82300272239283e-05,0.00029445076453714646,0.0,0.0,0.0,0.0,0.0,0.0,0.0,0.0,0.0,0.0,0.0,0.0,0.0,0.0,0.0,0.0,0.0,0.0,0.0,0.0,0.0,0.0,0.0,0.0,0.0,0.0,0.0,0.0,0.0,0.0,0.0,0.0,0.0,0.0,0.0,0.0
29900000000,29,900000000,Archimede_odom,Archimede_base_link,-36.82896490220316,42.82377787506542,337.54946483908395,-0.010854465606295497,-0.029991832959591673,-0.06069464824460136,0.9976466459656894,0.0,0.0,0.0,0.0,0.0,0.0,0.0,0.0,0.0,0.0,0.0,0.0,0.0,0.0,0.0,0.0,0.0,0.0,0.0,0.0,0.0,0.0,0.0,0.0,0.0,0.0,0.0,0.0,0.0,0.0,0.0,0.0,0.0,0.0,0.0,0.0,-0.0008864339720754781,-0.0003726375499277266,-2.988661477867184e-06,0.00024910395488356206,0.0001444583752197835,7.31175002310883e-05,0.0,0.0,0.0,0.0,0.0,0.0,0.0,0.0,0.0,0.0,0.0,0.0,0.0,0.0,0.0,0.0,0.0,0.0,0.0,0.0,0.0,0.0,0.0,0.0,0.0,0.0,0.0,0.0,0.0,0.0,0.0,0.0,0.0,0.0,0.0,0.0
30000000000,30,0,Archimede_odom,Archimede_base_link,-36.82905134890546,42.8237838939269,337.5494595608314,-0.010853543226836277,-0.02999378413648378,-0.06067898943733063,0.9976475498659141,0.0,0.0,0.0,0.0,0.0,0.0,0.0,0.0,0.0,0.0,0.0,0.0,0.0,0.0,0.0,0.0,0.0,0.0,0.0,0.0,0.0,0.0,0.0,0.0,0.0,0.0,0.0,0.0,0.0,0.0,0.0,0.0,0.0,0.0,0.0,0.0,-0.0007596321182558494,0.00012662210471026887,1.498775425901474e-06,3.624556656410352e-05,-1.368616096621574e-05,0.00023681293827482324,0.0,0.0,0.0,0.0,0.0,0.0,0.0,0.0,0.0,0.0,0.0,0.0,0.0,0.0,0.0,0.0,0.0,0.0,0.0,0.0,0.0,0.0,0.0,0.0,0.0,0.0,0.0,0.0,0.0,0.0,0.0,0.0,0.0,0.0,0.0,0.0
30100000000,30,100000000,Archimede_odom,Archimede_base_link,-36.82915487427975,42.823748433064125,337.549453915518,-0.010853369668200451,-0.029997168028830932,-0.06067655146759958,0.9976475982926513,0.0,0.0,0.0,0.0,0.0,0.0,0.0,0.0,0.0,0.0,0.0,0.0,0.0,0.0,0.0,0.0,0.0,0.0,0.0,0.0,0.0,0.0,0.0,0.0,0.0,0.0,0.0,0.0,0.0,0.0,0.0,0.0,0.0,0.0,0.0,0.0,-0.001190127209856105,0.0004666074097666631,2.7668609935700587e-06,-0.0003143309553158114,-0.00023681583226512387,0.0001672949182463433,0.0,0.0,0.0,0.0,0.0,0.0,0.0,0.0,0.0,0.0,0.0,0.0,0.0,0.0,0.0,0.0,0.0,0.0,0.0,0.0,0.0,0.0,0.0,0.0,0.0,0.0,0.0,0.0,0.0,0.0,0.0,0.0,0.0,0.0,0.0,0.0
30200000000,30,200000000,Archimede_odom,Archimede_base_link,-36.82924440529713,42.82374344379337,337.54944863730356,-0.010853174506647568,-0.0299996929186061,-0.06066256702636217,0.9976483749245972,0.0,0.0,0.0,0.0,0.0,0.0,0.0,0.0,0.0,0.0,0.0,0.0,0.0,0.0,0.0,0.0,0.0,0.0,0.0,0.0,0.0,0.0,0.0,0.0,0.0,0.0,0.0,0.0,0.0,0.0,0.0,0.0,0.0,0.0,0.0,0.0,-0.0008385217517935247,1.0518533813000906e-05,-3.4825121403932464e-07,-0.00035772558406637847,-0.00023989605731982263,0.00016318185676272786,0.0,0.0,0.0,0.0,0.0,0.0,0.0,0.0,0.0,0.0,0.0,0.0,0.0,0.0,0.0,0.0,0.0,0.0,0.0,0.0,0.0,0.0,0.0,0.0,0.0,0.0,0.0,0.0,0.0,0.0,0.0,0.0,0.0,0.0,0.0,0.0
30300000000,30,300000000,Archimede_odom,Archimede_base_link,-36.82934283041098,42.823737466437116,337.54944285895306,-0.010849053983477816,-0.030000381220222347,-0.06064496017139299,0.9976494694832023,0.0,0.0,0.0,0.0,0.0,0.0,0.0,0.0,0.0,0.0,0.0,0.0,0.0,0.0,0.0,0.0,0.0,0.0,0.0,0.0,0.0,0.0,0.0,0.0,0.0,0.0,0.0,0.0,0.0,0.0,0.0,0.0,0.0,0.0,0.0,0.0,-0.0007302826182395636,0.0003212778810849339,3.8351669969503695e-06,0.00015033990264936366,5.373316864752905e-05,0.0005760882379233288,0.0,0.0,0.0,0.0,0.0,0.0,0.0,0.0,0.0,0.0,0.0,0.0,0.0,0.0,0.0,0.0,0.0,0.0,0.0,0.0,0.0,0.0,0.0,0.0,0.0,0.0,0.0,0.0,0.0,0.0,0.0,0.0,0.0,0.0,0.0,0.0
30400000000,30,400000000,Archimede_odom,Archimede_base_link,-36.82942610382188,42.82372126258771,337.5494381487094,-0.010851961639061271,-0.03000443065005007,-0.06063295455095396,0.9976500458038242,0.0,0.0,0.0,0.0,0.0,0.0,0.0,0.0,0.0,0.0,0.0,0.0,0.0,0.0,0.0,0.0,0.0,0.0,0.0,0.0,0.0,0.0,0.0,0.0,0.0,0.0,0.0,0.0,0.0,0.0,0.0,0.0,0.0,0.0,0.0,0.0,-0.0008126468282029286,-0.0011345267259774577,-1.0070164000634016e-05,-0.00020218040335298696,-0.0001270965527961384,6.969808499574853e-05,0.0,0.0,0.0,0.0,0.0,0.0,0.0,0.0,0.0,0.0,0.0,0.0,0.0,0.0,0.0,0.0,0.0,0.0,0.0,0.0,0.0,0.0,0.0,0.0,0.0,0.0,0.0,0.0,0.0,0.0,0.0,0.0,0.0,0.0,0.0,0.0
30500000000,30,500000000,Archimede_odom,Archimede_base_link,-36.82953168201991,42.823665915243915,337.54943279535837,-0.01084915455448551,-0.030006393337826662,-0.06061966940137064,0.9976508246305302,0.0,0.0,0.0,0.0,0.0,0.0,0.0,0.0,0.0,0.0,0.0,0.0,0.0,0.0,0.0,0.0,0.0,0.0,0.0,0.0,0.0,0.0,0.0,0.0,0.0,0.0,0.0,0.0,0.0,0.0,0.0,0.0,0.0,0.0,0.0,0.0,-0.0010101834653546851,-0.0008588419245683127,-7.350780787521554e-06,-8.083377146968309e-05,-5.253541555511089e-05,0.00031388955162944013,0.0,0.0,0.0,0.0,0.0,0.0,0.0,0.0,0.0,0.0,0.0,0.0,0.0,0.0,0.0,0.0,0.0,0.0,0.0,0.0,0.0,0.0,0.0,0.0,0.0,0.0,0.0,0.0,0.0,0.0,0.0,0.0,0.0,0.0,0.0,0.0
30600000000,30,600000000,Archimede_odom,Archimede_base_link,-36.82962635004112,42.82364595201885,337.54942742337545,-0.010846797888805234,-0.030008225095747704,-0.06061526976396887,0.9976510624830726,0.0,0.0,0.0,0.0,0.0,0.0,0.0,0.0,0.0,0.0,0.0,0.0,0.0,0.0,0.0,0.0,0.0,0.0,0.0,0.0,0.0,0.0,0.0,0.0,0.0,0.0,0.0,0.0,0.0,0.0,0.0,0.0,0.0,0.0,0.0,0.0,-0.0009629198421295173,-0.000878167939209084,-7.173774822620232e-06,0.0,0.0,0.0,0.0,0.0,0.0,0.0,0.0,0.0,0.0,0.0,0.0,0.0,0.0,0.0,0.0,0.0,0.0,0.0,0.0,0.0,0.0,0.0,0.0,0.0,0.0,0.0,0.0,0.0,0.0,0.0,0.0,0.0,0.0,0.0,0.0,0.0,0.0,0.0
30700000000,30,700000000,Archimede_odom,Archimede_base_link,-36.82971906694114,42.823628555836116,337.5494221940664,-0.010846989881210323,-0.03001104618978222,-0.06059744184655846,0.9976520585648909,0.0,0.0,0.0,0.0,0.0,0.0,0.0,0.0,0.0,0.0,0.0,0.0,0.0,0.0,0.0,0.0,0.0,0.0,0.0,0.0,0.0,0.0,0.0,0.0,0.0,0.0,0.0,0.0,0.0,0.0,0.0,0.0,0.0,0.0,0.0,0.0,-0.0006831995009475641,-0.001034632394850802,-7.909161701434776e-06,-0.00016023981885921363,-0.00012056554477354292,4.312959084693274e-05,0.0,0.0,0.0,0.0,0.0,0.0,0.0,0.0,0.0,0.0,0.0,0.0,0.0,0.0,0.0,0.0,0.0,0.0,0.0,0.0,0.0,0.0,0.0,0.0,0.0,0.0,0.0,0.0,0.0,0.0,0.0,0.0,0.0,0.0,0.0,0.0
30800000000,30,800000000,Archimede_odom,Archimede_base_link,-36.82981013846073,42.82364088528177,337.54941652382405,-0.010845871305116394,-0.030013001376293563,-0.06058141471498527,0.9976529852685002,0.0,0.0,0.0,0.0,0.0,0.0,0.0,0.0,0.0,0.0,0.0,0.0,0.0,0.0,0.0,0.0,0.0,0.0,0.0,0.0,0.0,0.0,0.0,0.0,0.0,0.0,0.0,0.0,0.0,0.0,0.0,0.0,0.0,0.0,0.0,0.0,-0.0008777363116337665,-0.0005249879120767325,-4.37582447613805e-06,0.0,0.0,0.0,0.0,0.0,0.0,0.0,0.0,0.0,0.0,0.0,0.0,0.0,0.0,0.0,0.0,0.0,0.0,0.0,0.0,0.0,0.0,0.0,0.0,0.0,0.0,0.0,0.0,0.0,0.0,0.0,0.0,0.0,0.0,0.0,0.0,0.0,0.0,0.0
30900000000,30,900000000,Archimede_odom,Archimede_base_link,-36.82990921719416,42.823632010942966,337.54941073522696,-0.010843338344316323,-0.030014636046184148,-0.0605677245120464,0.9976537948527027,0.0,0.0,0.0,0.0,0.0,0.0,0.0,0.0,0.0,0.0,0.0,0.0,0.0,0.0,0.0,0.0,0.0,0.0,0.0,0.0,0.0,0.0,0.0,0.0,0.0,0.0,0.0,0.0,0.0,0.0,0.0,0.0,0.0,0.0,0.0,0.0,-0.0012101696464548394,0.0001260427633065165,3.71447480821749e-07,0.0003038273420204795,0.00017393992140300442,0.00020848013716936618,0.0,0.0,0.0,0.0,0.0,0.0,0.0,0.0,0.0,0.0,0.0,0.0,0.0,0.0,0.0,0.0,0.0,0.0,0.0,0.0,0.0,0.0,0.0,0.0,0.0,0.0,0.0,0.0,0.0,0.0,0.0,0.0,0.0,0.0,0.0,0.0
31000000000,31,0,Archimede_odom,Archimede_base_link,-36.8300050008718,42.823617623724196,337.5494052576115,-0.01084457962045748,-0.030018115257680864,-0.06055121266312018,0.9976546789817896,0.0,0.0,0.0,0.0,0.0,0.0,0.0,0.0,0.0,0.0,0.0,0.0,0.0,0.0,0.0,0.0,0.0,0.0,0.0,0.0,0.0,0.0,0.0,0.0,0.0,0.0,0.0,0.0,0.0,0.0,0.0,0.0,0.0,0.0,0.0,0.0,-0.0009336692044894948,-0.0008854416035224376,-7.207504929141591e-06,0.0,0.0,0.0,0.0,0.0,0.0,0.0,0.0,0.0,0.0,0.0,0.0,0.0,0.0,0.0,0.0,0.0,0.0,0.0,0.0,0.0,0.0,0.0,0.0,0.0,0.0,0.0,0.0,0.0,0.0,0.0,0.0,0.0,0.0,0.0,0.0,0.0,0.0,0.0
31100000000,31,100000000,Archimede_odom,Archimede_base_link,-36.83009317303988,42.82362829198974,337.5493997922436,-0.010843694376043307,-0.030020112079747377,-0.060535366992049186,0.9976555901242353,0.0,0.0,0.0,0.0,0.0,0.0,0.0,0.0,0.0,0.0,0.0,0.0,0.0,0.0,0.0,0.0,0.0,0.0,0.0,0.0,0.0,0.0,0.0,0.0,0.0,0.0,0.0,0.0,0.0,0.0,0.0,0.0,0.0,0.0,0.0,0.0,-0.0007661801380228662,-6.308486754564861e-05,-6.263828976854508e-07,0.0,0.0,0.0,0.0,0.0,0.0,0.0,0.0,0.0,0.0,0.0,0.0,0.0,0.0,0.0,0.0,0.0,0.0,0.0,0.0,0.0,0.0,0.0,0.0,0.0,0.0,0.0,0.0,0.0,0.0,0.0,0.0,0.0,0.0,0.0,0.0,0.0,0.0,0.0
31200000000,31,200000000,Archimede_odom,Archimede_base_link,-36.830184979113426,42.82362441077823,337.54939436976923,-0.01084131630449094,-0.030021516218230678,-0.06051916206037541,0.997656556861255,0.0,0.0,0.0,0.0,0.0,0.0,0.0,0.0,0.0,0.0,0.0,0.0,0.0,0.0,0.0,0.0,0.0,0.0,0.0,0.0,0.0,0.0,0.0,0.0,0.0,0.0,0.0,0.0,0.0,0.0,0.0,0.0,0.0,0.0,0.0,0.0,-0.0005877598571132402,-2.7561541121983237e-05,1.6967742417265843e-06,-6.466208866224297e-06,-6.076707567289389e-05,0.0006670702476286282,0.0,0.0,0.0,0.0,0.0,0.0,0.0,0.0,0.0,0.0,0.0,0.0,0.0,0.0,0.0,0.0,0.0,0.0,0.0,0.0,0.0,0.0,0.0,0.0,0.0,0.0,0.0,0.0,0.0,0.0,0.0,0.0,0.0,0.0,0.0,0.0
31300000000,31,300000000,Archimede_odom,Archimede_base_link,-36.83026858532399,42.82361291107555,337.5493895529767,-0.01084326645110486,-0.030025060480412445,-0.06050770166211913,0.9976571241440548,0.0,0.0,0.0,0.0,0.0,0.0,0.0,0.0,0.0,0.0,0.0,0.0,0.0,0.0,0.0,0.0,0.0,0.0,0.0,0.0,0.0,0.0,0.0,0.0,0.0,0.0,0.0,0.0,0.0,0.0,0.0,0.0,0.0,0.0,0.0,0.0,-0.0007250245558476925,-0.0011688932741697176,-1.031209742791345e-05,-0.00020138709550570366,-0.00012634893449111584,7.234797881415855e-05,0.0,0.0,0.0,0.0,0.0,0.0,0.0,0.0,0.0,0.0,0.0,0.0,0.0,0.0,0.0,0.0,0.0,0.0,0.0,0.0,0.0,0.0,0.0,0.0,0.0,0.0,0.0,0.0,0.0,0.0,0.0,0.0,0.0,0.0,0.0,0.0
31400000000,31,400000000,Archimede_odom,Archimede_base_link,-36.830374578000026,42.82358934224202,337.5493835619755,-0.010838900792070739,-0.030026211963596033,-0.06050271962675435,0.9976574390754088,0.0,0.0,0.0,0.0,0.0,0.0,0.0,0.0,0.0,0.0,0.0,0.0,0.0,0.0,0.0,0.0,0.0,0.0,0.0,0.0,0.0,0.0,0.0,0.0,0.0,0.0,0.0,0.0,0.0,0.0,0.0,0.0,0.0,0.0,0.0,0.0,-0.0012499754205615048,9.552822166287487e-05,-2.5282020341858966e-07,0.0005529353688799923,0.00031934774894456787,0.00045037754432312934,0.0,0.0,0.0,0.0,0.0,0.0,0.0,0.0,0.0,0.0,0.0,0.0,0.0,0.0,0.0,0.0,0.0,0.0,0.0,0.0,0.0,0.0,0.0,0.0,0.0,0.0,0.0,0.0,0.0,0.0,0.0,0.0,0.0,0.0,0.0,0.0
31500000000,31,500000000,Archimede_odom,Archimede_base_link,-36.830466768213334,42.823551380748015,337.5493787043264,-0.01084018417830508,-0.030029803797273217,-0.06049005522317616,0.9976580849719882,0.0,0.0,0.0,0.0,0.0,0.0,0.0,0.0,0.0,0.0,0.0,0.0,0.0,0.0,0.0,0.0,0.0,0.0,0.0,0.0,0.0,0.0,0.0,0.0,0.0,0.0,0.0,0.0,0.0,0.0,0.0,0.0,0.0,0.0,0.0,0.0,-0.0008596516064267538,-8.188767445472854e-05,-1.481243056337039e-06,-0.00038497197910057005,-0.000256950864974075,0.00011196398816066392,0.0,0.0,0.0,0.0,0.0,0.0,0.0,0.0,0.0,0.0,0.0,0.0,0.0,0.0,0.0,0.0,0.0,0.0,0.0,0.0,0.0,0.0,0.0,0.0,0.0,0.0,0.0,0.0,0.0,0.0,0.0,0.0,0.0,0.0,0.0,0.0
31600000000,31,600000000,Archimede_odom,Archimede_base_link,-36.83056420576668,42.82354634605538,337.54937298787553,-0.010839225196390322,-0.030032031193795352,-0.06046847828149514,0.9976593363637897,0.0,0.0,0.0,0.0,0.0,0.0,0.0,0.0,0.0,0.0,0.0,0.0,0.0,0.0,0.0,0.0,0.0,0.0,0.0,0.0,0.0,0.0,0.0,0.0,0.0,0.0,0.0,0.0,0.0,0.0,0.0,0.0,0.0,0.0,0.0,0.0,-0.0005717312385418196,-0.0003178374814080381,-2.048423840831911e-06,-0.00019147336612479056,-0.00011921261298569933,0.00011143561889182035,0.0,0.0,0.0,0.0,0.0,0.0,0.0,0.0,0.0,0.0,0.0,0.0,0.0,0.0,0.0,0.0,0.0,0.0,0.0,0.0,0.0,0.0,0.0,0.0,0.0,0.0,0.0,0.0,0.0,0.0,0.0,0.0,0.0,0.0,0.0,0.0
31700000000,31,700000000,Archimede_odom,Archimede_base_link,-36.83067249288935,42.82350981600533,337.54936713778704,-0.010834193575023035,-0.030032800984495154,-0.06045463669167519,0.9976602066921795,0.0,0.0,0.0,0.0,0.0,0.0,0.0,0.0,0.0,0.0,0.0,0.0,0.0,0.0,0.0,0.0,0.0,0.0,0.0,0.0,0.0,0.0,0.0,0.0,0.0,0.0,0.0,0.0,0.0,0.0,0.0,0.0,0.0,0.0,0.0,0.0,-0.0012375017569596501,0.00014533301304589974,7.894252058359066e-07,0.0002924549449337263,0.00014261844324983845,0.00012793540056503654,0.0,0.0,0.0,0.0,0.0,0.0,0.0,0.0,0.0,0.0,0.0,0.0,0.0,0.0,0.0,0.0,0.0,0.0,0.0,0.0,0.0,0.0,0.0,0.0,0.0,0.0,0.0,0.0,0.0,0.0,0.0,0.0,0.0,0.0,0.0,0.0
31800000000,31,800000000,Archimede_odom,Archimede_base_link,-36.83076603349594,42.823499718730304,337.54936172588845,-0.010835146822007462,-0.030036012061360102,-0.06043703556756796,0.9976611660802479,0.0,0.0,0.0,0.0,0.0,0.0,0.0,0.0,0.0,0.0,0.0,0.0,0.0,0.0,0.0,0.0,0.0,0.0,0.0,0.0,0.0,0.0,0.0,0.0,0.0,0.0,0.0,0.0,0.0,0.0,0.0,0.0,0.0,0.0,0.0,0.0,-0.0009392133537592603,-0.0007169728746532495,-5.579160558821534e-06,7.708398421367067e-05,1.6676773772903817e-05,0.00013745764207645316,0.0,0.0,0.0,0.0,0.0,0.0,0.0,0.0,0.0,0.0,0.0,0.0,0.0,0.0,0.0,0.0,0.0,0.0,0.0,0.0,0.0,0.0,0.0,0.0,0.0,0.0,0.0,0.0,0.0,0.0,0.0,0.0,0.0,0.0,0.0,0.0
31900000000,31,900000000,Archimede_odom,Archimede_base_link,-36.8308650604833,42.82349842386022,337.54935580907244,-0.010833390368003157,-0.030037991429436157,-0.060422415007841034,0.9976620111483847,0.0,0.0,0.0,0.0,0.0,0.0,0.0,0.0,0.0,0.0,0.0,0.0,0.0,0.0,0.0,0.0,0.0,0.0,0.0,0.0,0.0,0.0,0.0,0.0,0.0,0.0,0.0,0.0,0.0,0.0,0.0,0.0,0.0,0.0,0.0,0.0,-0.0016369422426573764,-9.639931909747657e-05,-2.4858348102457643e-06,0.00030464738659208887,0.00014754281567091023,-2.173325859945322e-05,0.0,0.0,0.0,0.0,0.0,0.0,0.0,0.0,0.0,0.0,0.0,0.0,0.0,0.0,0.0,0.0,0.0,0.0,0.0,0.0,0.0,0.0,0.0,0.0,0.0,0.0,0.0,0.0,0.0,0.0,0.0,0.0,0.0,0.0,0.0,0.0
32000000000,32,0,Archimede_odom,Archimede_base_link,-36.83094574249113,42.82349859935708,337.5493509932451,-0.01083389938917975,-0.0300405076402508,-0.06040519579630898,0.9976629725741809,0.0,0.0,0.0,0.0,0.0,0.0,0.0,0.0,0.0,0.0,0.0,0.0,0.0,0.0,0.0,0.0,0.0,0.0,0.0,0.0,0.0,0.0,0.0,0.0,0.0,0.0,0.0,0.0,0.0,0.0,0.0,0.0,0.0,0.0,0.0,0.0,-0.0005516545074433713,0.0005197785786763568,5.2934189613917846e-06,0.00014479081837724767,7.970278981164031e-05,0.00048427196552784413,0.0,0.0,0.0,0.0,0.0,0.0,0.0,0.0,0.0,0.0,0.0,0.0,0.0,0.0,0.0,0.0,0.0,0.0,0.0,0.0,0.0,0.0,0.0,0.0,0.0,0.0,0.0,0.0,0.0,0.0,0.0,0.0,0.0,0.0,0.0,0.0
32100000000,32,100000000,Archimede_odom,Archimede_base_link,-36.831044062107374,42.82345806964666,337.54934580029555,-0.010833423502067667,-0.030043427059362207,-0.060394429084208036,0.9976635416618903,0.0,0.0,0.0,0.0,0.0,0.0,0.0,0.0,0.0,0.0,0.0,0.0,0.0,0.0,0.0,0.0,0.0,0.0,0.0,0.0,0.0,0.0,0.0,0.0,0.0,0.0,0.0,0.0,0.0,0.0,0.0,0.0,0.0,0.0,0.0,0.0,-0.0016607644685315772,0.00024247255727945444,3.4233478794929303e-07,0.0003256439055276052,0.00016385697251570478,0.00010239434150771903,0.0,0.0,0.0,0.0,0.0,0.0,0.0,0.0,0.0,0.0,0.0,0.0,0.0,0.0,0.0,0.0,0.0,0.0,0.0,0.0,0.0,0.0,0.0,0.0,0.0,0.0,0.0,0.0,0.0,0.0,0.0,0.0,0.0,0.0,0.0,0.0
32200000000,32,200000000,Archimede_odom,Archimede_base_link,-36.83114832786739,42.823402290629105,337.54934053136674,-0.01082783739184303,-0.030043913724334778,-0.06038217916457062,0.9976643291332402,0.0,0.0,0.0,0.0,0.0,0.0,0.0,0.0,0.0,0.0,0.0,0.0,0.0,0.0,0.0,0.0,0.0,0.0,0.0,0.0,0.0,0.0,0.0,0.0,0.0,0.0,0.0,0.0,0.0,0.0,0.0,0.0,0.0,0.0,0.0,0.0,-0.0012624927025767945,-0.0003174234961846602,-3.045612060840351e-06,0.0003277347514083934,0.0001626699313109168,8.711737349434395e-05,0.0,0.0,0.0,0.0,0.0,0.0,0.0,0.0,0.0,0.0,0.0,0.0,0.0,0.0,0.0,0.0,0.0,0.0,0.0,0.0,0.0,0.0,0.0,0.0,0.0,0.0,0.0,0.0,0.0,0.0,0.0,0.0,0.0,0.0,0.0,0.0
32300000000,32,300000000,Archimede_odom,Archimede_base_link,-36.831241926667055,42.82339014508077,337.5493350932038,-0.010828842633433063,-0.03004738605614014,-0.060375607243129306,0.9976646113842251,0.0,0.0,0.0,0.0,0.0,0.0,0.0,0.0,0.0,0.0,0.0,0.0,0.0,0.0,0.0,0.0,0.0,0.0,0.0,0.0,0.0,0.0,0.0,0.0,0.0,0.0,0.0,0.0,0.0,0.0,0.0,0.0,0.0,0.0,0.0,0.0,-0.0007605891949955211,-0.00015983738992154795,-2.3326605679352925e-07,-9.759406759184091e-05,-9.047857673824002e-05,0.0005725786918894105,0.0,0.0,0.0,0.0,0.0,0.0,0.0,0.0,0.0,0.0,0.0,0.0,0.0,0.0,0.0,0.0,0.0,0.0,0.0,0.0,0.0,0.0,0.0,0.0,0.0,0.0,0.0,0.0,0.0,0.0,0.0,0.0,0.0,0.0,0.0,0.0
32400000000,32,400000000,Archimede_odom,Archimede_base_link,-36.83132748869236,42.82338300121171,337.54933008699334,-0.01082936310502478,-0.0300501975330361,-0.06036299298996485,0.9976652843515497,0.0,0.0,0.0,0.0,0.0,0.0,0.0,0.0,0.0,0.0,0.0,0.0,0.0,0.0,0.0,0.0,0.0,0.0,0.0,0.0,0.0,0.0,0.0,0.0,0.0,0.0,0.0,0.0,0.0,0.0,0.0,0.0,0.0,0.0,0.0,0.0,-0.0004024292497584824,-0.0010403920546797763,-8.123366423793283e-06,-0.00027239228420087365,-0.00016315711379487468,0.00034153573342985213,0.0,0.0,0.0,0.0,0.0,0.0,0.0,0.0,0.0,0.0,0.0,0.0,0.0,0.0,0.0,0.0,0.0,0.0,0.0,0.0,0.0,0.0,0.0,0.0,0.0,0.0,0.0,0.0,0.0,0.0,0.0,0.0,0.0,0.0,0.0,0.0
32500000000,32,500000000,Archimede_odom,Archimede_base_link,-36.83143557565209,42.82333069719743,337.54932452538117,-0.010824798499179797,-0.030051313044269615,-0.06035023485030705,0.9976660721279842,0.0,0.0,0.0,0.0,0.0,0.0,0.0,0.0,0.0,0.0,0.0,0.0,0.0,0.0,0.0,0.0,0.0,0.0,0.0,0.0,0.0,0.0,0.0,0.0,0.0,0.0,0.0,0.0,0.0,0.0,0.0,0.0,0.0,0.0,0.0,0.0,-0.0008341210464797761,0.0002561743141052434,2.560641812484381e-06,0.00036517677076289555,0.00021563102048409558,0.00039264172940142034,0.0,0.0,0.0,0.0,0.0,0.0,0.0,0.0,0.0,0.0,0.0,0.0,0.0,0.0,0.0,0.0,0.0,0.0,0.0,0.0,0.0,0.0,0.0,0.0,0.0,0.0,0.0,0.0,0.0,0.0,0.0,0.0,0.0,0.0,0.0,0.0
