timestamp,_data_0,_data_1,_data_2,_data_3,_data_4,_data_5,_data_6
9000000,0.0002909887407440692,-0.003564736107364297,-0.0009003747836686671,-1.0077548027038574,14.175190925598145,358.0155944824219,0.02470092847943306
10000000,0.000133609923068434,0.00774295162409544,-0.027836062014102936,-0.9983606934547424,-74.4554214477539,20.496604919433594,0.0022961425129324198
11000000,0.003629339160397649,-3.042827120225411e-05,0.01254190132021904,1.088252305984497,-89.86099243164062,43.45473098754883,0.004279174841940403
12000000,0.0033406575676053762,-0.00465298630297184,0.011614258401095867,-1.0682061910629272,-68.1676254272461,44.92362976074219,0.0043748472817242146
13000000,0.003407206619158387,-0.008400604128837585,0.00913438480347395,-1.0385310649871826,-47.396236419677734,43.096256256103516,0.004200897179543972
14000000,0.0033865212462842464,-0.011571298353374004,0.007132198195904493,-1.0278031826019287,-31.64842414855957,42.82072830200195,0.0041574095375835896
15000000,0.003291346598416567,-0.014406043104827404,0.005570591427385807,-1.0217046737670898,-21.14070701599121,42.758140563964844,0.004140014760196209
16000000,0.0031460528261959553,-0.01707749255001545,0.0043253786861896515,-1.0175011157989502,-14.212955474853516,42.795562744140625,0.004140014760196209
17000000,0.0029737520962953568,-0.019691262394189835,0.0032981722615659237,-1.0143468379974365,-9.508448600769043,42.87376022338867,0.004144363570958376
18000000,0.0027810533065348864,-0.0222729854285717,0.00244147889316082,-1.0118619203567505,-6.2555670738220215,42.94695281982422,0.004148712381720543
19000000,0.0025684102438390255,-0.024825356900691986,0.0017414138419553638,-1.0098285675048828,-4.012530326843262,43.01508712768555,0.004144363570958376
20000000,0.003128363285213709,-0.02385471761226654,-0.002147069200873375,-1.0124585628509521,5.14310884475708,39.57176208496094,0.0038703917525708675
21000000,0.003140714019536972,-0.022348791360855103,-0.002600952750071883,-1.013350486755371,6.63822078704834,41.229209899902344,0.004009551834315062
22000000,0.003064623335376382,-0.020733196288347244,-0.002702097874134779,-1.0140421390533447,7.425342559814453,41.34242630004883,0.0040182494558393955
23000000,3.3221890926361084,-0.016086706891655922,-0.0016598262591287494,1.0509705543518066,5.890932083129883,0.0,0.0040182494558393955
24000000,3.3437767028808594,-0.018144236877560616,-7.108672434696928e-05,1.0571186542510986,0.22447612881660461,0.0,0.0040182494558393955
25000000,3.3413641452789307,-0.01785862445831299,0.00204716669395566,1.056260108947754,-6.5393757820129395,0.0,0.0040182494558393955
26000000,3.3404290676116943,-0.018489573150873184,0.004122503101825714,1.058264136314392,-12.569284439086914,0.0,0.0040182494558393955
81000000,3.612865924835205,-0.007809269707649946,0.0034316666424274445,1.0227527618408203,-23.722368240356445,1030.4354248046875,0.056916505098342896
82000000,3.5908541679382324,-0.023322818800807,0.00023696807329542935,1.0683690309524536,-0.5821253061294556,13.634623527526855,0.0016003417549654841
83000000,3.5818395614624023,-0.02254268154501915,0.00026113196508958936,1.0662484169006348,-0.6636783480644226,49.878108978271484,0.0046705626882612705
84000000,3.572477340698242,-0.02120475098490715,0.00037041932228021324,1.062479853630066,-1.000780701637268,48.89407730102539,0.0046009826473891735
85000000,3.5631256103515625,-0.019883396103978157,0.0004776015121024102,1.058740258216858,-1.3759868144989014,48.92366027832031,0.0046009826473891735
86000000,3.5863893032073975,-0.020047172904014587,0.0007907144026830792,1.0588399171829224,-2.2587289810180664,24.340606689453125,0.0025875091087073088
87000000,3.585648536682129,-0.018532566726207733,0.0006712900940328836,1.054405689239502,-2.0744714736938477,38.21514129638672,0.0037529754918068647
88000000,3.5853612422943115,-0.01773335598409176,0.0006899291765876114,1.0520635843276978,-2.228010416030884,42.103355407714844,0.004066085908561945
89000000,3.5850749015808105,-0.016925718635320663,0.0007235853117890656,1.049696445465088,-2.4479408264160156,42.103118896484375,0.004066085908561945
90000000,3.5847887992858887,-0.016121456399559975,0.0007569454610347748,1.0473387241363525,-2.688215732574463,42.105918884277344,0.004066085908561945
91000000,3.584502935409546,-0.015321200713515282,0.0007901063654571772,1.0449925661087036,-2.9520983695983887,42.11050033569336,0.004066085908561945
92000000,3.5842177867889404,-0.014525575563311577,0.0008231637184508145,1.0426594018936157,-3.2434802055358887,42.116851806640625,0.004070434719324112
93000000,3.583932638168335,-0.01373315043747425,0.0008561397553421557,1.0403354167938232,-3.567265748977661,42.119544982910156,0.004070434719324112
94000000,3.5836477279663086,-0.012944693677127361,0.0008889182936400175,1.0380226373672485,-3.928361415863037,42.124061584472656,0.004070434719324112
95000000,3.5833632946014404,-0.012160190381109715,0.0009215002064593136,1.0357211828231812,-4.333596229553223,42.12855911254883,0.004070434719324112
96000000,3.5830790996551514,-0.01137962844222784,0.0009538865415379405,1.0334309339523315,-4.791562557220459,42.133033752441406,0.004070434719324112
97000000,3.5827953815460205,-0.01060299389064312,0.0009860782884061337,1.0311517715454102,-5.313223838806152,42.137489318847656,0.004070434719324112
98000000,3.5825119018554688,-0.009830271825194359,0.0010180763201788068,1.0288838148117065,-5.912782192230225,42.14192199707031,0.004070434719324112
99000000,3.582228899002075,-0.009061451070010662,0.0010498816845938563,1.0266269445419312,-6.608959674835205,42.146331787109375,0.004070434719324112
100000000,3.5819461345672607,-0.008296516723930836,0.001081495312973857,1.0243810415267944,-7.4269328117370605,42.15072250366211,0.004070434719324112
101000000,3.5816638469696045,-0.0075354548171162605,0.001112918253056705,1.0221463441848755,-8.40133285522461,42.155094146728516,0.004070434719324112
102000000,3.5813817977905273,-0.006778252311050892,0.0011441513197496533,1.0199224948883057,-9.581063270568848,42.15944290161133,0.004070434719324112
103000000,3.5811002254486084,-0.0060248952358961105,0.0011751955607905984,1.0177096128463745,-11.037332534790039,42.16377258300781,0.004070434719324112
104000000,3.5808188915252686,-0.005275370553135872,0.001206051791086793,1.015507698059082,-12.87761116027832,42.1680793762207,0.004074783530086279
105000000,3.5805375576019287,-0.004528922960162163,0.001236829673871398,1.0133144855499268,-15.27476692199707,42.17055892944336,0.004074783530086279
106000000,3.580256700515747,-0.003786286571994424,0.001267420593649149,1.0111321210861206,-18.5074405670166,42.174835205078125,0.004074783530086279
107000000,3.5799763202667236,-0.0030474476516246796,0.0012978255981579423,1.008960485458374,-23.067842483520508,42.17908477783203,0.004074783530086279
108000000,3.5796964168548584,-0.0023129936307668686,0.0013281343271955848,1.0068014860153198,-29.86469268798828,42.18507385253906,0.004079131875187159
109000000,3.579416513442993,-0.0015815736260265112,0.001358364475890994,1.0046510696411133,-40.65825653076172,42.18748092651367,0.004079131875187159
110000000,3.579137086868286,-0.000853910984005779,0.0013884103391319513,1.0025113821029663,-58.407325744628906,42.191673278808594,0.004079131875187159
111000000,3.578857898712158,-0.00012999208411201835,0.0014182727318257093,1.0003823041915894,-84.76317596435547,42.19584655761719,0.004079131875187159
112000000,3.5785791873931885,0.0005901968688704073,0.0014479527017101645,0.998263955116272,67.82380676269531,42.20000076293945,0.004079131875187159
113000000,3.578300714492798,0.0013066694373264909,0.0014774511801078916,0.9961561560630798,48.51020431518555,42.204132080078125,0.004079131875187159
114000000,3.5780227184295654,0.002019439358264208,0.001506769098341465,0.9940589666366577,36.72780990600586,42.20824432373047,0.004079131875187159
115000000,3.577744960784912,0.0027285204268991947,0.0015359072713181376,0.9919722676277161,29.375530242919922,42.21233367919922,0.004079131875187159
116000000,3.577467679977417,0.0034339262638241053,0.001564866746775806,0.9898960590362549,24.499120712280273,42.216407775878906,0.004079131875187159
117000000,3.577190637588501,0.004135670606046915,0.0015936483396217227,0.9878302812576294,21.073780059814453,42.220458984375,0.004079131875187159
118000000,3.576913833618164,0.004833766724914312,0.0016222529811784625,0.9857749342918396,18.552188873291016,42.224491119384766,0.004079131875187159
119000000,3.5766375064849854,0.00552822882309556,0.0016506816027686,0.9837300181388855,16.625173568725586,42.2285041809082,0.004079131875187159
120000000,3.5763614177703857,0.00621907040476799,0.0016789351357147098,0.9816954135894775,15.107738494873047,42.23249816894531,0.004079131875187159
121000000,3.5760858058929443,0.006906304974108934,0.0017070143949240446,0.979671061038971,13.883399963378906,42.23646926879883,0.004079131875187159
122000000,3.575810432434082,0.007589946500957012,0.0017349203117191792,0.9776570200920105,12.875542640686035,42.240421295166016,0.0040834806859493256
123000000,3.575535297393799,0.008270702324807644,0.0017627509078010917,0.975651204586029,12.031538009643555,42.242591857910156,0.0040834806859493256
124000000,3.5752604007720947,0.008947886526584625,0.0017904090927913785,0.9736555218696594,11.315053939819336,42.24651336669922,0.0040834806859493256
125000000,3.5749857425689697,0.009621513076126575,0.001817895914427936,0.9716700911521912,10.699380874633789,42.25041198730469,0.0040834806859493256
126000000,3.574711561203003,0.010291594080626965,0.001845212304033339,0.9696947336196899,10.164739608764648,42.254295349121094,0.0040834806859493256
127000000,3.5744378566741943,0.010958144441246986,0.0018723588436841965,0.9677295088768005,9.696184158325195,42.258155822753906,0.0040878294967114925
128000000,3.5741641521453857,0.011621859855949879,0.0018994307611137629,0.9657723307609558,9.282130241394043,42.26024627685547,0.0040878294967114925
129000000,3.5738906860351562,0.012282065115869045,0.001926333992742002,0.9638251662254333,8.91372299194336,42.264076232910156,0.0040878294967114925
130000000,3.573617696762085,0.01293877512216568,0.0019530694698914886,0.9618880152702332,8.583824157714844,42.26788330078125,0.0040878294967114925
131000000,3.5733449459075928,0.013592002913355827,0.0019796378910541534,0.9599608182907104,8.286705017089844,42.27167510986328,0.0040878294967114925
132000000,3.573072671890259,0.014241762459278107,0.002006040420383215,0.9580435752868652,8.017718315124512,42.275447845458984,0.0040878294967114925
133000000,3.572800636291504,0.014888066798448563,0.002032277639955282,0.9561362266540527,7.773049831390381,42.27920150756836,0.0040878294967114925
134000000,3.5725290775299072,0.015530930832028389,0.0020583507139235735,0.9542387127876282,7.54954719543457,42.282936096191406,0.0040878294967114925
135000000,3.5722575187683105,0.01617036759853363,0.002084260107949376,0.9523510336875916,7.344576358795166,42.286651611328125,0.0040878294967114925
136000000,3.571986675262451,0.01680639013648033,0.002110007219016552,0.9504731297492981,7.155924320220947,42.29035186767578,0.0040878294967114925
137000000,3.571715831756592,0.017439011484384537,0.0021355922799557447,0.948604941368103,6.981714725494385,42.294029235839844,0.0040878294967114925
138000000,3.5714457035064697,0.01806824840605259,0.0021610166877508163,0.9467464685440063,6.820348739624023,42.29768753051758,0.0040878294967114925
139000000,3.5711755752563477,0.018694112077355385,0.002186280908063054,0.9448976516723633,6.670454025268555,42.30133056640625,0.0040878294967114925
140000000,3.570905923843384,0.019316615536808968,0.0022113858722150326,0.9430584907531738,6.530847549438477,42.30495071411133,0.0040878294967114925
141000000,3.570636510848999,0.01993577368557453,0.00223633274435997,0.9412288665771484,6.400503158569336,42.308555603027344,0.0040878294967114925
142000000,3.5703675746917725,0.02055159956216812,0.0022611217573285103,0.9394088387489319,6.278526306152344,42.31214141845703,0.0040921783074736595
143000000,3.570098638534546,0.021164752542972565,0.0022858395241200924,0.9375964403152466,6.1641764640808105,42.31398391723633,0.0040921783074736595
144000000,3.5698301792144775,0.021774593740701675,0.002310400828719139,0.9357935190200806,6.056726932525635,42.31753921508789,0.0040921783074736595
145000000,3.5695619583129883,0.022381138056516647,0.0023348063696175814,0.9340000152587891,5.955569267272949,42.321075439453125,0.0040921783074736595
146000000,3.569293975830078,0.022984398528933525,0.00235905684530735,0.9322159886360168,5.860164642333984,42.32459259033203,0.0040921783074736595
147000000,3.569026470184326,0.023584390059113503,0.0023831534199416637,0.9304413199424744,5.770033836364746,42.328094482421875,0.0040965271182358265
148000000,3.568758964538574,0.024181757122278214,0.0024071792140603065,0.9286741614341736,5.684795379638672,42.32986068725586,0.0040965271182358265
149000000,3.5684919357299805,0.024775873869657516,0.002431051805615425,0.9269163012504578,5.60402250289917,42.33333206176758,0.0040965271182358265
150000000,3.568225145339966,0.025366757065057755,0.002454772125929594,0.9251676797866821,5.527371406555176,42.33678436279297,0.0040965271182358265
151000000,3.5679588317871094,0.025954419746994972,0.0024783408734947443,0.9234283566474915,5.454533100128174,42.34021759033203,0.0040965271182358265
152000000,3.567692518234253,0.026538873091340065,0.0025017589796334505,0.921698272228241,5.385228633880615,42.343631744384766,0.0040965271182358265
153000000,3.567426919937134,0.027120131999254227,0.0025250273756682873,0.9199773073196411,5.319204807281494,42.34703063964844,0.0040965271182358265
154000000,3.5671613216400146,0.027698209509253502,0.0025481462944298983,0.9182655215263367,5.256232738494873,42.35041046142578,0.0040965271182358265
155000000,3.5668962001800537,0.028273118659853935,0.0025711171329021454,0.9165627956390381,5.196104526519775,42.3537712097168,0.0040965271182358265
156000000,3.566631317138672,0.02884487248957157,0.0025939405895769596,0.9148691892623901,5.1386308670043945,42.35711669921875,0.0040965271182358265
157000000,3.5663669109344482,0.029413487762212753,0.002616617362946272,0.9131845831871033,5.083637714385986,42.360443115234375,0.0040965271182358265
158000000,3.5661027431488037,0.029978973791003227,0.0026391479186713696,0.9115089774131775,5.030966758728027,42.36375045776367,0.0040965271182358265
159000000,3.5658388137817383,0.030541345477104187,0.0026615336537361145,0.909842312335968,4.980473518371582,42.367042541503906,0.0040965271182358265
159000000,3.565575361251831,0.031100617721676826,0.0026837748009711504,0.9081845283508301,4.932024002075195,42.37031555175781,0.0040965271182358265
161000000,3.565312147140503,0.03165680170059204,0.0027058725245296955,0.9065356850624084,4.885495662689209,42.373573303222656,0.0040965271182358265
162000000,3.565049171447754,0.032209910452365875,0.002727827522903681,0.9048956632614136,4.840775489807129,42.37681198120117,0.0040965271182358265
163000000,3.564786672592163,0.03275996074080467,0.0027496404945850372,0.9032644033432007,4.797759532928467,42.380035400390625,0.0040965271182358265
164000000,3.5645244121551514,0.03330696001648903,0.0027713121380656958,0.9016419649124146,4.756350517272949,42.38323974609375,0.0041008759289979935
165000000,3.5642621517181396,0.03385151922702789,0.002792916726320982,0.9000265002250671,4.716500759124756,42.38475036621094,0.0041008759289979935
166000000,3.564000368118286,0.034393053501844406,0.002814380917698145,0.8984197378158569,4.678086280822754,42.3879280090332,0.0041008759289979935
167000000,3.5637388229370117,0.034931574016809464,0.002835705643519759,0.8968216180801392,4.6410298347473145,42.39108657836914,0.0041008759289979935
168000000,3.5634777545928955,0.03546709194779396,0.002856891369447112,0.8952322006225586,4.605259895324707,42.394229888916016,0.0041008759289979935
169000000,3.5632169246673584,0.03599962592124939,0.002877939259633422,0.8936513066291809,4.570709705352783,42.39735412597656,0.0041052247397601604
170000000,3.5629560947418213,0.036529768258333206,0.0028989205602556467,0.8920772671699524,4.537355899810791,42.39879608154297,0.0041052247397601604
171000000,3.5626957416534424,0.03705694153904915,0.0029197647236287594,0.8905118107795715,4.505101680755615,42.401893615722656,0.0041052247397601604
172000000,3.5624356269836426,0.03758116438984871,0.0029404722154140472,0.8889548182487488,4.473892688751221,42.40497589111328,0.0041052247397601604
173000000,3.562175750732422,0.03810244798660278,0.002961044432595372,0.8874063491821289,4.443678855895996,42.40803909301758,0.0041052247397601604
174000000,3.5619163513183594,0.038620803505182266,0.0029814813751727343,0.8858662843704224,4.414412498474121,42.41108703613281,0.0041052247397601604
175000000,3.561657190322876,0.03913624584674835,0.0030017844401299953,0.8843346238136292,4.386048793792725,42.41411590576172,0.0041052247397601604
176000000,3.5613982677459717,0.039648786187171936,0.003021953860297799,0.8828113079071045,4.358546733856201,42.41712951660156,0.0041052247397601604
177000000,3.5611395835876465,0.04015843942761421,0.00304199056699872,0.8812962770462036,4.331866264343262,42.420127868652344,0.0041052247397601604
178000000,3.560882806777954,0.0406644269824028,0.003056307788938284,0.8797919750213623,4.298226356506348,42.419334411621094,0.0041052247397601604
179000000,3.5606398582458496,0.04115961119532585,0.003014590125530958,0.8783198595046997,4.1889472007751465,42.384544372558594,0.0041052247397601604
180000000,3.5603981018066406,0.04165148362517357,0.0029697383288294077,0.8768573999404907,4.078270435333252,42.38507080078125,0.0041052247397601604
181000000,3.56015682220459,0.04214046150445938,0.0029246006160974503,0.8754032850265503,3.9700326919555664,42.38767623901367,0.0041052247397601604
182000000,3.559915781021118,0.042626578360795975,0.002879328792914748,0.8739574551582336,3.8643298149108887,42.390380859375,0.0041052247397601604
183000000,3.5596752166748047,0.04310985282063484,0.002833929844200611,0.872519850730896,3.761064291000366,42.3930778503418,0.0041052247397601604
184000000,3.5594348907470703,0.04359028860926628,0.0027884021401405334,0.8710904717445374,3.6601338386535645,42.39575958251953,0.0041052247397601604
185000000,3.559195041656494,0.04406790807843208,0.002742744516581297,0.8696691989898682,3.5614407062530518,42.3984260559082,0.0041052247397601604
186000000,3.558955430984497,0.044542714953422546,0.0026969551108777523,0.8682560920715332,3.4648923873901367,42.40107727050781,0.0041052247397601604
187000000,3.558716297149658,0.04501473158597946,0.0026510320603847504,0.8668510913848877,3.370401382446289,42.40371322631836,0.0041052247397601604
188000000,3.5584774017333984,0.04548396170139313,0.0026049737352877855,0.8654541373252869,3.277883768081665,42.406333923339844,0.0041052247397601604
189000000,3.558238983154297,0.04595042020082474,0.0025587785057723522,0.8640651702880859,3.187260389328003,42.408939361572266,0.0041052247397601604
190000000,3.5580008029937744,0.04641411826014519,0.0025124442763626575,0.8626841902732849,3.0984556674957275,42.41153335571289,0.0041052247397601604
191000000,3.55776309967041,0.04687507450580597,0.002465969417244196,0.8613111972808838,3.0113980770111084,42.41410827636719,0.0041052247397601604
192000000,3.557525634765625,0.04733329638838768,0.0024193518329411745,0.8599461317062378,2.9260191917419434,42.41667175292969,0.0041052247397601604
193000000,3.557288646697998,0.047788795083761215,0.0023725898936390877,0.8585889339447021,2.8422534465789795,42.41921615600586,0.0041052247397601604
194000000,3.55705189704895,0.04824158549308777,0.0023256815038621426,0.8572396039962769,2.7600390911102295,42.421749114990234,0.0041052247397601604
195000000,3.5568156242370605,0.048691678792238235,0.00227862480096519,0.8558980822563171,2.679316282272339,42.42426681518555,0.0041052247397601604
196000000,3.55657958984375,0.04913908615708351,0.002231417689472437,0.8545643091201782,2.6000287532806396,42.4267692565918,0.0041052247397601604
197000000,3.5563437938690186,0.04958382248878479,0.002184057841077447,0.8532383441925049,2.522122383117676,42.429256439208984,0.0041052247397601604
198000000,3.5561084747314453,0.05002589523792267,0.0021365436259657145,0.8519200682640076,2.445545196533203,42.43172836303711,0.0041052247397601604
199000000,3.5558736324310303,0.05046532303094864,0.002088872715830803,0.8506094217300415,2.3702476024627686,42.43418502807617,0.0041052247397601604
200000000,3.5556387901306152,0.0509021133184433,0.0020410430151969194,0.8493064641952515,2.29618239402771,42.43663024902344,0.004109573550522327
201000000,3.5554044246673584,0.05133678764104843,0.0019930133130401373,0.8480096459388733,2.223238706588745,42.4373779296875,0.004109573550522327
202000000,3.5551702976226807,0.051768843084573746,0.0019448144594207406,0.8467203974723816,2.1514346599578857,42.43979263305664,0.004109573550522327
203000000,3.554936647415161,0.052198294550180435,0.0018964497139677405,0.8454386591911316,2.0807344913482666,42.442195892333984,0.004109573550522327
204000000,3.5547032356262207,0.0526251494884491,0.001847917097620666,0.8441644906997681,2.011098623275757,42.444583892822266,0.004109573550522327
205000000,3.5544700622558594,0.05304942652583122,0.0017992141656577587,0.8428978323936462,1.9424880743026733,42.446956634521484,0.004109573550522327
206000000,3.5542373657226562,0.05347113311290741,0.001750338589772582,0.8416386246681213,1.8748661279678345,42.44931411743164,0.004109573550522327
207000000,3.5540051460266113,0.05389028042554855,0.0017012878088280559,0.8403868079185486,1.8081971406936646,42.451656341552734,0.004113921895623207
208000000,3.5537729263305664,0.05430737882852554,0.0016520210774615407,0.8391408920288086,1.7423903942108154,42.45232009887695,0.004113921895623207
209000000,3.5535409450531006,0.05472193658351898,0.001602568314410746,0.8379024267196655,1.677465558052063,42.45463562011719,0.004113921895623207
210000000,3.553309440612793,0.055133968591690063,0.0015529324300587177,0.8366712331771851,1.6133965253829956,42.456939697265625,0.004113921895623207
211000000,3.5530784130096436,0.05554348602890968,0.0015031112125143409,0.8354474306106567,1.5501532554626465,42.459228515625,0.004113921895623207
212000000,3.5528476238250732,0.05595049634575844,0.0014531018678098917,0.8342308402061462,1.4877060651779175,42.46150207519531,0.004113921895623207
213000000,3.552617073059082,0.05635501444339752,0.0014029017183929682,0.8330214619636536,1.426026463508606,42.46376037597656,0.004113921895623207
214000000,3.55238676071167,0.05675705522298813,0.0013525079702958465,0.8318193554878235,1.3650872707366943,42.46600341796875,0.004113921895623207
215000000,3.552157163619995,0.05715662240982056,0.0013019177131354809,0.8306244015693665,1.3048617839813232,42.468231201171875,0.004113921895623207
216000000,3.5519275665283203,0.0575537346303463,0.0012511282693594694,0.8294366002082825,1.2453246116638184,42.4704475402832,0.004113921895623207
217000000,3.5516984462738037,0.05794839933514595,0.0012001366121694446,0.8282559514045715,1.1864509582519531,42.4726448059082,0.004113921895623207
218000000,3.551469564437866,0.05834062770009041,0.0011489397147670388,0.8270823359489441,1.1282169818878174,42.474830627441406,0.004113921895623207
219000000,3.551241159439087,0.05873043090105057,0.0010975345503538847,0.8259157538414001,1.0705996751785278,42.47700119018555,0.004113921895623207
220000000,3.5510129928588867,0.05911782383918762,0.0010459180921316147,0.8247562050819397,1.013576626777649,42.47915267944336,0.004113921895623207
221000000,3.5507853031158447,0.05950281396508217,0.0009940871968865395,0.8236036896705627,0.9571262001991272,42.481292724609375,0.004113921895623207
222000000,3.5505576133728027,0.0598854161798954,0.0009420386049896479,0.8224580883979797,0.9012274742126465,42.48341751098633,0.004113921895623207
223000000,3.550330638885498,0.060265637934207916,0.0008897690568119287,0.8213194012641907,0.8458602428436279,42.48552703857422,0.004113921895623207
224000000,3.5501036643981934,0.06064349040389061,0.00083727523451671,0.8201876282691956,0.7910047769546509,42.48762130737305,0.004113921895623207
225000000,3.549877405166626,0.06101898476481438,0.0007845538202673197,0.8190627098083496,0.7366419434547424,42.48970031738281,0.004113921895623207
226000000,3.5496511459350586,0.06139213591814041,0.0007316013216041028,0.8179446458816528,0.6827532649040222,42.49176788330078,0.004113921895623207
227000000,3.5494253635406494,0.06176295131444931,0.0006784142460674047,0.8168333768844604,0.6293208003044128,42.49381637573242,0.004113921895623207
228000000,3.5491998195648193,0.06213144212961197,0.0006249890429899096,0.8157288432121277,0.5763270258903503,42.495849609375,0.004113921895623207
230000000,3.5489747524261475,0.062497615814208984,0.0005713221034966409,0.8146310448646545,0.523754894733429,42.49787139892578,0.004113921895623207
230000000,3.5487499237060547,0.06286148726940155,0.0005174097022973001,0.813539981842041,0.4715879559516907,42.499874114990234,0.004113921895623207
231000000,3.548534870147705,0.06321783363819122,0.00044420899939723313,0.8124716281890869,0.40259021520614624,42.476200103759766,0.004113921895623207
232000000,3.5483200550079346,0.06357157975435257,0.0003536753647495061,0.8114109039306641,0.31875714659690857,42.478763580322266,0.004113921895623207
233000000,3.548105478286743,0.06392316520214081,0.000263760652160272,0.8103564381599426,0.23641330003738403,42.48130416870117,0.004113921895623207
234000000,3.5478909015655518,0.06427259743213654,0.00017446058336645365,0.8093082308769226,0.1555224359035492,42.483829498291016,0.004113921895623207
235000000,3.5476765632629395,0.06461988389492035,8.577085827710107e-05,0.808266282081604,0.07604943215847015,42.48634338378906,0.004113921895623207
236000000,3.547462224960327,0.06496503949165344,-2.3127997792471433e-06,0.807230532169342,-0.0020397689659148455,42.48883819580078,0.004113921895623207
237000000,3.547248125076294,0.06530807167291641,-8.979463746072724e-05,0.8062009215354919,-0.07877817004919052,42.4913215637207,0.004113921895623207
238000000,3.5470340251922607,0.06564900279045105,-0.00017667886277195066,0.8051775097846985,-0.15419775247573853,42.49379348754883,0.004113921895623207
239000000,3.5468201637268066,0.06598783284425735,-0.00026296969735994935,0.8041601777076721,-0.2283295840024948,42.496246337890625,0.004118270706385374
240000000,3.5466063022613525,0.06632503122091293,-0.00034859278821386397,0.8031474947929382,-0.3011338412761688,42.49716567993164,0.004118270706385374
241000000,3.5463924407958984,0.06666015088558197,-0.0004336305719334632,0.8021409511566162,-0.372709184885025,42.49959945678711,0.004118270706385374
242000000,3.5461785793304443,0.06699320673942566,-0.000518087181262672,0.8011404275894165,-0.4430840015411377,42.50201416015625,0.004118270706385374
243000000,3.5459649562835693,0.067324198782444,-0.000601966748945415,0.8001458644866943,-0.5122858285903931,42.50442123413086,0.004118270706385374
244000000,3.5457515716552734,0.06765314191579819,-0.0006852733204141259,0.7991572618484497,-0.5803414583206177,42.50680923461914,0.004118270706385374
245000000,3.5455381870269775,0.06798005104064941,-0.0007680109119974077,0.7981746792793274,-0.6472768187522888,42.509185791015625,0.004118270706385374
246000000,3.5453250408172607,0.06830493360757828,-0.0008501836564391851,0.7971979379653931,-0.7131171822547913,42.51154708862305,0.004122619517147541
247000000,3.545111656188965,0.06862824410200119,-0.0009317139047197998,0.7962257266044617,-0.777813732624054,42.512386322021484,0.004122619517147541
248000000,3.544898509979248,0.06894955039024353,-0.0010126871056854725,0.7952593564987183,-0.8414633870124817,42.51472473144531,0.004122619517147541
249000000,3.5446853637695312,0.0692688599228859,-0.0010931071592494845,0.7942988276481628,-0.9040891528129578,42.517051696777344,0.004122619517147541
250000000,3.5444724559783936,0.06958618015050888,-0.0011729779653251171,0.7933441400527954,-0.9657136797904968,42.51936340332031,0.004122619517147541
251000000,3.544259786605835,0.06990151852369308,-0.0012523035984486341,0.7923951745033264,-1.026358723640442,42.521663665771484,0.004122619517147541
252000000,3.5440468788146973,0.0702148973941803,-0.0013310877839103341,0.7914519309997559,-1.0860456228256226,42.523948669433594,0.004122619517147541
253000000,3.5438344478607178,0.07052630931138992,-0.0014093344798311591,0.7905144095420837,-1.1447950601577759,42.526222229003906,0.004122619517147541
254000000,3.5436220169067383,0.07083577662706375,-0.0014870475279167295,0.7895825505256653,-1.202627182006836,42.52848434448242,0.004122619517147541
255000000,3.543409585952759,0.07114331424236298,-0.0015642307698726654,0.7886564135551453,-1.259561538696289,42.53072738647461,0.004122619517147541
256000000,3.5431973934173584,0.0714489221572876,-0.0016408878145739436,0.7877358198165894,-1.3156170845031738,42.532962799072266,0.004122619517147541
257000000,3.542985200881958,0.07175261527299881,-0.0017170226201415062,0.7868208289146423,-1.3708125352859497,42.53518295288086,0.004122619517147541
258000000,3.5427732467651367,0.07205440104007721,-0.0017926389118656516,0.7859113812446594,-1.4251657724380493,42.537391662597656,0.004122619517147541
259000000,3.5425612926483154,0.0723542869091034,-0.0018677404150366783,0.7850075364112854,-1.4786943197250366,42.53958511352539,0.004122619517147541
260000000,3.5423495769500732,0.07265229523181915,-0.001942330738529563,0.7841091156005859,-1.5314154624938965,42.54176712036133,0.004122619517147541
261000000,3.542137861251831,0.07294842600822449,-0.002016413491219282,0.7832161784172058,-1.5833457708358765,42.5439338684082,0.004122619517147541
262000000,3.541926383972168,0.07324269413948059,-0.002089992631226778,0.782328724861145,-1.634501338005066,42.54609298706055,0.004122619517147541
263000000,3.541714906692505,0.07353509962558746,-0.0021630716510117054,0.781446635723114,-1.684898018836975,42.54823303222656,0.004122619517147541
264000000,3.541503667831421,0.0738256648182869,-0.002235654043033719,0.7805699706077576,-1.7345513105392456,42.55036544799805,0.004122619517147541
265000000,3.541292428970337,0.07411439716815948,-0.0023077435325831175,0.7796986103057861,-1.7834759950637817,42.55248260498047,0.004122619517147541
266000000,3.541081428527832,0.07440130412578583,-0.002379343379288912,0.7788326144218445,-1.8316869735717773,42.554588317871094,0.004122619517147541
267000000,3.540870428085327,0.07468639314174652,-0.002450457774102688,0.7779719233512878,-1.8791981935501099,42.55668258666992,0.004122619517147541
268000000,3.5406594276428223,0.07496967911720276,-0.0025210895109921694,0.7771165370941162,-1.9260237216949463,42.55876541137695,0.004122619517147541
269000000,3.5404486656188965,0.07525116950273514,-0.0025912425480782986,0.77626633644104,-1.9721770286560059,42.56083297729492,0.004122619517147541
270000000,3.54023814201355,0.07553087174892426,-0.0026609201449900866,0.7754213809967041,-2.0176713466644287,42.562889099121094,0.004122619517147541
271000000,3.540027618408203,0.0758088007569313,-0.002730125794187188,0.7745816111564636,-2.0625193119049072,42.56493377685547,0.004122619517147541
272000000,3.5398170948028564,0.07608495652675629,-0.002798863220959902,0.7737469673156738,-2.106734037399292,42.56696701049805,0.004122619517147541
273000000,3.539606809616089,0.07635936141014099,-0.0028671352192759514,0.7729175090789795,-2.150327205657959,42.56898498535156,0.004126968327909708
274000000,3.5393965244293213,0.07663243263959885,-0.002934853546321392,0.7720918655395508,-2.193230390548706,42.569522857666016,0.004126968327909708
275000000,3.5391862392425537,0.07690376788377762,-0.0030021134298294783,0.7712713479995728,-2.2355358600616455,42.5715217590332,0.004126968327909708
276000000,3.538975954055786,0.07717336714267731,-0.0030689185950905085,0.7704558372497559,-2.2772555351257324,42.573509216308594,0.004126968327909708
277000000,3.5387659072875977,0.0774412527680397,-0.0031352718360722065,0.7696453928947449,-2.3184001445770264,42.57548522949219,0.004126968327909708
278000000,3.5385560989379883,0.07770741730928421,-0.003201176878064871,0.768839955329895,-2.358980417251587,42.577449798583984,0.004126968327909708
279000000,3.5383460521698,0.07797187566757202,-0.0032666369806975126,0.7680394649505615,-2.399007558822632,42.579402923583984,0.004126968327909708
280000000,3.5381364822387695,0.07823465019464493,-0.0033316551707684994,0.7672439813613892,-2.4384913444519043,42.58134460449219,0.004126968327909708
281000000,3.53792667388916,0.07849573343992233,-0.0033962347079068422,0.7664533853530884,-2.4774420261383057,42.58327102661133,0.004126968327909708
282000000,3.537717342376709,0.07875514030456543,-0.0034603788517415524,0.7656676769256592,-2.515869617462158,42.58518981933594,0.004131317138671875
283000000,3.5375077724456787,0.07901328802108765,-0.0035239956341683865,0.764885663986206,-2.553701639175415,42.585636138916016,0.004131317138671875
284000000,3.5372982025146484,0.07926978170871735,-0.00358718354254961,0.7641084790229797,-2.591029644012451,42.58753204345703,0.004131317138671875
285000000,3.5370888710021973,0.07952462136745453,-0.0036499458365142345,0.7633360624313354,-2.6278631687164307,42.589420318603516,0.004131317138671875
286000000,3.536879539489746,0.07977781444787979,-0.0037122853100299835,0.7625685334205627,-2.6642112731933594,42.5912971496582,0.004131317138671875
287000000,3.536670207977295,0.08002938330173492,-0.0037742052227258682,0.7618057727813721,-2.700082540512085,42.59315872192383,0.004131317138671875
288000000,3.536461353302002,0.08027932047843933,-0.0038357090670615435,0.7610477209091187,-2.735485553741455,42.59501266479492,0.004131317138671875
289000000,3.53625226020813,0.0805276483297348,-0.0038967994041740894,0.7602943778038025,-2.7704288959503174,42.59685516357422,0.004131317138671875
290000000,3.536043405532837,0.08077436685562134,-0.003957479260861874,0.7595458030700684,-2.8049206733703613,42.59868621826172,0.004131317138671875
291000000,3.535834550857544,0.08101949095726013,-0.004017752129584551,0.7588018774986267,-2.8389689922332764,42.600502014160156,0.004131317138671875
292000000,3.53562593460083,0.08126302808523178,-0.004077620804309845,0.7580625414848328,-2.8725814819335938,42.60231018066406,0.004131317138671875
293000000,3.535417318344116,0.08150498569011688,-0.00413708807900548,0.7573279142379761,-2.905766248703003,42.60411071777344,0.004131317138671875
294000000,3.5352089405059814,0.08174537122249603,-0.0041961572133004665,0.7565978169441223,-2.938530445098877,42.60589599609375,0.004131317138671875
295000000,3.5350005626678467,0.08198419958353043,-0.004254831001162529,0.7558723092079163,-2.970881700515747,42.607669830322266,0.004131317138671875
296000000,3.534792184829712,0.08222147077322006,-0.004313112702220678,0.7551513314247131,-3.0028269290924072,42.60943603515625,0.004131317138671875
297000000,3.5345840454101562,0.08245719969272614,-0.004371004644781351,0.7544348835945129,-3.0343732833862305,42.61119079589844,0.004131317138671875
298000000,3.5343761444091797,0.08269140124320984,-0.004428510088473558,0.7537229061126709,-3.06552791595459,42.61293411254883,0.004131317138671875
299000000,3.534168004989624,0.08292406797409058,-0.0044856322929263115,0.7530154585838318,-3.096297264099121,42.61466598510742,0.004131317138671875
300000000,3.5339601039886475,0.08315522223711014,-0.0045423731207847595,0.752312421798706,-3.12668776512146,42.61638641357422,0.004131317138671875
301000000,3.53375244140625,0.08338486403226852,-0.004598736297339201,0.7516137957572937,-3.1567063331604004,42.618099212646484,0.004131317138671875
302000000,3.5335447788238525,0.08361300081014633,-0.004654724150896072,0.7509195804595947,-3.18635892868042,42.61980056762695,0.004131317138671875
303000000,3.533337116241455,0.08383965492248535,-0.004710339475423098,0.7502297163009644,-3.2156519889831543,42.621490478515625,0.004131317138671875
304000000,3.5331296920776367,0.08406481891870499,-0.004765585530549288,0.7495442032814026,-3.24459171295166,42.6231689453125,0.004131317138671875
305000000,3.5329222679138184,0.08428851515054703,-0.0048204646445810795,0.7488629817962646,-3.2731833457946777,42.624839782714844,0.004131317138671875
306000000,3.53271484375,0.08451073616743088,-0.0048749796114861965,0.7481861114501953,-3.301433563232422,42.62649917602539,0.004131317138671875
307000000,3.5325076580047607,0.08473150432109833,-0.00492913369089365,0.747513473033905,-3.3293473720550537,42.62814712524414,0.004131317138671875
308000000,3.5323007106781006,0.08495081961154938,-0.004982928745448589,0.7468451261520386,-3.356930732727051,42.62978744506836,0.004131317138671875
309000000,3.5320935249328613,0.08516869693994522,-0.005036367569118738,0.7461809515953064,-3.3841891288757324,42.63141632080078,0.004131317138671875
310000000,3.531886577606201,0.08538513630628586,-0.005089453421533108,0.7455210089683533,-3.411127805709839,42.633033752441406,0.004131317138671875
311000000,3.53167986869812,0.08560015261173248,-0.005142188630998135,0.7448652386665344,-3.4377517700195312,42.6346435546875,0.004131317138671875
312000000,3.531473159790039,0.08581375330686569,-0.005194575991481543,0.7442136406898499,-3.464066505432129,42.6362419128418,0.004131317138671875
313000000,3.531266450881958,0.08602593839168549,-0.005246617831289768,0.7435661554336548,-3.490077018737793,42.63783264160156,0.004131317138671875
314000000,3.531059741973877,0.08623673021793365,-0.005298316478729248,0.7429227828979492,-3.5157883167266846,42.63941192626953,0.004131317138671875
315000000,3.530853271484375,0.0864461287856102,-0.0053496756590902805,0.7422834634780884,-3.5412049293518066,42.6409797668457,0.004131317138671875
316000000,3.530647039413452,0.08665413409471512,-0.005400696769356728,0.741648256778717,-3.566331624984741,42.642539978027344,0.004135665949434042
317000000,3.53044056892395,0.08686114847660065,-0.005451276898384094,0.7410159111022949,-3.5910885334014893,42.642669677734375,0.004135665949434042
318000000,3.5302340984344482,0.08706677705049515,-0.005501524545252323,0.7403876185417175,-3.615565299987793,42.64421463012695,0.004135665949434042
319000000,3.5300278663635254,0.08727104961872101,-0.005551442503929138,0.7397633194923401,-3.6397664546966553,42.645748138427734,0.004135665949434042
320000000,3.5298216342926025,0.08747396618127823,-0.005601033102720976,0.7391430139541626,-3.6636962890625,42.64727020263672,0.004135665949434042
321000000,3.529615640640259,0.0876755341887474,-0.005650298669934273,0.7385266423225403,-3.68735933303833,42.64878463745117,0.004135665949434042
322000000,3.529409646987915,0.08787576109170914,-0.005699241999536753,0.7379142642021179,-3.7107596397399902,42.650291442871094,0.004135665949434042
323000000,3.5292036533355713,0.08807465434074402,-0.005747865419834852,0.7373057007789612,-3.7339015007019043,42.65178680419922,0.004135665949434042
324000000,3.5289976596832275,0.08827222138643265,-0.0057961707934737206,0.7367010712623596,-3.756788730621338,42.65327453613281,0.004135665949434042
325000000,3.528791904449463,0.08846846967935562,-0.005844161380082369,0.7361003160476685,-3.7794253826141357,42.65475082397461,0.004135665949434042
326000000,3.5285863876342773,0.08866341412067413,-0.005891839042305946,0.7355033755302429,-3.8018155097961426,42.656219482421875,0.004135665949434042
327000000,3.5283806324005127,0.08885705471038818,-0.005939206574112177,0.7349103093147278,-3.823962688446045,42.657676696777344,0.004140014760196209
328000000,3.5281753540039062,0.08904948085546494,-0.0059861536137759686,0.7343207597732544,-3.8457956314086914,42.65911865234375,0.004140014760196209
329000000,3.5279698371887207,0.08924061805009842,-0.006032794713973999,0.7337349653244019,-3.8673934936523438,42.660560607910156,0.004140014760196209
330000000,3.5277645587921143,0.08943047374486923,-0.006079132668673992,0.7331529855728149,-3.8887598514556885,42.661991119384766,0.004140014760196209
331000000,3.527559280395508,0.08961906284093857,-0.0061251698061823845,0.7325747013092041,-3.9098987579345703,42.663414001464844,0.004140014760196209
332000000,3.5273540019989014,0.08980638533830643,-0.0061709084548056126,0.7320001721382141,-3.9308133125305176,42.66482925415039,0.004140014760196209
333000000,3.527148962020874,0.0899924486875534,-0.006216350477188826,0.7314292788505554,-3.9515068531036377,42.66623306274414,0.004140014760196209
334000000,3.5269439220428467,0.0901772677898407,-0.0062614986672997475,0.7308620810508728,-3.971982955932617,42.66762924194336,0.004140014760196209
335000000,3.5267391204833984,0.09036083519458771,-0.006306354887783527,0.7302985191345215,-3.9922447204589844,42.66901779174805,0.004140014760196209
336000000,3.52653431892395,0.09054317325353622,-0.006350921466946602,0.7297385931015015,-4.012295722961426,42.67039489746094,0.004140014760196209
337000000,3.526329517364502,0.09072428196668625,-0.00639520026743412,0.7291823029518127,-4.032138824462891,42.6717643737793,0.004140014760196209
338000000,3.5261247158050537,0.09090416878461838,-0.006439194083213806,0.7286295890808105,-4.051776885986328,42.673126220703125,0.004140014760196209
339000000,3.5259201526641846,0.09108284115791321,-0.006482904776930809,0.7280803918838501,-4.071213722229004,42.674476623535156,0.004140014760196209
340000000,3.5257155895233154,0.09126031398773193,-0.006526334676891565,0.7275347709655762,-4.090452194213867,42.67582321166992,0.004140014760196209
341000000,3.5255112648010254,0.09143657982349396,-0.006569485645741224,0.7269927263259888,-4.109494686126709,42.67715835571289,0.004140014760196209
342000000,3.5253069400787354,0.09161165356636047,-0.0066123600117862225,0.7264540791511536,-4.128344535827637,42.67848587036133,0.004140014760196209
343000000,3.5251026153564453,0.09178555011749268,-0.006654960103332996,0.7259190082550049,-4.147004127502441,42.67980194091797,0.004140014760196209
344000000,3.5248982906341553,0.09195826202630997,-0.006697287317365408,0.7253873348236084,-4.1654767990112305,42.681114196777344,0.004140014760196209
345000000,3.5246942043304443,0.09212979674339294,-0.006739344447851181,0.7248591780662537,-4.183765411376953,42.68241500854492,0.004140014760196209
346000000,3.5244901180267334,0.0923001766204834,-0.006781133357435465,0.7243343591690063,-4.201871871948242,42.68370819091797,0.004140014760196209
347000000,3.5242862701416016,0.09246939420700073,-0.006822655908763409,0.723812997341156,-4.219799995422363,42.684993743896484,0.004140014760196209
348000000,3.5240824222564697,0.09263746440410614,-0.006863914430141449,0.7232949733734131,-4.237551212310791,42.68627166748047,0.004140014760196209
349000000,3.523878574371338,0.09280438721179962,-0.006904910784214735,0.7227803468704224,-4.255128860473633,42.687538146972656,0.004140014760196209
350000000,3.523674726486206,0.09297017753124237,-0.006945646833628416,0.7222690582275391,-4.27253532409668,42.68880081176758,0.004140014760196209
351000000,3.5234711170196533,0.09313483536243439,-0.006986124906688929,0.7217611074447632,-4.289772987365723,42.6900520324707,0.004140014760196209
352000000,3.5232675075531006,0.09329836815595627,-0.007026346866041422,0.72125643491745,-4.3068437576293945,42.6912956237793,0.004140014760196209
353000000,3.523063898086548,0.09346078336238861,-0.007066314574331045,0.7207551002502441,-4.323750972747803,42.692535400390625,0.004140014760196209
354000000,3.522860527038574,0.09362209588289261,-0.007106030359864235,0.7202569842338562,-4.34049654006958,42.693763732910156,0.004140014760196209
355000000,3.5226571559906006,0.09378229826688766,-0.007145495619624853,0.7197620868682861,-4.357082843780518,42.694984436035156,0.004140014760196209
356000000,3.522453784942627,0.09394140541553497,-0.007184712216258049,0.7192704677581787,-4.373512268066406,42.696197509765625,0.004140014760196209
357000000,3.5222506523132324,0.09409941732883453,-0.007223682943731546,0.7187820076942444,-4.389786720275879,42.69740295410156,0.004140014760196209
358000000,3.522047519683838,0.09425635635852814,-0.00726240873336792,0.7182967662811279,-4.405908584594727,42.69860076904297,0.004140014760196209
359000000,3.5218443870544434,0.09441220760345459,-0.007300891913473606,0.7178146839141846,-4.421879768371582,42.69978713989258,0.004140014760196209
360000000,3.521641254425049,0.09456699341535568,-0.007339134346693754,0.7173357605934143,-4.4377031326293945,42.70096969604492,0.004140014760196209
361000000,3.5214383602142334,0.09472071379423141,-0.007377137430012226,0.7168599963188171,-4.4533796310424805,42.702144622802734,0.004140014760196209
362000000,3.521235466003418,0.09487337619066238,-0.007414903957396746,0.7163872718811035,-4.468912601470947,42.703311920166016,0.004140014760196209
363000000,3.5210328102111816,0.09502473473548889,-0.007452438119798899,0.7159184813499451,-4.484317302703857,42.70584487915039,0.004140014760196209
364000000,3.5208303928375244,0.09517504274845123,-0.0074897389858961105,0.7154527306556702,-4.499581813812256,42.706993103027344,0.004140014760196209
365000000,3.520627737045288,0.0953243225812912,-0.007526807952672243,0.7149900794029236,-4.514707565307617,42.708133697509766,0.004140014760196209
366000000,3.520425319671631,0.09547256678342819,-0.007563646882772446,0.7145304083824158,-4.529696941375732,42.70927047729492,0.004140014760196209
367000000,3.5202229022979736,0.09561979025602341,-0.0076002576388418674,0.7140737771987915,-4.544551849365234,42.71039962768555,0.004140014760196209
368000000,3.5200207233428955,0.09576599299907684,-0.00763664161786437,0.713620126247406,-4.559274196624756,42.711517333984375,0.004140014760196209
369000000,3.5198185443878174,0.0959111824631691,-0.007672800682485104,0.7131694555282593,-4.5738654136657715,42.71263122558594,0.004140014760196209
370000000,3.5196163654327393,0.09605536609888077,-0.0077087366953492165,0.7127217650413513,-4.588327884674072,42.71373748779297,0.004140014760196209
371000000,3.519414186477661,0.09619855880737305,-0.007744451519101858,0.7122769951820374,-4.602662563323975,42.71483612060547,0.004140014760196209
372000000,3.519212245941162,0.09634074568748474,-0.0077799465507268906,0.7118352055549622,-4.6168718338012695,42.71592712402344,0.004144363570958376
373000000,3.519010066986084,0.0964822843670845,-0.0078151049092412,0.711395263671875,-4.630871772766113,42.71564483642578,0.004144363570958376
374000000,3.518807888031006,0.09662283211946487,-0.007850047200918198,0.7109582424163818,-4.644749641418457,42.71672439575195,0.004144363570958376
375000000,3.518605947494507,0.09676240384578705,-0.007884775288403034,0.7105240821838379,-4.658507823944092,42.717796325683594,0.004144363570958376
376000000,3.518404006958008,0.09690100699663162,-0.007919291034340858,0.7100928425788879,-4.672147750854492,42.7188606262207,0.004144363570958376
377000000,3.518202066421509,0.0970386415719986,-0.00795359630137682,0.7096644043922424,-4.685670852661133,42.71992111206055,0.004144363570958376
378000000,3.518000364303589,0.09717531502246857,-0.007987692020833492,0.7092387676239014,-4.6990790367126465,42.72097396850586,0.004144363570958376
379000000,3.51779842376709,0.09731102734804153,-0.008021580055356026,0.7088159918785095,-4.712373733520508,42.72201919555664,0.004144363570958376
380000000,3.51759672164917,0.09744580090045929,-0.008055263198912144,0.7083960175514221,-4.725555896759033,42.72305679321289,0.004144363570958376
381000000,3.517395257949829,0.09757962822914124,-0.008088740520179272,0.7079787850379944,-4.738627910614014,42.72408676147461,0.004144363570958376
382000000,3.517193555831909,0.09771251678466797,-0.008122015744447708,0.7075643539428711,-4.751591205596924,42.72511291503906,0.004144363570958376
384000000,3.5169920921325684,0.09784447401762009,-0.008155089803040028,0.7071526646614075,-4.76444673538208,42.726131439208984,0.004144363570958376
384000000,3.5167906284332275,0.09797549992799759,-0.00818796455860138,0.7067436575889587,-4.777195930480957,42.727142333984375,0.004144363570958376
385000000,3.5165891647338867,0.09810560941696167,-0.008220640942454338,0.7063374519348145,-4.7898406982421875,42.7281494140625,0.004144363570958376
386000000,3.516387939453125,0.09823480993509293,-0.008253119885921478,0.7059338688850403,-4.802381992340088,42.72914505004883,0.004144363570958376
387000000,3.5161867141723633,0.09836309403181076,-0.008285405114293098,0.705532968044281,-4.814821720123291,42.73013687133789,0.004148712381720543
388000000,3.5159852504730225,0.09849079698324203,-0.008317374624311924,0.7051337957382202,-4.8270745277404785,42.729766845703125,0.004148712381720543
389000000,3.5157840251922607,0.09861759841442108,-0.008349152281880379,0.7047372460365295,-4.839229106903076,42.73074722290039,0.004148712381720543
390000000,3.51558256149292,0.0987435057759285,-0.008380739949643612,0.7043433785438538,-4.851285934448242,42.731719970703125,0.004148712381720543
391000000,3.5153815746307373,0.09886852651834488,-0.008412139490246773,0.7039520740509033,-4.863246917724609,42.732688903808594,0.004148712381720543
392000000,3.5151803493499756,0.09899266064167023,-0.008443351835012436,0.7035634517669678,-4.875113010406494,42.73365020751953,0.004148712381720543
393000000,3.514979124069214,0.09911591559648514,-0.00847437884658575,0.7031773328781128,-4.886885643005371,42.7346076965332,0.004148712381720543
394000000,3.5147781372070312,0.09923829883337021,-0.008505221456289291,0.7027938365936279,-4.898565769195557,42.735557556152344,0.004148712381720543
395000000,3.5145771503448486,0.09935981780290604,-0.008535881526768208,0.7024129033088684,-4.910155296325684,42.73649978637695,0.004148712381720543
396000000,3.514376401901245,0.09948046505451202,-0.008566359989345074,0.7020345330238342,-4.921654224395752,42.73743438720703,0.004148712381720543
397000000,3.5141754150390625,0.09960026293992996,-0.008596658706665039,0.7016586661338806,-4.933064937591553,42.738365173339844,0.004148712381720543
398000000,3.513974666595459,0.09971920400857925,-0.008626778610050678,0.7012853026390076,-4.944387912750244,42.73929214477539,0.004148712381720543
399000000,3.5137739181518555,0.0998373031616211,-0.00865672156214714,0.7009144425392151,-4.955624580383301,42.740211486816406,0.004148712381720543
400000000,3.513573169708252,0.09995455294847488,-0.008686489425599575,0.7005460858345032,-4.966775894165039,42.74112319946289,0.004148712381720543
401000000,3.5133724212646484,0.10007097572088242,-0.008716082200407982,0.700180172920227,-4.977843284606934,42.742027282714844,0.004148712381720543
402000000,3.513171911239624,0.10018656402826309,-0.008745502680540085,0.6998167634010315,-4.988827228546143,42.74292755126953,0.004148712381720543
403000000,3.5129714012145996,0.10030132532119751,-0.008774750865995884,0.699455738067627,-4.999729156494141,42.74382400512695,0.004148712381720543
404000000,3.512770891189575,0.10041526705026627,-0.008803829550743103,0.6990971565246582,-5.010550498962402,42.744712829589844,0.004148712381720543
405000000,3.512570381164551,0.10052838921546936,-0.008832738734781742,0.6987409591674805,-5.021291732788086,42.7455940246582,0.004148712381720543
406000000,3.5123701095581055,0.10064070671796799,-0.00886148028075695,0.6983872056007385,-5.031953811645508,42.7464714050293,0.004148712381720543
407000000,3.51216983795166,0.10075221210718155,-0.008890056051313877,0.6980357766151428,-5.042538166046143,42.74734115600586,0.004148712381720543
408000000,3.511969566345215,0.10086292028427124,-0.008918466046452522,0.6976867318153381,-5.053046226501465,42.748207092285156,0.004148712381720543
409000000,3.5117692947387695,0.10097283869981766,-0.00894671306014061,0.6973400115966797,-5.063477993011475,42.74906539916992,0.004148712381720543
410000000,3.511569023132324,0.1010819599032402,-0.00897479709237814,0.6969956755638123,-5.0738348960876465,42.74991989135742,0.004148712381720543
411000000,3.511368989944458,0.10119029134511948,-0.009002720937132835,0.6966536641120911,-5.084117889404297,42.75076675415039,0.004148712381720543
412000000,3.511168956756592,0.10129784792661667,-0.009030483663082123,0.6963139176368713,-5.094327449798584,42.751609802246094,0.004148712381720543
413000000,3.5109689235687256,0.10140462964773178,-0.009058088064193726,0.6959764957427979,-5.104465484619141,42.752445220947266,0.004148712381720543
413000000,3.5107688903808594,0.10151063650846481,-0.009085535071790218,0.6956413388252258,-5.114532470703125,42.75327682495117,0.004148712381720543
415000000,3.510568857192993,0.10161587595939636,-0.00911282654851675,0.6953083872795105,-5.124528884887695,42.75410079956055,0.004148712381720543
416000000,3.510369062423706,0.10172035545110703,-0.009139962494373322,0.6949777603149414,-5.134456157684326,42.754920959472656,0.004148712381720543
417000000,3.510169267654419,0.1018240824341774,-0.009166944772005081,0.694649338722229,-5.144314765930176,42.7557373046875,0.004148712381720543
418000000,3.509969472885132,0.10192704945802689,-0.009193774312734604,0.6943231821060181,-5.154106140136719,42.75654602050781,0.004148712381720543
419000000,3.5097696781158447,0.10202927887439728,-0.009220452979207039,0.693999171257019,-5.163830280303955,42.75735092163086,0.004148712381720543
420000000,3.5095701217651367,0.10213075578212738,-0.009246980771422386,0.6936774253845215,-5.173488616943359,42.758148193359375,0.004148712381720543
421000000,3.5093703269958496,0.10223150253295898,-0.00927336048334837,0.6933578252792358,-5.183082103729248,42.758941650390625,0.004148712381720543
422000000,3.5091707706451416,0.10233151167631149,-0.009299591183662415,0.6930403709411621,-5.192611217498779,42.759727478027344,0.004148712381720543
423000000,3.5089712142944336,0.1024307906627655,-0.00932567659765482,0.6927250623703003,-5.202077388763428,42.7605094909668,0.004148712381720543
424000000,3.5087716579437256,0.10252934694290161,-0.00935161579400301,0.6924119591712952,-5.211480140686035,42.761287689208984,0.004148712381720543
425000000,3.5085723400115967,0.10262718051671982,-0.009377410635352135,0.6921009421348572,-5.220821380615234,42.76205825805664,0.004148712381720543
426000000,3.5083727836608887,0.10272429883480072,-0.009403062053024769,0.6917920112609863,-5.230101585388184,42.76282501220703,0.004148712381720543
427000000,3.5081734657287598,0.10282070934772491,-0.009428571909666061,0.6914852261543274,-5.239321231842041,42.763587951660156,0.004148712381720543
428000000,3.507974147796631,0.102916419506073,-0.009453940205276012,0.6911805272102356,-5.248481750488281,42.76434326171875,0.004148712381720543
429000000,3.507774829864502,0.10301141440868378,-0.009479168802499771,0.6908779144287109,-5.257583141326904,42.76509475708008,0.004148712381720543
430000000,3.507575511932373,0.10310572385787964,-0.009504258632659912,0.6905773282051086,-5.266626358032227,42.76584243774414,0.004148712381720543
432000000,3.5073764324188232,0.10319933295249939,-0.00952921062707901,0.6902788281440735,-5.2756123542785645,42.76658248901367,0.004148712381720543
432000000,3.5071773529052734,0.10329225659370422,-0.00955402571707964,0.6899823546409607,-5.284541606903076,42.76731872558594,0.004148712381720543
433000000,3.5069780349731445,0.10338449478149414,-0.00957870576530695,0.6896879076957703,-5.293415069580078,42.76805114746094,0.004148712381720543
434000000,3.5067789554595947,0.10347604751586914,-0.00960325077176094,0.6893954277038574,-5.3022332191467285,42.768775939941406,0.004148712381720543
435000000,3.506580114364624,0.10356692969799042,-0.009627662599086761,0.6891049742698669,-5.3109965324401855,42.76949691772461,0.004148712381720543
436000000,3.506381034851074,0.10365714132785797,-0.009651942178606987,0.6888165473937988,-5.319706439971924,42.77021408081055,0.004148712381720543
437000000,3.5061821937561035,0.1037466824054718,-0.009676090441644192,0.6885300278663635,-5.328362464904785,42.77092742919922,0.004148712381720543
438000000,3.5059831142425537,0.1038355678319931,-0.00970010831952095,0.6882455348968506,-5.336966514587402,42.77163314819336,0.004148712381720543
439000000,3.505784273147583,0.10392379015684128,-0.009723996743559837,0.6879629492759705,-5.345518112182617,42.772335052490234,0.004148712381720543
440000000,3.5055854320526123,0.10401134938001633,-0.009747756645083427,0.6876823306083679,-5.354018688201904,42.773033142089844,0.004148712381720543
441000000,3.5053865909576416,0.10409826785326004,-0.009771388955414295,0.6874036192893982,-5.362468719482422,42.77372741699219,0.004148712381720543
442000000,3.50518798828125,0.10418453812599182,-0.00979489553719759,0.6871268153190613,-5.37086820602417,42.7744140625,0.004148712381720543
443000000,3.5049891471862793,0.10427016764879227,-0.009818277321755886,0.6868519186973572,-5.379218578338623,42.77509689331055,0.004148712381720543
444000000,3.5047905445098877,0.10435514897108078,-0.00984153337776661,0.6865789294242859,-5.3875203132629395,42.77577590942383,0.004148712381720543
445000000,3.504591941833496,0.10443950444459915,-0.009864667430520058,0.6863077878952026,-5.395773410797119,42.776451110839844,0.004148712381720543
446000000,3.5043933391571045,0.10452322661876678,-0.009887678548693657,0.6860384941101074,-5.403979301452637,42.777122497558594,0.004148712381720543
447000000,3.504194736480713,0.10460633039474487,-0.009910567663609982,0.685771107673645,-5.412137985229492,42.77778625488281,0.004148712381720543
448000000,3.5039961338043213,0.10468880087137222,-0.009933337569236755,0.6855055689811707,-5.420249938964844,42.778446197509766,0.004148712381720543
449000000,3.503797769546509,0.10477066040039062,-0.00995598640292883,0.6852418184280396,-5.428316116333008,42.77910232543945,0.004148712381720543
450000000,3.503599166870117,0.10485190153121948,-0.009978517889976501,0.6849799156188965,-5.436336994171143,42.779754638671875,0.004148712381720543
451000000,3.5034008026123047,0.10493253171443939,-0.010000931099057198,0.6847198009490967,-5.444313049316406,42.78040313720703,0.004148712381720543
452000000,3.503202438354492,0.10501255840063095,-0.010023227892816067,0.6844614744186401,-5.452244758605957,42.781044006347656,0.004148712381720543
453000000,3.5030040740966797,0.10509198158979416,-0.010045408271253109,0.6842049360275269,-5.460132598876953,42.78168487548828,0.004148712381720543
454000000,3.502805709838867,0.10517080128192902,-0.010067474097013474,0.6839501857757568,-5.467977523803711,42.782318115234375,0.004148712381720543
455000000,3.502607583999634,0.10524903237819672,-0.010089426301419735,0.6836972236633301,-5.4757795333862305,42.7829475402832,0.004148712381720543
456000000,3.5024092197418213,0.10532666742801666,-0.010111264884471893,0.6834459900856018,-5.48353910446167,42.783573150634766,0.004148712381720543
457000000,3.502211093902588,0.10540371388196945,-0.010132991708815098,0.683196485042572,-5.491257667541504,42.78419494628906,0.004148712381720543
458000000,3.5020129680633545,0.10548017919063568,-0.010154606774449348,0.6829487085342407,-5.498934745788574,42.784812927246094,0.004148712381720543
459000000,3.501814842224121,0.10555606335401535,-0.01017611101269722,0.6827026605606079,-5.506570816040039,42.785423278808594,0.004148712381720543
460000000,3.5016167163848877,0.10563137382268906,-0.010197506286203861,0.6824583411216736,-5.514167308807373,42.786033630371094,0.004148712381720543
461000000,3.5014185905456543,0.1057061105966568,-0.010218792594969273,0.682215690612793,-5.521723747253418,42.78663635253906,0.004148712381720543
462000000,3.501220464706421,0.10578027367591858,-0.010239970870316029,0.6819747090339661,-5.52924108505249,42.78723907470703,0.004148712381720543
463000000,3.5010225772857666,0.10585387796163559,-0.010261042043566704,0.6817354559898376,-5.53671932220459,42.78783416748047,0.004153060726821423
464000000,3.500824213027954,0.10592719912528992,-0.010281872935593128,0.6814969778060913,-5.544073581695557,42.787113189697266,0.004148712381720543
465000000,3.5006263256073,0.10599967837333679,-0.01030273362994194,0.6812610030174255,-5.55147647857666,42.78901672363281,0.004153060726821423
466000000,3.5004281997680664,0.10607188940048218,-0.010323354974389076,0.6810258626937866,-5.558755874633789,42.78828811645508,0.004153060726821423
467000000,3.500230312347412,0.1061435416340828,-0.010343873873353004,0.6807922720909119,-5.565998554229736,42.78887176513672,0.004153060726821423
468000000,3.5000321865081787,0.10621464997529984,-0.010364290326833725,0.6805604100227356,-5.573205471038818,42.78944778442383,0.004153060726821423
469000000,3.4998340606689453,0.1062852069735527,-0.010384605266153812,0.6803300976753235,-5.580377101898193,42.79002380371094,0.004153060726821423
470000000,3.499636173248291,0.106355220079422,-0.010404819622635841,0.6801013946533203,-5.587513446807861,42.790592193603516,0.004153060726821423
471000000,3.4994382858276367,0.10642469674348831,-0.010424934327602386,0.6798743605613708,-5.5946149826049805,42.79115676879883,0.004153060726821423
472000000,3.4992403984069824,0.10649363696575165,-0.010444949381053448,0.6796488761901855,-5.601682186126709,42.79172134399414,0.004153060726821423
473000000,3.499042510986328,0.1065620481967926,-0.010464866645634174,0.6794249415397644,-5.608716011047363,42.79227828979492,0.004153060726821423
474000000,3.498844623565674,0.10662992298603058,-0.010484686121344566,0.6792026162147522,-5.615715980529785,42.7928352355957,0.004153060726821423
475000000,3.4986467361450195,0.10669728368520737,-0.010504407808184624,0.6789817810058594,-5.622683048248291,42.79338455200195,0.004153060726821423
476000000,3.4984490871429443,0.10676411539316177,-0.01052403450012207,0.6787625551223755,-5.629617214202881,42.79393005371094,0.004153060726821423
477000000,3.49825119972229,0.1068304255604744,-0.010543566197156906,0.6785448789596558,-5.636519432067871,42.79447555541992,0.004153060726821423
478000000,3.498053550720215,0.10689622163772583,-0.010563001967966557,0.6783286929130554,-5.643389701843262,42.795013427734375,0.004153060726821423
479000000,3.4978556632995605,0.10696151107549667,-0.01058234553784132,0.6781140565872192,-5.650228500366211,42.79555130004883,0.004153060726821423
480000000,3.4976580142974854,0.10702628642320633,-0.010601595044136047,0.6779009103775024,-5.657035827636719,42.79608154296875,0.004153060726821423
481000000,3.49746036529541,0.1070905551314354,-0.010620752349495888,0.677689254283905,-5.663812637329102,42.79661178588867,0.004153060726821423
482000000,3.497262716293335,0.10715432465076447,-0.010639817453920841,0.677479088306427,-5.670558929443359,42.79713439941406,0.004153060726821423
483000000,3.4970650672912598,0.10721759498119354,-0.010658792220056057,0.6772704124450684,-5.677275657653809,42.79765701293945,0.004153060726821423
484000000,3.4968676567077637,0.10728037357330322,-0.01067767757922411,0.6770632266998291,-5.683962345123291,42.79817581176758,0.004153060726821423
485000000,3.4966700077056885,0.10734265297651291,-0.010696472600102425,0.6768575310707092,-5.690619468688965,42.79868698120117,0.004153060726821423
486000000,3.4964723587036133,0.1074044480919838,-0.010715178214013577,0.6766532063484192,-5.6972479820251465,42.799198150634766,0.004153060726821423
487000000,3.496274948120117,0.10746575146913528,-0.010733796283602715,0.6764503717422485,-5.703847408294678,42.799705505371094,0.004153060726821423
488000000,3.496077537536621,0.10752657800912857,-0.010752327740192413,0.6762489676475525,-5.710419178009033,42.800209045410156,0.004153060726821423
489000000,3.495879888534546,0.10758692026138306,-0.010770771652460098,0.676048994064331,-5.7169623374938965,42.80070877075195,0.004153060726821423
490000000,3.49568247795105,0.10764678567647934,-0.010789128951728344,0.6758503913879395,-5.723478317260742,42.801204681396484,0.004153060726821423
491000000,3.4954850673675537,0.10770617425441742,-0.0108074015006423,0.6756532788276672,-5.729966640472412,42.801700592041016,0.004153060726821423
492000000,3.4952876567840576,0.10776510089635849,-0.010825589299201965,0.6754574775695801,-5.736428260803223,42.802188873291016,0.004153060726821423
493000000,3.4950902462005615,0.10782355070114136,-0.010843693278729916,0.6752631068229675,-5.742862701416016,42.802677154541016,0.0041574095375835896
494000000,3.4948928356170654,0.1078818142414093,-0.010861576534807682,0.675069272518158,-5.749184608459473,42.801856994628906,0.004153060726821423
495000000,3.4946954250335693,0.10793934017419815,-0.01087951473891735,0.6748776435852051,-5.75556755065918,42.80363845825195,0.0041574095375835896
496000000,3.4944980144500732,0.10799667984247208,-0.010897234082221985,0.6746865510940552,-5.761837959289551,42.802818298339844,0.0041574095375835896
497000000,3.494300603866577,0.10805356502532959,-0.010914871469140053,0.6744968295097351,-5.768083572387695,42.80329132080078,0.0041574095375835896
498000000,3.494103193283081,0.1081099882721901,-0.010932429693639278,0.6743084192276001,-5.774304389953613,42.80376434326172,0.0041574095375835896
499000000,3.493905782699585,0.10816596448421478,-0.010949907824397087,0.6741213798522949,-5.780500888824463,42.804229736328125,0.0041574095375835896
500000000,3.493708372116089,0.10822149366140366,-0.010967307724058628,0.6739356517791748,-5.786673545837402,42.80469512939453,0.0041574095375835896
501000000,3.4935109615325928,0.10827657580375671,-0.010984629392623901,0.6737512946128845,-5.792822360992432,42.80515670776367,0.0041574095375835896
502000000,3.4933135509490967,0.10833121091127396,-0.011001872830092907,0.6735682487487793,-5.798947334289551,42.80561447143555,0.0041574095375835896
503000000,3.4931161403656006,0.10838541388511658,-0.01101903896778822,0.6733864545822144,-5.805049419403076,42.80607223510742,0.0041574095375835896
504000000,3.4929189682006836,0.10843916982412338,-0.011036129668354988,0.6732059717178345,-5.811128616333008,42.806522369384766,0.0041574095375835896
505000000,3.4927215576171875,0.10849250108003616,-0.011053144000470638,0.6730268001556396,-5.817184925079346,42.80697250366211,0.0041574095375835896
506000000,3.4925243854522705,0.10854539275169373,-0.011070082895457745,0.6728489398956299,-5.823219299316406,42.80741882324219,0.0041574095375835896
507000000,3.4923269748687744,0.10859785974025726,-0.011086947284638882,0.6726723313331604,-5.829231262207031,42.807861328125,0.0041574095375835896
508000000,3.4921298027038574,0.10864990204572678,-0.01110373716801405,0.6724969744682312,-5.835221290588379,42.80830001831055,0.0041574095375835896
508000000,3.4919326305389404,0.10870151966810226,-0.011120454408228397,0.6723228693008423,-5.841189384460449,42.808738708496094,0.0041574095375835896
510000000,3.4917354583740234,0.10875271260738373,-0.01113709807395935,0.6721500158309937,-5.847136497497559,42.80916976928711,0.0041574095375835896
511000000,3.4915382862091064,0.10880348831415176,-0.011153670027852058,0.6719784140586853,-5.853062629699707,42.809600830078125,0.0041574095375835896
512000000,3.4913411140441895,0.10885385423898697,-0.011170169338583946,0.6718080639839172,-5.8589677810668945,42.810028076171875,0.0041574095375835896
513000000,3.4911439418792725,0.10890380293130875,-0.011186597868800163,0.6716389060020447,-5.864851951599121,42.810455322265625,0.0041574095375835896
514000000,3.4909467697143555,0.10895334929227829,-0.01120295561850071,0.6714709997177124,-5.870716094970703,42.810874938964844,0.0041574095375835896
515000000,3.4907495975494385,0.1090024784207344,-0.01121924351900816,0.6713042259216309,-5.876560211181641,42.81129455566406,0.0041574095375835896
516000000,3.4905524253845215,0.10905121266841888,-0.011235461570322514,0.6711387634277344,-5.882384300231934,42.811710357666016,0.0041574095375835896
517000000,3.4903554916381836,0.10909954458475113,-0.011251609772443771,0.6709744334220886,-5.888188362121582,42.8121223449707,0.0041574095375835896
518000000,3.4901583194732666,0.10914747416973114,-0.011267690919339657,0.6708112955093384,-5.893973350524902,42.81253433227539,0.0041574095375835896
519000000,3.4899613857269287,0.10919500142335892,-0.01128370314836502,0.6706493496894836,-5.899738788604736,42.81293869018555,0.0041574095375835896
520000000,3.4897642135620117,0.10924214124679565,-0.011299648322165012,0.6704885363578796,-5.9054856300354,42.8133430480957,0.0041574095375835896
521000000,3.489567279815674,0.10928889364004135,-0.011315526440739632,0.6703289151191711,-5.911213397979736,42.81374740600586,0.0041574095375835896
522000000,3.489370107650757,0.10933525115251541,-0.011331337504088879,0.6701704859733582,-5.916922569274902,42.814144134521484,0.0041574095375835896
523000000,3.489173173904419,0.10938122123479843,-0.011347083374857903,0.6700131297111511,-5.922613620758057,42.81454086303711,0.0041574095375835896
524000000,3.488976240158081,0.10942681133747101,-0.011362764053046703,0.6698569655418396,-5.928286075592041,42.81493377685547,0.0041574095375835896
525000000,3.488779306411743,0.10947202146053314,-0.011378379538655281,0.6697019338607788,-5.93394136428833,42.81532287597656,0.0041574095375835896
526000000,3.4885823726654053,0.10951685160398483,-0.01139393076300621,0.669547975063324,-5.939578056335449,42.815711975097656,0.0041574095375835896
527000000,3.4883854389190674,0.10956130921840668,-0.011409417726099491,0.6693952083587646,-5.945198059082031,42.816097259521484,0.0041574095375835896
528000000,3.4881885051727295,0.10960538685321808,-0.011424841359257698,0.6692435145378113,-5.95080041885376,42.81647872924805,0.0041574095375835896
529000000,3.4879915714263916,0.10964909940958023,-0.011440202593803406,0.6690929532051086,-5.956385612487793,42.816856384277344,0.0041574095375835896
530000000,3.4877946376800537,0.10969243943691254,-0.01145550049841404,0.668943464756012,-5.961953639984131,42.81723403930664,0.0041574095375835896
531000000,3.487597703933716,0.1097354143857956,-0.011470736935734749,0.6687950491905212,-5.96750545501709,42.81760787963867,0.0041574095375835896
532000000,3.487400770187378,0.1097780242562294,-0.011485912837088108,0.6686477661132812,-5.973040580749512,42.8179817199707,0.0041574095375835896
533000000,3.48720383644104,0.10982026904821396,-0.011501026339828968,0.6685014963150024,-5.9785590171813965,42.81835174560547,0.0041574095375835896
534000000,3.487006902694702,0.10986215621232986,-0.011516080237925053,0.6683563590049744,-5.9840617179870605,42.81871795654297,0.0041574095375835896
535000000,3.4868102073669434,0.10990369319915771,-0.011531073600053787,0.6682122349739075,-5.989548206329346,42.8190803527832,0.0041574095375835896
536000000,3.4866132736206055,0.10994486510753632,-0.011546008288860321,0.6680691838264465,-5.99501895904541,42.81944274902344,0.0041574095375835896
537000000,3.4864165782928467,0.10998569428920746,-0.01156088337302208,0.6679272055625916,-6.000474452972412,42.819801330566406,0.0041574095375835896
538000000,3.486219644546509,0.11002617329359055,-0.011575698852539062,0.6677862405776978,-6.005914211273193,42.82015609741211,0.0041574095375835896
539000000,3.48602294921875,0.11006630212068558,-0.011590457521378994,0.6676462888717651,-6.011338710784912,42.82051086425781,0.0041574095375835896
540000000,3.485826015472412,0.11010608077049255,-0.011605157516896725,0.6675074100494385,-6.016748428344727,42.82086181640625,0.0041574095375835896
541000000,3.4856293201446533,0.11014552414417267,-0.011619800701737404,0.6673694849014282,-6.0221428871154785,42.82121276855469,0.0041574095375835896
542000000,3.4854323863983154,0.11018462479114532,-0.011634387075901031,0.6672326326370239,-6.027523040771484,42.821556091308594,0.0041574095375835896
543000000,3.4852356910705566,0.11022338271141052,-0.011648916639387608,0.6670967936515808,-6.032888412475586,42.821903228759766,0.0041574095375835896
544000000,3.485038995742798,0.11026180535554886,-0.011663390323519707,0.6669619083404541,-6.038239479064941,42.822242736816406,0.0041574095375835896
545000000,3.48484206199646,0.11029990017414093,-0.011677809059619904,0.6668280959129333,-6.043576240539551,42.82258224487305,0.0041574095375835896
546000000,3.484645366668701,0.11033765971660614,-0.011692171916365623,0.6666951775550842,-6.048899173736572,42.82291793823242,0.0041574095375835896
547000000,3.4844486713409424,0.11037508398294449,-0.011706479825079441,0.6665633320808411,-6.054208278656006,42.8232536315918,0.0041574095375835896
548000000,3.4842519760131836,0.11041218787431717,-0.011720734648406506,0.6664323806762695,-6.059503078460693,42.823585510253906,0.0041574095375835896
549000000,3.4840550422668457,0.11044896394014359,-0.011734934523701668,0.6663024425506592,-6.064785003662109,42.82391357421875,0.0041574095375835896
550000000,3.483858346939087,0.11048541963100433,-0.011749081313610077,0.6661734580993652,-6.0700531005859375,42.824241638183594,0.0041574095375835896
551000000,3.483661651611328,0.11052154749631882,-0.011763175018131733,0.6660454273223877,-6.075308322906494,42.82456588745117,0.0041574095375835896
552000000,3.4834649562835693,0.11055736243724823,-0.011777215637266636,0.6659183502197266,-6.080550193786621,42.82489013671875,0.0041574095375835896
553000000,3.4832682609558105,0.11059286445379257,-0.011791205033659935,0.6657922267913818,-6.085778713226318,42.82521057128906,0.0041574095375835896
554000000,3.4830715656280518,0.11062804609537125,-0.011805142275989056,0.6656669974327087,-6.090994834899902,42.825531005859375,0.0041574095375835896
555000000,3.482874870300293,0.11066291481256485,-0.011819027364253998,0.665542721748352,-6.096198558807373,42.825843811035156,0.0041574095375835896
556000000,3.482678174972534,0.11069747060537338,-0.01183286216109991,0.6654193997383118,-6.101389408111572,42.8261604309082,0.0041574095375835896
557000000,3.4824814796447754,0.11073172092437744,-0.01184664573520422,0.6652969717979431,-6.106567859649658,42.82646942138672,0.0041574095375835896
558000000,3.4822847843170166,0.11076566576957703,-0.0118603790178895,0.6651754379272461,-6.111734390258789,42.826778411865234,0.0041574095375835896
559000000,3.482088088989258,0.11079930514097214,-0.011874062940478325,0.6650548577308655,-6.116888523101807,42.82708740234375,0.0041574095375835896
560000000,3.481891393661499,0.11083263903856277,-0.011887697502970695,0.6649351716041565,-6.122030735015869,42.827392578125,0.0041574095375835896
561000000,3.4816946983337402,0.11086568236351013,-0.011901282705366611,0.6648163795471191,-6.127161502838135,42.827693939208984,0.0041574095375835896
562000000,3.4814980030059814,0.11089842021465302,-0.011914818547666073,0.6646984219551086,-6.132280349731445,42.82799530029297,0.0041574095375835896
563000000,3.4813015460968018,0.11093086004257202,-0.011928306892514229,0.6645814180374146,-6.137387275695801,42.82829284667969,0.0041574095375835896
564000000,3.481104850769043,0.11096300929784775,-0.011941746808588505,0.6644652485847473,-6.142483234405518,42.828590393066406,0.0041574095375835896
565000000,3.480908155441284,0.1109948605298996,-0.011955139227211475,0.6643499732017517,-6.1475677490234375,42.82888412475586,0.0041574095375835896
566000000,3.4807114601135254,0.11102642863988876,-0.01196848414838314,0.664235532283783,-6.152641296386719,42.82917785644531,0.0041574095375835896
567000000,3.4805147647857666,0.11105769872665405,-0.011981782503426075,0.6641219854354858,-6.157703876495361,42.8294677734375,0.0041574095375835896
568000000,3.480318069458008,0.11108869314193726,-0.011995034292340279,0.6640092730522156,-6.162755012512207,42.82975769042969,0.0041574095375835896
569000000,3.480121612548828,0.11111939698457718,-0.012008239515125751,0.6638973951339722,-6.1677961349487305,42.83004379272461,0.0041574095375835896
570000000,3.4799249172210693,0.11114981770515442,-0.012021399103105068,0.6637864112854004,-6.172826290130615,42.830326080322266,0.0041574095375835896
571000000,3.4797282218933105,0.11117995530366898,-0.012034513056278229,0.6636762022972107,-6.177845478057861,42.83060836791992,0.0041574095375835896
572000000,3.4795315265655518,0.11120981723070145,-0.012047582305967808,0.6635668873786926,-6.182854652404785,42.83089065551758,0.0041574095375835896
572000000,3.479334831237793,0.11123939603567123,-0.01206060592085123,0.6634583473205566,-6.187853813171387,42.83116912841797,0.0041574095375835896
574000000,3.4791383743286133,0.11126870661973953,-0.012073585763573647,0.6633507013320923,-6.192842483520508,42.831443786621094,0.0041574095375835896
575000000,3.4789416790008545,0.11129774153232574,-0.012086521834135056,0.6632437705993652,-6.197821140289307,42.83171844482422,0.0041574095375835896
576000000,3.4787449836730957,0.11132650077342987,-0.012099413201212883,0.6631377339363098,-6.202789783477783,42.83198928833008,0.0041574095375835896
577000000,3.478548288345337,0.1113549992442131,-0.012112261727452278,0.6630324721336365,-6.207748889923096,42.83226013183594,0.0041574095375835896
578000000,3.4783518314361572,0.11138322204351425,-0.012125066481530666,0.6629279851913452,-6.212697982788086,42.8325309753418,0.0041574095375835896
579000000,3.4781551361083984,0.11141117662191391,-0.012137829326093197,0.6628243327140808,-6.217637538909912,42.83279800415039,0.0041574095375835896
580000000,3.4779584407806396,0.11143887042999268,-0.01215054839849472,0.6627214550971985,-6.222567558288574,42.83306121826172,0.0041574095375835896
581000000,3.477761745452881,0.11146630346775055,-0.012163226492702961,0.6626193523406982,-6.227488040924072,42.83332443237305,0.0041574095375835896
582000000,3.477565288543701,0.11149346828460693,-0.012175862677395344,0.6625180244445801,-6.2323994636535645,42.83358383178711,0.0041574095375835896
583000000,3.4773685932159424,0.11152037978172302,-0.012188456952571869,0.6624175310134888,-6.237301826477051,42.83384323120117,0.0041574095375835896
584000000,3.4771718978881836,0.11154703050851822,-0.012201009318232536,0.6623177528381348,-6.242195129394531,42.834102630615234,0.0041574095375835896
584000000,3.476975202560425,0.11157342791557312,-0.012213521637022495,0.6622187495231628,-6.247079372406006,42.83435821533203,0.0041574095375835896
586000000,3.517723321914673,0.11121179908514023,-0.012724931351840496,0.6672135591506958,-6.527435779571533,0.0,0.0041574095375835896
586000000,3.523453950881958,0.1111002117395401,-0.012628614902496338,0.6680881977081299,-6.4849019050598145,0.0,0.0041574095375835896
587000000,3.5310285091400146,0.1114102452993393,-0.012687684036791325,0.6678759455680847,-6.496999740600586,0.0,0.0041574095375835896
589000000,3.5386452674865723,0.1116996705532074,-0.012754048220813274,0.667729914188385,-6.513913631439209,0.0,0.0041574095375835896
591000000,3.5286545753479004,0.1121709793806076,-0.013002828694880009,0.6653831601142883,-6.612199306488037,113.96986389160156,0.009341125376522541
592000000,3.52864933013916,0.11232688277959824,-0.012938404455780983,0.6649175882339478,-6.570673942565918,33.552181243896484,0.0033963776659220457
593000000,3.5286455154418945,0.11242343485355377,-0.013039516285061836,0.6646292209625244,-6.615931987762451,35.60894775390625,0.0035659789573401213
594000000,3.528641700744629,0.11252081394195557,-0.013137280941009521,0.6643383502960205,-6.659374237060547,35.614768981933594,0.0035659789573401213
595000000,3.5286381244659424,0.11261776834726334,-0.013233762234449387,0.6640487909317017,-6.702115058898926,35.6159782409668,0.0035659789573401213
596000000,3.5286343097686768,0.11271430552005768,-0.013328936882317066,0.6637604832649231,-6.744144439697266,35.61717987060547,0.0035659789573401213
597000000,3.5286307334899902,0.1128104105591774,-0.013422777876257896,0.6634734272956848,-6.785452365875244,35.618370056152344,0.0035659789573401213
598000000,3.5286271572113037,0.11290610581636429,-0.013515261933207512,0.6631876230239868,-6.826028823852539,35.61954879760742,0.0035659789573401213
599000000,3.528623342514038,0.11300138384103775,-0.013606364838778973,0.6629030704498291,-6.865864276885986,35.62071990966797,0.0035659789573401213
600000000,3.5286197662353516,0.11309624463319778,-0.01369606051594019,0.6626197099685669,-6.904948711395264,35.621883392333984,0.0035659789573401213
601000000,3.528616189956665,0.11319069564342499,-0.013784325681626797,0.662337601184845,-6.943272590637207,35.6230354309082,0.0035659789573401213
602000000,3.5286126136779785,0.11328472942113876,-0.013871136121451855,0.6620567440986633,-6.980826377868652,35.624176025390625,0.0035703277681022882
603000000,3.528609037399292,0.11337863653898239,-0.01395631954073906,0.6617763042449951,-7.017510414123535,35.62370300292969,0.0035703277681022882
604000000,3.5286054611206055,0.11347212642431259,-0.014040001668035984,0.6614969968795776,-7.053406715393066,35.62482833862305,0.0035703277681022882
605000000,3.528601884841919,0.11356522142887115,-0.014122158288955688,0.6612190008163452,-7.088505268096924,35.62594223022461,0.0035703277681022882
606000000,3.559112310409546,0.11295409500598907,-0.013749740086495876,0.6659306287765503,-6.94038724899292,18.935461044311523,0.0021134947892278433
607000000,3.5582683086395264,0.1129697635769844,-0.013460949063301086,0.6658050417900085,-6.795059680938721,37.90011215209961,0.0037573243025690317
608000000,3.5579752922058105,0.11323321610689163,-0.013388026505708694,0.6649980545043945,-6.7430100440979,42.117828369140625,0.0040965271182358265
609000000,3.557682991027832,0.11350266635417938,-0.013306312263011932,0.6641733050346375,-6.68646240234375,42.124515533447266,0.0041008759289979935
610000000,3.5573906898498535,0.11377059668302536,-0.013225030153989792,0.663352906703949,-6.6304731369018555,42.12478256225586,0.0041008759289979935
611000000,3.55718994140625,0.11380530148744583,-0.013218601234257221,0.6632311940193176,-6.625275611877441,42.83591079711914,0.0041574095375835896
612000000,3.5569891929626465,0.11384081095457077,-0.013210694305598736,0.66310715675354,-6.619300365447998,42.83647918701172,0.0041574095375835896
613000000,3.556788682937622,0.11387602239847183,-0.013202895410358906,0.6629839539527893,-6.613399982452393,42.83674621582031,0.0041574095375835896
614000000,3.5565881729125977,0.11391093581914902,-0.013195204548537731,0.6628615856170654,-6.607573986053467,42.837013244628906,0.0041574095375835896
615000000,3.5563876628875732,0.11394555866718292,-0.013187620788812637,0.6627401113510132,-6.601820945739746,42.837276458740234,0.0041574095375835896
616000000,3.556187391281128,0.11397989094257355,-0.013180142268538475,0.6626194715499878,-6.596140384674072,42.8375358581543,0.0041574095375835896
617000000,3.5559871196746826,0.1140139251947403,-0.013172769919037819,0.662499725818634,-6.590532302856445,42.837799072265625,0.0041574095375835896
618000000,3.5557868480682373,0.11404767632484436,-0.01316550187766552,0.6623808145523071,-6.584995746612549,42.83805465698242,0.0041574095375835896
619000000,3.555586576461792,0.11408114433288574,-0.013158337213099003,0.6622627377510071,-6.579529762268066,42.83831024169922,0.0041574095375835896
620000000,3.555386543273926,0.11411432176828384,-0.013151274994015694,0.6621454954147339,-6.574134349822998,42.838565826416016,0.0041574095375835896
621000000,3.5551865100860596,0.11414722353219986,-0.013144315220415592,0.6620290279388428,-6.568808078765869,42.83881759643555,0.0041574095375835896
622000000,3.5549864768981934,0.11417984217405319,-0.01313745602965355,0.6619134545326233,-6.56355094909668,42.83906936645508,0.0041574095375835896
623000000,3.554786443710327,0.11421217769384384,-0.01313069649040699,0.6617987155914307,-6.5583624839782715,42.839317321777344,0.0041574095375835896
624000000,3.55458664894104,0.1142442375421524,-0.01312403753399849,0.6616847515106201,-6.553241729736328,42.83956527709961,0.0041574095375835896
625000000,3.554386854171753,0.11427602916955948,-0.013117476366460323,0.6615715622901917,-6.548188209533691,42.839813232421875,0.0041574095375835896
626000000,3.554187059402466,0.11430753767490387,-0.013111012987792492,0.66145920753479,-6.543200969696045,42.840057373046875,0.0041574095375835896
627000000,3.553987503051758,0.11433877795934677,-0.013104647397994995,0.6613476872444153,-6.538280010223389,42.84029769897461,0.0041574095375835896
628000000,3.5537877082824707,0.11436975002288818,-0.013098376803100109,0.6612369418144226,-6.533424377441406,42.84054183959961,0.0041574095375835896
629000000,3.5535881519317627,0.11440044641494751,-0.013092203065752983,0.661126971244812,-6.528634071350098,42.84077835083008,0.0041574095375835896
630000000,3.5533885955810547,0.11443088203668594,-0.013086123391985893,0.6610177755355835,-6.523907661437988,42.84101867675781,0.0041574095375835896
631000000,3.553189277648926,0.11446104943752289,-0.013080136850476265,0.6609093546867371,-6.519245147705078,42.841251373291016,0.0041574095375835896
632000000,3.552989959716797,0.11449095606803894,-0.013074244372546673,0.6608017086982727,-6.514646053314209,42.841487884521484,0.0041574095375835896
633000000,3.552790641784668,0.1145206019282341,-0.013068444095551968,0.6606948971748352,-6.5101094245910645,42.84172058105469,0.0041574095375835896
634000000,3.552591323852539,0.11454998701810837,-0.013062735088169575,0.660588800907135,-6.5056352615356445,42.841949462890625,0.0041574095375835896
635000000,3.55239200592041,0.11457911133766174,-0.013057117350399494,0.6604834198951721,-6.501222610473633,42.84217834472656,0.0041574095375835896
636000000,3.5521929264068604,0.11460798233747482,-0.013051589950919151,0.6603788733482361,-6.496870994567871,42.8424072265625,0.0041574095375835896
637000000,3.5519938468933105,0.11463660001754761,-0.013046151958405972,0.6602750420570374,-6.492579936981201,42.84263610839844,0.0041574095375835896
638000000,3.5517947673797607,0.1146649569272995,-0.01304080244153738,0.6601719260215759,-6.488348960876465,42.842857360839844,0.0041574095375835896
639000000,3.551595687866211,0.1146930679678917,-0.013035541400313377,0.6600695848464966,-6.484177589416504,42.843082427978516,0.0041574095375835896
640000000,3.5513968467712402,0.11472092568874359,-0.013030366972088814,0.6599679589271545,-6.480064868927002,42.84330368041992,0.0041574095375835896
641000000,3.5511980056762695,0.11474853754043579,-0.01302527915686369,0.6598670482635498,-6.476011276245117,42.84352493286133,0.0041574095375835896
642000000,3.550999164581299,0.11477590352296829,-0.013020277954638004,0.6597669124603271,-6.472015380859375,42.84374237060547,0.0041574095375835896
643000000,3.550800323486328,0.1148030161857605,-0.01301536150276661,0.6596674919128418,-6.468076705932617,42.84395980834961,0.0041574095375835896
644000000,3.5506014823913574,0.1148298904299736,-0.01301052886992693,0.6595687866210938,-6.464195251464844,42.844173431396484,0.0041574095375835896
645000000,3.550402879714966,0.1148565262556076,-0.01300578098744154,0.6594707369804382,-6.4603705406188965,42.844390869140625,0.0041574095375835896
646000000,3.550204277038574,0.11488291621208191,-0.01300111599266529,0.6593734622001648,-6.456602096557617,42.844600677490234,0.0041574095375835896
647000000,3.5500056743621826,0.11490906774997711,-0.012996532954275608,0.6592768430709839,-6.452888488769531,42.84481430053711,0.0041574095375835896
648000000,3.54980731010437,0.11493498086929321,-0.012992032803595066,0.6591809391975403,-6.449230670928955,42.84502410888672,0.0041574095375835896
649000000,3.5496087074279785,0.11496066302061081,-0.012987612746655941,0.659085750579834,-6.445627212524414,42.84523010253906,0.0041574095375835896
650000000,3.549410343170166,0.1149861067533493,-0.012983273714780807,0.6589912176132202,-6.442078113555908,42.845436096191406,0.0041574095375835896
651000000,3.5492119789123535,0.1150113195180893,-0.012979013845324516,0.6588973999023438,-6.438582420349121,42.84564208984375,0.0041574095375835896
652000000,3.549013614654541,0.11503629386425018,-0.012974834069609642,0.6588042378425598,-6.435140132904053,42.845848083496094,0.0041574095375835896
653000000,3.5488154888153076,0.11506104469299316,-0.01297073159366846,0.6587117910385132,-6.431750774383545,42.84605026245117,0.0041574095375835896
654000000,3.548617124557495,0.11508556455373764,-0.012966708280146122,0.6586199998855591,-6.4284138679504395,42.846248626708984,0.0041574095375835896
655000000,3.5484189987182617,0.11510986089706421,-0.012962761335074902,0.6585288643836975,-6.42512845993042,42.84645080566406,0.0041574095375835896
656000000,3.5482208728790283,0.11513392627239227,-0.012958891689777374,0.6584383845329285,-6.4218950271606445,42.846649169921875,0.0041574095375835896
657000000,3.548022985458374,0.11515776813030243,-0.01295509748160839,0.658348560333252,-6.418712139129639,42.84684371948242,0.0041574095375835896
658000000,3.5478248596191406,0.11518139392137527,-0.012951378710567951,0.6582594513893127,-6.4155802726745605,42.84703826904297,0.0041574095375835896
659000000,3.5476269721984863,0.11520478874444962,-0.012947735376656055,0.6581709384918213,-6.412498474121094,42.847232818603516,0.0041574095375835896
660000000,3.547429084777832,0.11522797495126724,-0.012944165617227554,0.6580830812454224,-6.40946626663208,42.84742736816406,0.0041574095375835896
661000000,3.5472311973571777,0.11525093019008636,-0.012940669432282448,0.657995879650116,-6.4064836502075195,42.847618103027344,0.0041574095375835896
662000000,3.5470333099365234,0.11527367681264877,-0.012937246821820736,0.6579092741012573,-6.403550148010254,42.847808837890625,0.0041574095375835896
663000000,3.546835422515869,0.11529620736837387,-0.01293389592319727,0.6578233242034912,-6.400664806365967,42.84799575805664,0.0041574095375835896
664000000,3.546637773513794,0.11531852185726166,-0.012930617667734623,0.6577380299568176,-6.397827625274658,42.848182678222656,0.0041574095375835896
665000000,3.5464401245117188,0.11534062027931213,-0.012927409261465073,0.6576533913612366,-6.39503812789917,42.84836959838867,0.0041574095375835896
666000000,3.5462424755096436,0.1153625100851059,-0.012924272567033768,0.6575692892074585,-6.392295837402344,42.84855651855469,0.0041574095375835896
667000000,3.5460448265075684,0.11538419127464294,-0.012921205721795559,0.657485842704773,-6.38960075378418,42.84873962402344,0.0041574095375835896
668000000,3.545847177505493,0.11540566384792328,-0.012918208725750446,0.6574030518531799,-6.3869524002075195,42.84891891479492,0.0041574095375835896
669000000,3.545649766921997,0.1154269278049469,-0.01291527971625328,0.6573208570480347,-6.384349822998047,42.84910202026367,0.0041574095375835896
670000000,3.545452356338501,0.1154479831457138,-0.012912419624626637,0.6572392582893372,-6.381793022155762,42.849281311035156,0.0041574095375835896
671000000,3.545254945755005,0.1154688373208046,-0.01290962751954794,0.6571582555770874,-6.379281520843506,42.84946060180664,0.0041574095375835896
672000000,3.545057535171509,0.11548949033021927,-0.012906902469694614,0.6570778489112854,-6.376815319061279,42.84963607788086,0.0041574095375835896
673000000,3.5448601245880127,0.11550993472337723,-0.012904244475066662,0.6569980382919312,-6.374393463134766,42.84981155395508,0.0041574095375835896
674000000,3.5446629524230957,0.11553017795085907,-0.012901652604341507,0.6569188237190247,-6.372015953063965,42.8499870300293,0.0041574095375835896
675000000,3.5444655418395996,0.11555022746324539,-0.012899125926196575,0.6568402051925659,-6.369682312011719,42.85015869140625,0.0041574095375835896
676000000,3.5442683696746826,0.1155700758099556,-0.012896665371954441,0.6567621231079102,-6.367392063140869,42.8503303527832,0.0041574095375835896
677000000,3.5440711975097656,0.11558973044157028,-0.01289426814764738,0.6566846966743469,-6.365145206451416,42.850502014160156,0.0041574095375835896
678000000,3.5438740253448486,0.11560918390750885,-0.012891936115920544,0.6566078066825867,-6.362940788269043,42.85067367553711,0.0041574095375835896
679000000,3.5436770915985107,0.1156284436583519,-0.012889666482806206,0.6565314531326294,-6.36077880859375,42.8508415222168,0.0041574095375835896
680000000,3.5434799194335938,0.11564751714468002,-0.012887461110949516,0.6564556956291199,-6.358659267425537,42.851009368896484,0.0041574095375835896
681000000,3.543282985687256,0.11566638946533203,-0.012885317206382751,0.6563805341720581,-6.356581211090088,42.851173400878906,0.0041574095375835896
682000000,3.543086051940918,0.11568507552146912,-0.012883235700428486,0.6563059091567993,-6.354544639587402,42.85133743286133,0.0041574095375835896
683000000,3.54288911819458,0.11570357531309128,-0.01288121659308672,0.6562318801879883,-6.3525495529174805,42.85150146484375,0.0041574095375835896
684000000,3.542692184448242,0.11572188138961792,-0.012879257090389729,0.6561583876609802,-6.350594520568848,42.85166549682617,0.0041574095375835896
685000000,3.5424952507019043,0.11574000120162964,-0.012877359054982662,0.6560854315757751,-6.348680019378662,42.85182571411133,0.0041574095375835896
686000000,3.5422985553741455,0.11575793474912643,-0.012875520624220371,0.656013011932373,-6.346805572509766,42.851985931396484,0.0041574095375835896
687000000,3.5421016216278076,0.1157756894826889,-0.012873741798102856,0.6559411287307739,-6.344971179962158,42.85214614868164,0.0041574095375835896
688000000,3.541904926300049,0.11579325795173645,-0.012872022576630116,0.6558698415756226,-6.343175888061523,42.85230255126953,0.0041574095375835896
689000000,3.54170823097229,0.11581064015626907,-0.012870361097157001,0.6557990312576294,-6.341419696807861,42.85245895385742,0.0041574095375835896
690000000,3.5415115356445312,0.11582784354686737,-0.012868758291006088,0.655728816986084,-6.339702129364014,42.85261535644531,0.0041574095375835896
691000000,3.5413148403167725,0.11584486812353134,-0.012867213226854801,0.6556590795516968,-6.3380231857299805,42.8527717590332,0.0041574095375835896
692000000,3.5411183834075928,0.11586171388626099,-0.012865724973380566,0.6555898785591125,-6.3363823890686035,42.85292434692383,0.0041574095375835896
693000000,3.540921688079834,0.1158783808350563,-0.012864293530583382,0.6555212140083313,-6.334779262542725,42.85307693481445,0.0041574095375835896
694000000,3.5407252311706543,0.1158948764204979,-0.01286291889846325,0.655453085899353,-6.3332133293151855,42.85322952270508,0.0041574095375835896
695000000,3.5405287742614746,0.11591119319200516,-0.012861599214375019,0.655385434627533,-6.3316850662231445,42.85337829589844,0.0041574095375835896
696000000,3.540332317352295,0.1159273311495781,-0.012860335409641266,0.6553183197975159,-6.330193519592285,42.8535270690918,0.0041574095375835896
697000000,3.5401358604431152,0.1159432977437973,-0.012859126552939415,0.6552517414093018,-6.328738212585449,42.853675842285156,0.0041574095375835896
698000000,3.5399396419525146,0.11595910042524338,-0.012857971712946892,0.6551856398582458,-6.327319622039795,42.85382080078125,0.0041574095375835896
699000000,3.539743185043335,0.11597472429275513,-0.012856870889663696,0.6551200151443481,-6.325936794281006,42.85396957397461,0.0041574095375835896
700000000,3.5395469665527344,0.11599018424749374,-0.012855824083089828,0.6550549268722534,-6.324589729309082,42.8541145324707,0.0041574095375835896
701000000,3.5393505096435547,0.11600547283887863,-0.012854830361902714,0.6549903154373169,-6.323277950286865,42.85425567626953,0.0041574095375835896
702000000,3.539154291152954,0.11602059006690979,-0.012853889726102352,0.6549262404441833,-6.3220014572143555,42.854400634765625,0.0041574095375835896
703000000,3.5389580726623535,0.11603555083274841,-0.012853000313043594,0.6548625826835632,-6.3207597732543945,42.85454177856445,0.0041574095375835896
704000000,3.538762092590332,0.1160503402352333,-0.01285216398537159,0.6547994613647461,-6.319552421569824,42.85468292236328,0.0041574095375835896
705000000,3.5385658740997314,0.11606496572494507,-0.012851377949118614,0.6547368168830872,-6.3183794021606445,42.854820251464844,0.0041574095375835896
706000000,3.538369655609131,0.1160794273018837,-0.012850644066929817,0.6546746492385864,-6.3172407150268555,42.85496139526367,0.0041574095375835896
707000000,3.5381736755371094,0.1160937249660492,-0.012849959544837475,0.6546130180358887,-6.316135406494141,42.855098724365234,0.0041574095375835896
708000000,3.537977695465088,0.11610786616802216,-0.012849326245486736,0.6545518040657043,-6.3150634765625,42.8552360534668,0.0041574095375835896
709000000,3.5377814769744873,0.11612184345722198,-0.012848742306232452,0.6544910669326782,-6.314024925231934,42.855369567871094,0.0041574095375835896
710000000,3.537585496902466,0.11613566428422928,-0.012848207727074623,0.6544308066368103,-6.313019275665283,42.855506896972656,0.0041574095375835896
711000000,3.5373895168304443,0.11614932864904404,-0.012847722508013248,0.6543709635734558,-6.312046051025391,42.85564041137695,0.0041574095375835896
712000000,3.537193775177002,0.11616282910108566,-0.012847285717725754,0.6543116569519043,-6.311105251312256,42.855770111083984,0.0041574095375835896
713000000,3.5369977951049805,0.11617618054151535,-0.012846897356212139,0.6542527675628662,-6.310196399688721,42.85590362548828,0.0041574095375835896
714000000,3.536802053451538,0.1161893755197525,-0.01284655649214983,0.6541943550109863,-6.309319496154785,42.85603332519531,0.0041574095375835896
715000000,3.5366060733795166,0.11620242148637772,-0.012846263125538826,0.6541364192962646,-6.308474540710449,42.856163024902344,0.0041574095375835896
716000000,3.536410331726074,0.1162153035402298,-0.012846017256379128,0.6540789008140564,-6.3076605796813965,42.856292724609375,0.0041574095375835896
717000000,3.536214590072632,0.11622804403305054,-0.012845817022025585,0.6540217995643616,-6.306877613067627,42.856422424316406,0.0041574095375835896
718000000,3.5360188484191895,0.11624062806367874,-0.012845664285123348,0.653965175151825,-6.306125640869141,42.85654830932617,0.0041574095375835896
719000000,3.535823106765747,0.11625306308269501,-0.012845557183027267,0.6539090275764465,-6.305404186248779,42.85667419433594,0.0041574095375835896
721000000,3.5356273651123047,0.11626534909009933,-0.012845494784414768,0.6538532972335815,-6.304713249206543,42.8568000793457,0.0041574095375835896
721000000,3.5354316234588623,0.11627749353647232,-0.012845478020608425,0.65379798412323,-6.304052352905273,42.8569221496582,0.0041574095375835896
722000000,3.535236120223999,0.11628948152065277,-0.012845506891608238,0.6537430882453918,-6.3034210205078125,42.85704803466797,0.0041574095375835896
723000000,3.5350403785705566,0.11630132794380188,-0.012845579534769058,0.6536886692047119,-6.302819728851318,42.85717010498047,0.0041574095375835896
724000000,3.5348448753356934,0.11631303280591965,-0.012845695950090885,0.6536346673965454,-6.302247524261475,42.85729217529297,0.0041574095375835896
725000000,3.53464937210083,0.11632458865642548,-0.012845856137573719,0.6535810828208923,-6.301704406738281,42.8574104309082,0.0041574095375835896
726000000,3.534453868865967,0.11633600294589996,-0.01284606009721756,0.6535279154777527,-6.301190376281738,42.8575325012207,0.0041574095375835896
727000000,3.5342583656311035,0.11634727567434311,-0.012846307829022408,0.6534752249717712,-6.3007049560546875,42.85765075683594,0.0041574095375835896
728000000,3.5340628623962402,0.11635839939117432,-0.012846597470343113,0.6534228920936584,-6.300248146057129,42.85776901245117,0.0041574095375835896
729000000,3.533867359161377,0.11636938899755478,-0.012846929021179676,0.6533709764480591,-6.299819469451904,42.857887268066406,0.0041574095375835896
730000000,3.5336718559265137,0.1163802444934845,-0.012847303412854671,0.6533194780349731,-6.2994184494018555,42.858001708984375,0.0041574095375835896
731000000,3.5334765911102295,0.11639095097780228,-0.01284771878272295,0.6532683968544006,-6.299045562744141,42.858116149902344,0.0041574095375835896
732000000,3.533281087875366,0.11640153080224991,-0.012848176062107086,0.6532177329063416,-6.298700332641602,42.85823059082031,0.0041574095375835896
733000000,3.533085823059082,0.1164119690656662,-0.01284867338836193,0.6531674861907959,-6.29838228225708,42.85834503173828,0.0041574095375835896
734000000,3.532890558242798,0.11642226576805115,-0.012849212624132633,0.6531175971031189,-6.298091411590576,42.85845947265625,0.0041574095375835896
735000000,3.5326952934265137,0.11643243581056595,-0.01284979097545147,0.6530681252479553,-6.297827243804932,42.85857009887695,0.0041574095375835896
736000000,3.5325000286102295,0.11644246429204941,-0.012850410304963589,0.6530190706253052,-6.2975897789001465,42.858680725097656,0.0041574095375835896
737000000,3.5323047637939453,0.11645236611366272,-0.012851068750023842,0.6529703736305237,-6.297379016876221,42.85879135131836,0.0041574095375835896
738000000,3.532109498977661,0.11646213382482529,-0.012851767241954803,0.6529220938682556,-6.297194480895996,42.85890197753906,0.0041574095375835896
739000000,3.531914234161377,0.11647176742553711,-0.012852503918111324,0.6528741717338562,-6.297036170959473,42.8590087890625,0.0041574095375835896
740000000,3.5317189693450928,0.11648127436637878,-0.012853279709815979,0.6528266668319702,-6.296903133392334,42.8591194152832,0.0041574095375835896
741000000,3.5315239429473877,0.11649064719676971,-0.012854094617068768,0.6527795195579529,-6.2967963218688965,42.85922622680664,0.0041574095375835896
742000000,3.5313286781311035,0.1164998933672905,-0.01285494677722454,0.652732789516449,-6.296714782714844,42.85933303833008,0.0041574095375835896
743000000,3.5311336517333984,0.11650901287794113,-0.012855837121605873,0.6526864171028137,-6.296658515930176,42.85943603515625,0.0041574095375835896
744000000,3.5309386253356934,0.11651800572872162,-0.01285676471889019,0.6526404023170471,-6.296627044677734,42.85954284667969,0.0041574095375835896
745000000,3.5307435989379883,0.11652687191963196,-0.012857729569077492,0.652594804763794,-6.296620845794678,42.85964584350586,0.0041574095375835896
746000000,3.530548334121704,0.11653560400009155,-0.012858731672167778,0.6525495648384094,-6.2966389656066895,42.85974884033203,0.0041574095375835896
747000000,3.530353307723999,0.1165442243218422,-0.012859770096838474,0.6525046825408936,-6.296681880950928,42.8598518371582,0.0041574095375835896
748000000,3.530158519744873,0.11655271053314209,-0.01286084484308958,0.6524601578712463,-6.296748638153076,42.85995101928711,0.0041574095375835896
749000000,3.529963493347168,0.11656107753515244,-0.012861954979598522,0.6524160504341125,-6.296839714050293,42.86005401611328,0.0041574095375835896
750000000,3.529768466949463,0.11656932532787323,-0.012863101437687874,0.6523722410202026,-6.29695463180542,42.86015319824219,0.0041574095375835896
751000000,3.529573440551758,0.11657744646072388,-0.012864284217357635,0.6523287892341614,-6.297093391418457,42.860252380371094,0.0041574095375835896
752000000,3.529378652572632,0.11658544838428497,-0.012865500524640083,0.6522857546806335,-6.297255516052246,42.8603515625,0.0041617583483457565
753000000,3.5291836261749268,0.11659356951713562,-0.012866604141891003,0.6522423028945923,-6.297356128692627,42.85919189453125,0.0041574095375835896
754000000,3.5289885997772217,0.11660133302211761,-0.012867892161011696,0.652199923992157,-6.297565460205078,42.86054611206055,0.0041617583483457565
755000000,3.5287935733795166,0.11660920828580856,-0.012869064696133137,0.6521572470664978,-6.297712802886963,42.8593864440918,0.0041574095375835896
756000000,3.5285987854003906,0.11661673337221146,-0.012870421633124352,0.6521155834197998,-6.29796838760376,42.860740661621094,0.0041617583483457565
757000000,3.5284037590026855,0.1166243776679039,-0.012871664017438889,0.6520735621452332,-6.298161506652832,42.859580993652344,0.0041574095375835896
758000000,3.5282089710235596,0.11663167178630829,-0.01287308894097805,0.6520325541496277,-6.298462390899658,42.860931396484375,0.0041617583483457565
759000000,3.5280139446258545,0.11663908511400223,-0.01287439838051796,0.6519912481307983,-6.298701286315918,42.85976791381836,0.0041574095375835896
760000000,3.5278193950653076,0.11664614081382751,-0.012875890359282494,0.6519509553909302,-6.299046993255615,42.86111831665039,0.0041617583483457565
761000000,3.5276243686676025,0.11665332317352295,-0.0128772659227252,0.6519103050231934,-6.299330234527588,42.859954833984375,0.0041617583483457565
762000000,3.5274295806884766,0.11666039377450943,-0.012878675945103168,0.6518699526786804,-6.299635410308838,42.86004638671875,0.0041617583483457565
763000000,3.5272345542907715,0.11666734516620636,-0.012880117632448673,0.6518299579620361,-6.299962997436523,42.860137939453125,0.0041617583483457565
764000000,3.5270397663116455,0.11667418479919434,-0.012881593778729439,0.6517903208732605,-6.300312042236328,42.8602294921875,0.0041617583483457565
765000000,3.5268449783325195,0.11668091267347336,-0.012883101589977741,0.6517510414123535,-6.30068302154541,42.860321044921875,0.0041617583483457565
766000000,3.5266499519348145,0.11668752878904343,-0.01288464106619358,0.6517120003700256,-6.3010759353637695,42.860408782958984,0.0041617583483457565
767000000,3.5264551639556885,0.11669403314590454,-0.012886213138699532,0.6516733765602112,-6.30148983001709,42.860496520996094,0.0041617583483457565
768000000,3.5262603759765625,0.1167004331946373,-0.01288781687617302,0.6516350507736206,-6.3019256591796875,42.8605842590332,0.0041617583483457565
769000000,3.5260655879974365,0.1167067214846611,-0.012889452278614044,0.6515970230102539,-6.302381992340088,42.86067199707031,0.0041617583483457565
770000000,3.5258710384368896,0.11671289801597595,-0.012891119346022606,0.6515593528747559,-6.302859306335449,42.86075973510742,0.0041617583483457565
771000000,3.5256762504577637,0.11671896278858185,-0.01289281714707613,0.6515219807624817,-6.3033576011657715,42.86084747314453,0.0041617583483457565
772000000,3.5254814624786377,0.11672493070363998,-0.012894545681774616,0.6514849066734314,-6.3038763999938965,42.860931396484375,0.0041617583483457565
773000000,3.5252866744995117,0.11673077940940857,-0.01289630401879549,0.6514481902122498,-6.304415702819824,42.861019134521484,0.0041617583483457565
774000000,3.525092124938965,0.1167365312576294,-0.012898093089461327,0.651411771774292,-6.3049750328063965,42.86110305786133,0.0041617583483457565
775000000,3.524897336959839,0.11674217879772186,-0.012899912893772125,0.6513756513595581,-6.3055548667907715,42.86118698120117,0.0041617583483457565
776000000,3.524702787399292,0.11674771457910538,-0.012901761569082737,0.6513398885726929,-6.306154727935791,42.86126708984375,0.0041617583483457565
777000000,3.524507999420166,0.11675315350294113,-0.012903640046715736,0.6513043642044067,-6.306774139404297,42.861351013183594,0.0041617583483457565
778000000,3.524313449859619,0.11675848811864853,-0.012905548326671124,0.6512691974639893,-6.307413101196289,42.86143112182617,0.0041617583483457565
779000000,3.5241189002990723,0.11676371842622757,-0.012907485477626324,0.6512343287467957,-6.308072090148926,42.86151123046875,0.0041617583483457565
780000000,3.5239241123199463,0.11676884442567825,-0.012909450568258762,0.6511996984481812,-6.308750152587891,42.861595153808594,0.0041617583483457565
781000000,3.5237295627593994,0.11677387356758118,-0.012911445461213589,0.6511654257774353,-6.309447288513184,42.861671447753906,0.0041617583483457565
782000000,3.5235350131988525,0.11677879840135574,-0.012913468293845654,0.6511314511299133,-6.310163974761963,42.861751556396484,0.0041617583483457565
783000000,3.5233404636383057,0.11678362637758255,-0.012915519066154957,0.6510977745056152,-6.310899257659912,42.86183166503906,0.0041617583483457565
784000000,3.523145914077759,0.1167883574962616,-0.012917597778141499,0.651064395904541,-6.3116536140441895,42.861907958984375,0.0041617583483457565
785000000,3.522951364517212,0.11679298430681229,-0.012919704429805279,0.6510312557220459,-6.3124260902404785,42.86198806762695,0.0041617583483457565
786000000,3.522756814956665,0.11679751425981522,-0.012921839021146297,0.6509984731674194,-6.313217639923096,42.862064361572266,0.0041617583483457565
787000000,3.522562265396118,0.11680194735527039,-0.01292400062084198,0.6509659290313721,-6.314027309417725,42.86214065551758,0.0041617583483457565
788000000,3.5223679542541504,0.1168062835931778,-0.012926188297569752,0.6509337425231934,-6.314855098724365,42.862213134765625,0.0041617583483457565
789000000,3.5221734046936035,0.11681053042411804,-0.012928403913974762,0.650901734828949,-6.315701007843018,42.86228942871094,0.0041617583483457565
790000000,3.5219788551330566,0.11681467294692993,-0.012930645607411861,0.6508700847625732,-6.316565036773682,42.86236572265625,0.0041617583483457565
791000000,3.521784543991089,0.11681872606277466,-0.012932914309203625,0.6508387327194214,-6.317446708679199,42.8624382019043,0.0041617583483457565
792000000,3.521589994430542,0.11682268232107162,-0.012935208156704903,0.6508076190948486,-6.31834602355957,42.862510681152344,0.0041617583483457565
793000000,3.521395683288574,0.11682654917240143,-0.012937529012560844,0.650776743888855,-6.319262981414795,42.86258316040039,0.0041617583483457565
794000000,3.5212011337280273,0.11683031916618347,-0.0129398750141263,0.65074622631073,-6.320197582244873,42.86265563964844,0.0041617583483457565
795000000,3.5210068225860596,0.11683399975299835,-0.012942247092723846,0.6507159471511841,-6.3211493492126465,42.862728118896484,0.0041617583483457565
796000000,3.5208122730255127,0.11683759093284607,-0.012944644317030907,0.6506859064102173,-6.322117805480957,42.862796783447266,0.0041617583483457565
797000000,3.520617961883545,0.11684108525514603,-0.012947066687047482,0.6506561636924744,-6.323103904724121,42.86286926269531,0.0041617583483457565
798000000,3.520423650741577,0.11684449017047882,-0.012949514202773571,0.6506267189979553,-6.324106693267822,42.862937927246094,0.0041617583483457565
799000000,3.5202291011810303,0.11684780567884445,-0.012951986864209175,0.6505975127220154,-6.3251261711120605,42.863006591796875,0.0041617583483457565
800000000,3.5200347900390625,0.11685103178024292,-0.012954482808709145,0.6505685448646545,-6.326162338256836,42.863075256347656,0.0041617583483457565
800000000,3.5198404788970947,0.11685416847467422,-0.012957004830241203,0.6505398750305176,-6.32721471786499,42.86314392089844,0.0041617583483457565
802000000,3.519646167755127,0.11685722321271896,-0.012959550134837627,0.6505114436149597,-6.328283786773682,42.86321258544922,0.0041617583483457565
803000000,3.519451856613159,0.11686018109321594,-0.012962118722498417,0.6504833102226257,-6.329369068145752,42.863277435302734,0.0041617583483457565
804000000,3.5192575454711914,0.11686305701732635,-0.012964712455868721,0.6504554152488708,-6.330470561981201,42.863346099853516,0.0041617583483457565
805000000,3.5190632343292236,0.1168658509850502,-0.012967328540980816,0.6504277586936951,-6.331587791442871,42.86341094970703,0.0041617583483457565
806000000,3.518868923187256,0.11686855554580688,-0.01296996884047985,0.6504003405570984,-6.33272123336792,42.86347579956055,0.0041617583483457565
807000000,3.518674612045288,0.1168711706995964,-0.012972632423043251,0.6503732204437256,-6.3338704109191895,42.86354064941406,0.0041617583483457565
808000000,3.5184803009033203,0.11687370389699936,-0.012975319288671017,0.6503463387489319,-6.33503532409668,42.86360549926758,0.0041617583483457565
809000000,3.5182859897613525,0.11687615513801575,-0.012978028506040573,0.6503196954727173,-6.336215496063232,42.863670349121094,0.0041617583483457565
810000000,3.5180916786193848,0.11687852442264557,-0.01298076007515192,0.6502932906150818,-6.337411403656006,42.86373519897461,0.0041617583483457565
811000000,3.517897367477417,0.11688080430030823,-0.012983514927327633,0.6502671837806702,-6.338622093200684,42.86379623413086,0.0041617583483457565
812000000,3.5177032947540283,0.11688300222158432,-0.012986292131245136,0.6502412557601929,-6.339848518371582,42.86385726928711,0.0041617583483457565
813000000,3.5175089836120605,0.11688512563705444,-0.012989090755581856,0.6502156257629395,-6.341089725494385,42.863922119140625,0.0041617583483457565
814000000,3.5173146724700928,0.1168871596455574,-0.012991911731660366,0.6501901745796204,-6.34234619140625,42.863983154296875,0.0041617583483457565
815000000,3.517120599746704,0.1168891191482544,-0.012994755059480667,0.6501650214195251,-6.3436174392700195,42.864044189453125,0.0041617583483457565
816000000,3.5169262886047363,0.11689099669456482,-0.01299761887639761,0.650140106678009,-6.344903469085693,42.86410140991211,0.0041617583483457565
817000000,3.5167319774627686,0.11689279228448868,-0.013000505045056343,0.6501153707504272,-6.346203804016113,42.86416244506836,0.0041617583483457565
818000000,3.51653790473938,0.11689450591802597,-0.013003412634134293,0.6500909328460693,-6.3475189208984375,42.86422348022461,0.0041617583483457565
819000000,3.516343593597412,0.1168961450457573,-0.013006340712308884,0.6500666737556458,-6.348848819732666,42.864280700683594,0.0041617583483457565
820000000,3.5161495208740234,0.11689770221710205,-0.013009290210902691,0.650042712688446,-6.350192546844482,42.864341735839844,0.0041617583483457565
821000000,3.5159552097320557,0.11689918488264084,-0.01301226019859314,0.6500189304351807,-6.351550579071045,42.86439895629883,0.0041617583483457565
822000000,3.515761137008667,0.11690059304237366,-0.01301525067538023,0.6499953866004944,-6.3529229164123535,42.86445617675781,0.0041617583483457565
823000000,3.515566825866699,0.11690191924571991,-0.013018262572586536,0.6499720811843872,-6.35430908203125,42.8645133972168,0.0041617583483457565
824000000,3.5153727531433105,0.11690317094326019,-0.01302129402756691,0.6499490141868591,-6.355709075927734,42.86457061767578,0.0041617583483457565
825000000,3.515178680419922,0.1169043481349945,-0.013024345971643925,0.6499261260032654,-6.357122898101807,42.8646240234375,0.0041617583483457565
826000000,3.514984369277954,0.11690545082092285,-0.013027417473495007,0.6499035358428955,-6.358550548553467,42.864681243896484,0.0041617583483457565
827000000,3.5147902965545654,0.11690647900104523,-0.013030508533120155,0.64988112449646,-6.359991550445557,42.8647346496582,0.0041617583483457565
828000000,3.5145962238311768,0.11690743267536163,-0.013033620081841946,0.6498588919639587,-6.361446380615234,42.86479187011719,0.0041617583483457565
829000000,3.514401912689209,0.11690831184387207,-0.013036750257015228,0.6498369574546814,-6.362914562225342,42.864845275878906,0.0041617583483457565
830000000,3.5142078399658203,0.11690911650657654,-0.013039900921285152,0.6498152017593384,-6.364395618438721,42.864898681640625,0.0041617583483457565
831000000,3.5140137672424316,0.11690984666347504,-0.013043070212006569,0.6497936248779297,-6.3658905029296875,42.864952087402344,0.0041617583483457565
832000000,3.513819456100464,0.11691050976514816,-0.013046258129179478,0.6497722864151001,-6.367398262023926,42.86500549316406,0.0041617583483457565
833000000,3.513625383377075,0.11691109836101532,-0.013049465604126453,0.6497511863708496,-6.3689188957214355,42.86505889892578,0.0041617583483457565
834000000,3.5134313106536865,0.11691161245107651,-0.013052691705524921,0.6497302651405334,-6.370452404022217,42.865108489990234,0.0041617583483457565
835000000,3.513237237930298,0.11691205948591232,-0.013055936433374882,0.6497095823287964,-6.3719987869262695,42.86516189575195,0.0041617583483457565
836000000,3.513043165206909,0.11691243201494217,-0.013059199787676334,0.6496891379356384,-6.373558044433594,42.865211486816406,0.0041617583483457565
837000000,3.5128488540649414,0.11691274493932724,-0.013062480837106705,0.6496688723564148,-6.375129699707031,42.865264892578125,0.0041617583483457565
838000000,3.5126547813415527,0.11691297590732574,-0.013065780512988567,0.6496487855911255,-6.376713752746582,42.86531448364258,0.0041617583483457565
839000000,3.512460708618164,0.11691314727067947,-0.013069097883999348,0.6496289372444153,-6.378310680389404,42.86536407470703,0.0041617583483457565
840000000,3.5122666358947754,0.11691324412822723,-0.01307243388146162,0.6496092677116394,-6.37992000579834,42.865413665771484,0.0041617583483457565
841000000,3.5120725631713867,0.11691327393054962,-0.013075786642730236,0.6495897769927979,-6.3815412521362305,42.86546325683594,0.0041617583483457565
842000000,3.511878490447998,0.11691323667764664,-0.013079158030450344,0.6495705246925354,-6.383174896240234,42.865509033203125,0.0041617583483457565
843000000,3.5116844177246094,0.11691313236951828,-0.013082546181976795,0.649551510810852,-6.384820461273193,42.86555862426758,0.0041617583483457565
844000000,3.5114903450012207,0.11691296100616455,-0.013085952028632164,0.6495326161384583,-6.386477947235107,42.86560821533203,0.0041617583483457565
845000000,3.511296272277832,0.11691273003816605,-0.013089374639093876,0.6495139598846436,-6.388147830963135,42.86565399169922,0.0041617583483457565
846000000,3.5111021995544434,0.11691242456436157,-0.013092814944684505,0.6494954824447632,-6.389829158782959,42.865699768066406,0.0041617583483457565
847000000,3.5109078884124756,0.11691205948591232,-0.013096272014081478,0.6494772434234619,-6.391522407531738,42.86574935913086,0.0041617583483457565
848000000,3.510713815689087,0.1169116199016571,-0.013099745847284794,0.6494591236114502,-6.3932271003723145,42.86579513549805,0.0041617583483457565
849000000,3.5105197429656982,0.11691112816333771,-0.013103236444294453,0.6494412422180176,-6.3949432373046875,42.865840911865234,0.0041617583483457565
850000000,3.5103256702423096,0.11691056191921234,-0.01310674287378788,0.6494235396385193,-6.396671295166016,42.86588668823242,0.0041617583483457565
851000000,3.510131597518921,0.1169099360704422,-0.01311026606708765,0.6494060754776001,-6.398410320281982,42.86593246459961,0.0041617583483457565
851000000,3.5099375247955322,0.11690925061702728,-0.013113806024193764,0.6493887305259705,-6.400161266326904,42.86597442626953,0.0041617583483457565
853000000,3.5097434520721436,0.116908498108387,-0.013117361813783646,0.6493716239929199,-6.401923179626465,42.86602020263672,0.0041617583483457565
854000000,3.509549379348755,0.11690767854452133,-0.013120933435857296,0.6493546366691589,-6.403696060180664,42.866065979003906,0.0041617583483457565
855000000,3.509355306625366,0.11690680682659149,-0.01312452182173729,0.649337887763977,-6.40548038482666,42.86610794067383,0.0041617583483457565
856000000,3.5091612339019775,0.11690586805343628,-0.013128125108778477,0.6493213176727295,-6.407275199890137,42.86614990234375,0.0041617583483457565
857000000,3.508967161178589,0.1169048622250557,-0.013131744228303432,0.6493049263954163,-6.40908145904541,42.86619567871094,0.0041617583483457565
858000000,3.5087730884552,0.11690380424261093,-0.013135379180312157,0.6492887139320374,-6.410898208618164,42.86623764038086,0.0041617583483457565
859000000,3.5085790157318115,0.11690268665552139,-0.013139029033482075,0.6492726802825928,-6.412725925445557,42.86627960205078,0.0041617583483457565
860000000,3.508384943008423,0.11690150201320648,-0.013142694719135761,0.6492568254470825,-6.41456413269043,42.8663215637207,0.0041617583483457565
861000000,3.508190870285034,0.1169002577662468,-0.013146375305950642,0.6492411494255066,-6.416413307189941,42.866363525390625,0.0041617583483457565
862000000,3.5079967975616455,0.11689896136522293,-0.01315007172524929,0.649225652217865,-6.418272972106934,42.86640167236328,0.0041617583483457565
863000000,3.507802724838257,0.11689760535955429,-0.013153782114386559,0.6492102742195129,-6.420142650604248,42.8664436340332,0.0041617583483457565
864000000,3.507608652114868,0.11689618229866028,-0.01315750740468502,0.64919513463974,-6.422023296356201,42.866485595703125,0.0041617583483457565
865000000,3.5074145793914795,0.11689470708370209,-0.013161247596144676,0.6491801738739014,-6.423913955688477,42.86652374267578,0.0041617583483457565
866000000,3.507220506668091,0.11689317226409912,-0.013165002688765526,0.6491653323173523,-6.425815105438232,42.86656188964844,0.0041617583483457565
867000000,3.507026433944702,0.11689158529043198,-0.013168771751224995,0.6491507291793823,-6.4277262687683105,42.86660385131836,0.0041617583483457565
868000000,3.5068323612213135,0.11688993871212006,-0.013172555714845657,0.6491362452507019,-6.429647445678711,42.866641998291016,0.0041617583483457565
869000000,3.506638288497925,0.11688823252916336,-0.01317635364830494,0.6491219401359558,-6.431578636169434,42.86668014526367,0.0041617583483457565
870000000,3.506444215774536,0.11688647419214249,-0.01318016555160284,0.649107813835144,-6.4335198402404785,42.86671829223633,0.0041617583483457565
871000000,3.5062501430511475,0.11688465625047684,-0.01318399142473936,0.6490938067436218,-6.435471057891846,42.866756439208984,0.0041617583483457565
872000000,3.506056070327759,0.11688278615474701,-0.013187832199037075,0.6490800380706787,-6.437431812286377,42.86679458618164,0.0041617583483457565
873000000,3.50586199760437,0.1168808564543724,-0.013191686011850834,0.6490663886070251,-6.4394025802612305,42.8668327331543,0.0041617583483457565
874000000,3.5056679248809814,0.11687887459993362,-0.013195553794503212,0.6490529179573059,-6.441382884979248,42.86686706542969,0.0041617583483457565
875000000,3.5054738521575928,0.11687684059143066,-0.013199434615671635,0.6490395665168762,-6.443373203277588,42.866905212402344,0.0041617583483457565
876000000,3.505279541015625,0.11687474697828293,-0.013203329406678677,0.6490264534950256,-6.445372581481934,42.866939544677734,0.0041617583483457565
877000000,3.5050854682922363,0.11687260121107101,-0.013207238167524338,0.6490134596824646,-6.447381496429443,42.86697769165039,0.0041617583483457565
878000000,3.5048913955688477,0.11687040328979492,-0.013211159035563469,0.6490005850791931,-6.449400424957275,42.86701202392578,0.0041617583483457565
879000000,3.504697322845459,0.11686815321445465,-0.01321509387344122,0.6489879488945007,-6.451427936553955,42.86705017089844,0.0041617583483457565
880000000,3.5045032501220703,0.1168658509850502,-0.013219041749835014,0.6489753723144531,-6.453464984893799,42.86708450317383,0.0041617583483457565
881000000,3.5043091773986816,0.11686349660158157,-0.013223002664744854,0.6489630341529846,-6.455511569976807,42.86711883544922,0.0041617583483457565
882000000,3.504114866256714,0.11686109006404877,-0.013226976618170738,0.6489508152008057,-6.457566738128662,42.86715316772461,0.0041617583483457565
883000000,3.503920793533325,0.11685863137245178,-0.013230962678790092,0.648938775062561,-6.459631443023682,42.8671875,0.0041617583483457565
884000000,3.5037267208099365,0.11685612052679062,-0.013234961777925491,0.648926854133606,-6.461705207824707,42.86722183227539,0.0041617583483457565
885000000,3.503532648086548,0.11685355752706528,-0.013238973915576935,0.6489151120185852,-6.46378755569458,42.867252349853516,0.0041617583483457565
886000000,3.503338575363159,0.11685094237327576,-0.013242998160421848,0.648903489112854,-6.465879440307617,42.867286682128906,0.0041617583483457565
887000000,3.5031442642211914,0.11684828251600266,-0.013247034512460232,0.6488920450210571,-6.467979431152344,42.8673210144043,0.0041617583483457565
888000000,3.5029501914978027,0.11684557050466537,-0.01325108390301466,0.6488807201385498,-6.470088958740234,42.86735153198242,0.0041617583483457565
889000000,3.502756118774414,0.11684280633926392,-0.013255145400762558,0.6488695740699768,-6.4722065925598145,42.86738586425781,0.0041617583483457565
890000000,3.5025618076324463,0.11683999747037888,-0.013259219005703926,0.6488585472106934,-6.4743332862854,42.86741638183594,0.0041617583483457565
891000000,3.5023677349090576,0.11683713644742966,-0.01326330378651619,0.6488476395606995,-6.476468086242676,42.86745071411133,0.0041617583483457565
892000000,3.502173662185669,0.11683423072099686,-0.013267401605844498,0.6488369107246399,-6.478611946105957,42.86748123168945,0.0041617583483457565
893000000,3.501979351043701,0.11683127284049988,-0.013271510601043701,0.6488263607025146,-6.480763912200928,42.86751174926758,0.0041617583483457565
894000000,3.5017852783203125,0.11682827025651932,-0.013275631703436375,0.648815929889679,-6.482924461364746,42.8675422668457,0.0041617583483457565
895000000,3.5015909671783447,0.11682521551847458,-0.013279763981699944,0.6488056182861328,-6.485093593597412,42.86757278442383,0.0041617583483457565
896000000,3.501396894454956,0.11682211607694626,-0.013283908367156982,0.648795485496521,-6.487270832061768,42.86760330200195,0.0041617583483457565
897000000,3.5012025833129883,0.11681897193193436,-0.013288064859807491,0.648785412311554,-6.4894561767578125,42.86763381958008,0.0041617583483457565
898000000,3.5010085105895996,0.11681577563285828,-0.013292231597006321,0.648775577545166,-6.491650104522705,42.8676643371582,0.0041617583483457565
899000000,3.500814199447632,0.11681253463029861,-0.01329641044139862,0.6487658023834229,-6.493852138519287,42.86769485473633,0.0041617583483457565
900000000,3.500620126724243,0.11680924892425537,-0.013300600461661816,0.648756206035614,-6.4960618019104,42.86772155761719,0.0041617583483457565
901000000,3.5004258155822754,0.11680591851472855,-0.013304800726473331,0.6487467288970947,-6.498280048370361,42.86775207519531,0.0041617583483457565
902000000,3.5002317428588867,0.11680253595113754,-0.013309013098478317,0.6487374305725098,-6.5005059242248535,42.86777877807617,0.0041617583483457565
903000000,3.500037431716919,0.11679911613464355,-0.013313235715031624,0.6487281918525696,-6.502739906311035,42.8678092956543,0.0041617583483457565
904000000,3.499843120574951,0.11679565161466599,-0.013317469507455826,0.6487191319465637,-6.504981517791748,42.867835998535156,0.0041617583483457565
905000000,3.4996488094329834,0.11679213494062424,-0.013321714475750923,0.6487101912498474,-6.50723123550415,42.86786651611328,0.0041617583483457565
906000000,3.4994547367095947,0.1167885810136795,-0.013325969688594341,0.6487014293670654,-6.509488582611084,42.86789321899414,0.0041617583483457565
906000000,3.499260425567627,0.1167849749326706,-0.013330236077308655,0.6486927270889282,-6.511753559112549,42.867919921875,0.0041617583483457565
908000000,3.5259766578674316,0.1165398433804512,-0.013677944429218769,0.6520863771438599,-6.694015026092529,0.0,0.0041617583483457565
908000000,3.5326170921325684,0.11676348000764847,-0.013628176413476467,0.6520739793777466,-6.6572184562683105,0.0,0.0041617583483457565
909000000,3.5288805961608887,0.1171736940741539,-0.013698979280889034,0.6504819989204407,-6.668277263641357,50.22306442260742,0.0047444915398955345
911000000,3.5288748741149902,0.11748121678829193,-0.013774015940725803,0.6495641469955444,-6.6870808601379395,34.15006637573242,0.0034485626965761185
912000000,3.528869867324829,0.117740198969841,-0.013884528540074825,0.6487910747528076,-6.725551128387451,34.48632049560547,0.003474655095487833
913000000,3.5288641452789307,0.11780624091625214,-0.013986930251121521,0.648593544960022,-6.770931720733643,35.65629577636719,0.0035746765788644552
914000000,3.5288584232330322,0.11787289381027222,-0.014086437411606312,0.6483941674232483,-6.814830780029297,35.65864562988281,0.0035746765788644552
915000000,3.528852939605713,0.1179393082857132,-0.014184552244842052,0.6481955051422119,-6.8580193519592285,35.659549713134766,0.0035746765788644552
916000000,3.5288474559783936,0.11800547689199448,-0.014281251467764378,0.6479975581169128,-6.900487899780273,35.66044616699219,0.0035746765788644552
917000000,3.528841972351074,0.11807140707969666,-0.014376510865986347,0.6478003263473511,-6.942226886749268,35.66133499145508,0.0035746765788644552
918000000,3.528836488723755,0.11813709884881973,-0.014470307156443596,0.6476038098335266,-6.983226299285889,35.66221237182617,0.0035746765788644552
919000000,3.5448122024536133,0.11779771745204926,-0.014248867519199848,0.650199830532074,-6.897016525268555,30.444841384887695,0.0031354522798210382
920000000,3.544271945953369,0.11800989508628845,-0.014113252982497215,0.6495163440704346,-6.81982946395874,40.172916412353516,0.0039443206042051315
921000000,3.5439867973327637,0.1182251125574112,-0.014044513925909996,0.6488488912582397,-6.774683952331543,42.16889190673828,0.0041052247397601604
922000000,3.5437018871307373,0.11844228953123093,-0.013971586711704731,0.6481755375862122,-6.727585315704346,42.172306060791016,0.0041052247397601604
923000000,3.54341721534729,0.11865800619125366,-0.01389916893094778,0.6475064754486084,-6.680974960327148,42.17351150512695,0.0041052247397601604
924000000,3.543133020401001,0.1188722550868988,-0.013827256858348846,0.6468416452407837,-6.634845733642578,42.17470932006836,0.0041052247397601604
925000000,3.5429372787475586,0.11886712908744812,-0.013822568580508232,0.6468374133110046,-6.632899284362793,42.87653732299805,0.0041661071591079235
926000000,3.542741298675537,0.11886344850063324,-0.013816136866807938,0.646828830242157,-6.630044460296631,42.87437438964844,0.0041617583483457565
927000000,3.5425455570220947,0.11885949969291687,-0.013809950090944767,0.6468210220336914,-6.627319812774658,42.87560272216797,0.0041617583483457565
928000000,3.5423500537872314,0.11885551363229752,-0.013803848996758461,0.6468133330345154,-6.624638080596924,42.875587463378906,0.0041617583483457565
929000000,3.542154312133789,0.11885149776935577,-0.013797835446894169,0.6468057632446289,-6.621999740600586,42.87557601928711,0.0041617583483457565
930000000,3.5419585704803467,0.11884744465351105,-0.013791906647384167,0.646798312664032,-6.61940336227417,42.87556076049805,0.0041617583483457565
931000000,3.5417630672454834,0.11884335428476334,-0.01378606352955103,0.6467909812927246,-6.616849422454834,42.87554931640625,0.0041617583483457565
932000000,3.541567325592041,0.11883922666311264,-0.013780304230749607,0.646783709526062,-6.614336967468262,42.87553405761719,0.0041617583483457565
933000000,3.5413718223571777,0.11883506923913956,-0.013774627819657326,0.646776556968689,-6.611865997314453,42.87552261352539,0.0041617583483457565
934000000,3.5411763191223145,0.11883088201284409,-0.01376903522759676,0.6467695236206055,-6.609436511993408,42.87550735473633,0.0041617583483457565
935000000,3.540980577468872,0.11882665753364563,-0.01376352459192276,0.6467625498771667,-6.6070475578308105,42.87549591064453,0.0041617583483457565
936000000,3.540785074234009,0.11882239580154419,-0.013758095912635326,0.6467557549476624,-6.60469913482666,42.87548065185547,0.0041617583483457565
937000000,3.5405895709991455,0.11881810426712036,-0.01375274732708931,0.6467490196228027,-6.602390766143799,42.87546920776367,0.0041617583483457565
938000000,3.5403943061828613,0.11881377547979355,-0.013747479766607285,0.6467423439025879,-6.600121974945068,42.87545394897461,0.0041617583483457565
939000000,3.540198802947998,0.11880941689014435,-0.013742291368544102,0.6467357873916626,-6.597893238067627,42.87544250488281,0.0041617583483457565
940000000,3.5400032997131348,0.11880502104759216,-0.013737182132899761,0.6467293500900269,-6.595703601837158,42.875431060791016,0.0041617583483457565
941000000,3.5398080348968506,0.11880060285329819,-0.013732151128351688,0.6467230319976807,-6.593552589416504,42.87541580200195,0.0041617583483457565
942000000,3.5396125316619873,0.11879613995552063,-0.013727198354899883,0.6467167735099792,-6.591440677642822,42.875404357910156,0.0041617583483457565
943000000,3.539417266845703,0.11879165470600128,-0.013722321949899197,0.6467106342315674,-6.589366436004639,42.87539291381836,0.0041617583483457565
944000000,3.539222002029419,0.11878713220357895,-0.013717522844672203,0.6467046141624451,-6.5873308181762695,42.87538146972656,0.0041617583483457565
945000000,3.5390264987945557,0.11878257989883423,-0.013712799176573753,0.6466986536979675,-6.585332870483398,42.8753662109375,0.0041617583483457565
946000000,3.5388312339782715,0.11877799034118652,-0.013708150945603848,0.6466927528381348,-6.583372116088867,42.8753547668457,0.0041617583483457565
947000000,3.5386359691619873,0.11877337843179703,-0.013703577220439911,0.6466870307922363,-6.581448078155518,42.875343322753906,0.0041617583483457565
948000000,3.538440704345703,0.11876872926950455,-0.013699078001081944,0.6466813683509827,-6.579561710357666,42.87533187866211,0.0041617583483457565
949000000,3.538245439529419,0.11876405030488968,-0.01369465235620737,0.6466757655143738,-6.57771110534668,42.87532043457031,0.0041617583483457565
950000000,3.538050413131714,0.11875934153795242,-0.013690299354493618,0.6466702818870544,-6.575897216796875,42.875308990478516,0.0041617583483457565
951000000,3.5378551483154297,0.11875459551811218,-0.013686018995940685,0.6466649174690247,-6.574119567871094,42.87529373168945,0.0041617583483457565
952000000,3.5376601219177246,0.11874982714653015,-0.013681810349225998,0.6466596126556396,-6.5723772048950195,42.875282287597656,0.0041617583483457565
953000000,3.5374648571014404,0.11874502897262573,-0.013677672483026981,0.6466544270515442,-6.570670127868652,42.87527084350586,0.0041617583483457565
954000000,3.5372698307037354,0.11874019354581833,-0.013673605397343636,0.6466493010520935,-6.568998336791992,42.87525939941406,0.0041617583483457565
955000000,3.537074565887451,0.11873532831668854,-0.013669608160853386,0.6466442942619324,-6.567361831665039,42.875247955322266,0.0041617583483457565
956000000,3.536879539489746,0.11873044073581696,-0.013665680773556232,0.646639347076416,-6.565759658813477,42.87523651123047,0.0041617583483457565
957000000,3.536684513092041,0.11872551590204239,-0.013661823235452175,0.6466345191001892,-6.5641913414001465,42.87522506713867,0.0041617583483457565
958000000,3.536489486694336,0.11872056871652603,-0.01365803275257349,0.6466297507286072,-6.562657833099365,42.875213623046875,0.0041617583483457565
959000000,3.536294460296631,0.11871559172868729,-0.013654311187565327,0.6466251015663147,-6.561157703399658,42.87520217895508,0.0041617583483457565
960000000,3.536099433898926,0.11871057748794556,-0.013650655746459961,0.646620512008667,-6.559691429138184,42.87519073486328,0.0041617583483457565
961000000,3.5359044075012207,0.11870554089546204,-0.013647068291902542,0.6466159820556641,-6.558258056640625,42.875179290771484,0.0041617583483457565
962000000,3.5357093811035156,0.11870047450065613,-0.013643546961247921,0.6466116309165955,-6.556858062744141,42.87516784667969,0.0041617583483457565
963000000,3.5355145931243896,0.11869537830352783,-0.013640090823173523,0.6466072797775269,-6.555490493774414,42.875160217285156,0.0041617583483457565
964000000,3.5353195667266846,0.11869025230407715,-0.013636699877679348,0.6466030478477478,-6.554155349731445,42.87514877319336,0.0041617583483457565
965000000,3.5351245403289795,0.11868510395288467,-0.013633374124765396,0.6465989351272583,-6.552853107452393,42.87513732910156,0.0041617583483457565
966000000,3.5349297523498535,0.11867992579936981,-0.013630112633109093,0.6465948820114136,-6.551582336425781,42.875125885009766,0.0041617583483457565
967000000,3.5347347259521484,0.11867471784353256,-0.013626914471387863,0.6465908885002136,-6.5503435134887695,42.87511444091797,0.0041617583483457565
968000000,3.5345399379730225,0.11866948008537292,-0.013623779639601707,0.6465870141983032,-6.549136161804199,42.87510299682617,0.0041617583483457565
969000000,3.5343451499938965,0.1186642125248909,-0.013620708137750626,0.6465831995010376,-6.54796028137207,42.875091552734375,0.0041617583483457565
970000000,3.5341503620147705,0.11865892261266708,-0.013617698103189468,0.6465794444084167,-6.546814918518066,42.875083923339844,0.0041617583483457565
971000000,3.5339553356170654,0.11865360289812088,-0.013614749535918236,0.6465758085250854,-6.545701026916504,42.87507247924805,0.0041617583483457565
972000000,3.5337605476379395,0.11864826083183289,-0.013611863367259502,0.6465722322463989,-6.544617176055908,42.87506103515625,0.0041617583483457565
973000000,3.5335657596588135,0.1186428889632225,-0.013609036803245544,0.646568775177002,-6.5435638427734375,42.87504959106445,0.0041617583483457565
974000000,3.5333709716796875,0.11863748729228973,-0.013606270775198936,0.6465653777122498,-6.542540550231934,42.875038146972656,0.0041617583483457565
975000000,3.5331764221191406,0.11863206326961517,-0.013603564351797104,0.6465620398521423,-6.5415472984313965,42.875030517578125,0.0041617583483457565
976000000,3.5329816341400146,0.11862660944461823,-0.013600918464362621,0.6465588212013245,-6.540583610534668,42.87501907348633,0.0041617583483457565
977000000,3.5327868461608887,0.11862113326787949,-0.013598330318927765,0.6465556621551514,-6.53964900970459,42.87500762939453,0.0041617583483457565
978000000,3.5325920581817627,0.11861562728881836,-0.01359580084681511,0.646552562713623,-6.53874397277832,42.875,0.0041617583483457565
979000000,3.532397508621216,0.11861009895801544,-0.01359332911670208,0.6465495824813843,-6.537868022918701,42.8749885559082,0.0041617583483457565
980000000,3.53220272064209,0.11860454082489014,-0.013590915128588676,0.6465466618537903,-6.537020206451416,42.874977111816406,0.0041617583483457565
981000000,3.532007932662964,0.11859896034002304,-0.013588557951152325,0.6465438008308411,-6.536201477050781,42.874969482421875,0.0041617583483457565
982000000,3.531813383102417,0.11859335750341415,-0.013586257584393024,0.6465410590171814,-6.5354108810424805,42.87495803833008,0.0041617583483457565
983000000,3.53161883354187,0.11858772486448288,-0.013584013096988201,0.6465383172035217,-6.5346479415893555,42.87494659423828,0.0041617583483457565
984000000,3.531424045562744,0.11858206242322922,-0.013581824488937855,0.6465357542037964,-6.533913612365723,42.87493896484375,0.0041617583483457565
985000000,3.5312294960021973,0.11857637763023376,-0.01357969082891941,0.646533191204071,-6.533206462860107,42.87492752075195,0.0041617583483457565
986000000,3.5310349464416504,0.11857067048549652,-0.013577612116932869,0.6465307474136353,-6.532526969909668,42.874916076660156,0.0041617583483457565
987000000,3.5308403968811035,0.11856494098901749,-0.01357558835297823,0.6465283036231995,-6.531874179840088,42.874908447265625,0.0041617583483457565
988000000,3.5306456089019775,0.11855918169021606,-0.013573617674410343,0.646526038646698,-6.531249046325684,42.87489700317383,0.0041617583483457565
989000000,3.5304510593414307,0.11855340003967285,-0.013571701012551785,0.6465237736701965,-6.530650615692139,42.8748893737793,0.0041617583483457565
990000000,3.530256509780884,0.11854759603738785,-0.013569837436079979,0.6465216279029846,-6.530078411102295,42.8748779296875,0.0041617583483457565
991000000,3.530061960220337,0.11854176223278046,-0.013568026944994926,0.6465194821357727,-6.5295329093933105,42.8748664855957,0.0041617583483457565
992000000,3.52986741065979,0.11853591352701187,-0.013566268607974052,0.6465175151824951,-6.529013633728027,42.87485885620117,0.0041617583483457565
993000000,3.5296730995178223,0.1185300350189209,-0.013564561493694782,0.6465155482292175,-6.528520107269287,42.874847412109375,0.0041617583483457565
994000000,3.5294785499572754,0.11852413415908813,-0.01356290653347969,0.6465136408805847,-6.528052806854248,42.874839782714844,0.0041617583483457565
995000000,3.5292840003967285,0.11851820349693298,-0.013561302796006203,0.6465118527412415,-6.527610778808594,42.87482833862305,0.0041617583483457565
996000000,3.5290894508361816,0.11851225793361664,-0.013559749349951744,0.646510124206543,-6.527194499969482,42.874820709228516,0.0041617583483457565
997000000,3.5288949012756348,0.1185062825679779,-0.013558246195316315,0.6465084552764893,-6.526803493499756,42.87480926513672,0.0041617583483457565
998000000,3.528700590133667,0.11850029230117798,-0.013556793332099915,0.6465068459510803,-6.526437282562256,42.87480163574219,0.0041617583483457565
999000000,3.52850604057312,0.11849427223205566,-0.013555388897657394,0.6465053558349609,-6.526095867156982,42.87479019165039,0.0041617583483457565
1000000000,3.5283117294311523,0.11848822981119156,-0.013554034754633904,0.6465038657188416,-6.5257792472839355,42.87478256225586,0.0041617583483457565
1001000000,3.5281171798706055,0.11848216503858566,-0.013552729040384293,0.6465024948120117,-6.525486946105957,42.87477111816406,0.0041617583483457565
1002000000,3.5279228687286377,0.11847607791423798,-0.013551471754908562,0.6465011835098267,-6.525218963623047,42.87476348876953,0.0041617583483457565
1003000000,3.527728319168091,0.1184699684381485,-0.013550261966884136,0.6464999318122864,-6.524975299835205,42.874752044677734,0.0041617583483457565
1004000000,3.527534008026123,0.11846383661031723,-0.01354910060763359,0.6464987397193909,-6.524755477905273,42.8747444152832,0.0041617583483457565
1005000000,3.527339458465576,0.11845768243074417,-0.013547985814511776,0.6464976072311401,-6.524559497833252,42.874732971191406,0.0041617583483457565
1006000000,3.5271451473236084,0.11845150589942932,-0.013546917587518692,0.6464965343475342,-6.524386882781982,42.874725341796875,0.0041617583483457565
1007000000,3.5269508361816406,0.11844530701637268,-0.013545896857976913,0.6464955806732178,-6.524237632751465,42.87471389770508,0.0041617583483457565
1008000000,3.526756525039673,0.11843908578157425,-0.013544921763241291,0.6464946269989014,-6.524111747741699,42.87470626831055,0.0041617583483457565
1009000000,3.526561975479126,0.11843284964561462,-0.013543992303311825,0.6464937925338745,-6.524008750915527,42.874698638916016,0.0041617583483457565
1010000000,3.526367664337158,0.11842658370733261,-0.013543108478188515,0.6464930176734924,-6.523928642272949,42.87468719482422,0.0041617583483457565
1011000000,3.5261733531951904,0.1184203028678894,-0.013542269356548786,0.6464923024177551,-6.523871421813965,42.87467956542969,0.0041617583483457565
1012000000,3.5259790420532227,0.11841399222612381,-0.013541475869715214,0.6464916467666626,-6.523836612701416,42.87466812133789,0.0041617583483457565
1013000000,3.525784730911255,0.11840766668319702,-0.013540726155042648,0.6464910507202148,-6.523824214935303,42.87466049194336,0.0041617583483457565
1014000000,3.525590419769287,0.11840131878852844,-0.01354002021253109,0.6464905142784119,-6.523833751678467,42.87464904785156,0.0041617583483457565
1015000000,3.5253961086273193,0.11839494854211807,-0.013539358973503113,0.6464900374412537,-6.523865699768066,42.87464141845703,0.0041617583483457565
1016000000,3.5252017974853516,0.11838855594396591,-0.013538740575313568,0.6464896202087402,-6.523919105529785,42.8746337890625,0.0041617583483457565
1017000000,3.525007486343384,0.11838214844465256,-0.013538165017962456,0.6464893221855164,-6.523994445800781,42.8746223449707,0.0041617583483457565
1018000000,3.524813175201416,0.11837571859359741,-0.013537632301449776,0.6464890241622925,-6.524091720581055,42.87461471557617,0.0041617583483457565
1019000000,3.5246188640594482,0.11836926639080048,-0.013537141494452953,0.6464887857437134,-6.524209976196289,42.87460708618164,0.0041617583483457565
1020000000,3.5244245529174805,0.11836279183626175,-0.013536693528294563,0.6464886665344238,-6.524349212646484,42.874595642089844,0.0041617583483457565
1021000000,3.524230480194092,0.11835630238056183,-0.013536286540329456,0.6464885473251343,-6.524509906768799,42.87458801269531,0.0041617583483457565
1022000000,3.524036169052124,0.11834979057312012,-0.013535921461880207,0.6464884877204895,-6.524691104888916,42.874576568603516,0.0041617583483457565
1023000000,3.5238418579101562,0.11834325641393661,-0.013535597361624241,0.6464885473251343,-6.524893283843994,42.874568939208984,0.0041617583483457565
1024000000,3.5236475467681885,0.11833669990301132,-0.013535314239561558,0.646488606929779,-6.525115966796875,42.87456130981445,0.0041617583483457565
1025000000,3.5234534740448,0.11833012849092484,-0.013535071164369583,0.6464887857437134,-6.525359153747559,42.874549865722656,0.0041617583483457565
1026000000,3.523259162902832,0.11832354217767715,-0.013534868136048317,0.6464889645576477,-6.525622844696045,42.874542236328125,0.0041617583483457565
1027000000,3.5230648517608643,0.11831692606210709,-0.01353470515459776,0.6464892625808716,-6.525906085968018,42.874534606933594,0.0041617583483457565
1028000000,3.5228707790374756,0.11831029504537582,-0.01353458222001791,0.6464895606040955,-6.526209831237793,42.8745231628418,0.0041617583483457565
1029000000,3.522676467895508,0.11830364912748337,-0.013534498400986195,0.6464899182319641,-6.526533126831055,42.874515533447266,0.0041617583483457565
1030000000,3.522482395172119,0.11829698085784912,-0.013534452766180038,0.6464903950691223,-6.526876449584961,42.874507904052734,0.0041617583483457565
1031000000,3.5222880840301514,0.11829029023647308,-0.013534446246922016,0.6464908719062805,-6.5272393226623535,42.8745002746582,0.0041617583483457565
1032000000,3.5220937728881836,0.11828358471393585,-0.013534477911889553,0.6464914083480835,-6.527621269226074,42.874488830566406,0.0041617583483457565
1033000000,3.521899700164795,0.11827685683965683,-0.01353454776108265,0.646492063999176,-6.528022766113281,42.874481201171875,0.0041617583483457565
1034000000,3.521705389022827,0.11827011406421661,-0.01353465486317873,0.6464927196502686,-6.528442859649658,42.874473571777344,0.0041617583483457565
1035000000,3.5215113162994385,0.1182633489370346,-0.01353480014950037,0.6464934349060059,-6.5288825035095215,42.87446212768555,0.0041617583483457565
1036000000,3.5213170051574707,0.1182565689086914,-0.01353498175740242,0.6464942097663879,-6.529340744018555,42.874454498291016,0.0041617583483457565
1037000000,3.521122932434082,0.11824976652860641,-0.01353520154953003,0.6464950442314148,-6.529817581176758,42.874446868896484,0.0041617583483457565
1038000000,3.5209286212921143,0.11824294924736023,-0.013535456731915474,0.6464959383010864,-6.530313491821289,42.87443542480469,0.0041617583483457565
1039000000,3.5207345485687256,0.11823610961437225,-0.013535749167203903,0.6464968919754028,-6.530827522277832,42.874427795410156,0.0041617583483457565
1040000000,3.520540475845337,0.11822925508022308,-0.013536076992750168,0.646497905254364,-6.531359672546387,42.874420166015625,0.0041617583483457565
1041000000,3.520346164703369,0.11822238564491272,-0.013536440208554268,0.6464989185333252,-6.531909942626953,42.874412536621094,0.0041617583483457565
1042000000,3.5201520919799805,0.11821549385786057,-0.013536839745938778,0.6465000510215759,-6.532478332519531,42.8744010925293,0.0041617583483457565
1043000000,3.519958019256592,0.11820858716964722,-0.013537274673581123,0.6465011835098267,-6.533064842224121,42.874393463134766,0.0041617583483457565
1044000000,3.519763708114624,0.11820165812969208,-0.01353774406015873,0.6465024352073669,-6.5336689949035645,42.874385833740234,0.0041617583483457565
1045000000,3.5195696353912354,0.11819471418857574,-0.013538247905671597,0.6465036869049072,-6.534290790557861,42.8743782043457,0.0041617583483457565
1046000000,3.5193755626678467,0.11818775534629822,-0.013538787141442299,0.6465049982070923,-6.534930229187012,42.874366760253906,0.0041617583483457565
1047000000,3.519181251525879,0.1181807741522789,-0.013539359904825687,0.6465063691139221,-6.535586833953857,42.874359130859375,0.0041617583483457565
1048000000,3.5189871788024902,0.11817377805709839,-0.013539966195821762,0.6465077996253967,-6.536260604858398,42.874351501464844,0.0041617583483457565
1049000000,3.5187931060791016,0.11816676706075668,-0.013540606945753098,0.6465092897415161,-6.536951541900635,42.87434005737305,0.0041617583483457565
1050000000,3.518598794937134,0.11815974116325378,-0.013541280291974545,0.6465107798576355,-6.537659645080566,42.874332427978516,0.0041617583483457565
1051000000,3.518404722213745,0.1181526929140091,-0.013541987165808678,0.6465123891830444,-6.538384437561035,42.874324798583984,0.0041617583483457565
1052000000,3.5182106494903564,0.11814562976360321,-0.013542727567255497,0.6465139985084534,-6.539126396179199,42.87431716918945,0.0041617583483457565
1053000000,3.5180163383483887,0.11813854426145554,-0.013543499633669853,0.6465156674385071,-6.539884567260742,42.87430953979492,0.0041617583483457565
1054000000,3.517822265625,0.11813145130872726,-0.013544304296374321,0.6465173959732056,-6.540659427642822,42.874298095703125,0.0041617583483457565
1055000000,3.5176281929016113,0.1181243360042572,-0.0135451415553689,0.6465191841125488,-6.541450500488281,42.874290466308594,0.0041617583483457565
1056000000,3.5174341201782227,0.11811720579862595,-0.013546010479331017,0.6465210318565369,-6.542258262634277,42.87428283691406,0.0041617583483457565
1057000000,3.517239809036255,0.1181100606918335,-0.01354691106826067,0.6465228796005249,-6.543081760406494,42.87427520751953,0.0041617583483457565
1058000000,3.517045736312866,0.11810290068387985,-0.01354784332215786,0.6465248465538025,-6.54392147064209,42.874263763427734,0.0041617583483457565
1059000000,3.5168516635894775,0.11809571832418442,-0.013548806309700012,0.6465268135070801,-6.544776916503906,42.8742561340332,0.0041617583483457565
1060000000,3.516657590866089,0.11808852106332779,-0.013549800962209702,0.6465288400650024,-6.545648574829102,42.87424850463867,0.0041617583483457565
1061000000,3.5164635181427,0.11808130890130997,-0.013550826348364353,0.6465308666229248,-6.546535491943359,42.87424087524414,0.0041617583483457565
1062000000,3.5162692070007324,0.11807408928871155,-0.013551881536841393,0.6465330123901367,-6.547438621520996,42.874229431152344,0.0041617583483457565
1063000000,3.5160751342773438,0.11806683987379074,-0.013552967458963394,0.6465351581573486,-6.548356533050537,42.87422180175781,0.0041617583483457565
1064000000,3.515881061553955,0.11805958300828934,-0.013554083183407784,0.6465374231338501,-6.549290180206299,42.87421417236328,0.0041617583483457565
1065000000,3.5156869888305664,0.11805231124162674,-0.01355522871017456,0.6465396285057068,-6.550239086151123,42.87420654296875,0.0041617583483457565
1066000000,3.5154926776885986,0.11804501712322235,-0.013556404039263725,0.646541953086853,-6.55120325088501,42.87419891357422,0.0041617583483457565
1067000000,3.51529860496521,0.11803771555423737,-0.013557608239352703,0.646544337272644,-6.552182197570801,42.87418746948242,0.0041617583483457565
1068000000,3.5151045322418213,0.11803039163351059,-0.013558842241764069,0.6465467214584351,-6.553175926208496,42.87417984008789,0.0041617583483457565
1069000000,3.5149104595184326,0.11802306026220322,-0.013560105115175247,0.6465491652488708,-6.554184913635254,42.87417221069336,0.0041617583483457565
1070000000,3.514716148376465,0.11801570653915405,-0.013561396859586239,0.6465516686439514,-6.555208206176758,42.87416458129883,0.0041617583483457565
1071000000,3.514522075653076,0.11800834536552429,-0.013562716543674469,0.646554172039032,-6.556246757507324,42.8741569519043,0.0041617583483457565
1071000000,3.5143280029296875,0.11800096184015274,-0.013564065098762512,0.6465567946434021,-6.5572991371154785,42.8741455078125,0.0041617583483457565
1073000000,3.514133930206299,0.11799356341362,-0.013565441593527794,0.6465594172477722,-6.558366298675537,42.87413787841797,0.0041617583483457565
1074000000,3.51393985748291,0.11798615753650665,-0.01356684509664774,0.6465620994567871,-6.559447765350342,42.87413024902344,0.0041617583483457565
1075000000,3.5137455463409424,0.11797872930765152,-0.013568277470767498,0.646564781665802,-6.560543060302734,42.874122619628906,0.0041617583483457565
1076000000,3.5135514736175537,0.11797128617763519,-0.01356973685324192,0.6465675830841064,-6.561652660369873,42.874114990234375,0.0041617583483457565
1077000000,3.513357400894165,0.11796383559703827,-0.013571223244071007,0.6465703845024109,-6.562776565551758,42.87410354614258,0.0041617583483457565
1078000000,3.528747081756592,0.1178433820605278,-0.013820553198456764,0.6484710574150085,-6.689034938812256,10.227726936340332,0.001267662039026618
1079000000,3.528745174407959,0.11808063834905624,-0.013911952264606953,0.6477631330490112,-6.7194623947143555,32.75285339355469,0.003331146202981472
1080000000,3.5287413597106934,0.11833249777555466,-0.014023907482624054,0.6470114588737488,-6.758753776550293,34.490623474121094,0.003474655095487833
1081000000,3.528737783432007,0.11858449876308441,-0.014132675714790821,0.6462593674659729,-6.796346187591553,34.496620178222656,0.00347900390625
1082000000,3.5287342071533203,0.1188354417681694,-0.01424026396125555,0.6455104351043701,-6.833272457122803,34.49717712402344,0.00347900390625
1083000000,3.5287299156188965,0.11889585107564926,-0.014341001398861408,0.6453298330307007,-6.877687454223633,35.66154479980469,0.0035746765788644552
1084000000,3.537916421890259,0.11869154125452042,-0.014193061739206314,0.6468586325645447,-6.819015026092529,35.81134796142578,0.0035833739675581455
1085000000,3.537496328353882,0.1189376637339592,-0.014102337881922722,0.6460843086242676,-6.761941909790039,41.09592056274414,0.0040182494558393955
1086000000,3.53721284866333,0.11914385110139847,-0.014037005603313446,0.6454423666000366,-6.719361782073975,42.17790603637695,0.0041052247397601604
1087000000,3.5369296073913574,0.11935044080018997,-0.01396954245865345,0.6447991728782654,-6.6758904457092285,42.18006896972656,0.0041052247397601604
1088000000,3.536646842956543,0.11955562978982925,-0.01390253845602274,0.6441600322723389,-6.632855415344238,42.18122100830078,0.0041052247397601604
1089000000,3.536451816558838,0.11954337358474731,-0.01390002015978098,0.6441769003868103,-6.632338523864746,42.8829231262207,0.0041661071591079235
1090000000,3.5362565517425537,0.11953261494636536,-0.01389570813626051,0.6441892981529236,-6.630890846252441,42.88074493408203,0.0041661071591079235
1091000000,3.5360612869262695,0.1195218563079834,-0.013891464099287987,0.6442016363143921,-6.629475116729736,42.88068771362305,0.0041661071591079235
1092000000,3.5358660221099854,0.11951111257076263,-0.013887288048863411,0.6442139744758606,-6.6280903816223145,42.88063049316406,0.0041661071591079235
1093000000,3.535670757293701,0.11950038373470306,-0.013883179053664207,0.6442262530326843,-6.626736164093018,42.88057327270508,0.0041661071591079235
1094000000,3.535475492477417,0.11948966234922409,-0.013879136182367802,0.6442385315895081,-6.625412940979004,42.88051986694336,0.0041661071591079235
1095000000,3.535280466079712,0.11947894841432571,-0.013875159434974194,0.6442508101463318,-6.624120235443115,42.880462646484375,0.0041661071591079235
1096000000,3.5350852012634277,0.11946824938058853,-0.013871248811483383,0.6442630290985107,-6.622857570648193,42.880409240722656,0.0041661071591079235
1097000000,3.5348901748657227,0.11945756524801254,-0.013867403380572796,0.6442751884460449,-6.621624946594238,42.88035202026367,0.0041661071591079235
1098000000,3.5346949100494385,0.11944688111543655,-0.013863622210919857,0.6442873477935791,-6.620421886444092,42.88029861450195,0.0041661071591079235
1099000000,3.5344998836517334,0.11943621933460236,-0.013859905302524567,0.6442995071411133,-6.619248390197754,42.880245208740234,0.0041661071591079235
1100000000,3.5343048572540283,0.11942555755376816,-0.01385625172406435,0.6443116068840027,-6.618104457855225,42.880191802978516,0.0041661071591079235
1101000000,3.534109592437744,0.11941491067409515,-0.013852660544216633,0.6443237066268921,-6.6169891357421875,42.8801383972168,0.0041661071591079235
1102000000,3.533914566040039,0.11940427869558334,-0.01384913269430399,0.6443357467651367,-6.615902900695801,42.88008499145508,0.0041661071591079235
1103000000,3.533719539642334,0.11939364671707153,-0.013845667243003845,0.6443477869033813,-6.6148457527160645,42.880035400390625,0.0041661071591079235
1104000000,3.533524513244629,0.11938302963972092,-0.013842263258993626,0.6443597674369812,-6.613816738128662,42.879981994628906,0.0041661071591079235
1105000000,3.533329486846924,0.1193724274635315,-0.013838919810950756,0.644371747970581,-6.612815856933594,42.87992858886719,0.0041661071591079235
1106000000,3.5331344604492188,0.11936182528734207,-0.013835637830197811,0.6443836688995361,-6.611843109130859,42.879878997802734,0.0041661071591079235
1107000000,3.5329394340515137,0.11935124546289444,-0.013832415454089642,0.6443955898284912,-6.610898017883301,42.87982940673828,0.0041661071591079235
1108000000,3.5327446460723877,0.11934066563844681,-0.013829252682626247,0.6444075107574463,-6.609980583190918,42.87977600097656,0.0041661071591079235
1109000000,3.5325496196746826,0.11933009326457977,-0.013826149515807629,0.6444193720817566,-6.609090328216553,42.87972640991211,0.0041661071591079235
1110000000,3.5323545932769775,0.11931953579187393,-0.013823105953633785,0.6444311738014221,-6.608227729797363,42.879676818847656,0.0041661071591079235
1111000000,3.5321598052978516,0.11930899322032928,-0.013820119202136993,0.6444430351257324,-6.607391834259033,42.8796272277832,0.0041661071591079235
1112000000,3.5319647789001465,0.11929845064878464,-0.013817192055284977,0.6444547772407532,-6.6065826416015625,42.87957763671875,0.0041661071591079235
1113000000,3.5317699909210205,0.11928792297840118,-0.013814320787787437,0.6444665789604187,-6.605800151824951,42.8795280456543,0.0041661071591079235
1114000000,3.5315749645233154,0.11927740275859833,-0.013811507262289524,0.6444783210754395,-6.605044364929199,42.87948226928711,0.0041661071591079235
1115000000,3.5313801765441895,0.11926688998937607,-0.013808750547468662,0.6444900035858154,-6.60431432723999,42.879432678222656,0.0041661071591079235
1116000000,3.5311853885650635,0.1192563846707344,-0.013806049712002277,0.6445016860961914,-6.603610515594482,42.8793830871582,0.0041661071591079235
1117000000,3.5309906005859375,0.11924589425325394,-0.01380340475589037,0.6445133686065674,-6.602932453155518,42.879337310791016,0.0041661071591079235
1118000000,3.5307955741882324,0.11923540383577347,-0.013800815679132938,0.6445249915122986,-6.602280139923096,42.87928771972656,0.0041661071591079235
1119000000,3.5306007862091064,0.1192249283194542,-0.013798280619084835,0.6445366144180298,-6.601653099060059,42.879241943359375,0.0041661071591079235
1120000000,3.5304059982299805,0.11921446025371552,-0.013795800507068634,0.644548237323761,-6.601051330566406,42.87919616699219,0.0041661071591079235
1121000000,3.5302112102508545,0.11920399963855743,-0.01379337441176176,0.6445598006248474,-6.6004743576049805,42.879150390625,0.0041661071591079235
1122000000,3.5300164222717285,0.11919355392456055,-0.01379100140184164,0.6445713639259338,-6.5999226570129395,42.87910461425781,0.0041661071591079235
1123000000,3.5298216342926025,0.11918310821056366,-0.013788682408630848,0.6445828676223755,-6.599395751953125,42.879058837890625,0.0041661071591079235
1124000000,3.5296268463134766,0.11917267739772797,-0.013786415569484234,0.6445943713188171,-6.598893165588379,42.87901306152344,0.0041661071591079235
1125000000,3.5294322967529297,0.11916225403547287,-0.013784201815724373,0.6446058750152588,-6.598414421081543,42.87896728515625,0.0041661071591079235
1126000000,3.5292375087738037,0.11915183812379837,-0.013782039284706116,0.6446173191070557,-6.597960472106934,42.87892150878906,0.0041661071591079235
1127000000,3.5290427207946777,0.11914142966270447,-0.013779928907752037,0.6446287631988525,-6.597530364990234,42.878875732421875,0.0041661071591079235
1128000000,3.5288479328155518,0.11913102865219116,-0.013777869753539562,0.6446402072906494,-6.597123622894287,42.87883377075195,0.0041661071591079235
1129000000,3.528653383255005,0.11912063509225845,-0.013775861822068691,0.6446515917778015,-6.596741199493408,42.878787994384766,0.0041661071591079235
1130000000,3.528458595275879,0.11911024898290634,-0.013773903250694275,0.6446629762649536,-6.596381664276123,42.878746032714844,0.0041661071591079235
1131000000,3.528264045715332,0.11909987032413483,-0.013771995902061462,0.6446743011474609,-6.59604549407959,42.878700256347656,0.0041661071591079235
1132000000,3.528069257736206,0.1190895065665245,-0.01377013698220253,0.6446856260299683,-6.595732688903809,42.878658294677734,0.0041661071591079235
1133000000,3.527874708175659,0.11907914280891418,-0.013768328353762627,0.6446969509124756,-6.595442771911621,42.87861633300781,0.0041661071591079235
1134000000,3.527679920196533,0.11906878650188446,-0.013766568154096603,0.6447082161903381,-6.595175266265869,42.87857437133789,0.0041661071591079235
1135000000,3.5274853706359863,0.11905844509601593,-0.013764857314527035,0.6447194814682007,-6.594930648803711,42.8785285949707,0.0041661071591079235
1136000000,3.5272908210754395,0.1190481036901474,-0.013763193972408772,0.6447307467460632,-6.594708442687988,42.87848663330078,0.0041661071591079235
1137000000,3.5270960330963135,0.11903776973485947,-0.013761579059064388,0.644741952419281,-6.594508647918701,42.87844467163086,0.0041661071591079235
1138000000,3.5269014835357666,0.11902745068073273,-0.013760010711848736,0.6447531580924988,-6.594330787658691,42.8784065246582,0.0041661071591079235
1139000000,3.5267069339752197,0.11901713162660599,-0.013758489862084389,0.6447643637657166,-6.594174861907959,42.87836456298828,0.0041661071591079235
1140000000,3.526512384414673,0.11900682747364044,-0.013757016509771347,0.6447755694389343,-6.594040870666504,42.87832260131836,0.0041661071591079235
1141000000,3.526317834854126,0.1189965233206749,-0.013755588792264462,0.6447867155075073,-6.593928337097168,42.87828063964844,0.0041661071591079235
1142000000,3.526123046875,0.11898622661828995,-0.013754206709563732,0.6447978019714355,-6.593837261199951,42.87824249267578,0.0041661071591079235
1143000000,3.525928497314453,0.1189759373664856,-0.013752871192991734,0.6448089480400085,-6.5937676429748535,42.87820053100586,0.0041661071591079235
1144000000,3.5257339477539062,0.11896565556526184,-0.013751580379903316,0.6448200345039368,-6.593719005584717,42.8781623840332,0.0041661071591079235
1145000000,3.5255393981933594,0.11895538866519928,-0.013750335201621056,0.644831120967865,-6.593691825866699,42.87812042236328,0.0041661071591079235
1146000000,3.5253448486328125,0.11894512176513672,-0.013749134726822376,0.6448421478271484,-6.593685150146484,42.878082275390625,0.0041661071591079235
1147000000,3.5251502990722656,0.11893485486507416,-0.013747978024184704,0.6448531746864319,-6.593698978424072,42.8780403137207,0.0041661071591079235
1148000000,3.5249557495117188,0.11892460286617279,-0.013746866025030613,0.6448642015457153,-6.593733787536621,42.87800216674805,0.0041661071591079235
1149000000,3.524761438369751,0.11891435831785202,-0.013745796866714954,0.6448752284049988,-6.5937886238098145,42.87796401977539,0.0041661071591079235
1150000000,3.524566888809204,0.11890411376953125,-0.013744771480560303,0.6448861956596375,-6.5938639640808105,42.877925872802734,0.0041661071591079235
1151000000,3.5243723392486572,0.11889388412237167,-0.013743788935244083,0.6448971629142761,-6.593959331512451,42.87788772583008,0.0041661071591079235
1152000000,3.5241777896881104,0.1188836544752121,-0.013742849230766296,0.6449081301689148,-6.594074726104736,42.87784957885742,0.0041661071591079235
1153000000,3.5239832401275635,0.11887343227863312,-0.013741952367126942,0.6449190378189087,-6.594210147857666,42.877811431884766,0.0041661071591079235
1154000000,3.5237889289855957,0.11886321753263474,-0.013741097413003445,0.6449299454689026,-6.594365119934082,42.87777328491211,0.0041661071591079235
1155000000,3.523594379425049,0.11885301023721695,-0.01374028343707323,0.6449408531188965,-6.594539165496826,42.87773513793945,0.0041661071591079235
1156000000,3.523399829864502,0.11884281039237976,-0.013739512301981449,0.6449517607688904,-6.594733238220215,42.87770080566406,0.0041661071591079235
1157000000,3.523205280303955,0.11883261799812317,-0.013738781213760376,0.6449626088142395,-6.594946384429932,42.877662658691406,0.0041661071591079235
1158000000,3.5230109691619873,0.11882242560386658,-0.013738091103732586,0.6449734568595886,-6.595178604125977,42.87762451171875,0.0041661071591079235
1159000000,3.5228164196014404,0.11881224066019058,-0.013737441971898079,0.6449843049049377,-6.59542989730835,42.87759017944336,0.0041661071591079235
1160000000,3.5226221084594727,0.11880206316709518,-0.013736831955611706,0.6449950933456421,-6.595699787139893,42.8775520324707,0.0041661071591079235
1161000000,3.522427558898926,0.11879189312458038,-0.013736262917518616,0.6450058817863464,-6.595988750457764,42.87751770019531,0.0041661071591079235
1162000000,3.522233009338379,0.11878172308206558,-0.01373573299497366,0.6450166702270508,-6.596296310424805,42.877479553222656,0.0041661071591079235
1163000000,3.522038698196411,0.11877156794071198,-0.013735243119299412,0.6450274586677551,-6.596621990203857,42.877445220947266,0.0041661071591079235
1164000000,3.5218441486358643,0.11876141279935837,-0.013734791427850723,0.6450381875038147,-6.59696626663208,42.877410888671875,0.0041661071591079235
1165000000,3.5216498374938965,0.11875126510858536,-0.013734378851950169,0.645048975944519,-6.5973286628723145,42.87737274169922,0.0041661071591079235
1166000000,3.5214552879333496,0.11874111741781235,-0.013734004460275173,0.6450596451759338,-6.5977091789245605,42.87733840942383,0.0041661071591079235
1167000000,3.521260976791382,0.11873098462820053,-0.013733669184148312,0.6450703740119934,-6.59810733795166,42.87730407714844,0.0041661071591079235
1168000000,3.521066427230835,0.11872085183858871,-0.013733371160924435,0.6450810432434082,-6.5985236167907715,42.87726974487305,0.0041661071591079235
1169000000,3.520872116088867,0.1187107264995575,-0.013733110390603542,0.6450917720794678,-6.598957538604736,42.877235412597656,0.0041661071591079235
1170000000,3.5206775665283203,0.11870060116052628,-0.013732886873185635,0.6451023817062378,-6.5994086265563965,42.877201080322266,0.0041661071591079235
1171000000,3.5204832553863525,0.11869049072265625,-0.013732701539993286,0.6451130509376526,-6.599877834320068,42.877166748046875,0.0041661071591079235
1172000000,3.5202889442443848,0.11868038028478622,-0.013732551597058773,0.6451236605644226,-6.600363731384277,42.877132415771484,0.0041661071591079235
1173000000,3.520094394683838,0.1186702698469162,-0.013732438907027245,0.6451343297958374,-6.60086727142334,42.87710189819336,0.0041661071591079235
1174000000,3.51990008354187,0.11866017431020737,-0.013732362538576126,0.6451449394226074,-6.6013875007629395,42.87706756591797,0.0041661071591079235
1175000000,3.528722047805786,0.11861621588468552,-0.013938141986727715,0.6461631655693054,-6.701877117156982,20.90105438232422,0.0022939681075513363
1176000000,3.528719425201416,0.11887717247009277,-0.014001167379319668,0.6453844904899597,-6.71726131439209,35.26195526123047,0.0035398865584284067
1177000000,3.528717279434204,0.11889249086380005,-0.013977560214698315,0.6453385353088379,-6.7051825523376465,42.75060272216797,0.004153060726821423
1178000000,3.528716564178467,0.11889376491308212,-0.013979234732687473,0.6453346610069275,-6.705907344818115,42.32178497314453,0.004118270706385374
1179000000,3.5287158489227295,0.11887799203395844,-0.013985131867229939,0.6453816890716553,-6.709592342376709,42.364192962646484,0.004122619517147541
1180000000,3.528715133666992,0.11888071149587631,-0.013987154699862003,0.645373523235321,-6.710402011871338,42.33023452758789,0.004118270706385374
1181000000,3.528714656829834,0.11886502057313919,-0.013992995955049992,0.645420253276825,-6.714056968688965,42.364051818847656,0.004122619517147541
1182000000,3.5287139415740967,0.11886782944202423,-0.01399496290832758,0.6454117894172668,-6.714834690093994,42.33009338378906,0.004118270706385374
1183000000,3.5287134647369385,0.11885222047567368,-0.014000749215483665,0.6454583406448364,-6.7184600830078125,42.36391067504883,0.004122619517147541
1184000000,3.528712749481201,0.11885510385036469,-0.014002661220729351,0.6454496383666992,-6.719207286834717,42.329952239990234,0.004118270706385374
1185000000,3.528712272644043,0.1188395768404007,-0.014008394442498684,0.6454958915710449,-6.722803115844727,42.363773345947266,0.004122619517147541
1186000000,3.5287115573883057,0.11884254962205887,-0.014010251499712467,0.6454869508743286,-6.723519802093506,42.32981491088867,0.004118270706385374
1187000000,3.5287110805511475,0.11882710456848145,-0.014015931636095047,0.6455329656600952,-6.727087020874023,42.36363983154297,0.004122619517147541
1188000000,3.52871036529541,0.11883015930652618,-0.014017735607922077,0.6455237865447998,-6.727773666381836,42.32967758178711,0.004118270706385374
1189000000,3.528709888458252,0.11881478875875473,-0.014023363590240479,0.6455696225166321,-6.7313127517700195,42.36350631713867,0.004122619517147541
1190000000,3.5287094116210938,0.11879975348711014,-0.014028806239366531,0.6456144452095032,-6.734745979309082,42.36164855957031,0.004122619517147541
1191000000,3.5287089347839355,0.11878480762243271,-0.014034216292202473,0.6456589698791504,-6.7381591796875,42.361515045166016,0.004122619517147541
1192000000,3.5287082195281982,0.11876995116472244,-0.014039593748748302,0.6457031965255737,-6.741552352905273,42.36138153076172,0.004122619517147541
1193000000,3.52870774269104,0.11875519156455994,-0.01404493860900402,0.645747184753418,-6.744925498962402,42.36124801635742,0.004122619517147541
1194000000,3.528707265853882,0.11874052882194519,-0.014050251804292202,0.6457908749580383,-6.748279094696045,42.36111831665039,0.004122619517147541
1195000000,3.5287070274353027,0.11872595548629761,-0.014055532403290272,0.6458343267440796,-6.751613140106201,42.360984802246094,0.004122619517147541
1196000000,3.5287065505981445,0.11871147155761719,-0.01406078226864338,0.645877480506897,-6.754927635192871,42.36085510253906,0.004122619517147541
1197000000,3.5287060737609863,0.11869708448648453,-0.014065999537706375,0.6459203362464905,-6.758223056793213,42.36072540283203,0.004122619517147541
1198000000,3.528705358505249,0.1187010332942009,-0.014067479409277439,0.645908534526825,-6.75870418548584,42.32834243774414,0.004118270706385374
1199000000,3.5287046432495117,0.11870496720075607,-0.014069043099880219,0.6458967328071594,-6.7592267990112305,42.32955551147461,0.004118270706385374
1200000000,3.5287044048309326,0.1186903864145279,-0.014074349775910378,0.6459401249885559,-6.762575626373291,42.362342834472656,0.004122619517147541
1201000000,3.5287039279937744,0.11867613345384598,-0.014079473912715912,0.6459826231002808,-6.765820026397705,42.360496520996094,0.004122619517147541
1202000000,3.528703212738037,0.11868022382259369,-0.01408085785806179,0.6459704041481018,-6.7662482261657715,42.32810974121094,0.004118270706385374
1203000000,3.528702735900879,0.11868429183959961,-0.014082328416407108,0.6459581851959229,-6.76671838760376,42.32932662963867,0.004118270706385374
1204000000,3.5287022590637207,0.11866984516382217,-0.014087543822824955,0.6460012197494507,-6.770017147064209,42.362117767333984,0.004122619517147541
1205000000,3.5287017822265625,0.118655726313591,-0.014092576690018177,0.6460433006286621,-6.77321195602417,42.36027145385742,0.004122619517147541
1206000000,3.5287013053894043,0.11865994334220886,-0.014093869365751743,0.6460306644439697,-6.773589134216309,42.327884674072266,0.004118270706385374
1207000000,3.528700590133667,0.11866414546966553,-0.014095248654484749,0.6460180878639221,-6.774008274078369,42.3291015625,0.004118270706385374
1208000000,3.528700113296509,0.1186683252453804,-0.014096613973379135,0.6460055708885193,-6.774421691894531,42.32912063598633,0.004118270706385374
1209000000,3.5286993980407715,0.11867247521877289,-0.014097964391112328,0.6459931135177612,-6.774829864501953,42.32913589477539,0.004118270706385374
1210000000,3.5286989212036133,0.11867660284042358,-0.014099299907684326,0.645980715751648,-6.775232315063477,42.32915115356445,0.004118270706385374
1211000000,3.528698444366455,0.11868070065975189,-0.014100621454417706,0.6459684371948242,-6.77562952041626,42.32917022705078,0.004118270706385374
1212000000,3.5286977291107178,0.11868477612733841,-0.01410192996263504,0.6459562182426453,-6.776021480560303,42.329185485839844,0.004118270706385374
1213000000,3.5286972522735596,0.11868882924318314,-0.014103223569691181,0.6459441184997559,-6.7764081954956055,42.329200744628906,0.004118270706385374
1214000000,3.5286967754364014,0.11869286000728607,-0.014104503206908703,0.6459320187568665,-6.776790142059326,42.329219818115234,0.004118270706385374
1215000000,3.528696298599243,0.11869686096906662,-0.01410576980561018,0.6459200382232666,-6.777166366577148,42.3292350769043,0.004118270706385374
1216000000,3.528695583343506,0.11870083957910538,-0.014107023365795612,0.6459081172943115,-6.777537822723389,42.32925033569336,0.004118270706385374
1217000000,3.5286951065063477,0.11870479583740234,-0.014108262956142426,0.6458962559700012,-6.777904033660889,42.32926940917969,0.004118270706385374
1218000000,3.5286946296691895,0.11870872229337692,-0.01410948857665062,0.6458844542503357,-6.778265476226807,42.32928466796875,0.004118270706385374
1219000000,3.5286941528320312,0.11871263384819031,-0.014110702089965343,0.6458727717399597,-6.778621673583984,42.32929992675781,0.004118270706385374
1220000000,3.528693437576294,0.1187165156006813,-0.014111902564764023,0.6458611488342285,-6.77897310256958,42.329315185546875,0.004118270706385374
1221000000,3.5286929607391357,0.11872037500143051,-0.014113090001046658,0.6458495855331421,-6.779319763183594,42.32933044433594,0.004118270706385374
1222000000,3.5286924839019775,0.11872421205043793,-0.014114264398813248,0.6458380818367004,-6.779662132263184,42.329349517822266,0.004118270706385374
1223000000,3.5286920070648193,0.11872801929712296,-0.014115426689386368,0.6458266377449036,-6.779999256134033,42.32936477661133,0.004118270706385374
1224000000,3.528691530227661,0.11873181164264679,-0.014116575941443443,0.6458153128623962,-6.780331611633301,42.32938003540039,0.004118270706385374
1225000000,3.528691053390503,0.11873558163642883,-0.014117713086307049,0.6458039879798889,-6.7806596755981445,42.32939529418945,0.004118270706385374
1226000000,3.5286905765533447,0.11873932182788849,-0.014118838123977184,0.6457927823066711,-6.780982971191406,42.329410552978516,0.004118270706385374
1227000000,3.5286900997161865,0.11874304711818695,-0.01411995105445385,0.6457816362380981,-6.781301975250244,42.32942581176758,0.004118270706385374
1228000000,3.5286896228790283,0.11874674260616302,-0.014121051877737045,0.6457705497741699,-6.7816162109375,42.32944107055664,0.004118270706385374
1229000000,3.52868914604187,0.1187504231929779,-0.01412214059382677,0.6457595229148865,-6.78192663192749,42.3294563293457,0.004118270706385374
1230000000,3.528688669204712,0.1187540739774704,-0.014123217202723026,0.6457486152648926,-6.78223180770874,42.329471588134766,0.004118270706385374
1231000000,3.5286881923675537,0.1187577098608017,-0.014124282635748386,0.6457377076148987,-6.782533168792725,42.32948684692383,0.004118270706385374
1232000000,3.5286877155303955,0.1187613233923912,-0.014125336892902851,0.6457268595695496,-6.782830238342285,42.32950210571289,0.004118270706385374
1233000000,3.5286872386932373,0.11876491457223892,-0.014126379042863846,0.64571613073349,-6.783123016357422,42.32951736450195,0.004118270706385374
1234000000,3.528686761856079,0.11876847594976425,-0.014127410016953945,0.6457054615020752,-6.783411979675293,42.329532623291016,0.004118270706385374
1235000000,3.528686285018921,0.11877202242612839,-0.014128430746495724,0.6456947922706604,-6.783696174621582,42.32954788208008,0.004118270706385374
1236000000,3.5286858081817627,0.11877555400133133,-0.014129439368844032,0.6456842422485352,-6.7839765548706055,42.32956314086914,0.004118270706385374
1237000000,3.5286853313446045,0.11877905577421188,-0.014130436815321445,0.6456737518310547,-6.784253120422363,42.3295783996582,0.004118270706385374
1238000000,3.5286850929260254,0.11878253519535065,-0.014131424017250538,0.645663321018219,-6.784525394439697,42.329593658447266,0.004118270706385374
1239000000,3.528684616088867,0.11878599971532822,-0.014132400043308735,0.6456529498100281,-6.784793853759766,42.32960510253906,0.004118270706385374
1240000000,3.528684139251709,0.118789441883564,-0.014133365824818611,0.6456426382064819,-6.785058498382568,42.329620361328125,0.004118270706385374
1241000000,3.528683662414551,0.11879286170005798,-0.014134320430457592,0.6456323862075806,-6.785318851470947,42.32963562011719,0.004118270706385374
1242000000,3.5286831855773926,0.11879625916481018,-0.014135265722870827,0.645622193813324,-6.785575866699219,42.32965087890625,0.004118270706385374
1243000000,3.5286829471588135,0.11879964172840118,-0.014136199839413166,0.6456120610237122,-6.785828590393066,42.32966613769531,0.004118270706385374
1244000000,3.5286824703216553,0.1188030019402504,-0.014137123711407185,0.6456020474433899,-6.786077976226807,42.32967758178711,0.004118270706385374
1245000000,3.528681993484497,0.11880633980035782,-0.014138037338852882,0.6455920338630676,-6.786323547363281,42.32969284057617,0.004118270706385374
1246000000,3.528681516647339,0.11880966275930405,-0.01413894072175026,0.6455820798873901,-6.78656530380249,42.329708099365234,0.004118270706385374
1247000000,3.5286812782287598,0.11881296336650848,-0.01413983479142189,0.6455721855163574,-6.786803722381592,42.3297233581543,0.004118270706385374
1248000000,3.5286808013916016,0.11881624162197113,-0.0141407186165452,0.6455623507499695,-6.787038326263428,42.329734802246094,0.004118270706385374
1249000000,3.5286803245544434,0.11881950497627258,-0.014141593128442764,0.6455525755882263,-6.787269592285156,42.329750061035156,0.004118270706385374
1250000000,3.5286800861358643,0.11882274597883224,-0.014142457395792007,0.6455428600311279,-6.787497520446777,42.32976531982422,0.004118270706385374
1251000000,3.528679609298706,0.11882596462965012,-0.014143312349915504,0.6455332636833191,-6.787721633911133,42.329776763916016,0.004118270706385374
1252000000,3.528679132461548,0.1188291683793068,-0.014144157990813255,0.6455236673355103,-6.787942409515381,42.32979202270508,0.004118270706385374
1253000000,3.5286788940429688,0.11883234977722168,-0.01414499431848526,0.6455141305923462,-6.7881598472595215,42.329803466796875,0.004118270706385374
1254000000,3.5286784172058105,0.11883551627397537,-0.014145821332931519,0.6455046534538269,-6.7883734703063965,42.32981872558594,0.004118270706385374
1255000000,3.5286781787872314,0.11883866041898727,-0.014146639034152031,0.6454952359199524,-6.788584232330322,42.329830169677734,0.004118270706385374
1256000000,3.5286777019500732,0.11884178966283798,-0.014147447422146797,0.6454858183860779,-6.788791656494141,42.3298454284668,0.004118270706385374
1257000000,3.528677225112915,0.1188448965549469,-0.014148247428238392,0.6454765200614929,-6.78899621963501,42.32986068725586,0.004118270706385374
1258000000,3.528676986694336,0.11884798854589462,-0.01414903812110424,0.6454672813415527,-6.789196968078613,42.329872131347656,0.004118270706385374
1259000000,3.5286765098571777,0.11885105818510056,-0.014149820432066917,0.6454581022262573,-6.789394855499268,42.32988739013672,0.004118270706385374
1260000000,3.5286762714385986,0.1188541129231453,-0.014150593429803848,0.6454489231109619,-6.789589881896973,42.329898834228516,0.004118270706385374
1261000000,3.5286757946014404,0.11885714530944824,-0.014151358045637608,0.645439863204956,-6.78978157043457,42.32991027832031,0.004118270706385374
1262000000,3.5286755561828613,0.11886016279459,-0.014152114279568195,0.6454308032989502,-6.7899699211120605,42.329925537109375,0.004118270706385374
1263000000,3.528675079345703,0.11886316537857056,-0.014152861200273037,0.6454218029975891,-6.790155410766602,42.32993698120117,0.004118270706385374
1264000000,3.528674840927124,0.11886614561080933,-0.014153600670397282,0.6454129219055176,-6.790338039398193,42.329952239990234,0.004118270706385374
1265000000,3.528674364089966,0.1188691109418869,-0.014154331758618355,0.645404040813446,-6.790517807006836,42.32996368408203,0.004118270706385374
1266000000,3.5286741256713867,0.11887205392122269,-0.014155054464936256,0.6453952193260193,-6.790694236755371,42.32997512817383,0.004118270706385374
1267000000,3.5286738872528076,0.11887498944997787,-0.014155768789350986,0.6453863978385925,-6.790868282318115,42.32999038696289,0.004118270706385374
1268000000,3.5286734104156494,0.11887789517641068,-0.01415647566318512,0.6453776955604553,-6.79103946685791,42.33000183105469,0.004118270706385374
1269000000,3.5286731719970703,0.11888079345226288,-0.014157174155116081,0.6453690528869629,-6.791207313537598,42.330013275146484,0.004118270706385374
1270000000,3.528672695159912,0.11888366937637329,-0.014157864265143871,0.6453604102134705,-6.791372776031494,42.33002853393555,0.004118270706385374
1271000000,3.528672456741333,0.11888653039932251,-0.014158546924591064,0.6453518271446228,-6.791535377502441,42.330039978027344,0.004118270706385374
1272000000,3.528672218322754,0.11888937652111053,-0.01415922213345766,0.6453433036804199,-6.791695594787598,42.33005142211914,0.004118270706385374
1273000000,3.5286717414855957,0.11889220029115677,-0.01415988989174366,0.6453348398208618,-6.7918524742126465,42.33006286621094,0.004118270706385374
1274000000,3.5286715030670166,0.11889500916004181,-0.014160550199449062,0.6453264355659485,-6.792006969451904,42.330078125,0.004118270706385374
1275000000,3.5286710262298584,0.11889780312776566,-0.014161202125251293,0.6453180909156799,-6.792159080505371,42.3300895690918,0.004118270706385374
1276000000,3.5286707878112793,0.11890058219432831,-0.014161847531795502,0.6453097462654114,-6.792308330535889,42.330101013183594,0.004118270706385374
1277000000,3.5286707878112793,0.11888488382101059,-0.014166259206831455,0.6453565955162048,-6.795292854309082,42.36287307739258,0.004122619517147541
1278000000,3.528670310974121,0.11888773739337921,-0.014166772365570068,0.6453480124473572,-6.795375347137451,42.32878112792969,0.004118270706385374
1279000000,3.528670310974121,0.11887212842702866,-0.014171154238283634,0.6453946232795715,-6.798342227935791,42.362754821777344,0.004122619517147541
1280000000,3.528669834136963,0.11887506395578384,-0.014171638526022434,0.6453858017921448,-6.798405647277832,42.32866287231445,0.004118270706385374
1281000000,3.528669834136963,0.11885952949523926,-0.014175991527736187,0.6454321146011353,-6.801354885101318,42.36263656616211,0.004122619517147541
1282000000,3.528669595718384,0.11886254698038101,-0.0141764460131526,0.6454231142997742,-6.8013997077941895,42.32854461669922,0.004118270706385374
1283000000,3.5286693572998047,0.11884710192680359,-0.014180770143866539,0.6454691886901855,-6.804331302642822,42.36252212524414,0.004122619517147541
1284000000,3.5286691188812256,0.11883197724819183,-0.014184920117259026,0.6455142498016357,-6.807161808013916,42.36067581176758,0.004122619517147541
1285000000,3.5286691188812256,0.11881694197654724,-0.014189048670232296,0.6455590724945068,-6.8099775314331055,42.36054992675781,0.004122619517147541
1286000000,3.5286688804626465,0.118802011013031,-0.01419315580278635,0.6456036567687988,-6.812778472900391,42.36042785644531,0.004122619517147541
1287000000,3.5286688804626465,0.11878716945648193,-0.014197241514921188,0.6456478834152222,-6.8155646324157715,42.36030197143555,0.004122619517147541
1288000000,3.5286686420440674,0.11877242475748062,-0.014201306737959385,0.6456918716430664,-6.818336486816406,42.36017990112305,0.004122619517147541
1289000000,3.5286686420440674,0.11875776946544647,-0.014205350540578365,0.6457355618476868,-6.821093559265137,42.36005783081055,0.004122619517147541
1290000000,3.5286684036254883,0.11874320358037949,-0.014209373854100704,0.645779013633728,-6.823835849761963,42.35993576049805,0.004122619517147541
1291000000,3.5286684036254883,0.11872873455286026,-0.014213376678526402,0.6458221673965454,-6.826564311981201,42.35981750488281,0.004122619517147541
1292000000,3.528668165206909,0.1187143549323082,-0.014217359013855457,0.6458650231361389,-6.829278469085693,42.35969543457031,0.004122619517147541
1293000000,3.528668165206909,0.1187000647187233,-0.014221320860087872,0.6459076404571533,-6.8319783210754395,42.35957717895508,0.004122619517147541
1294000000,3.52866792678833,0.1187041625380516,-0.014221522957086563,0.6458954215049744,-6.8318400382995605,42.32706069946289,0.004118270706385374
1295000000,3.528667449951172,0.11870825290679932,-0.01422182098031044,0.6458832025527954,-6.831748962402344,42.328285217285156,0.004118270706385374
1296000000,3.528667449951172,0.1186937764286995,-0.014225906692445278,0.6459263563156128,-6.834518909454346,42.361228942871094,0.004122619517147541
1297000000,3.528667449951172,0.11867961287498474,-0.014229819178581238,0.6459685564041138,-6.837188243865967,42.35939025878906,0.004122619517147541
1298000000,3.5286669731140137,0.11868385225534439,-0.014229970052838326,0.6459559202194214,-6.8370184898376465,42.32686996459961,0.004118270706385374
1299000000,3.5286667346954346,0.11868806928396225,-0.014230218715965748,0.645943284034729,-6.836895942687988,42.328094482421875,0.004118270706385374
1300000000,3.5286667346954346,0.11867372691631317,-0.014234255068004131,0.6459860801696777,-6.839636325836182,42.36104202270508,0.004122619517147541
1301000000,3.5286664962768555,0.11865969747304916,-0.014238119125366211,0.6460279226303101,-6.842276573181152,42.35920333862305,0.004122619517147541
1302000000,3.5286662578582764,0.11866406351327896,-0.014238221570849419,0.6460148692131042,-6.842075347900391,42.326683044433594,0.004118270706385374
1303000000,3.5286660194396973,0.11866841465234756,-0.014238420873880386,0.6460018754005432,-6.841922283172607,42.32790756225586,0.004118270706385374
1304000000,3.5286660194396973,0.11865419149398804,-0.014242410659790039,0.6460443139076233,-6.844634056091309,42.36085891723633,0.004122619517147541
1305000000,3.528665781021118,0.11864028126001358,-0.014246227219700813,0.6460857391357422,-6.847245216369629,42.35902404785156,0.004122619517147541
1306000000,3.528665542602539,0.11864478141069412,-0.014246282167732716,0.6460723280906677,-6.847014427185059,42.326499938964844,0.004118270706385374
1307000000,3.52866530418396,0.11864925175905228,-0.014246434904634953,0.646058976650238,-6.846831321716309,42.327728271484375,0.004118270706385374
1308000000,3.528665065765381,0.11865369975566864,-0.014246583916246891,0.6460456252098083,-6.846648216247559,42.327754974365234,0.004118270706385374
1309000000,3.5286648273468018,0.11865812540054321,-0.014246729202568531,0.646032452583313,-6.84646463394165,42.32778549194336,0.004118270706385374
1310000000,3.5286645889282227,0.1186625137925148,-0.014246871694922447,0.6460192799568176,-6.846281051635742,42.32781219482422,0.004118270706385374
1311000000,3.5286643505096436,0.1186668798327446,-0.01424700953066349,0.6460062861442566,-6.846097469329834,42.32783889770508,0.004118270706385374
1312000000,3.5286641120910645,0.1186712235212326,-0.014247143641114235,0.6459932923316956,-6.845913410186768,42.32786560058594,0.004118270706385374
1313000000,3.5286638736724854,0.11867553740739822,-0.014247274957597256,0.6459804177284241,-6.845729351043701,42.3278923034668,0.004118270706385374
1314000000,3.5286636352539062,0.11867982149124146,-0.014247402548789978,0.6459676027297974,-6.845544815063477,42.327919006347656,0.004118270706385374
1315000000,3.528663396835327,0.1186840832233429,-0.014247526414692402,0.6459548473358154,-6.845360279083252,42.327945709228516,0.004118270706385374
1316000000,3.528663158416748,0.11868832260370255,-0.014247647486627102,0.645942211151123,-6.845175743103027,42.327972412109375,0.004118270706385374
1317000000,3.528662919998169,0.11869253218173981,-0.014247763901948929,0.6459295749664307,-6.844991207122803,42.327999114990234,0.004118270706385374
1318000000,3.52866268157959,0.11869671195745468,-0.014247878454625607,0.6459171175956726,-6.844806671142578,42.328025817871094,0.004118270706385374
1319000000,3.5286624431610107,0.11870086938142776,-0.014247988350689411,0.6459046602249146,-6.844621658325195,42.32805252075195,0.004118270706385374
1320000000,3.5286622047424316,0.11870500445365906,-0.014248096384108067,0.645892322063446,-6.8444366455078125,42.32807922363281,0.004118270706385374
1321000000,3.5286948680877686,0.1186828762292862,-0.01414936501532793,0.6459616422653198,-6.798709869384766,42.73609924316406,0.004148712381720543
1322000000,3.528665781021118,0.11867695301771164,-0.014061994850635529,0.6459763646125793,-6.757452011108398,42.3035774230957,0.004113921895623207
1323000000,3.528667688369751,0.11864366382360458,-0.013983160257339478,0.6460759043693542,-6.7217841148376465,42.34232711791992,0.004122619517147541
1324000000,3.528669595718384,0.1186106950044632,-0.013903985731303692,0.646174430847168,-6.685910701751709,42.347965240478516,0.004122619517147541
1325000000,3.5286717414855957,0.11857787519693375,-0.013825660571455956,0.6462724804878235,-6.650408744812012,42.347938537597656,0.004122619517147541
1326000000,3.5286734104156494,0.11856428533792496,-0.013744350522756577,0.6463131904602051,-6.612395286560059,42.31254577636719,0.004118270706385374
1327000000,3.528675079345703,0.11855074018239975,-0.013664002530276775,0.6463538408279419,-6.574824333190918,42.31386184692383,0.004118270706385374
1328000000,3.528676986694336,0.11851803958415985,-0.013588342815637589,0.6464515328407288,-6.540523052215576,42.3481559753418,0.004122619517147541
1329000000,3.5286786556243896,0.1185046061873436,-0.013509596697986126,0.6464917659759521,-6.503676414489746,42.312889099121094,0.004118270706385374
1330000000,3.5286803245544434,0.11849121004343033,-0.013431788422167301,0.6465319395065308,-6.46726131439209,42.314205169677734,0.004118270706385374
1331000000,3.528682231903076,0.11845871061086655,-0.013358592987060547,0.6466290354728699,-6.434064865112305,42.348365783691406,0.004122619517147541
1332000000,3.52868390083313,0.11844542622566223,-0.013282340951263905,0.6466688513755798,-6.398355484008789,42.31322479248047,0.004118270706385374
1333000000,3.5286855697631836,0.1184321865439415,-0.01320700254291296,0.6467084884643555,-6.363067626953125,42.31454086303711,0.004118270706385374
1334000000,3.5286874771118164,0.11839988082647324,-0.013136206194758415,0.6468050479888916,-6.330948352813721,42.34857177734375,0.004122619517147541
1335000000,3.52868914604187,0.11838675290346146,-0.01306238118559122,0.6468443870544434,-6.2963480949401855,42.31355667114258,0.004118270706385374
1336000000,3.528690814971924,0.11837365478277206,-0.012989446520805359,0.6468836069107056,-6.2621588706970215,42.31486892700195,0.004118270706385374
1337000000,3.5286924839019775,0.11834154278039932,-0.012920982204377651,0.6469796299934387,-6.231090068817139,42.34877014160156,0.004122619517147541
1338000000,3.5286941528320312,0.11832855641841888,-0.012849519029259682,0.6470184922218323,-6.19757080078125,42.31388473510742,0.004118270706385374
1339000000,3.528695821762085,0.11831561475992203,-0.01277892291545868,0.647057294845581,-6.164453029632568,42.3151969909668,0.004118270706385374
1340000000,3.5286974906921387,0.11828368157148361,-0.01271272823214531,0.6471527218818665,-6.134407997131348,42.348968505859375,0.004122619517147541
1341000000,3.5286993980407715,0.11825212836265564,-0.01264712680131197,0.6472470164299011,-6.104608535766602,42.34720993041992,0.004122619517147541
1342000000,3.528701066970825,0.11822070926427841,-0.01258225366473198,0.6473408937454224,-6.075131416320801,42.3471794128418,0.004122619517147541
1343000000,3.528702735900879,0.11820816248655319,-0.012514558620750904,0.6473785042762756,-6.043324947357178,42.31414031982422,0.004118270706385374
1344000000,3.5287044048309326,0.11817667633295059,-0.012451272457838058,0.647472620010376,-6.014578819274902,42.34898376464844,0.004122619517147541
1345000000,3.5287060737609863,0.11816423386335373,-0.012385046109557152,0.6475098729133606,-5.9834465980529785,42.31434631347656,0.004118270706385374
1346000000,3.528707504272461,0.11815182864665985,-0.012319636531174183,0.6475470066070557,-5.952693462371826,42.31565856933594,0.004118270706385374
1347000000,3.5287091732025146,0.11812052130699158,-0.012258478440344334,0.647640585899353,-5.924912452697754,42.34917449951172,0.004122619517147541
1348000000,3.5287108421325684,0.11808957904577255,-0.012197871692478657,0.6477330327033997,-5.897359848022461,42.34741973876953,0.004122619517147541
1349000000,3.528712749481201,0.11805877834558487,-0.012137947604060173,0.6478251218795776,-5.870111465454102,42.34738540649414,0.004122619517147541
1350000000,3.528714179992676,0.11804675310850143,-0.012075255624949932,0.647861123085022,-5.840593338012695,42.31459426879883,0.004118270706385374
1351000000,3.5287158489227295,0.11801587045192719,-0.012016824446618557,0.647953450679779,-5.814035892486572,42.34918975830078,0.004122619517147541
1352000000,3.528717517852783,0.11798535287380219,-0.011958922259509563,0.6480446457862854,-5.787698268890381,42.34743118286133,0.004122619517147541
1353000000,3.528719186782837,0.11795496940612793,-0.011901676654815674,0.6481354236602783,-5.761653900146484,42.34739685058594,0.004122619517147541
1354000000,3.5287206172943115,0.11794333159923553,-0.011841692961752415,0.6481702923774719,-5.733371257781982,42.314727783203125,0.004118270706385374
1355000000,3.5287222862243652,0.11791286617517471,-0.011785889975726604,0.6482613682746887,-5.707996845245361,42.34920120239258,0.004122619517147541
1356000000,3.528723955154419,0.11788275837898254,-0.011730593629181385,0.6483513116836548,-5.682833194732666,42.347442626953125,0.004122619517147541
1357000000,3.5287253856658936,0.11787135899066925,-0.011672580614686012,0.6483854651451111,-5.655455589294434,42.31489944458008,0.004113921895623207
1358000000,3.528726816177368,0.11785975098609924,-0.011615436524152756,0.6484202146530151,-5.62849760055542,42.317935943603516,0.004118270706385374
1359000000,3.5287282466888428,0.11784833669662476,-0.011558813974261284,0.6484544277191162,-5.601774215698242,42.31644821166992,0.004118270706385374
1360000000,3.5287296772003174,0.11783693730831146,-0.011502829380333424,0.6484885811805725,-5.575348854064941,42.31655502319336,0.004118270706385374
1361000000,3.528731107711792,0.11782556027173996,-0.011447475291788578,0.6485226154327393,-5.549219131469727,42.3166618347168,0.004118270706385374
1362000000,3.5287325382232666,0.1177954375743866,-0.011396080255508423,0.6486126780509949,-5.525864124298096,42.349674224853516,0.004122619517147541
1363000000,3.5287342071533203,0.11776567250490189,-0.0113451536744833,0.6487016081809998,-5.50270414352417,42.3479118347168,0.004122619517147541
1364000000,3.528735637664795,0.11773603409528732,-0.011294822208583355,0.648790180683136,-5.479811191558838,42.34787368774414,0.004122619517147541
1365000000,3.5287370681762695,0.11772517114877701,-0.011241833679378033,0.6488227248191833,-5.454759120941162,42.313865661621094,0.004113921895623207
1366000000,3.528738498687744,0.11771409213542938,-0.011189660988748074,0.6488558650016785,-5.430103302001953,42.3169059753418,0.004118270706385374
1367000000,3.5287399291992188,0.11768453568220139,-0.011141233146190643,0.6489441990852356,-5.408092021942139,42.34806442260742,0.004122619517147541
1368000000,3.5287415981292725,0.11765533685684204,-0.01109325047582388,0.6490314602851868,-5.386266231536865,42.3463020324707,0.004122619517147541
1369000000,3.528743028640747,0.11762626469135284,-0.011045834980905056,0.6491183638572693,-5.364696025848389,42.34626770019531,0.004122619517147541
1370000000,3.5287444591522217,0.1175973191857338,-0.0109989820048213,0.6492048501968384,-5.343379974365234,42.34623336791992,0.004122619517147541
1371000000,3.5287458896636963,0.11758694797754288,-0.010949499905109406,0.6492359042167664,-5.319945812225342,42.314056396484375,0.004113921895623207
1372000000,3.528747320175171,0.11755767464637756,-0.01090401690453291,0.6493234038352966,-5.299285888671875,42.34975814819336,0.004122619517147541
1373000000,3.5287487506866455,0.11754739284515381,-0.010855671018362045,0.6493541598320007,-5.276381492614746,42.31425476074219,0.004113921895623207
1374000000,3.528749942779541,0.11753705143928528,-0.01080810371786356,0.6493851542472839,-5.25385046005249,42.31557846069336,0.004113921895623207
1375000000,3.5287513732910156,0.11750807613134384,-0.010764272883534431,0.6494717597961426,-5.233945846557617,42.34821701049805,0.004122619517147541
1376000000,3.5287530422210693,0.11747968941926956,-0.010720723308622837,0.649556577205658,-5.21414041519165,42.3447265625,0.004122619517147541
1377000000,3.528754234313965,0.11746984720230103,-0.01067457813769579,0.6495860815048218,-5.1922526359558105,42.31267547607422,0.004113921895623207
1378000000,3.5287556648254395,0.11744111776351929,-0.01063233520835638,0.6496719121932983,-5.173074722290039,42.34825134277344,0.004122619517147541
1379000000,3.528756856918335,0.11743135750293732,-0.010587265715003014,0.6497011184692383,-5.15169095993042,42.312870025634766,0.004113921895623207
1380000000,3.5287580490112305,0.11742138117551804,-0.010542930103838444,0.6497310400009155,-5.130666255950928,42.31591033935547,0.004113921895623207
1381000000,3.528759479522705,0.11739279329776764,-0.010502239689230919,0.6498164534568787,-5.112207889556885,42.34842300415039,0.004122619517147541
1382000000,3.5287609100341797,0.117364801466465,-0.010461807250976562,0.6499000787734985,-5.093838214874268,42.34492874145508,0.004122619517147541
1383000000,3.5287623405456543,0.11733692139387131,-0.01042187213897705,0.6499834060668945,-5.075695037841797,42.34489440917969,0.004122619517147541
1384000000,3.528763771057129,0.11730916053056717,-0.01038243155926466,0.6500663161277771,-5.05777645111084,42.3448600769043,0.004122619517147541
1385000000,3.5287652015686035,0.11728152632713318,-0.010343479923903942,0.6501489281654358,-5.040080547332764,42.34482192993164,0.004122619517147541
1386000000,3.528766393661499,0.11727234721183777,-0.0103019829839468,0.6501764059066772,-5.020354747772217,42.313011169433594,0.004113921895623207
1387000000,3.5287678241729736,0.11724436283111572,-0.010264245793223381,0.6502600312232971,-5.003245830535889,42.34834671020508,0.004122619517147541
1388000000,3.528769016265869,0.11723525822162628,-0.01022373791784048,0.6502872705459595,-4.983985424041748,42.31320571899414,0.004113921895623207
1389000000,3.5287702083587646,0.11722593754529953,-0.010183917358517647,0.6503152251243591,-4.965063095092773,42.316246032714844,0.004113921895623207
1390000000,3.5287716388702393,0.11719808727502823,-0.010147606953978539,0.6503984332084656,-4.948618412017822,42.348514556884766,0.004122619517147541
1391000000,3.5287728309631348,0.11717081815004349,-0.010111519135534763,0.6504799127578735,-4.932248115539551,42.34501647949219,0.004122619517147541
1392000000,3.5287740230560303,0.11716197431087494,-0.010072914883494377,0.6505063772201538,-4.91387939453125,42.31332778930664,0.004113921895623207
1393000000,3.528775453567505,0.11713435500860214,-0.010037983767688274,0.6505889296531677,-4.898070812225342,42.348541259765625,0.004122619517147541
1394000000,3.5287766456604004,0.11712558567523956,-0.010000314563512802,0.6506152153015137,-4.880142688751221,42.313514709472656,0.004113921895623207
1395000000,3.528777599334717,0.11711659282445908,-0.009963302873075008,0.6506421566009521,-4.862539291381836,42.316558837890625,0.004113921895623207
1396000000,3.5287790298461914,0.11708910018205643,-0.009929720312356949,0.6507242918014526,-4.847360134124756,42.34870147705078,0.004122619517147541
1397000000,3.528780221939087,0.11706218868494034,-0.009896337054669857,0.6508046984672546,-4.83224630355835,42.3452033996582,0.004122619517147541
1398000000,3.5287814140319824,0.11705367267131805,-0.009860467165708542,0.6508302092552185,-4.815162658691406,42.31363296508789,0.004113921895623207
1399000000,3.528782606124878,0.11704487353563309,-0.009825245477259159,0.6508565545082092,-4.798402309417725,42.316802978515625,0.004113921895623207
1400000000,3.5287837982177734,0.11701761931180954,-0.009793397039175034,0.6509379744529724,-4.784029483795166,42.348819732666016,0.004122619517147541
1401000000,3.528785228729248,0.11699094623327255,-0.009761734865605831,0.6510176658630371,-4.769715785980225,42.34531784057617,0.004122619517147541
1402000000,3.5287861824035645,0.11698261648416519,-0.009727606549859047,0.651042640209198,-4.753453731536865,42.313873291015625,0.004113921895623207
1403000000,3.528787612915039,0.11695559322834015,-0.009697012603282928,0.6511233448982239,-4.739662170410156,42.348838806152344,0.004122619517147541
1404000000,3.5287885665893555,0.11694733053445816,-0.009663735516369343,0.6511481404304504,-4.7238030433654785,42.314056396484375,0.004113921895623207
1405000000,3.528789758682251,0.11693883687257767,-0.00963107030838728,0.6511735320091248,-4.708247661590576,42.31709671020508,0.004113921895623207
1406000000,3.5287909507751465,0.11691193282604218,-0.009601701982319355,0.6512539386749268,-4.695030689239502,42.34899139404297,0.004122619517147541
1407000000,3.528792142868042,0.11688560992479324,-0.009572499431669712,0.6513325572013855,-4.681864261627197,42.34548568725586,0.004122619517147541
1408000000,3.5287933349609375,0.11687759310007095,-0.0095408596098423,0.6513566374778748,-4.666776180267334,42.31415939331055,0.004113921895623207
1409000000,3.528794527053833,0.11685091257095337,-0.009512675926089287,0.6514363288879395,-4.654109477996826,42.349002838134766,0.004122619517147541
1410000000,3.5287954807281494,0.11684295535087585,-0.009481839835643768,0.6514601707458496,-4.639403343200684,42.31433868408203,0.004113921895623207
1411000000,3.528796434402466,0.11683476716279984,-0.009451589547097683,0.6514846682548523,-4.624988555908203,42.317378997802734,0.004113921895623207
1412000000,3.5287978649139404,0.1168082058429718,-0.009424564428627491,0.6515640616416931,-4.612865924835205,42.349151611328125,0.004122619517147541
1413000000,3.528799057006836,0.11678222566843033,-0.009397685527801514,0.6516416668891907,-4.600785255432129,42.345645904541016,0.004122619517147541
1414000000,3.5288000106811523,0.11677450686693192,-0.009368394501507282,0.6516647934913635,-4.586808681488037,42.31443786621094,0.004113921895623207
1415000000,3.5288009643554688,0.11676649749279022,-0.009339682757854462,0.6516887545585632,-4.573122978210449,42.31760787963867,0.004113921895623207
1416000000,3.5288021564483643,0.1167401596903801,-0.00931414682418108,0.6517674326896667,-4.561697006225586,42.3492546081543,0.004122619517147541
1417000000,3.5288031101226807,0.11673250049352646,-0.009285988286137581,0.6517903804779053,-4.548261642456055,42.31470489501953,0.004113921895623207
1418000000,3.528804063796997,0.11672461777925491,-0.009258388541638851,0.6518139839172363,-4.535104274749756,42.317745208740234,0.004113921895623207
1419000000,3.5288052558898926,0.11671667546033859,-0.009231163188815117,0.6518378257751465,-4.522130489349365,42.31796646118164,0.004113921895623207
1420000000,3.528806209564209,0.11670873314142227,-0.009204300120472908,0.6518616080284119,-4.5093302726745605,42.318058013916016,0.004113921895623207
1421000000,3.5288071632385254,0.11670079827308655,-0.009177795611321926,0.6518853306770325,-4.496703147888184,42.31814956665039,0.004113921895623207
1422000000,3.528808355331421,0.11667456477880478,-0.009154398925602436,0.6519637107849121,-4.48629093170166,42.34966278076172,0.004122619517147541
1423000000,3.5288093090057373,0.11666698008775711,-0.009128408506512642,0.6519864201545715,-4.47389554977417,42.31523895263672,0.004113921895623207
1424000000,3.5288102626800537,0.11665916442871094,-0.009102952666580677,0.6520098447799683,-4.461767673492432,42.318275451660156,0.004113921895623207
1425000000,3.52881121635437,0.11665128916501999,-0.00907785166054964,0.6520334482192993,-4.449812889099121,42.3184928894043,0.004113921895623207
1426000000,3.5288121700286865,0.11664342135190964,-0.009053092449903488,0.6520569920539856,-4.438023090362549,42.318580627441406,0.004113921895623207
1427000000,3.528813123703003,0.11663555353879929,-0.009028671309351921,0.6520805358886719,-4.426396369934082,42.318668365478516,0.004113921895623207
1429000000,3.5288143157958984,0.11660943925380707,-0.009007293730974197,0.6521585583686829,-4.416942596435547,42.35005569458008,0.004122619517147541
1429000000,3.5288150310516357,0.11660192161798477,-0.008983349427580833,0.652181088924408,-4.405529975891113,42.31575012207031,0.004113921895623207
1430000000,3.528815984725952,0.11659417301416397,-0.008959919214248657,0.6522042751312256,-4.394375324249268,42.31878662109375,0.004113921895623207
1431000000,3.5288171768188477,0.1165681704878807,-0.008939506486058235,0.6522819399833679,-4.385376930236816,42.35017395019531,0.004122619517147541
1432000000,3.528818368911743,0.1165427565574646,-0.008919185027480125,0.6523578763008118,-4.376397609710693,42.34666061401367,0.004122619517147541
1433000000,3.5288190841674805,0.11653546988964081,-0.00889652781188488,0.6523796916007996,-4.36559534072876,42.31581497192383,0.004113921895623207
1434000000,3.528820037841797,0.11652805656194687,-0.008874413557350636,0.6524019241333008,-4.3550615310668945,42.31727600097656,0.004113921895623207
1435000000,3.5288209915161133,0.11652064323425293,-0.008852613158524036,0.6524240970611572,-4.344679355621338,42.317359924316406,0.004113921895623207
1436000000,3.5288219451904297,0.11651322990655899,-0.008831122890114784,0.6524463295936584,-4.334447383880615,42.317447662353516,0.004113921895623207
1437000000,3.528822898864746,0.11648759990930557,-0.008812588639557362,0.65252286195755,-4.326333045959473,42.34870910644531,0.004122619517147541
1438000000,3.5288238525390625,0.11648052930831909,-0.008791523054242134,0.6525440216064453,-4.316291332244873,42.31452560424805,0.004113921895623207
1439000000,3.528824806213379,0.11645501106977463,-0.008773579262197018,0.652620255947113,-4.308455467224121,42.3487434387207,0.004122619517147541
1440000000,3.5288257598876953,0.1164480596780777,-0.00875310879200697,0.6526411175727844,-4.298696517944336,42.314552307128906,0.004113921895623207
1441000000,3.528826951980591,0.11642264574766159,-0.008735745213925838,0.6527169942855835,-4.291133403778076,42.34877395629883,0.004122619517147541
1442000000,3.5288279056549072,0.11639781296253204,-0.00871844682842493,0.6527912020683289,-4.283578395843506,42.34525680541992,0.004122619517147541
1443000000,3.5288288593292236,0.11639108508825302,-0.008698846213519573,0.6528113484382629,-4.274230003356934,42.31452941894531,0.004113921895623207
1444000000,3.528829574584961,0.11638406664133072,-0.008679723367094994,0.6528323292732239,-4.265124797821045,42.31769561767578,0.004113921895623207
1445000000,3.5288305282592773,0.11635886877775192,-0.008663483895361423,0.6529076099395752,-4.258092880249023,42.348838806152344,0.004122619517147541
1446000000,3.5288314819335938,0.11635219305753708,-0.008644741028547287,0.6529276371002197,-4.249157428741455,42.31476593017578,0.004113921895623207
1447000000,3.52883243560791,0.11632709205150604,-0.008629047311842442,0.6530026197433472,-4.2423834800720215,42.34886932373047,0.004122619517147541
1448000000,3.5288333892822266,0.11632052809000015,-0.008610855787992477,0.653022289276123,-4.233710289001465,42.31479263305664,0.004113921895623207
1449000000,3.528834342956543,0.11629553884267807,-0.008595696650445461,0.6530969142913818,-4.227189064025879,42.34889602661133,0.004122619517147541
1450000000,3.5288352966308594,0.11627113074064255,-0.008580585941672325,0.6531698107719421,-4.220667362213135,42.345375061035156,0.004122619517147541
1451000000,3.528836250305176,0.11626478284597397,-0.008563198149204254,0.6531888246536255,-4.212374687194824,42.31476593017578,0.004113921895623207
1452000000,3.528836965560913,0.11625830084085464,-0.00854630395770073,0.6532082557678223,-4.20432710647583,42.316226959228516,0.004113921895623207
1453000000,3.5288379192352295,0.11623367667198181,-0.008532223291695118,0.6532818078994751,-4.1983113288879395,42.347251892089844,0.004122619517147541
1454000000,3.528838872909546,0.11622737348079681,-0.00851562898606062,0.6533007025718689,-4.190401554107666,42.31500244140625,0.004113921895623207
1455000000,3.5288398265838623,0.11620284616947174,-0.00850205309689045,0.6533739566802979,-4.184625148773193,42.34728240966797,0.004122619517147541
1456000000,3.5288405418395996,0.1161966472864151,-0.008485967293381691,0.653392493724823,-4.176957607269287,42.31502914428711,0.004113921895623207
1457000000,3.528841495513916,0.11617222428321838,-0.008472886867821217,0.6534654498100281,-4.171415328979492,42.34730911254883,0.004122619517147541
1458000000,3.5288424491882324,0.11616629362106323,-0.00845734030008316,0.6534832119941711,-4.164000511169434,42.31334686279297,0.004113921895623207
1459000000,3.528843402862549,0.11614196002483368,-0.008444744162261486,0.6535558700561523,-4.158688545227051,42.34733581542969,0.004122619517147541
1460000000,3.5288443565368652,0.11611821502447128,-0.008432173170149326,0.6536267995834351,-4.153365612030029,42.343814849853516,0.004118270706385374
1461000000,3.5288450717926025,0.11611225455999374,-0.008417461067438126,0.6536446809768677,-4.146356582641602,42.31505584716797,0.004113921895623207
1462000000,3.52884578704834,0.11610624194145203,-0.008403070271015167,0.6536626815795898,-4.139505863189697,42.31648635864258,0.004113921895623207
1463000000,3.5288467407226562,0.11608210951089859,-0.008391414768993855,0.6537347435951233,-4.134640693664551,42.34739303588867,0.004122619517147541
1464000000,3.5288474559783936,0.11607643216848373,-0.008377316407859325,0.653751790523529,-4.1279191970825195,42.31355285644531,0.004113921895623207
1465000000,3.52884840965271,0.11605239659547806,-0.008366117253899574,0.6538235545158386,-4.123270511627197,42.34741973876953,0.004122619517147541
1466000000,3.5288491249084473,0.11604681611061096,-0.008352478966116905,0.6538403034210205,-4.116769313812256,42.313575744628906,0.004113921895623207
1467000000,3.5288500785827637,0.11602287739515305,-0.008341727778315544,0.6539117693901062,-4.11233377456665,42.34744644165039,0.004122619517147541
1468000000,3.52885103225708,0.11599951982498169,-0.00833098404109478,0.6539815664291382,-4.107880115509033,42.34392166137695,0.004118270706385374
1469000000,3.5288517475128174,0.1159939095377922,-0.00831812433898449,0.6539983749389648,-4.101758003234863,42.315277099609375,0.004113921895623207
1470000000,3.5288524627685547,0.11598823964595795,-0.008305566385388374,0.6540153622627258,-4.095786094665527,42.316707611083984,0.004113921895623207
1471000000,3.528853416442871,0.11596449464559555,-0.00829568225890398,0.6540862917900085,-4.091763496398926,42.347496032714844,0.004122619517147541
1472000000,3.5288541316986084,0.11595915257930756,-0.008283380419015884,0.6541022658348083,-4.085904121398926,42.31377029418945,0.004113921895623207
1473000000,3.5288548469543457,0.11595357954502106,-0.008271471597254276,0.6541189551353455,-4.080245018005371,42.316810607910156,0.004113921895623207
1474000000,3.528855800628662,0.11592992395162582,-0.008262217976152897,0.6541896462440491,-4.07652473449707,42.347599029541016,0.004122619517147541
1475000000,3.5288565158843994,0.11592467874288559,-0.008250553160905838,0.654205322265625,-4.070971965789795,42.31386947631836,0.004113921895623207
1476000000,3.528857469558716,0.11590111255645752,-0.008241708390414715,0.6542757153511047,-4.067446231842041,42.34762191772461,0.004122619517147541
1477000000,3.528858184814453,0.11587812006473541,-0.008232854306697845,0.654344379901886,-4.063894748687744,42.344093322753906,0.004118270706385374
1478000000,3.5288589000701904,0.11587284505367279,-0.008221907541155815,0.6543601751327515,-4.058693885803223,42.31556701660156,0.004113921895623207
1479000000,3.5288596153259277,0.1158675104379654,-0.008211243897676468,0.6543761491775513,-4.053633213043213,42.31699752807617,0.004113921895623207
1480000000,3.528860569000244,0.11584413051605225,-0.008203191682696342,0.654446005821228,-4.050486087799072,42.34766387939453,0.004122619517147541
1481000000,3.5288612842559814,0.11582132428884506,-0.008195122703909874,0.6545140743255615,-4.047308921813965,42.34413528442383,0.004118270706385374
1482000000,3.528862237930298,0.11579838395118713,-0.00818734709173441,0.6545826196670532,-4.044280052185059,42.3458137512207,0.004122619517147541
1483000000,3.5288631916046143,0.11577578634023666,-0.008179656229913235,0.654650092124939,-4.0412797927856445,42.344024658203125,0.004118270706385374
1484000000,3.5288639068603516,0.11575303971767426,-0.008172255009412766,0.6547180414199829,-4.038425922393799,42.345706939697266,0.004118270706385374
1485000000,3.528864622116089,0.11574820429086685,-0.00816267728805542,0.6547325253486633,-4.033876419067383,42.31555938720703,0.004113921895623207
1486000000,3.5288655757904053,0.1157253161072731,-0.008155749179422855,0.6548008918762207,-4.031258583068848,42.34746170043945,0.004122619517147541
1487000000,3.5288660526275635,0.11572081595659256,-0.008146439678966999,0.6548143625259399,-4.026828765869141,42.313838958740234,0.004113921895623207
1488000000,3.52886700630188,0.11569800972938538,-0.008139872923493385,0.6548824906349182,-4.024383544921875,42.34748458862305,0.004122619517147541
1489000000,3.528867721557617,0.11567578464746475,-0.008133274503052235,0.654948890209198,-4.021902084350586,42.343955993652344,0.004118270706385374
1490000000,3.5288684368133545,0.11567123234272003,-0.00812461320310831,0.6549624800682068,-4.017790794372559,42.3155403137207,0.004113921895623207
1491000000,3.528869152069092,0.11566662043333054,-0.008116211742162704,0.6549763083457947,-4.013808727264404,42.31697082519531,0.004113921895623207
1492000000,3.528869867324829,0.11564399302005768,-0.008110344409942627,0.65504390001297,-4.011699199676514,42.347530364990234,0.004122619517147541
1493000000,3.5288705825805664,0.11563970893621445,-0.008102117106318474,0.6550567746162415,-4.007790565490723,42.31402587890625,0.004113921895623207
1494000000,3.5288710594177246,0.11563517898321152,-0.008094239048659801,0.6550703048706055,-4.004062652587891,42.31706619262695,0.004113921895623207
1495000000,3.528872013092041,0.11561261862516403,-0.008088880218565464,0.6551377177238464,-4.002198696136475,42.347625732421875,0.004122619517147541
1496000000,3.528872489929199,0.11560841649770737,-0.00808116514235735,0.655150294303894,-3.9985389709472656,42.314117431640625,0.004113921895623207
1497000000,3.5288734436035156,0.11558594554662704,-0.008076136000454426,0.6552174091339111,-3.996832847595215,42.3476448059082,0.004122619517147541
1498000000,3.528873920440674,0.11558182537555695,-0.008068754337728024,0.6552297472953796,-3.993333339691162,42.31413269042969,0.004113921895623207
1499000000,3.5288748741149902,0.11555944383144379,-0.008064047433435917,0.6552965641021729,-3.991781711578369,42.34766387939453,0.004122619517147541
1500000000,3.5288755893707275,0.11553763598203659,-0.00805929210036993,0.6553617119789124,-3.9901857376098633,42.3441276550293,0.004118270706385374
1501000000,3.528876304626465,0.11553347110748291,-0.008052499033510685,0.6553741693496704,-3.9869768619537354,42.31583023071289,0.004113921895623207
1502000000,3.528876781463623,0.11552923917770386,-0.00804594624787569,0.6553868651390076,-3.9838883876800537,42.3172607421875,0.004113921895623207
1503000000,3.5288774967193604,0.11550702899694443,-0.008041863329708576,0.6554532051086426,-3.9826366901397705,42.34769821166992,0.004122619517147541
1504000000,3.5288784503936768,0.11548538506031036,-0.008037726394832134,0.6555178165435791,-3.981337785720825,42.34416580200195,0.004118270706385374
1505000000,3.528879165649414,0.11546360701322556,-0.008033841848373413,0.6555829048156738,-3.980168104171753,42.34584426879883,0.004118270706385374
1506000000,3.5288798809051514,0.11544191837310791,-0.008030104450881481,0.6556476354598999,-3.979067802429199,42.345787048339844,0.004118270706385374
1507000000,3.5288805961608887,0.11542032659053802,-0.008026514202356339,0.6557121276855469,-3.9780359268188477,42.34572982788086,0.004118270706385374
1508000000,3.528881311416626,0.11541657149791718,-0.008020802401006222,0.6557233929634094,-3.9753432273864746,42.31581115722656,0.004113921895623207
1509000000,3.5288820266723633,0.11539481580257416,-0.008017605170607567,0.6557883620262146,-3.9745101928710938,42.34748840332031,0.004122619517147541
1510000000,3.5288825035095215,0.11539138853549957,-0.008012084290385246,0.655798614025116,-3.9718995094299316,42.3140869140625,0.004113921895623207
1511000000,3.528881311416626,0.11538653075695038,-0.008086972869932652,0.6558130383491516,-4.009072303771973,42.68202209472656,0.004148712381720543
1512000000,3.5288801193237305,0.11539234220981598,-0.008170027285814285,0.6557955145835876,-4.0499067306518555,42.276161193847656,0.004113921895623207
1513000000,3.528878927230835,0.11539007723331451,-0.008252140134572983,0.6558021903038025,-4.090552806854248,42.35343933105469,0.004122619517147541
1514000000,3.5288774967193604,0.1153881773352623,-0.008333233185112476,0.6558077335357666,-4.130679607391357,42.35154724121094,0.004122619517147541
1515000000,3.5288760662078857,0.11540363729000092,-0.008411354385316372,0.6557614803314209,-4.168711185455322,42.3222541809082,0.004113921895623207
1516000000,3.5288748741149902,0.11540140211582184,-0.008491224609315395,0.6557680368423462,-4.208234786987305,42.353214263916016,0.004122619517147541
1517000000,3.5288736820220947,0.11541683971881866,-0.008567852899432182,0.6557218432426453,-4.24550724029541,42.322147369384766,0.004113921895623207
1518000000,3.52887225151062,0.11543197929859161,-0.008643929846584797,0.655676543712616,-4.282505512237549,42.32513427734375,0.004118270706385374
1519000000,3.5288710594177246,0.11542975157499313,-0.008721457794308662,0.6556830406188965,-4.3208537101745605,42.35308837890625,0.004122619517147541
1520000000,3.52886962890625,0.11544517427682877,-0.008795890025794506,0.6556369662284851,-4.35700798034668,42.32193374633789,0.004113921895623207
1521000000,3.5288684368133545,0.1154426857829094,-0.00887210387736559,0.6556442379951477,-4.394707679748535,42.3547248840332,0.004122619517147541
1522000000,3.52886700630188,0.11545808613300323,-0.008945107460021973,0.6555981636047363,-4.4301371574401855,42.32183074951172,0.004113921895623207
1523000000,3.5288658142089844,0.1154731810092926,-0.009017596952617168,0.6555530428886414,-4.4653120040893555,42.3248176574707,0.004118270706385374
1524000000,3.5288643836975098,0.1154884546995163,-0.009089278988540173,0.6555073261260986,-4.5000691413879395,42.323097229003906,0.004113921895623207
1525000000,3.5288634300231934,0.11548583209514618,-0.009162726812064648,0.6555150151252747,-4.536384105682373,42.35466003417969,0.004122619517147541
1526000000,3.5288619995117188,0.11550114303827286,-0.009232942946255207,0.6554692387580872,-4.57039737701416,42.3216438293457,0.004113921895623207
1527000000,3.528860569000244,0.11551615595817566,-0.009302673861384392,0.6554243564605713,-4.6041717529296875,42.32462692260742,0.004118270706385374
1528000000,3.5288596153259277,0.11551369726657867,-0.009373996406793594,0.6554315686225891,-4.639415740966797,42.352840423583984,0.004122619517147541
1529000000,3.528858184814453,0.11552898585796356,-0.009442183189094067,0.6553858518600464,-4.672399044036865,42.32143783569336,0.004113921895623207
1530000000,3.5288572311401367,0.11552626639604568,-0.009512307122349739,0.6553938388824463,-4.7070536613464355,42.35448455810547,0.004122619517147541
1531000000,3.528855800628662,0.11554153263568878,-0.00957917608320713,0.6553481817245483,-4.7393693923950195,42.321346282958984,0.004113921895623207
1532000000,3.5288546085357666,0.1155564934015274,-0.009645595215260983,0.655303418636322,-4.7714643478393555,42.32433319091797,0.004118270706385374
1533000000,3.528853416442871,0.11557163298130035,-0.009711255319416523,0.6552581191062927,-4.803167343139648,42.32261657714844,0.004113921895623207
1534000000,3.5288522243499756,0.11556877940893173,-0.0097788255661726,0.655266523361206,-4.836548805236816,42.35443115234375,0.004122619517147541
1535000000,3.52885103225708,0.11558395624160767,-0.009843121282756329,0.655221164226532,-4.867560386657715,42.321170806884766,0.004113921895623207
1536000000,3.5288498401641846,0.11559882760047913,-0.009906995110213757,0.6551766395568848,-4.8983659744262695,42.32415771484375,0.004118270706385374
1537000000,3.528848886489868,0.11559613794088364,-0.009972590021789074,0.6551845669746399,-4.930753707885742,42.35262680053711,0.004122619517147541
1538000000,3.5288474559783936,0.11561128497123718,-0.010035012848675251,0.6551392674446106,-4.960816860198975,42.32097625732422,0.004113921895623207
1539000000,3.528846502304077,0.1156083345413208,-0.010099516250193119,0.6551479697227478,-4.99267053604126,42.35427474975586,0.004122619517147541
1540000000,3.5288453102111816,0.11562346667051315,-0.010160722769796848,0.6551027297973633,-5.022119045257568,42.32088851928711,0.004113921895623207
1541000000,3.528844118118286,0.11563829332590103,-0.010221537202596664,0.6550583839416504,-5.0513787269592285,42.32387924194336,0.004118270706385374
1542000000,3.5288429260253906,0.11565329134464264,-0.0102816391736269,0.6550135016441345,-5.0802693367004395,42.322166442871094,0.004113921895623207
1543000000,3.528841733932495,0.11566798388957977,-0.010341274552047253,0.6549695730209351,-5.1089348793029785,42.32392883300781,0.004118270706385374
1544000000,3.5288405418395996,0.11568285524845123,-0.010400205850601196,0.6549251079559326,-5.137237071990967,42.32221984863281,0.004113921895623207
1545000000,3.528839588165283,0.11567963659763336,-0.010461210273206234,0.6549345850944519,-5.167350769042969,42.354286193847656,0.004122619517147541
1546000000,3.5288383960723877,0.1156945452094078,-0.010518891736865044,0.6548900008201599,-5.195021152496338,42.320777893066406,0.004113921895623207
1547000000,3.528837203979492,0.11570914834737778,-0.010576218366622925,0.6548463702201843,-5.222521781921387,42.323768615722656,0.004118270706385374
1548000000,3.5288360118865967,0.11572393029928207,-0.010632860474288464,0.654802143573761,-5.249668598175049,42.322059631347656,0.004113921895623207
1549000000,3.5288350582122803,0.11572057753801346,-0.010691633448004723,0.6548120379447937,-5.278674602508545,42.354251861572266,0.004122619517147541
1550000000,3.528834104537964,0.11573539674282074,-0.010747063905000687,0.6547677516937256,-5.305210590362549,42.320621490478516,0.004113921895623207
1551000000,3.5288329124450684,0.11574991047382355,-0.010802163742482662,0.6547243595123291,-5.3315887451171875,42.323612213134766,0.004118270706385374
1552000000,3.528831958770752,0.11574672162532806,-0.010859187692403793,0.6547337770462036,-5.35971736907959,42.35245895385742,0.004122619517147541
1553000000,3.5288310050964355,0.11574381589889526,-0.010915550403296947,0.6547423601150513,-5.387507438659668,42.350616455078125,0.004122619517147541
1554000000,3.52882981300354,0.11575865745544434,-0.01096880529075861,0.6546979546546936,-5.4129462242126465,42.320335388183594,0.004113921895623207
1555000000,3.5288288593292236,0.11575525254011154,-0.011024372652173042,0.6547080278396606,-5.440362930297852,42.3540153503418,0.004122619517147541
1556000000,3.5288279056549072,0.11577007174491882,-0.011076572351157665,0.6546637415885925,-5.465271472930908,42.32025909423828,0.004113921895623207
1557000000,3.5288267135620117,0.11578458547592163,-0.011128474958240986,0.6546202898025513,-5.490040302276611,42.32324981689453,0.004118270706385374
1558000000,3.5288257598876953,0.11579927802085876,-0.011179735884070396,0.6545763611793518,-5.5144782066345215,42.3215446472168,0.004113921895623207
1559000000,3.5288245677948,0.11581365764141083,-0.011230617761611938,0.6545333862304688,-5.538736820220947,42.32331085205078,0.004118270706385374
1560000000,3.5288236141204834,0.11582821607589722,-0.011280866339802742,0.6544898152351379,-5.562668800354004,42.32160568237305,0.004113921895623207
1561000000,3.528822660446167,0.11582454293966293,-0.011333405040204525,0.6545007228851318,-5.588588237762451,42.35405349731445,0.004122619517147541
1562000000,3.5288214683532715,0.11583913862705231,-0.011382550932466984,0.6544570326805115,-5.611965179443359,42.32017517089844,0.004113921895623207
1563000000,3.528820514678955,0.1158534362912178,-0.011431431397795677,0.6544142961502075,-5.635219097137451,42.32316589355469,0.004118270706385374
1563000000,3.5288195610046387,0.11586790531873703,-0.01147969625890255,0.6543710827827454,-5.65815544128418,42.32146072387695,0.004113921895623207
1565000000,3.528818368911743,0.11588206887245178,-0.011527610011398792,0.6543287038803101,-5.680927276611328,42.3232307434082,0.004118270706385374
1566000000,3.5288174152374268,0.11589640378952026,-0.011574915610253811,0.6542858481407166,-5.703385353088379,42.32152557373047,0.004113921895623207
1567000000,3.5288164615631104,0.11589246988296509,-0.011624584905803204,0.6542974710464478,-5.7278900146484375,42.35409927368164,0.004122619517147541
1568000000,3.528815507888794,0.11590684950351715,-0.011670837178826332,0.6542544960975647,-5.749819278717041,42.320098876953125,0.004113921895623207
1569000000,3.5288145542144775,0.11592093110084534,-0.011716855689883232,0.6542124152183533,-5.771641731262207,42.323089599609375,0.004118270706385374
1570000000,3.528813600540161,0.11593518406152725,-0.011762280017137527,0.6541697978973389,-5.793158054351807,42.32138442993164,0.004113921895623207
1571000000,3.5288124084472656,0.1159491315484047,-0.011807382106781006,0.6541280746459961,-5.814525127410889,42.32315444946289,0.004118270706385374
1572000000,3.528811454772949,0.11596310883760452,-0.011851868592202663,0.6540862917900085,-5.835583209991455,42.32315444946289,0.004118270706385374
1573000000,3.528810739517212,0.11595900356769562,-0.01189865730702877,0.6540984511375427,-5.858666896820068,42.3541145324707,0.004122619517147541
1574000000,3.5288097858428955,0.11597302556037903,-0.011942141689360142,0.6540565490722656,-5.8792219161987305,42.32173156738281,0.004118270706385374
1575000000,3.528808832168579,0.11598698049783707,-0.01198528427630663,0.6540148258209229,-5.899607181549072,42.32298278808594,0.004118270706385374
1576000000,3.5288078784942627,0.11598280817270279,-0.012030767276883125,0.6540271639823914,-5.922048091888428,42.35407257080078,0.004122619517147541
1577000000,3.5288071632385254,0.11597892642021179,-0.01207568310201168,0.654038667678833,-5.944196701049805,42.352230072021484,0.004122619517147541
1578000000,3.528806447982788,0.11597509682178497,-0.012120170518755913,0.6540499925613403,-5.9661335945129395,42.35212707519531,0.004122619517147541
1579000000,3.5288054943084717,0.11598919332027435,-0.01216147094964981,0.6540078520774841,-5.985593795776367,42.321353912353516,0.004113921895623207
1580000000,3.5288045406341553,0.11598486453294754,-0.0122053949162364,0.6540207266807556,-6.007277488708496,42.35552978515625,0.004122619517147541
1581000000,3.528803825378418,0.1159810721874237,-0.012248627841472626,0.6540319323539734,-6.028594970703125,42.35195541381836,0.004122619517147541
1582000000,3.5288031101226807,0.11597732454538345,-0.012291447259485722,0.6540430188179016,-6.049707889556885,42.35185241699219,0.004122619517147541
1583000000,3.5288023948669434,0.11597362905740738,-0.012333857826888561,0.6540539860725403,-6.070618629455566,42.35175323486328,0.004122619517147541
1584000000,3.528801441192627,0.11596997827291489,-0.012375863268971443,0.6540648341178894,-6.091328144073486,42.351654052734375,0.004122619517147541
1585000000,3.5288007259368896,0.11598430573940277,-0.01241466123610735,0.6540219783782959,-6.109530925750732,42.32075119018555,0.004113921895623207
1586000000,3.5287997722625732,0.11598015576601028,-0.012456151656806469,0.6540343165397644,-6.130012035369873,42.355064392089844,0.004122619517147541
1587000000,3.528799057006836,0.11597638577222824,-0.012496942654252052,0.6540454626083374,-6.150130748748779,42.35319519042969,0.004122619517147541
1588000000,3.5287981033325195,0.11599059402942657,-0.012534521520137787,0.6540030241012573,-6.1677327156066895,42.32229232788086,0.004118270706385374
1589000000,3.5287973880767822,0.11598656326532364,-0.012574681080877781,0.6540149450302124,-6.187553882598877,42.3548698425293,0.004122619517147541
1590000000,3.528796672821045,0.11600074917078018,-0.012611485086381435,0.6539725065231323,-6.204769611358643,42.32223129272461,0.004118270706385374
1591000000,3.5287957191467285,0.11601487547159195,-0.012648011557757854,0.6539303064346313,-6.221848011016846,42.323490142822266,0.004118270706385374
1592000000,3.528794765472412,0.11602893471717834,-0.012684163637459278,0.6538882851600647,-6.238741874694824,42.32352828979492,0.004118270706385374
1593000000,3.5287938117980957,0.11604292690753937,-0.01271994411945343,0.6538464426994324,-6.255452632904053,42.32356643676758,0.004118270706385374
1594000000,3.5287930965423584,0.11605685204267502,-0.012755355797708035,0.6538048386573792,-6.271982192993164,42.3236083984375,0.004118270706385374
1595000000,3.528792142868042,0.1160707175731659,-0.012790401466190815,0.6537634134292603,-6.288331985473633,42.323646545410156,0.004118270706385374
1596000000,3.5287914276123047,0.1160663589835167,-0.012827985920011997,0.6537762880325317,-6.306896209716797,42.35499954223633,0.004122619517147541
1597000000,3.5287904739379883,0.11608026176691055,-0.012862191535532475,0.6537347435951233,-6.322825908660889,42.322235107421875,0.004118270706385374
1598000000,3.528789758682251,0.11609410494565964,-0.012896145693957806,0.6536933779716492,-6.338631629943848,42.32349395751953,0.004118270706385374
1599000000,3.5287888050079346,0.11610788106918335,-0.012929746881127357,0.6536521911621094,-6.354264736175537,42.32353591918945,0.004118270706385374
1600000000,3.528787851333618,0.11612159758806229,-0.012963000684976578,0.6536111831665039,-6.369726657867432,42.32357406616211,0.004118270706385374
1601000000,3.528787136077881,0.11613524705171585,-0.012995908036828041,0.6535704135894775,-6.385018825531006,42.323612213134766,0.004118270706385374
1602000000,3.5287861824035645,0.11614882946014404,-0.01302847359329462,0.6535298228263855,-6.400143623352051,42.32365417480469,0.004118270706385374
1603000000,3.528785467147827,0.11616234481334686,-0.013060699217021465,0.6534894108772278,-6.415102005004883,42.323692321777344,0.004118270706385374
1604000000,3.52878475189209,0.11615761369466782,-0.013095536269247532,0.6535034775733948,-6.432330131530762,42.35516357421875,0.004122619517147541
1605000000,3.5287837982177734,0.11617117375135422,-0.013126970268785954,0.6534628868103027,-6.446893215179443,42.32228088378906,0.004118270706385374
1606000000,3.528783082962036,0.11618468165397644,-0.013158178888261318,0.6534225344657898,-6.461346626281738,42.32353973388672,0.004118270706385374
1607000000,3.528782367706299,0.11617987602949142,-0.01319203246384859,0.6534368395805359,-6.478095054626465,42.355140686035156,0.004122619517147541
1608000000,3.5287816524505615,0.11619336158037186,-0.01322247739881277,0.653396487236023,-6.492170333862305,42.322261810302734,0.004118270706385374
1609000000,3.528780698776245,0.11620679497718811,-0.013252707198262215,0.6533563733100891,-6.506140232086182,42.323516845703125,0.004118270706385374
1610000000,3.528779983520508,0.11622016131877899,-0.01328261848539114,0.6533164381980896,-6.519954681396484,42.32355499267578,0.004118270706385374
1611000000,3.5287792682647705,0.1162334606051445,-0.013312214985489845,0.6532766222953796,-6.533615589141846,42.3235969543457,0.004118270706385374
1612000000,3.528778553009033,0.11622846871614456,-0.013344492763280869,0.6532914638519287,-6.5495991706848145,42.355194091796875,0.004122619517147541
1613000000,3.528777837753296,0.1162237673997879,-0.013376309536397457,0.6533054709434509,-6.565342426300049,42.35335922241211,0.004122619517147541
1614000000,3.5287771224975586,0.11623716354370117,-0.013404845260083675,0.6532654166221619,-6.5784735679626465,42.32209014892578,0.004118270706385374
1615000000,3.5287764072418213,0.11625050753355026,-0.01343318447470665,0.6532255411148071,-6.591508865356445,42.32334518432617,0.004118270706385374
1616000000,3.528775453567505,0.11626378446817398,-0.013461222872138023,0.6531858444213867,-6.604397773742676,42.323387145996094,0.004118270706385374
1617000000,3.5287747383117676,0.11627700179815292,-0.013488962315022945,0.6531463265419006,-6.6171417236328125,42.323429107666016,0.004118270706385374
1618000000,3.5287740230560303,0.1162901520729065,-0.013516407459974289,0.6531070470809937,-6.62974214553833,42.32346725463867,0.004118270706385374
1619000000,3.528773307800293,0.11630324274301529,-0.013543560169637203,0.6530678868293762,-6.642199993133545,42.323509216308594,0.004118270706385374
1620000000,3.5287723541259766,0.11631627380847931,-0.013570422306656837,0.6530289649963379,-6.65451717376709,42.323551177978516,0.004118270706385374
1621000000,3.5287716388702393,0.11632923781871796,-0.013596996665000916,0.6529902219772339,-6.6666951179504395,42.32358932495117,0.004118270706385374
1622000000,3.528771162033081,0.11632387340068817,-0.013626332394778728,0.6530061960220337,-6.6812543869018555,42.355308532714844,0.004122619517147541
1623000000,3.5287704467773438,0.116336889564991,-0.013652213849127293,0.6529672741889954,-6.693087577819824,42.322181701660156,0.004118270706385374
1624000000,3.5287694931030273,0.11634984612464905,-0.013677924871444702,0.6529285311698914,-6.704837322235107,42.32343673706055,0.004118270706385374
1625000000,3.528769016265869,0.11634441465139389,-0.01370642613619566,0.6529446840286255,-6.718991756439209,42.35528564453125,0.004122619517147541
1626000000,3.528768301010132,0.11635736376047134,-0.013731468468904495,0.6529060006141663,-6.73041296005249,42.32216262817383,0.004118270706385374
1627000000,3.5287675857543945,0.11637025326490402,-0.013756347820162773,0.6528674364089966,-6.741755485534668,42.32341766357422,0.004118270706385374
1628000000,3.5287668704986572,0.11638308316469193,-0.013780958019196987,0.652829110622406,-6.752967834472656,42.32345962524414,0.004118270706385374
1629000000,3.52876615524292,0.11639585345983505,-0.013805301859974861,0.6527909636497498,-6.7640509605407715,42.3234977722168,0.004118270706385374
1630000000,3.5287654399871826,0.1164085641503334,-0.013829382136464119,0.6527529954910278,-6.7750067710876465,42.32353973388672,0.004118270706385374
1631000000,3.5287647247314453,0.11642120778560638,-0.013853199779987335,0.6527151465415955,-6.7858357429504395,42.323577880859375,0.004118270706385374
1632000000,3.528764009475708,0.11641547828912735,-0.013879853300750256,0.6527321934700012,-6.79910135269165,42.35541915893555,0.004122619517147541
1633000000,3.52876353263855,0.11641004681587219,-0.013906093314290047,0.6527483463287354,-6.8121490478515625,42.35358428955078,0.004122619517147541
1634000000,3.5287628173828125,0.11642280220985413,-0.013929002918303013,0.6527102589607239,-6.822525501251221,42.32207489013672,0.004118270706385374
1635000000,3.528762102127075,0.11643550544977188,-0.013951770029962063,0.652672290802002,-6.832833290100098,42.32332992553711,0.004118270706385374
1636000000,3.528761386871338,0.11644814163446426,-0.01397428847849369,0.6526345014572144,-6.843021392822266,42.323368072509766,0.004118270706385374
1637000000,3.5287606716156006,0.11646071821451187,-0.013996558263897896,0.6525969505310059,-6.853089809417725,42.32341003417969,0.004118270706385374
1638000000,3.5287599563598633,0.1164732351899147,-0.014018584042787552,0.6525595188140869,-6.863040924072266,42.32345199584961,0.004118270706385374
1639000000,3.528759241104126,0.11648570001125336,-0.014040366746485233,0.6525222659111023,-6.872874736785889,42.32349395751953,0.004118270706385374
1640000000,3.5287585258483887,0.11649809777736664,-0.01406190823763609,0.6524852514266968,-6.882593154907227,42.32353210449219,0.004118270706385374
1641000000,3.5287580490112305,0.11651043593883514,-0.014083212241530418,0.6524483561515808,-6.8921966552734375,42.32357406616211,0.004118270706385374
1642000000,3.528757333755493,0.11652272194623947,-0.014104279689490795,0.6524116396903992,-6.901687145233154,42.323612213134766,0.004118270706385374
1643000000,3.528756856918335,0.1165165901184082,-0.01412825845181942,0.6524298787117004,-6.913667678833008,42.35557556152344,0.004122619517147541
1644000000,3.5287561416625977,0.11651075631380081,-0.014151846058666706,0.6524472236633301,-6.925441265106201,42.35374069213867,0.004122619517147541
1645000000,3.5287556648254395,0.1165231466293335,-0.014172078110277653,0.6524102091789246,-6.934515476226807,42.322105407714844,0.004118270706385374
1646000000,3.528754949569702,0.116535484790802,-0.014192194677889347,0.6523733139038086,-6.9435343742370605,42.323360443115234,0.004118270706385374
1647000000,3.528754472732544,0.11652936041355133,-0.014215256087481976,0.6523915529251099,-6.955069065093994,42.35545349121094,0.004122619517147541
1648000000,3.5287537574768066,0.11654169112443924,-0.014234802685678005,0.6523547172546387,-6.963809013366699,42.322086334228516,0.004118270706385374
1649000000,3.5287530422210693,0.11655396968126297,-0.014254240319132805,0.652318000793457,-6.972497463226318,42.323341369628906,0.004118270706385374
1650000000,3.528752326965332,0.11656618863344193,-0.01427345909178257,0.6522814631462097,-6.981081008911133,42.32338333129883,0.004118270706385374
1651000000,3.528751850128174,0.1165783554315567,-0.014292461797595024,0.6522451639175415,-6.989560604095459,42.323421478271484,0.004118270706385374
1652000000,3.5287511348724365,0.1165904551744461,-0.014311248436570168,0.6522089838981628,-6.99793815612793,42.323463439941406,0.004118270706385374
1653000000,3.528750419616699,0.11660250276327133,-0.014329822733998299,0.6521729826927185,-7.006213665008545,42.32350540161133,0.004118270706385374
1654000000,3.528749942779541,0.11661449074745178,-0.014348186552524567,0.6521371603012085,-7.014388561248779,42.323543548583984,0.004118270706385374
1655000000,3.528749465942383,0.11660803109407425,-0.014369537122547626,0.652156412601471,-7.025107383728027,42.355628967285156,0.004122619517147541
1656000000,3.5287489891052246,0.11660186201334,-0.014390518888831139,0.652174711227417,-7.035630702972412,42.35379409790039,0.004122619517147541
1657000000,3.528750419616699,0.11659067869186401,-0.014316585846245289,0.6522082686424255,-7.000508785247803,42.53916931152344,0.004135665949434042
1658000000,3.528751850128174,0.11656919121742249,-0.014252789318561554,0.6522724628448486,-6.970892906188965,42.29343032836914,0.004113921895623207
1659000000,3.5287532806396484,0.11654305458068848,-0.01418926939368248,0.6523506045341492,-6.941670894622803,42.3490104675293,0.004122619517147541
1660000000,3.528754711151123,0.11653629690408707,-0.014122867956757545,0.6523708701133728,-6.909897804260254,42.312808990478516,0.004113921895623207
1661000000,3.5287559032440186,0.11652930080890656,-0.014057419262826443,0.6523918509483337,-6.878592014312744,42.31587600708008,0.004113921895623207
1662000000,3.528757333755493,0.1165032833814621,-0.013995920307934284,0.6524696350097656,-6.8503007888793945,42.34922409057617,0.004122619517147541
1663000000,3.5287587642669678,0.1164778620004654,-0.013934772461652756,0.6525456309318542,-6.822129249572754,42.34572982788086,0.004122619517147541
1664000000,3.5287601947784424,0.11645255982875824,-0.013874275609850883,0.6526212096214294,-6.794250965118408,42.345706939697266,0.004122619517147541
1665000000,3.5339009761810303,0.11663428694009781,-0.014150983653962612,0.6525852680206299,-6.917759895324707,26.735279083251953,0.0028136444743722677
1666000000,3.5335710048675537,0.11684034764766693,-0.014055672101676464,0.6519389748573303,-6.859610557556152,42.006683349609375,0.0040921783074736595
1667000000,3.5332248210906982,0.11712601780891418,-0.013914716430008411,0.651053786277771,-6.775054931640625,41.588829040527344,0.004061737097799778
1668000000,3.53287935256958,0.11740800738334656,-0.013776765204966068,0.6501794457435608,-6.692535877227783,41.58681869506836,0.004061737097799778
1669000000,3.53253436088562,0.11768662184476852,-0.013640684075653553,0.6493150591850281,-6.611470699310303,41.58901596069336,0.004061737097799778
1670000000,3.532341480255127,0.11765820533037186,-0.01357435155659914,0.649380624294281,-6.581178188323975,42.869754791259766,0.0041617583483457565
1671000000,3.532148838043213,0.11763189733028412,-0.013505184091627598,0.6494398713111877,-6.549387454986572,42.87146759033203,0.0041617583483457565
1672000000,3.531956434249878,0.11760565638542175,-0.013436790555715561,0.6494989991188049,-6.517947673797607,42.870914459228516,0.0041617583483457565
1673000000,3.531764030456543,0.11757948249578476,-0.013369165360927582,0.649557888507843,-6.4868550300598145,42.870365142822266,0.0041617583483457565
1674000000,3.531571865081787,0.11755336821079254,-0.013302300125360489,0.6496166586875916,-6.4561076164245605,42.86982345581055,0.0041617583483457565
1675000000,3.5313799381256104,0.1175273209810257,-0.01323618832975626,0.6496752500534058,-6.425702095031738,42.86928176879883,0.0041617583483457565
1676000000,3.5311880111694336,0.11750134080648422,-0.013170823454856873,0.6497337222099304,-6.39563512802124,42.86874771118164,0.0041617583483457565
1677000000,3.530996561050415,0.11747542023658752,-0.01310619805008173,0.649791955947876,-6.365904331207275,42.86821746826172,0.0041617583483457565
1678000000,3.5308051109313965,0.1174495667219162,-0.01304230559617281,0.649850070476532,-6.336507320404053,42.86769104003906,0.0041617583483457565
1679000000,3.530613899230957,0.11742377281188965,-0.01297913957387209,0.6499079465866089,-6.307440280914307,42.86716842651367,0.0041617583483457565
1680000000,3.5304226875305176,0.11739804595708847,-0.012916693463921547,0.649965763092041,-6.278700828552246,42.86664962768555,0.0041617583483457565
1681000000,3.5302317142486572,0.11737237870693207,-0.012854959815740585,0.650023341178894,-6.250286102294922,42.86613464355469,0.0041617583483457565
1682000000,3.530040979385376,0.11734677106142044,-0.012793933041393757,0.6500808000564575,-6.222193717956543,42.86562728881836,0.0041617583483457565
1683000000,3.529850482940674,0.11732123047113419,-0.012733605690300465,0.6501380801200867,-6.19442081451416,42.86511993408203,0.0041617583483457565
1684000000,3.5296599864959717,0.1172957494854927,-0.012673972174525261,0.6501951813697815,-6.166964530944824,42.864620208740234,0.0041617583483457565
1685000000,3.5294697284698486,0.117270328104496,-0.012615025974810123,0.650252103805542,-6.139822006225586,42.8641242980957,0.0041617583483457565
1686000000,3.5292797088623047,0.11724497377872467,-0.01255676057189703,0.6503089070320129,-6.112990856170654,42.86362838745117,0.0041617583483457565
1687000000,3.5290896892547607,0.11721967160701752,-0.012499170377850533,0.6503655910491943,-6.086468696594238,42.86314010620117,0.0041617583483457565
1688000000,3.528899908065796,0.11719443649053574,-0.012442247942090034,0.6504220366477966,-6.0602521896362305,42.86265563964844,0.0041617583483457565
1689000000,3.52871036529541,0.11716926097869873,-0.012385988608002663,0.6504783630371094,-6.03433895111084,42.86217498779297,0.0041617583483457565
1690000000,3.5285208225250244,0.1171441376209259,-0.01233038492500782,0.6505345106124878,-6.008726596832275,42.861698150634766,0.0041617583483457565
1691000000,3.5283315181732178,0.11711908131837845,-0.01227543130517006,0.6505905389785767,-5.983412265777588,42.86122512817383,0.0041617583483457565
1692000000,3.5281424522399902,0.11709408462047577,-0.012221122160553932,0.6506463885307312,-5.9583940505981445,42.86075210571289,0.0041617583483457565
1693000000,3.5279533863067627,0.11706914007663727,-0.012167450971901417,0.6507021188735962,-5.933668613433838,42.860286712646484,0.0041617583483457565
1694000000,3.5277645587921143,0.11704426258802414,-0.012114412151277065,0.6507576107978821,-5.909233570098877,42.859825134277344,0.0041617583483457565
1695000000,3.527575969696045,0.11701943725347519,-0.01206200011074543,0.6508130431175232,-5.885087013244629,42.85936737060547,0.0041617583483457565
1696000000,3.5273873805999756,0.11699467152357101,-0.012010208331048489,0.65086829662323,-5.861225605010986,42.85891342163086,0.0041617583483457565
1697000000,3.5271990299224854,0.11696996539831161,-0.011959032155573368,0.6509233713150024,-5.837647914886475,42.858463287353516,0.0041574095375835896
1698000000,3.527010917663574,0.11694508045911789,-0.011908608488738537,0.6509789824485779,-5.814431190490723,42.85926818847656,0.0041617583483457565
1699000000,3.526822805404663,0.11692048609256744,-0.011858643963932991,0.6510338187217712,-5.791411876678467,42.85757064819336,0.0041574095375835896
1700000000,3.526634931564331,0.11689572036266327,-0.011809419840574265,0.6510891318321228,-5.768748760223389,42.85838317871094,0.0041574095375835896
1701000000,3.526447296142578,0.11687100678682327,-0.011760788038372993,0.6511443257331848,-5.7463579177856445,42.85794448852539,0.0041574095375835896
1702000000,3.526259660720825,0.11684635281562805,-0.011712741106748581,0.6511994004249573,-5.72423791885376,42.857513427734375,0.0041574095375835896
1703000000,3.5260722637176514,0.1168217584490776,-0.011665274389088154,0.6512542366981506,-5.702385902404785,42.85708236694336,0.0041574095375835896
1704000000,3.5258851051330566,0.11679722368717194,-0.011618383228778839,0.6513090133666992,-5.68079948425293,42.85665512084961,0.0041574095375835896
1705000000,3.525697946548462,0.11677274107933044,-0.011572062037885189,0.6513635516166687,-5.659476280212402,42.856231689453125,0.0041574095375835896
1707000000,3.5255110263824463,0.11674831807613373,-0.011526305228471756,0.6514180302619934,-5.63841438293457,42.855812072753906,0.0041574095375835896
1707000000,3.5253241062164307,0.11672394722700119,-0.011481107212603092,0.651472270488739,-5.617611408233643,42.85539627075195,0.0041574095375835896
1708000000,3.525137424468994,0.11669963598251343,-0.011436463333666325,0.6515264511108398,-5.597064971923828,42.85498046875,0.0041574095375835896
1709000000,3.5249507427215576,0.11667537689208984,-0.01139236893504858,0.6515803933143616,-5.576772689819336,42.85457229614258,0.0041574095375835896
1710000000,3.5247642993927,0.11665117740631104,-0.011348817497491837,0.6516342759132385,-5.556732654571533,42.854164123535156,0.0041574095375835896
1711000000,3.524578094482422,0.1166270300745964,-0.011305805295705795,0.6516879796981812,-5.536942481994629,42.853759765625,0.0041574095375835896
1712000000,3.5243918895721436,0.11660294234752655,-0.011263326741755009,0.6517415046691895,-5.51740026473999,42.85335922241211,0.0041574095375835896
1713000000,3.5242056846618652,0.11657890677452087,-0.011221377179026604,0.6517949104309082,-5.498103141784668,42.852962493896484,0.0041574095375835896
1714000000,3.524019718170166,0.11655493080615997,-0.011179951950907707,0.6518481373786926,-5.4790496826171875,42.852569580078125,0.0041574095375835896
1715000000,3.523833990097046,0.11653100699186325,-0.011139044538140297,0.6519012451171875,-5.460237979888916,42.852176666259766,0.0041574095375835896
1716000000,3.523648262023926,0.1165071353316307,-0.011098652146756649,0.6519542336463928,-5.441664695739746,42.85179138183594,0.0041574095375835896
1717000000,3.5234625339508057,0.11648331582546234,-0.011058769188821316,0.6520070433616638,-5.423328876495361,42.85140609741211,0.0041574095375835896
1718000000,3.5232770442962646,0.11645955592393875,-0.011019391007721424,0.6520597338676453,-5.405228137969971,42.85102462768555,0.0041574095375835896
1719000000,3.5230917930603027,0.11643584072589874,-0.010980512015521526,0.6521122455596924,-5.387360095977783,42.85064697265625,0.0041574095375835896
1720000000,3.522906541824341,0.11641218513250351,-0.010942129418253899,0.65216463804245,-5.369723320007324,42.85026931762695,0.0041574095375835896
1721000000,3.522721290588379,0.11638858169317245,-0.010904236696660519,0.652216911315918,-5.3523149490356445,42.84989547729492,0.0041574095375835896
1722000000,3.522536277770996,0.11636503040790558,-0.010866830125451088,0.6522690057754517,-5.3351335525512695,42.849525451660156,0.0041574095375835896
1723000000,3.5223515033721924,0.11634153127670288,-0.010829905979335308,0.6523209810256958,-5.318177223205566,42.849159240722656,0.0041574095375835896
1724000000,3.5221667289733887,0.11631808429956436,-0.010793457739055157,0.6523728370666504,-5.301443576812744,42.84879684448242,0.0041574095375835896
1725000000,3.521981954574585,0.11629468947649002,-0.010757483541965485,0.6524245142936707,-5.28493070602417,42.84843444824219,0.0041574095375835896
1726000000,3.5217974185943604,0.11627134680747986,-0.01072197686880827,0.6524760723114014,-5.268636703491211,42.848079681396484,0.0041574095375835896
1727000000,3.5216128826141357,0.11624806374311447,-0.010686933062970638,0.6525274515151978,-5.252559661865234,42.847721099853516,0.0041574095375835896
1728000000,3.5214285850524902,0.11622481793165207,-0.010652350261807442,0.6525787115097046,-5.236697673797607,42.84737014770508,0.0041574095375835896
1729000000,3.5212442874908447,0.11620163172483444,-0.010618221946060658,0.6526298522949219,-5.2210493087768555,42.84701919555664,0.0041574095375835896
1730000000,3.5210602283477783,0.116178497672081,-0.010584544390439987,0.6526808738708496,-5.205611705780029,42.84667205810547,0.0041574095375835896
1731000000,3.520876169204712,0.11615540832281113,-0.010551313869655132,0.652731716632843,-5.190383434295654,42.84632873535156,0.0041574095375835896
1732000000,3.5206921100616455,0.11613237857818604,-0.01051852572709322,0.6527824401855469,-5.175363063812256,42.84598922729492,0.0041574095375835896
1733000000,3.520508289337158,0.11610939353704453,-0.010486176237463951,0.6528330445289612,-5.160548210144043,42.84564971923828,0.0041574095375835896
1734000000,3.52032470703125,0.1160864531993866,-0.010454260744154453,0.6528835296630859,-5.145936965942383,42.845314025878906,0.0041574095375835896
1735000000,3.5201408863067627,0.11606357246637344,-0.010422775521874428,0.6529338359832764,-5.131527900695801,42.84497833251953,0.0041574095375835896
1736000000,3.5199575424194336,0.11604073643684387,-0.010391716845333576,0.6529840230941772,-5.117319107055664,42.84465026855469,0.0041574095375835896
1737000000,3.5197739601135254,0.11601795256137848,-0.010361080057919025,0.6530340909957886,-5.103309154510498,42.844322204589844,0.0041574095375835896
1738000000,3.5195906162261963,0.11599521338939667,-0.010330861434340477,0.6530840396881104,-5.0894951820373535,42.843994140625,0.0041574095375835896
1739000000,3.5194075107574463,0.11597252637147903,-0.010301057249307632,0.6531338095664978,-5.075876712799072,42.84367370605469,0.0041574095375835896
1740000000,3.519224166870117,0.11594989150762558,-0.010271662846207619,0.6531834602355957,-5.062450885772705,42.843353271484375,0.0041574095375835896
1742000000,3.5257248878479004,0.11613620072603226,-0.010604092851281166,0.6532666683197021,-5.217061996459961,24.63544273376465,0.0026309967506676912
1742000000,3.525692939758301,0.1165674701333046,-0.010872844606637955,0.6519759297370911,-5.32885217666626,33.835384368896484,0.0034181212540715933
1743000000,3.527829647064209,0.11671295017004013,-0.010892854072153568,0.6517526507377625,-5.331986427307129,40.39847183227539,0.0039617158472537994
1744000000,3.527533531188965,0.1169663593173027,-0.01092749647796154,0.6509672403335571,-5.337324142456055,41.81196212768555,0.004079131875187159
1745000000,3.5272655487060547,0.11719752848148346,-0.010951822623610497,0.6502508521080017,-5.33864688873291,42.07464599609375,0.0040965271182358265
1746000000,3.5269975662231445,0.11742758005857468,-0.010974997654557228,0.6495376825332642,-5.339457988739014,42.07670974731445,0.0040965271182358265
1747000000,3.5267295837402344,0.11765613406896591,-0.010997678153216839,0.6488288640975952,-5.340095520019531,42.07853698730469,0.0040965271182358265
1748000000,3.5265495777130127,0.1176450103521347,-0.011050248518586159,0.6488441824913025,-5.3659772872924805,42.844879150390625,0.0041574095375835896
1749000000,3.52636981010437,0.11763494461774826,-0.011100009083747864,0.6488562822341919,-5.3904571533203125,42.84832000732422,0.0041574095375835896
1750000000,3.5261895656585693,0.1176249235868454,-0.011149286292493343,0.6488682627677917,-5.414704322814941,42.84857177734375,0.0041574095375835896
1751000000,3.5260093212127686,0.11761494725942612,-0.011198085732758045,0.648880124092102,-5.438720703125,42.848819732666016,0.0041574095375835896
1752000000,3.5258290767669678,0.11760501563549042,-0.011246411129832268,0.648891806602478,-5.462508201599121,42.84906768798828,0.0041574095375835896
1753000000,3.525648593902588,0.1175951212644577,-0.011294267140328884,0.6489033699035645,-5.486069679260254,42.84931182861328,0.0041574095375835896
1754000000,3.525468111038208,0.11758527904748917,-0.011341657489538193,0.6489147543907166,-5.509406089782715,42.84955596923828,0.0041574095375835896
1755000000,3.525287389755249,0.11757547408342361,-0.011388587765395641,0.6489260792732239,-5.532520771026611,42.849796295166016,0.0041574095375835896
1757000000,3.52510666847229,0.11756571382284164,-0.011435061693191528,0.6489372253417969,-5.55541467666626,42.85003662109375,0.0041574095375835896
1757000000,3.524925708770752,0.11755599081516266,-0.011481082998216152,0.6489481925964355,-5.578090667724609,42.85027313232422,0.0041574095375835896
1758000000,3.524744749069214,0.11754631251096725,-0.01152665726840496,0.6489591002464294,-5.600550651550293,42.85050582885742,0.0041574095375835896
1759000000,3.5245635509490967,0.11753667145967484,-0.011571787297725677,0.648969829082489,-5.622796058654785,42.850738525390625,0.0041574095375835896
1760000000,3.5243823528289795,0.1175270676612854,-0.011616477742791176,0.648980438709259,-5.644829750061035,42.85097122192383,0.0041574095375835896
1761000000,3.524200916290283,0.11751750856637955,-0.011660733260214329,0.6489909291267395,-5.666653156280518,42.851200103759766,0.0041574095375835896
1762000000,3.524019479751587,0.11750798672437668,-0.01170455664396286,0.6490013003349304,-5.688268184661865,42.85142517089844,0.0041574095375835896
1763000000,3.5238378047943115,0.11749850958585739,-0.011747953481972218,0.6490115523338318,-5.709677219390869,42.85165023803711,0.0041574095375835896
1764000000,3.523656129837036,0.11748906224966049,-0.0117909274995327,0.6490216851234436,-5.730882167816162,42.85187530517578,0.0041574095375835896
1765000000,3.525576591491699,0.11755485832691193,-0.011936855502426624,0.6490163803100586,-5.798103332519531,36.48395538330078,0.0036442566197365522
1766000000,3.525569438934326,0.11762440949678421,-0.011968175880610943,0.6488080620765686,-5.809798717498779,42.51303482055664,0.004131317138671875
1767000000,3.5255658626556396,0.11763177067041397,-0.012014973908662796,0.6487857103347778,-5.831997871398926,42.34352111816406,0.004122619517147541
1768000000,3.5255627632141113,0.11762256920337677,-0.012063956819474697,0.6488128900527954,-5.856063365936279,42.37236785888672,0.004122619517147541
1769000000,3.525559186935425,0.11763087660074234,-0.012109857983887196,0.6487876772880554,-5.877777099609375,42.343997955322266,0.004122619517147541
1770000000,3.5255582332611084,0.1176312044262886,-0.012121480889618397,0.6487866044044495,-5.883362293243408,42.33535385131836,0.004118270706385374
1771000000,3.5255584716796875,0.11761144548654556,-0.012126929126679897,0.6488456726074219,-5.886970043182373,42.365013122558594,0.004122619517147541
1772000000,3.5255589485168457,0.11759179830551147,-0.012131787836551666,0.6489043235778809,-5.890289306640625,42.36472702026367,0.004122619517147541
1773000000,3.525559425354004,0.11757227033376694,-0.012136613950133324,0.6489627361297607,-5.893588066101074,42.36457824707031,0.004122619517147541
1774000000,3.525559902191162,0.11755286157131195,-0.012141425162553787,0.6490207314491272,-5.89687442779541,42.364437103271484,0.004122619517147541
1775000000,3.525559902191162,0.1175510436296463,-0.01214201282709837,0.6490261554718018,-5.897248268127441,42.33489990234375,0.004118270706385374
1776000000,3.532517910003662,0.1176551803946495,-0.01190536841750145,0.649407148361206,-5.778015613555908,37.0478515625,0.003687744028866291
1777000000,3.5232808589935303,0.11788298934698105,-0.012066670693457127,0.6478073596954346,-5.844521522521973,49.06608200073242,0.00465316791087389
1778000000,3.513956069946289,0.11815822124481201,-0.01219614502042532,0.6460482478141785,-5.893129348754883,48.83495330810547,0.004635772667825222
1779000000,3.5307798385620117,0.11829661577939987,-0.011715251952409744,0.6473222374916077,-5.655723571777344,27.88775634765625,0.0029136657249182463
1780000000,3.5255823135375977,0.11843979358673096,-0.011948555707931519,0.6463748216629028,-5.760677337646484,40.657310485839844,0.003983459435403347
1781000000,3.525555372238159,0.11875591427087784,-0.012191370129585266,0.6454282999038696,-5.861397743225098,31.490703582763672,0.0032224273309111595
1782000000,3.5338306427001953,0.11904206871986389,-0.011900133453309536,0.645406186580658,-5.708652019500732,32.605045318603516,0.0033181000035256147
1783000000,3.5242760181427,0.11946364492177963,-0.012044205330312252,0.6431857347488403,-5.757050037384033,48.21543502807617,0.004587936215102673
1784000000,3.5146102905273438,0.11994659900665283,-0.012147266417741776,0.6407579779624939,-5.782758712768555,47.922119140625,0.004566192626953125
1785000000,3.5351529121398926,0.12042305618524551,-0.011838017962872982,0.6414268016815186,-5.614342212677002,23.379833221435547,0.0025179290678352118
1786000000,3.530857563018799,0.12065862864255905,-0.011851164512336254,0.6402882933616638,-5.609633445739746,42.13777542114258,0.0041052247397601604
1787000000,3.5217390060424805,0.12100551277399063,-0.01195188332349062,0.6383200883865356,-5.64088773727417,49.43751907348633,0.004687957931309938
1788000000,3.5125668048858643,0.12137728184461594,-0.012033384293317795,0.6362615823745728,-5.661821365356445,49.29652404785156,0.0046705626882612705
1789000000,3.5318350791931152,0.12174668908119202,-0.01172754354774952,0.6371449828147888,-5.502177715301514,26.271013259887695,0.0027745056431740522
1790000000,3.5307068824768066,0.122034452855587,-0.011753275990486145,0.6361711025238037,-5.501253604888916,39.80592346191406,0.00391387939453125
1791000000,3.5214953422546387,0.12240844964981079,-0.011869529262185097,0.6341014504432678,-5.538461208343506,49.18686294555664,0.004661865066736937
1792000000,3.525402069091797,0.12281955778598785,-0.012110840529203415,0.6332794427871704,-5.631546497344971,27.57761573791504,0.0028875733260065317
1793000000,3.5317676067352295,0.12308638542890549,-0.011888054199516773,0.6331450939178467,-5.516687870025635,36.66984558105469,0.0036573028191924095
1794000000,3.5222039222717285,0.12351753562688828,-0.012016433291137218,0.6308605074882507,-5.556548118591309,48.20115661621094,0.004587936215102673
1795000000,3.5125584602355957,0.12398650497198105,-0.012114893645048141,0.6284414529800415,-5.5807342529296875,47.986324310302734,0.004574890248477459
1796000000,3.5306100845336914,0.12444894760847092,-0.011836420744657516,0.6289624571800232,-5.433095932006836,25.71353530883789,0.0027266694232821465
1797000000,3.529477596282959,0.1247401311993599,-0.011856695637106895,0.6279749870300293,-5.429718017578125,39.667137145996094,0.003905181773006916
1798000000,3.5286128520965576,0.12512832880020142,-0.011854845099151134,0.6267257332801819,-5.41213321685791,42.119747161865234,0.0041052247397601604
1799000000,3.5192995071411133,0.12551750242710114,-0.011960748583078384,0.6245738863945007,-5.443363189697266,48.90975570678711,0.004644470289349556
1800000000,3.5269556045532227,0.12592610716819763,-0.011818121187388897,0.6241693496704102,-5.361485004425049,35.143009185791016,0.0035311889369040728
1801000000,3.525304079055786,0.12632685899734497,-0.012040183879435062,0.6227967143058777,-5.444401741027832,35.155982971191406,0.0035311889369040728
1802000000,3.525278329849243,0.12663628160953522,-0.012286086566746235,0.6218699812889099,-5.54141902923584,33.266815185546875,0.0033746338449418545
1803000000,3.5308163166046143,0.12695354223251343,-0.012219049967825413,0.6215172410011292,-5.4976806640625,36.484622955322266,0.0036442566197365522
1805000000,3.5214169025421143,0.12728235125541687,-0.012348566204309464,0.6195241212844849,-5.5413289070129395,48.65574645996094,0.004627075046300888
1805000000,3.529106378555298,0.127648264169693,-0.012213941663503647,0.6192616820335388,-5.465669631958008,34.732666015625,0.0034963989164680243
1806000000,3.528202533721924,0.12796206772327423,-0.012231417000293732,0.6182279586791992,-5.460101127624512,41.606414794921875,0.004061737097799778
1807000000,3.5190227031707764,0.12826596200466156,-0.012342489324510098,0.6163229942321777,-5.4964070320129395,49.269989013671875,0.0046705626882612705
1808000000,3.526681423187256,0.12859050929546356,-0.012205170467495918,0.616187572479248,-5.421987056732178,35.694175720214844,0.0035790251567959785
1809000000,3.5257883071899414,0.1288985162973404,-0.012220574542880058,0.6151707172393799,-5.415894031524658,41.649234771728516,0.004066085908561945
1810000000,3.5250985622406006,0.12898744642734528,-0.012249247170984745,0.6148298978805542,-5.4248046875,43.35744857788086,0.004205245990306139
1811000000,3.52441143989563,0.12907801568508148,-0.012273081578314304,0.6144843101501465,-5.431506156921387,43.36287307739258,0.004205245990306139
1812000000,3.5237276554107666,0.12916778028011322,-0.012296970933675766,0.6141413450241089,-5.43825626373291,43.36647033691406,0.004205245990306139
1813000000,3.5147902965545654,0.12925654649734497,-0.012432304210960865,0.6128943562507629,-5.493988990783691,49.90471649169922,0.004722747951745987
1814000000,3.5252881050109863,0.12936557829380035,-0.012451189570128918,0.613721489906311,-5.497674465179443,28.861379623413086,0.0030006407760083675
1815000000,3.5252792835235596,0.12958380579948425,-0.0125156594440341,0.6130689382553101,-5.516716003417969,40.90989303588867,0.004009551834315062
1816000000,3.525275468826294,0.12969917058944702,-0.012555926106870174,0.6127240061759949,-5.529462814331055,41.94431686401367,0.0040878294967114925
1817000000,3.5252726078033447,0.1298103630542755,-0.012580625712871552,0.6123917102813721,-5.535556793212891,42.401363372802734,0.004126968327909708
1818000000,3.525270462036133,0.12991218268871307,-0.012604855000972748,0.6120874881744385,-5.5418314933776855,42.43185043334961,0.004131317138671875
1819000000,3.5252685546875,0.1300116330385208,-0.012629583477973938,0.6117902994155884,-5.548415184020996,42.419883728027344,0.004131317138671875
1820000000,3.525266408920288,0.13011036813259125,-0.012654288671910763,0.6114952564239502,-5.555008411407471,42.42087173461914,0.004131317138671875
1821000000,3.5252645015716553,0.1302083283662796,-0.012678978033363819,0.6112025380134583,-5.561617374420166,42.42197036743164,0.004131317138671875
1822000000,3.5252625942230225,0.13030554354190826,-0.012703650631010532,0.610912024974823,-5.568240642547607,42.423065185546875,0.004131317138671875
1823000000,3.525261402130127,0.1303856372833252,-0.012730713933706284,0.6106727123260498,-5.576622009277344,42.45252990722656,0.004131317138671875
1824000000,3.525259494781494,0.1304810792207718,-0.012755505740642548,0.6103875041007996,-5.5833516120910645,42.42555236816406,0.004131317138671875
1825000000,3.5252575874328613,0.13057595491409302,-0.012780256569385529,0.6101040244102478,-5.590078353881836,42.42626190185547,0.004131317138671875
1826000000,3.5252556800842285,0.13067008554935455,-0.012804988771677017,0.6098227500915527,-5.596818447113037,42.427330017089844,0.004131317138671875
1827000000,3.525254011154175,0.1307634860277176,-0.012829700484871864,0.6095436811447144,-5.603570938110352,42.42838668823242,0.004131317138671875
1828000000,3.5252528190612793,0.13084040582180023,-0.012856176123023033,0.6093138456344604,-5.611780643463135,42.458091735839844,0.004131317138671875
1829000000,3.525251626968384,0.13091671466827393,-0.012882622890174389,0.6090858578681946,-5.619994640350342,42.4589958190918,0.004131317138671875
1830000000,3.5252506732940674,0.13099242746829987,-0.012909040786325932,0.6088597178459167,-5.628211498260498,42.459896087646484,0.004131317138671875
1831000000,3.525249481201172,0.13106752932071686,-0.012935429811477661,0.6086353063583374,-5.636431694030762,42.46078872680664,0.004131317138671875
1832000000,3.525247812271118,0.13115783035755157,-0.01295960508286953,0.6083654761314392,-5.643034934997559,42.434085845947266,0.004131317138671875
1833000000,3.5252468585968018,0.1312316358089447,-0.012985937297344208,0.608144998550415,-5.6512675285339355,42.462677001953125,0.004131317138671875
1834000000,3.5252456665039062,0.13130486011505127,-0.013012239709496498,0.6079262495040894,-5.659502029418945,42.46355438232422,0.004131317138671875
1835000000,3.52524471282959,0.13137748837471008,-0.013038511388003826,0.6077092289924622,-5.667739391326904,42.46442413330078,0.004131317138671875
1836000000,3.5252437591552734,0.13144955039024353,-0.013064753264188766,0.6074939966201782,-5.675979137420654,42.46528625488281,0.004131317138671875
1837000000,3.5252420902252197,0.13153673708438873,-0.013088813982903957,0.607233464717865,-5.682619571685791,42.43872833251953,0.004131317138671875
1838000000,3.5252411365509033,0.1316075325012207,-0.013114995323121548,0.6070219278335571,-5.690868854522705,42.46711730957031,0.004131317138671875
1839000000,3.5252394676208496,0.13169346749782562,-0.013139006681740284,0.6067651510238647,-5.697524070739746,42.44057083129883,0.004131317138671875
1840000000,3.525238037109375,0.13177888095378876,-0.013162974268198013,0.6065099239349365,-5.704172611236572,42.441192626953125,0.004131317138671875
1841000000,3.5252363681793213,0.13186362385749817,-0.013186916708946228,0.6062567234039307,-5.710831642150879,42.442161560058594,0.004131317138671875
1842000000,3.525235652923584,0.13193188607692719,-0.013212979771196842,0.606052815914154,-5.7191033363342285,42.4708366394043,0.004131317138671875
1843000000,3.5252339839935303,0.132015198469162,-0.013236899860203266,0.605803906917572,-5.725796222686768,42.444427490234375,0.004131317138671875
1844000000,3.525233268737793,0.1320822536945343,-0.013262900523841381,0.6056035161018372,-5.734074592590332,42.47259521484375,0.004131317138671875
1845000000,3.5252325534820557,0.13214877247810364,-0.01328886765986681,0.605404794216156,-5.742353916168213,42.47340393066406,0.004131317138671875
1846000000,3.5252315998077393,0.13221475481987,-0.013314802199602127,0.6052076816558838,-5.7506327629089355,42.47420883178711,0.004131317138671875
1847000000,3.525230884552002,0.13228021562099457,-0.013340702280402184,0.6050121784210205,-5.758912563323975,42.47500991821289,0.004131317138671875
1848000000,3.5252294540405273,0.13236063718795776,-0.013364490121603012,0.6047718524932861,-5.765629768371582,42.44873809814453,0.004131317138671875
1849000000,3.52522873878479,0.13242493569850922,-0.013390325009822845,0.6045798063278198,-5.773914337158203,42.47671127319336,0.004131317138671875
1850000000,3.5252273082733154,0.13250420987606049,-0.013414056971669197,0.6043429374694824,-5.780641555786133,42.4504508972168,0.004131317138671875
1851000000,3.52522611618042,0.13258300721645355,-0.013437741436064243,0.6041074991226196,-5.787360191345215,42.451011657714844,0.004131317138671875
1852000000,3.5252246856689453,0.13266117870807648,-0.013461397960782051,0.6038739085197449,-5.794086456298828,42.4519157409668,0.004131317138671875
1853000000,3.5252232551574707,0.13273873925209045,-0.013485027477145195,0.6036421656608582,-5.800819396972656,42.45281219482422,0.004131317138671875
1854000000,3.5252227783203125,0.13280007243156433,-0.01351069938391447,0.6034589409828186,-5.809121131896973,42.481056213378906,0.004135665949434042
1855000000,3.525221347808838,0.132876455783844,-0.013534161262214184,0.6032307147979736,-5.815817832946777,42.453304290771484,0.004131317138671875
1856000000,3.5252208709716797,0.13293668627738953,-0.013559765182435513,0.6030508279800415,-5.824122428894043,42.48268127441406,0.004135665949434042
1857000000,3.5252201557159424,0.1329965889453888,-0.013585196807980537,0.6028718948364258,-5.832360744476318,42.48179244995117,0.004135665949434042
1858000000,3.525219678878784,0.13305599987506866,-0.013610593043267727,0.6026944518089294,-5.840597629547119,42.4825325012207,0.004135665949434042
1859000000,3.525219202041626,0.13311491906642914,-0.013635953888297081,0.6025184392929077,-5.848833084106445,42.48326873779297,0.004135665949434042
1860000000,3.5252184867858887,0.13317334651947021,-0.013661278411746025,0.6023438572883606,-5.857066631317139,42.4839973449707,0.004135665949434042
1861000000,3.525217294692993,0.13324661552906036,-0.01368456520140171,0.6021249890327454,-5.863777160644531,42.4580192565918,0.004131317138671875
1862000000,3.525216817855835,0.1333039104938507,-0.013709984719753265,0.6019538640975952,-5.872086048126221,42.48561477661133,0.004135665949434042
1863000000,3.5252158641815186,0.13337618112564087,-0.01373323705047369,0.601737916469574,-5.878810405731201,42.458011627197266,0.004131317138671875
1864000000,3.5252153873443604,0.13343244791030884,-0.013758585788309574,0.6015698313713074,-5.887119770050049,42.487159729003906,0.004135665949434042
1865000000,3.525214910507202,0.13348838686943054,-0.01378375943750143,0.601402759552002,-5.895360469818115,42.48623275756836,0.004135665949434042
1866000000,3.525214433670044,0.13354387879371643,-0.013808895833790302,0.6012369990348816,-5.903599262237549,42.486934661865234,0.004135665949434042
1867000000,3.5252139568328857,0.1335989087820053,-0.01383399497717619,0.6010726690292358,-5.911834716796875,42.487632751464844,0.004135665949434042
1868000000,3.5252134799957275,0.13365347683429718,-0.013859055936336517,0.6009096503257751,-5.92006778717041,42.48832702636719,0.004135665949434042
1869000000,3.525212526321411,0.13372279703617096,-0.01388212013989687,0.6007025241851807,-5.926797389984131,42.462493896484375,0.004131317138671875
1870000000,3.525212049484253,0.1337762027978897,-0.01390724629163742,0.6005430221557617,-5.935094356536865,42.4914436340332,0.004135665949434042
1871000000,3.5252115726470947,0.13382932543754578,-0.013932195492088795,0.6003843545913696,-5.943322658538818,42.49049377441406,0.004135665949434042
1872000000,3.5252113342285156,0.13388201594352722,-0.01395710650831461,0.6002269983291626,-5.951547145843506,42.49116516113281,0.004135665949434042
1873000000,3.5252108573913574,0.13393425941467285,-0.013981979340314865,0.6000709533691406,-5.959767818450928,42.49183654785156,0.004135665949434042
1874000000,3.5252106189727783,0.13398607075214386,-0.014006813988089561,0.5999162197113037,-5.967985153198242,42.49250030517578,0.004135665949434042
1875000000,3.525210380554199,0.13403743505477905,-0.014031609520316124,0.5997627377510071,-5.976199150085449,42.493160247802734,0.004135665949434042
1876000000,3.5252091884613037,0.13410349190235138,-0.014054442755877972,0.5995653867721558,-5.982925891876221,42.467464447021484,0.004131317138671875
1877000000,3.5252089500427246,0.13415375351905823,-0.014079301618039608,0.5994153022766113,-5.991202354431152,42.496212005615234,0.004140014760196209
1878000000,3.5252087116241455,0.13420391082763672,-0.014103841036558151,0.5992655158042908,-5.99934196472168,42.49360275268555,0.004135665949434042
1879000000,3.525207757949829,0.13426858186721802,-0.014126570895314217,0.599072277545929,-6.006066799163818,42.46954345703125,0.004131317138671875
1880000000,3.5252068042755127,0.13433273136615753,-0.014149388298392296,0.5988805890083313,-6.012844562530518,42.471588134765625,0.004135665949434042
1881000000,3.5252065658569336,0.13438129425048828,-0.014173951931297779,0.5987356305122375,-6.0210466384887695,42.497379302978516,0.004140014760196209
1882000000,3.5252063274383545,0.13442958891391754,-0.014198335818946362,0.5985913872718811,-6.029177665710449,42.49637985229492,0.004140014760196209
1883000000,3.5252060890197754,0.13447748124599457,-0.014222681522369385,0.5984483361244202,-6.037303924560547,42.497005462646484,0.004140014760196209
1884000000,3.525205373764038,0.13453997671604156,-0.014245102182030678,0.5982615947723389,-6.0439629554748535,42.47145080566406,0.004135665949434042
1885000000,3.525205135345459,0.1345868706703186,-0.014269541949033737,0.5981215834617615,-6.052161693572998,42.498416900634766,0.004140014760196209
1886000000,3.5252041816711426,0.13464853167533875,-0.014291924424469471,0.5979373455047607,-6.058828830718994,42.47124481201172,0.004135665949434042
1887000000,3.5252034664154053,0.1347096860408783,-0.014314394444227219,0.5977546572685242,-6.065548896789551,42.47325897216797,0.004135665949434042
1888000000,3.525202751159668,0.13477034866809845,-0.014336829073727131,0.5975733995437622,-6.072269916534424,42.4739875793457,0.004135665949434042
1889000000,3.5252017974853516,0.1348305344581604,-0.014359227381646633,0.5973936319351196,-6.0789923667907715,42.47471237182617,0.004135665949434042
1890000000,3.5252017974853516,0.1348750740289688,-0.014383469708263874,0.597260594367981,-6.08718204498291,42.50190353393555,0.004140014760196209
1891000000,3.525200843811035,0.13493432104587555,-0.014405678026378155,0.5970836281776428,-6.09385347366333,42.47486114501953,0.004135665949434042
1892000000,3.525200843811035,0.1349780112504959,-0.014429840259253979,0.5969530940055847,-6.102036476135254,42.50319290161133,0.004140014760196209
1893000000,3.525200128555298,0.1350363940000534,-0.014451976865530014,0.5967786908149719,-6.108704090118408,42.476158142089844,0.004135665949434042
1894000000,3.5251994132995605,0.1350942999124527,-0.014474201016128063,0.5966057181358337,-6.115424156188965,42.4781379699707,0.004135665949434042
1895000000,3.5251986980438232,0.13515174388885498,-0.014496388845145702,0.5964341163635254,-6.1221442222595215,42.47883224487305,0.004135665949434042
1896000000,3.525197982788086,0.13520871102809906,-0.014518539421260357,0.5962639451026917,-6.128864288330078,42.47952651977539,0.004135665949434042
1897000000,3.525197982788086,0.13525018095970154,-0.01454249955713749,0.5961400866508484,-6.137033939361572,42.50651550292969,0.004140014760196209
1898000000,3.5251972675323486,0.135306254029274,-0.014564457349479198,0.5959725379943848,-6.143701553344727,42.4796142578125,0.004135665949434042
1899000000,3.5251972675323486,0.1353469043970108,-0.014588335528969765,0.5958511829376221,-6.151862621307373,42.50774383544922,0.004140014760196209
1900000000,3.5251965522766113,0.13540217280387878,-0.014610218815505505,0.5956860780715942,-6.158524036407471,42.4808464050293,0.004135665949434042
1901000000,3.5251965522766113,0.13544203341007233,-0.014634015038609505,0.5955670475959778,-6.1666765213012695,42.50895309448242,0.004140014760196209
1902000000,3.5251965522766113,0.13548168540000916,-0.014657625928521156,0.5954486727714539,-6.174755573272705,42.507877349853516,0.004140014760196209
1903000000,3.525196075439453,0.1355358064174652,-0.014679396525025368,0.595287024974823,-6.181405544281006,42.482608795166016,0.004135665949434042
1904000000,3.525195360183716,0.13558948040008545,-0.014701255597174168,0.5951266288757324,-6.188107490539551,42.48453903198242,0.004135665949434042
1905000000,3.525195360183716,0.13562776148319244,-0.01472488697618246,0.595012366771698,-6.1962409019470215,42.511329650878906,0.004140014760196209
1906000000,3.5251948833465576,0.13568060100078583,-0.014746548607945442,0.594854474067688,-6.202887535095215,42.484561920166016,0.004135665949434042
1907000000,3.5251948833465576,0.13571812212467194,-0.014770097099244595,0.594742476940155,-6.2110114097595215,42.512489318847656,0.004140014760196209
1908000000,3.5251944065093994,0.13577018678188324,-0.014791682362556458,0.5945869088172913,-6.217650413513184,42.4857292175293,0.004135665949434042
1909000000,3.525193929672241,0.13582183420658112,-0.014813357032835484,0.5944326519966125,-6.224340438842773,42.48764419555664,0.004135665949434042
1910000000,3.525193214416504,0.13587306439876556,-0.014834988862276077,0.5942796468734741,-6.231026649475098,42.48838806152344,0.004140014760196209
1911000000,3.525193452835083,0.13590914011001587,-0.014858216047286987,0.5941718816757202,-6.239062309265137,42.513404846191406,0.004140014760196209
1912000000,3.525193691253662,0.1359449028968811,-0.014881400391459465,0.5940651297569275,-6.247089862823486,42.51390075683594,0.004140014760196209
1913000000,3.525193691253662,0.13598033785820007,-0.014904540963470936,0.5939593315124512,-6.2551093101501465,42.5143928527832,0.004140014760196209
1914000000,3.525193214416504,0.13603012263774872,-0.014925888739526272,0.5938106179237366,-6.261723041534424,42.48937225341797,0.004140014760196209
1915000000,3.5251927375793457,0.13607963919639587,-0.014947178773581982,0.593662679195404,-6.268320083618164,42.48963928222656,0.004140014760196209
1916000000,3.5251922607421875,0.1361287534236908,-0.014968427829444408,0.5935159921646118,-6.274913787841797,42.49024200439453,0.004140014760196209
1917000000,3.5278375148773193,0.13618995249271393,-0.01512093935161829,0.5936381816864014,-6.33550500869751,34.46684265136719,0.00347900390625
1918000000,3.527679443359375,0.13631479442119598,-0.015129915438592434,0.5932474732398987,-6.333476543426514,43.0952262878418,0.004183502402156591
1919000000,3.5274429321289062,0.13650545477867126,-0.01512923464179039,0.5926512479782104,-6.32442045211792,42.424713134765625,0.004131317138671875
1920000000,3.5272068977355957,0.13669350743293762,-0.015130782499909401,0.5920627117156982,-6.316430568695068,42.42524337768555,0.004131317138671875
1921000000,3.5269711017608643,0.13688015937805176,-0.015132354572415352,0.5914784073829651,-6.308537006378174,42.42644119262695,0.004131317138671875
1922000000,3.526735544204712,0.13706539571285248,-0.015133948065340519,0.5908982753753662,-6.30073881149292,42.42762756347656,0.004131317138671875
1923000000,3.526566743850708,0.137094646692276,-0.015147918835282326,0.5907913446426392,-6.305172920227051,42.979393005371094,0.0041748047806322575
1924000000,3.526397705078125,0.1371244639158249,-0.01516012754291296,0.5906827449798584,-6.3088531494140625,42.981266021728516,0.0041748047806322575
1925000000,3.526228904724121,0.13715392351150513,-0.01517243031412363,0.5905752182006836,-6.312585353851318,42.981361389160156,0.0041748047806322575
1926000000,3.5260603427886963,0.1371830552816391,-0.015184824354946613,0.59046870470047,-6.316370487213135,42.98145294189453,0.0041748047806322575
1927000000,3.5258920192718506,0.13721182942390442,-0.015197309665381908,0.5903632044792175,-6.320206642150879,42.981544494628906,0.0041748047806322575
1928000000,3.525723695755005,0.13724026083946228,-0.015209885314106941,0.590258777141571,-6.324093818664551,42.981632232666016,0.0041748047806322575
1929000000,3.5255556106567383,0.13726836442947388,-0.015222548507153988,0.590155303478241,-6.328031539916992,42.98171615600586,0.0041748047806322575
1930000000,3.5253875255584717,0.13729612529277802,-0.015235298313200474,0.5900529026985168,-6.3320183753967285,42.98179626464844,0.0041748047806322575
1931000000,3.525219678878784,0.1373235583305359,-0.015248134732246399,0.5899514555931091,-6.33605432510376,42.981876373291016,0.0041748047806322575
1932000000,3.5250518321990967,0.1373506486415863,-0.01526105497032404,0.5898510813713074,-6.340138912200928,42.98195266723633,0.0041748047806322575
1933000000,3.5248844623565674,0.13737742602825165,-0.015274059027433395,0.5897516012191772,-6.344270706176758,42.982025146484375,0.0041748047806322575
1934000000,3.524717092514038,0.13740386068820953,-0.015287145040929317,0.5896531939506531,-6.34844970703125,42.98209762573242,0.0041748047806322575
1935000000,3.524549722671509,0.13742998242378235,-0.015300311148166656,0.5895556807518005,-6.352675437927246,42.98216247558594,0.0041748047806322575
1936000000,3.5243825912475586,0.1374557763338089,-0.015313558280467987,0.5894591808319092,-6.3569464683532715,42.98222732543945,0.0041748047806322575
1937000000,3.5242156982421875,0.13748125731945038,-0.01532688271254301,0.5893636345863342,-6.361263275146484,42.98229217529297,0.0041748047806322575
1938000000,3.5240488052368164,0.1375064253807068,-0.015340285375714302,0.5892689824104309,-6.36562442779541,42.98234939575195,0.0041748047806322575
1939000000,3.5238821506500244,0.13753128051757812,-0.015353763476014137,0.5891753435134888,-6.370029926300049,42.98240661621094,0.0041748047806322575
1940000000,3.5237154960632324,0.1375558078289032,-0.015367317013442516,0.5890825986862183,-6.374478340148926,42.982460021972656,0.0041748047806322575
1941000000,3.5235490798950195,0.1375800371170044,-0.01538094412535429,0.5889908075332642,-6.378970146179199,42.982513427734375,0.0041748047806322575
1942000000,3.5233829021453857,0.1376039683818817,-0.015394643880426884,0.5888999700546265,-6.383504390716553,42.98256301879883,0.0041748047806322575
1943000000,3.523216724395752,0.13762758672237396,-0.015408416278660297,0.5888100266456604,-6.38808012008667,42.982608795166016,0.0041748047806322575
1944000000,3.5230507850646973,0.13765090703964233,-0.015422258526086807,0.588720977306366,-6.392697334289551,42.98265075683594,0.0041748047806322575
1945000000,3.5228848457336426,0.13767392933368683,-0.015436169691383839,0.5886328220367432,-6.397355079650879,42.98269271850586,0.0041748047806322575
1946000000,3.522719144821167,0.13769663870334625,-0.015450149774551392,0.588545560836792,-6.402053356170654,42.982730865478516,0.0041748047806322575
1947000000,3.5225534439086914,0.13771910965442657,-0.015464228577911854,0.5884590744972229,-6.406801700592041,42.98157501220703,0.0041748047806322575
1948000000,3.522387981414795,0.13774128258228302,-0.015478372573852539,0.5883734822273254,-6.411589622497559,42.98160934448242,0.0041748047806322575
1949000000,3.5222225189208984,0.13776317238807678,-0.015492582693696022,0.5882887840270996,-6.416415691375732,42.98163986206055,0.0041748047806322575
1950000000,3.522057294845581,0.13778476417064667,-0.015506856143474579,0.5882049202919006,-6.4212799072265625,42.98167037963867,0.0041748047806322575
1951000000,3.5246810913085938,0.13781893253326416,-0.015659665688872337,0.588409423828125,-6.482426643371582,34.552833557128906,0.003487701527774334
1952000000,3.524677038192749,0.13793158531188965,-0.015678705647587776,0.5880724787712097,-6.4849853515625,42.6486930847168,0.004148712381720543
1953000000,3.5246775150299072,0.13795171678066254,-0.015699289739131927,0.5880124568939209,-6.492487907409668,42.531497955322266,0.004140014760196209
1954000000,3.524677276611328,0.13798540830612183,-0.015718460083007812,0.5879117846488953,-6.498773097991943,42.51362609863281,0.004140014760196209
1955000000,3.524677276611328,0.1380189210176468,-0.015737581998109818,0.5878117084503174,-6.5050458908081055,42.51384735107422,0.004140014760196209
1956000000,3.524677276611328,0.13805213570594788,-0.015756670385599136,0.5877124667167664,-6.511314868927002,42.51428985595703,0.004140014760196209
1957000000,3.524677038192749,0.13808506727218628,-0.01577572524547577,0.587614119052887,-6.517579555511475,42.51472473144531,0.004140014760196209
1958000000,3.5246777534484863,0.13810347020626068,-0.015796350315213203,0.5875592827796936,-6.525165557861328,42.539833068847656,0.004140014760196209
1959000000,3.5246782302856445,0.13812167942523956,-0.015816939994692802,0.5875049233436584,-6.532742977142334,42.54014587402344,0.004140014760196209
1960000000,3.524678945541382,0.13813970983028412,-0.015837492421269417,0.587451159954071,-6.540311813354492,42.540462493896484,0.004140014760196209
1961000000,3.524678945541382,0.13817156851291656,-0.0158564280718565,0.5873560309410095,-6.546566963195801,42.51655197143555,0.004140014760196209
1962000000,3.5246787071228027,0.13820329308509827,-0.015875311568379402,0.5872612595558167,-6.5528035163879395,42.51664352416992,0.004140014760196209
1963000000,3.5246787071228027,0.13823474943637848,-0.01589415967464447,0.5871673226356506,-6.559035778045654,42.51706314086914,0.004140014760196209
1964000000,3.52467942237854,0.13825175166130066,-0.015914559364318848,0.5871165990829468,-6.566579818725586,42.54201889038086,0.004140014760196209
1966000000,3.5246798992156982,0.1382685899734497,-0.01593491993844509,0.5870664119720459,-6.574114799499512,42.542320251464844,0.004140014760196209
1966000000,3.5246806144714355,0.13828523457050323,-0.0159552451223135,0.587016761302948,-6.581640720367432,42.54261779785156,0.004140014760196209
1967000000,3.5246806144714355,0.13831566274166107,-0.015973972156643867,0.5869258642196655,-6.587861061096191,42.51882553100586,0.004140014760196209
1968000000,3.5246806144714355,0.13834598660469055,-0.015992648899555206,0.5868353247642517,-6.594062805175781,42.51890182495117,0.004140014760196209
1969000000,3.5246806144714355,0.13837602734565735,-0.01601128838956356,0.5867456197738647,-6.600259780883789,42.51930618286133,0.004140014760196209
1970000000,3.524681329727173,0.13839170336723328,-0.016031458973884583,0.5866988897323608,-6.60775899887085,42.54411697387695,0.004140014760196209
1971000000,3.524681806564331,0.13840721547603607,-0.01605159044265747,0.5866526365280151,-6.615248680114746,42.54439926147461,0.004140014760196209
1972000000,3.5246825218200684,0.13842254877090454,-0.016071684658527374,0.5866069197654724,-6.622729301452637,42.54468536376953,0.004140014760196209
1973000000,3.5246832370758057,0.13843771815299988,-0.016091741621494293,0.5865616798400879,-6.630199909210205,42.54496383666992,0.004140014760196209
1974000000,3.5246832370758057,0.13846661150455475,-0.016110222786664963,0.5864753723144531,-6.636373996734619,42.52128601074219,0.004140014760196209
1975000000,3.5246832370758057,0.13849544525146484,-0.016128692775964737,0.5863892436027527,-6.642543315887451,42.51982116699219,0.004140014760196209
1976000000,3.5246832370758057,0.13852402567863464,-0.016147123649716377,0.5863038897514343,-6.648706912994385,42.52021026611328,0.004140014760196209
1977000000,3.5246832370758057,0.13855235278606415,-0.016165519133210182,0.586219310760498,-6.65486478805542,42.52059555053711,0.004140014760196209
1978000000,3.524683952331543,0.13856637477874756,-0.016185417771339417,0.5861775279045105,-6.662314414978027,42.545249938964844,0.004140014760196209
1979000000,3.5246846675872803,0.13858026266098022,-0.016205279156565666,0.5861361622810364,-6.6697540283203125,42.54551696777344,0.004140014760196209
1980000000,3.5246853828430176,0.13859397172927856,-0.016225101426243782,0.5860952734947205,-6.677184104919434,42.545780181884766,0.004140014760196209
1981000000,3.524686098098755,0.13860753178596497,-0.016244884580373764,0.5860548615455627,-6.684603691101074,42.546043395996094,0.004140014760196209
1982000000,3.524686098098755,0.13863477110862732,-0.016263118013739586,0.5859735012054443,-6.690735816955566,42.52248001098633,0.004140014760196209
1983000000,3.524686098098755,0.1386619210243225,-0.01628129929304123,0.5858924388885498,-6.696847915649414,42.522518157958984,0.004140014760196209
1984000000,3.524686813354492,0.13867485523223877,-0.01630096323788166,0.5858539342880249,-6.7042436599731445,42.547035217285156,0.004140014760196209
1985000000,3.5246875286102295,0.1386876255273819,-0.016320589929819107,0.5858158469200134,-6.711629390716553,42.54728698730469,0.004140014760196209
1986000000,3.524688243865967,0.13870026171207428,-0.01634017750620842,0.5857781767845154,-6.7190046310424805,42.54753875732422,0.004140014760196209
1987000000,3.524688959121704,0.13871273398399353,-0.016359727829694748,0.5857409834861755,-6.726369857788086,42.547786712646484,0.004140014760196209
1988000000,3.524688959121704,0.13873885571956635,-0.01637774519622326,0.5856630206108093,-6.7324538230896,42.52433776855469,0.004140014760196209
1989000000,3.524689197540283,0.1387648731470108,-0.016395708546042442,0.5855852961540222,-6.738518238067627,42.52436447143555,0.004140014760196209
1990000000,3.524674654006958,0.13880452513694763,-0.016612771898508072,0.5854651927947998,-6.8249616622924805,35.46839904785156,0.0035616301465779543
1991000000,3.5276739597320557,0.13896170258522034,-0.016595233231782913,0.5853486657142639,-6.810184478759766,39.9494514465332,0.003931274637579918
1992000000,3.527402877807617,0.13913245499134064,-0.016616854816675186,0.5848072171211243,-6.8106842041015625,41.97785568237305,0.0040965271182358265
1993000000,3.5271637439727783,0.13930626213550568,-0.016623232513666153,0.5842604041099548,-6.8048529624938965,42.3098030090332,0.004122619517147541
1994000000,3.5269246101379395,0.1394793838262558,-0.016628339886665344,0.5837154984474182,-6.798553943634033,42.31138229370117,0.004122619517147541
1995000000,3.5266854763031006,0.13965120911598206,-0.016633382067084312,0.5831744074821472,-6.792306900024414,42.312496185302734,0.004122619517147541
1996000000,3.5265252590179443,0.1396576464176178,-0.01664426364004612,0.583136260509491,-6.796398639678955,42.98868942260742,0.0041748047806322575
1997000000,3.52636456489563,0.1396651566028595,-0.01665283739566803,0.5830948948860168,-6.799505233764648,42.98937225341797,0.0041748047806322575
1998000000,3.5262041091918945,0.13967247307300568,-0.0166615080088377,0.5830540657043457,-6.802659034729004,42.98927307128906,0.0041748047806322575
1999000000,3.526043653488159,0.13967961072921753,-0.01667027547955513,0.5830137729644775,-6.8058600425720215,42.98917770385742,0.0041748047806322575
2000000000,3.525883436203003,0.13968658447265625,-0.01667913608253002,0.5829740166664124,-6.809106826782227,42.98907470703125,0.0041748047806322575
2001000000,3.525723457336426,0.13969337940216064,-0.016688087955117226,0.5829347372055054,-6.812399387359619,42.988975524902344,0.0041748047806322575
2002000000,3.5255634784698486,0.1397000104188919,-0.01669713295996189,0.5828960537910461,-6.815736770629883,42.988868713378906,0.0041748047806322575
2003000000,3.5254034996032715,0.13970646262168884,-0.01670626923441887,0.5828579068183899,-6.819118499755859,42.988765716552734,0.0041748047806322575
2004000000,3.5252437591552734,0.13971275091171265,-0.01671549305319786,0.5828202366828918,-6.822544097900391,42.9886589050293,0.0041748047806322575
2005000000,3.5250842571258545,0.13971886038780212,-0.016724806278944016,0.582783043384552,-6.826013088226318,42.98855209350586,0.0041748047806322575
2006000000,3.5249247550964355,0.13972480595111847,-0.016734205186367035,0.5827463865280151,-6.829524993896484,42.988441467285156,0.0041748047806322575
2007000000,3.5247652530670166,0.13973060250282288,-0.01674368977546692,0.5827102661132812,-6.8330793380737305,42.98833084106445,0.0041748047806322575
2008000000,3.524606227874756,0.13973622024059296,-0.016753260046243668,0.5826746225357056,-6.83667516708374,42.988216400146484,0.0041748047806322575
2009000000,3.524446964263916,0.1397416740655899,-0.016762912273406982,0.5826394557952881,-6.840312480926514,42.988101959228516,0.0041748047806322575
2010000000,3.5242879390716553,0.13974697887897491,-0.016772648319602013,0.5826048254966736,-6.843990325927734,42.98798751831055,0.0041748047806322575
2011000000,3.5241291522979736,0.1397521197795868,-0.01678246445953846,0.5825706720352173,-6.847708225250244,42.98786926269531,0.0041748047806322575
2012000000,3.523970365524292,0.13975709676742554,-0.016792358830571175,0.5825369954109192,-6.851465702056885,42.98775100708008,0.0041748047806322575
2013000000,3.5238118171691895,0.13976192474365234,-0.016802335157990456,0.5825037956237793,-6.855262756347656,42.987632751464844,0.0041748047806322575
2014000000,3.523653268814087,0.13976658880710602,-0.016812387853860855,0.5824710726737976,-6.859097957611084,42.987510681152344,0.0041748047806322575
2015000000,3.5234949588775635,0.13977110385894775,-0.016822516918182373,0.5824388265609741,-6.862971782684326,42.98738479614258,0.0041748047806322575
2016000000,3.52333664894104,0.13977545499801636,-0.01683272235095501,0.5824070572853088,-6.866883277893066,42.98726272583008,0.0041748047806322575
2017000000,3.5231785774230957,0.13977967202663422,-0.016843002289533615,0.582375705242157,-6.8708319664001465,42.98713684082031,0.0041748047806322575
2018000000,3.5230205059051514,0.13978372514247894,-0.01685335487127304,0.5823448300361633,-6.874817371368408,42.98700714111328,0.0041748047806322575
2019000000,3.522862672805786,0.13978762924671173,-0.016863781958818436,0.5823144316673279,-6.878839015960693,42.986881256103516,0.0041748047806322575
2020000000,3.522704839706421,0.13979139924049377,-0.016874277964234352,0.5822845101356506,-6.882896423339844,42.98674774169922,0.0041748047806322575
2021000000,3.5225472450256348,0.13979500532150269,-0.01688484661281109,0.5822550058364868,-6.886989116668701,42.98661804199219,0.0041748047806322575
2022000000,3.5223896503448486,0.13979847729206085,-0.016895484179258347,0.5822259783744812,-6.891117095947266,42.98648452758789,0.0041748047806322575
2023000000,3.5222322940826416,0.13980180025100708,-0.016906188800930977,0.582197368144989,-6.8952789306640625,42.986351013183594,0.0041748047806322575
2024000000,3.5220749378204346,0.13980498909950256,-0.01691696234047413,0.5821691751480103,-6.89947509765625,42.98621368408203,0.0041748047806322575
2025000000,3.5219178199768066,0.1398080289363861,-0.016927802935242653,0.5821414589881897,-6.903704643249512,42.98607635498047,0.0041748047806322575
2026000000,3.5246872901916504,0.13982516527175903,-0.017083697021007538,0.5824186205863953,-6.965816020965576,34.13609313964844,0.003452911274507642
2027000000,3.5246834754943848,0.139924094080925,-0.017103536054491997,0.5821226835250854,-6.9689435958862305,42.66304016113281,0.004148712381720543
2028000000,3.524684190750122,0.13992661237716675,-0.01712014339864254,0.5821152329444885,-6.975518703460693,42.556095123291016,0.004140014760196209
2029000000,3.5246851444244385,0.13992878794670105,-0.017137009650468826,0.5821089148521423,-6.982215881347656,42.5609245300293,0.004144363570958376
2030000000,3.524686098098755,0.13993102312088013,-0.017153684049844742,0.582102358341217,-6.988832950592041,42.559478759765625,0.004144363570958376
2031000000,3.5246870517730713,0.13993318378925323,-0.017170336097478867,0.5820959806442261,-6.9954423904418945,42.55961990356445,0.004144363570958376
2032000000,3.5246880054473877,0.13993526995182037,-0.017186960205435753,0.5820898413658142,-7.002044677734375,42.55976104736328,0.004144363570958376
2033000000,3.524674415588379,0.13995134830474854,-0.017402250319719315,0.5820402503013611,-7.088061809539795,35.50391387939453,0.0035659789573401213
2034000000,3.5276782512664795,0.1400962918996811,-0.017385775223374367,0.5819636583328247,-7.074167728424072,39.94902420043945,0.003931274637579918
2035000000,3.527413845062256,0.1402510404586792,-0.01740868203341961,0.5814704895019531,-7.075657367706299,41.98377990722656,0.0040965271182358265
2036000000,3.5271804332733154,0.1404113471508026,-0.017415355890989304,0.5809643864631653,-7.070342540740967,42.31416320800781,0.004122619517147541
2037000000,3.526946783065796,0.14057111740112305,-0.0174206905066967,0.5804597735404968,-7.064529895782471,42.3156623840332,0.004122619517147541
2038000000,3.5267133712768555,0.14072966575622559,-0.017425943166017532,0.5799587965011597,-7.0587568283081055,42.31668472290039,0.004122619517147541
2039000000,3.526557207107544,0.1407264769077301,-0.017434341832995415,0.5799497365951538,-7.062282562255859,42.990333557128906,0.0041791535913944244
2040000000,3.5264008045196533,0.14072458446025848,-0.01744016632437706,0.5799367427825928,-7.064712047576904,42.989845275878906,0.0041791535913944244
2041000000,3.5262444019317627,0.1407225877046585,-0.01744609698653221,0.5799240469932556,-7.067190170288086,42.989662170410156,0.0041791535913944244
2042000000,3.526087999343872,0.14072050154209137,-0.017452135682106018,0.5799117088317871,-7.06971549987793,42.989479064941406,0.0041791535913944244
2043000000,3.5259318351745605,0.14071829617023468,-0.017458278685808182,0.5798996686935425,-7.072288513183594,42.989295959472656,0.0041791535913944244
2044000000,3.525775909423828,0.14071600139141083,-0.017464525997638702,0.5798879265785217,-7.0749077796936035,42.989112854003906,0.0041791535913944244
2045000000,3.5256199836730957,0.14071358740329742,-0.01747087575495243,0.5798765420913696,-7.077573299407959,42.98892593383789,0.0041791535913944244
2046000000,3.5254640579223633,0.14071109890937805,-0.017477326095104218,0.5798653960227966,-7.080284595489502,42.988739013671875,0.0041791535913944244
2047000000,3.52530837059021,0.14070849120616913,-0.017483875155448914,0.5798546075820923,-7.083040714263916,42.98855209350586,0.0041791535913944244
2048000000,3.5251529216766357,0.14070579409599304,-0.017490524798631668,0.5798441171646118,-7.085841178894043,42.98836135864258,0.0041791535913944244
2049000000,3.5249972343444824,0.1407030075788498,-0.017497269436717033,0.5798339247703552,-7.088685512542725,42.9881706237793,0.0041791535913944244
2050000000,3.5248420238494873,0.14070011675357819,-0.017504112794995308,0.5798240303993225,-7.091573238372803,42.987979888916016,0.0041791535913944244
2051000000,3.524686813354492,0.14069712162017822,-0.017511049285531044,0.5798144340515137,-7.094504356384277,42.987789154052734,0.0041791535913944244
2052000000,3.524531602859497,0.1406940519809723,-0.01751807890832424,0.5798051357269287,-7.097477436065674,42.98759841918945,0.0041791535913944244
2053000000,3.524376630783081,0.140690878033638,-0.01752520352602005,0.5797961354255676,-7.100492000579834,42.987403869628906,0.0041791535913944244
2054000000,3.524221658706665,0.14068761467933655,-0.01753241755068302,0.5797874331474304,-7.103548526763916,42.98720932006836,0.0041791535913944244
2055000000,3.524066925048828,0.14068426191806793,-0.017539720982313156,0.5797790288925171,-7.106645584106445,42.98701095581055,0.0041791535913944244
2056000000,3.5239124298095703,0.14068081974983215,-0.017547115683555603,0.5797708630561829,-7.109783172607422,42.98681640625,0.0041791535913944244
2057000000,3.5237576961517334,0.14067727327346802,-0.017554596066474915,0.5797629952430725,-7.112960338592529,42.98661804199219,0.0041791535913944244
2058000000,3.5236034393310547,0.1406736522912979,-0.01756216585636139,0.579755425453186,-7.116177082061768,42.986419677734375,0.0041791535913944244
2059000000,3.523449182510376,0.14066994190216064,-0.01756981946527958,0.5797480940818787,-7.11943244934082,42.98622131347656,0.0041791535913944244
2060000000,3.5232949256896973,0.1406661421060562,-0.017577556893229485,0.5797410607337952,-7.1227264404296875,42.98602294921875,0.0041748047806322575
2061000000,3.5231409072875977,0.14066213369369507,-0.017585553228855133,0.5797346830368042,-7.126134395599365,42.986934661865234,0.0041791535913944244
2062000000,3.522986888885498,0.1406581550836563,-0.01759345643222332,0.5797281861305237,-7.12950325012207,42.985618591308594,0.0041748047806322575
2063000000,3.5140695571899414,0.1406494379043579,-0.017716392874717712,0.5786877870559692,-7.179243564605713,49.9349250793457,0.004731445107609034
2064000000,3.5227465629577637,0.1406610757112503,-0.01758456602692604,0.5796907544136047,-7.125790596008301,35.8243293762207,0.0035920715890824795
2065000000,3.522505760192871,0.1405954360961914,-0.01764209382236004,0.5798581838607788,-7.152164936065674,42.005069732666016,0.0040965271182358265
2066000000,3.5246758460998535,0.14060111343860626,-0.01776895299553871,0.5800999402999878,-7.202768802642822,35.955936431884766,0.0036007689777761698
2067000000,3.524672508239746,0.140687957406044,-0.01778501085937023,0.5798401832580566,-7.204805374145508,42.686370849609375,0.0041574095375835896
2068000000,3.5246737003326416,0.14068393409252167,-0.017798705026507378,0.5798523426055908,-7.210498809814453,42.56020736694336,0.004144363570958376
2069000000,3.524674892425537,0.1406794935464859,-0.017812851816415787,0.5798656940460205,-7.216394901275635,42.56656265258789,0.004144363570958376
2070000000,3.5246760845184326,0.14067503809928894,-0.01782698556780815,0.5798791646957397,-7.222286701202393,42.56665802001953,0.004144363570958376
2071000000,3.5246775150299072,0.1406705677509308,-0.017841104418039322,0.5798926949501038,-7.228174209594727,42.566749572753906,0.004144363570958376
2072000000,3.5246779918670654,0.14067921042442322,-0.017853882163763046,0.5798669457435608,-7.232856273651123,42.54435729980469,0.004140014760196209
2073000000,3.524679183959961,0.14067448675632477,-0.01786814257502556,0.5798811912536621,-7.23881196975708,42.568626403808594,0.004144363570958376
2074000000,3.5246803760528564,0.14066988229751587,-0.017882218584418297,0.5798950791358948,-7.244688987731934,42.5671272277832,0.004144363570958376
2075000000,3.524681568145752,0.14066526293754578,-0.01789628155529499,0.5799090266227722,-7.250560760498047,42.56721878051758,0.004144363570958376
2076000000,3.5246827602386475,0.1406606286764145,-0.01791032962501049,0.5799230337142944,-7.256428241729736,42.56730651855469,0.004144363570958376
2077000000,3.524683952331543,0.14065596461296082,-0.017924362793564796,0.5799370408058167,-7.262291431427002,42.5673942565918,0.004144363570958376
2078000000,3.524684429168701,0.14066438376903534,-0.01793706603348255,0.5799119472503662,-7.266952991485596,42.54510498046875,0.004140014760196209
2079000000,3.5246856212615967,0.14065949618816376,-0.01795123890042305,0.5799267292022705,-7.272883415222168,42.56925582885742,0.004144363570958376
2080000000,3.524686813354492,0.14065471291542053,-0.017965225502848625,0.5799411535263062,-7.278733730316162,42.567752838134766,0.004144363570958376
2081000000,3.5246880054473877,0.1406499296426773,-0.017979195341467857,0.5799555778503418,-7.284579277038574,42.56783676147461,0.004144363570958376
2082000000,3.524689197540283,0.1406451165676117,-0.017993152141571045,0.5799700617790222,-7.290419578552246,42.56792068481445,0.004144363570958376
2083000000,3.5246903896331787,0.14064030349254608,-0.01800709404051304,0.5799846053123474,-7.296254634857178,42.5680046081543,0.004144363570958376
2084000000,3.524691581726074,0.14063547551631927,-0.01802101917564869,0.5799991488456726,-7.302084445953369,42.568084716796875,0.004144363570958376
2085000000,3.5246920585632324,0.1406436711549759,-0.018033629283308983,0.5799747705459595,-7.306717395782471,42.545894622802734,0.004140014760196209
2086000000,3.524693250656128,0.14063860476016998,-0.018047692254185677,0.579990029335022,-7.3126139640808105,42.5699348449707,0.004144363570958376
2087000000,3.5246944427490234,0.14063364267349243,-0.018061567097902298,0.5800049901008606,-7.318429946899414,42.568424224853516,0.004144363570958376
2088000000,3.524695634841919,0.14062868058681488,-0.018075425177812576,0.5800198912620544,-7.324240207672119,42.568504333496094,0.004144363570958376
2089000000,3.5246968269348145,0.14062371850013733,-0.01808926835656166,0.5800349116325378,-7.330044746398926,42.568580627441406,0.004144363570958376
2090000000,3.52469801902771,0.1406187266111374,-0.018103094771504402,0.5800499320030212,-7.335843563079834,42.56865692138672,0.004144363570958376
2091000000,3.5246992111206055,0.14061373472213745,-0.01811690628528595,0.5800650119781494,-7.341636657714844,42.568729400634766,0.004144363570958376
2092000000,3.5246996879577637,0.14062172174453735,-0.018129413947463036,0.5800411701202393,-7.3462371826171875,42.5466423034668,0.004140014760196209
2093000000,3.524700880050659,0.1406165063381195,-0.018143359571695328,0.58005690574646,-7.3520965576171875,42.5705680847168,0.004144363570958376
2094000000,3.5247020721435547,0.14061139523983002,-0.0181571152061224,0.5800723433494568,-7.357874393463135,42.569053649902344,0.004144363570958376
2095000000,3.524703025817871,0.14060626924037933,-0.018170854076743126,0.5800877213478088,-7.363646030426025,42.56912612915039,0.004144363570958376
2096000000,3.5247042179107666,0.14060114324092865,-0.01818457804620266,0.5801032185554504,-7.369411468505859,42.56919479370117,0.004144363570958376
2097000000,3.524705410003662,0.14059601724147797,-0.0181982833892107,0.5801186561584473,-7.375170707702637,42.56926727294922,0.004144363570958376
2098000000,3.5247066020965576,0.1405908763408661,-0.01821197010576725,0.5801341533660889,-7.380924224853516,42.5693359375,0.004144363570958376
2099000000,3.524707078933716,0.14059866964817047,-0.01822436973452568,0.5801109075546265,-7.385488510131836,42.54734802246094,0.004140014760196209
2100000000,3.5247082710266113,0.14059332013130188,-0.018238238990306854,0.5801270604133606,-7.391324996948242,42.569671630859375,0.004144363570958376
2101000000,3.524709463119507,0.14058807492256165,-0.018251869827508926,0.5801428556442261,-7.397061347961426,42.56964111328125,0.004144363570958376
2102000000,3.5247104167938232,0.14058281481266022,-0.018265482038259506,0.5801587104797363,-7.402790546417236,42.569705963134766,0.004144363570958376
2103000000,3.5247116088867188,0.14057756960391998,-0.018279124051332474,0.5801745057106018,-7.408531665802002,42.56828308105469,0.004144363570958376
2104000000,3.5247128009796143,0.14057230949401855,-0.01829274743795395,0.5801903009414673,-7.414266109466553,42.5683479309082,0.004144363570958376
2105000000,3.5247139930725098,0.14056704938411713,-0.018306352198123932,0.5802061557769775,-7.4199934005737305,42.56841278076172,0.004144363570958376
2106000000,3.524714946746826,0.1405617892742157,-0.01831994019448757,0.5802220106124878,-7.425714015960693,42.56847381591797,0.004144363570958376
2107000000,3.5247154235839844,0.14056941866874695,-0.01833225041627884,0.5801993012428284,-7.430249214172363,42.54658889770508,0.004140014760196209
2108000000,3.52471661567688,0.1405639350414276,-0.018345970660448074,0.5802158117294312,-7.436034679412842,42.570289611816406,0.004144363570958376
2109000000,3.5247178077697754,0.14055857062339783,-0.01835949532687664,0.5802319645881653,-7.441736221313477,42.56875991821289,0.004144363570958376
2110000000,3.524718999862671,0.14055319130420685,-0.018373001366853714,0.5802481174468994,-7.4474310874938965,42.56882095336914,0.004144363570958376
2111000000,3.5247199535369873,0.14054781198501587,-0.018386488780379295,0.5802643299102783,-7.453118801116943,42.56888198852539,0.004144363570958376
2112000000,3.524721145629883,0.1405424326658249,-0.018399957567453384,0.5802805423736572,-7.458798885345459,42.568939208984375,0.004144363570958376
2113000000,3.524707555770874,0.14055149257183075,-0.018611274659633636,0.5802518725395203,-7.542999267578125,35.5133171081543,0.0035659789573401213
2114000000,3.5277185440063477,0.14068865776062012,-0.018597852438688278,0.5802008509635925,-7.530357837677002,39.933204650878906,0.003931274637579918
2115000000,3.527463674545288,0.1408321112394333,-0.018624452874064445,0.579742431640625,-7.533411026000977,41.97413635253906,0.0040965271182358265
2116000000,3.527238368988037,0.1409836709499359,-0.018632639199495316,0.5792633295059204,-7.528675079345703,42.30370330810547,0.004122619517147541
2117000000,3.527013063430786,0.14113478362560272,-0.018639346584677696,0.5787854194641113,-7.523382663726807,42.30516052246094,0.004122619517147541
2118000000,3.526787757873535,0.1412847936153412,-0.01864592730998993,0.5783107876777649,-7.518109321594238,42.306114196777344,0.004122619517147541
2119000000,3.5266385078430176,0.14127430319786072,-0.018651466816663742,0.5783242583274841,-7.520869255065918,42.98121643066406,0.0041748047806322575
2120000000,3.526489019393921,0.1412651538848877,-0.01865442283451557,0.5783336758613586,-7.522529602050781,42.98180389404297,0.0041748047806322575
2121000000,3.526339530944824,0.1412559598684311,-0.018657490611076355,0.5783432722091675,-7.524236679077148,42.98154067993164,0.0041748047806322575
2122000000,3.5261900424957275,0.1412467211484909,-0.018660666421055794,0.5783529877662659,-7.525989532470703,42.98127746582031,0.0041748047806322575
2123000000,3.52604079246521,0.14123743772506714,-0.018663952127099037,0.5783628225326538,-7.527787685394287,42.981014251708984,0.0041748047806322575
2124000000,3.5258915424346924,0.14122812449932098,-0.018667344003915787,0.5783727765083313,-7.529630661010742,42.980751037597656,0.0041748047806322575
2125000000,3.525742530822754,0.14121878147125244,-0.018670840188860893,0.5783828496932983,-7.53151798248291,42.98048782348633,0.0041748047806322575
2126000000,3.5255935192108154,0.14120939373970032,-0.018674442544579506,0.5783931016921997,-7.533449172973633,42.980220794677734,0.0041748047806322575
2127000000,3.525444746017456,0.1411999613046646,-0.018678147345781326,0.5784034132957458,-7.535423755645752,42.979957580566406,0.0041748047806322575
2127000000,3.5252959728240967,0.14119049906730652,-0.018681952729821205,0.5784139037132263,-7.537440776824951,42.97969055175781,0.0041748047806322575
2129000000,3.5251474380493164,0.14118100702762604,-0.01868586055934429,0.5784244537353516,-7.5395002365112305,42.97942352294922,0.0041748047806322575
2130000000,3.524998903274536,0.14117147028446198,-0.018689867109060287,0.5784351825714111,-7.541601657867432,42.979156494140625,0.0041748047806322575
2131000000,3.5160841941833496,0.1411561369895935,-0.018807770684361458,0.5774122476577759,-7.589439392089844,49.939273834228516,0.004731445107609034
2132000000,3.524768829345703,0.14116351306438446,-0.01867164857685566,0.5784314274787903,-7.534755229949951,35.8053092956543,0.0035920715890824795
2133000000,3.524535894393921,0.1410873681306839,-0.01872917264699936,0.5786309838294983,-7.561731815338135,41.99925231933594,0.0040965271182358265
2134000000,3.5243875980377197,0.14107608795166016,-0.018737221136689186,0.5786469578742981,-7.565541744232178,42.977264404296875,0.0041748047806322575
2135000000,3.5242385864257812,0.14106686413288116,-0.018741274252533913,0.5786566734313965,-7.567648410797119,42.97834777832031,0.0041748047806322575
2136000000,3.5240895748138428,0.1410575956106186,-0.01874542608857155,0.5786665678024292,-7.569796562194824,42.97807693481445,0.0041748047806322575
2137000000,3.5239408016204834,0.14104829728603363,-0.018749672919511795,0.5786765217781067,-7.571985244750977,42.977806091308594,0.0041748047806322575
2138000000,3.523792266845703,0.14103896915912628,-0.018754012882709503,0.5786866545677185,-7.57421350479126,42.97753143310547,0.0041748047806322575
2139000000,3.523643732070923,0.14102959632873535,-0.018758447840809822,0.5786969065666199,-7.576481819152832,42.97726058959961,0.0041748047806322575
2140000000,3.5234951972961426,0.14102017879486084,-0.018762975931167603,0.5787072777748108,-7.578788757324219,42.976985931396484,0.0041748047806322575
2141000000,3.5233469009399414,0.14101073145866394,-0.018767595291137695,0.5787177085876465,-7.581134796142578,42.97671127319336,0.0041748047806322575
2142000000,3.5231986045837402,0.14100125432014465,-0.01877230405807495,0.5787283182144165,-7.583518981933594,42.976436614990234,0.0041748047806322575
2143000000,3.523050546646118,0.14099174737930298,-0.01877710409462452,0.5787390470504761,-7.585940837860107,42.97616195678711,0.0041748047806322575
2144000000,3.522902488708496,0.14098219573497772,-0.018781989812850952,0.5787498950958252,-7.588399887084961,42.975887298583984,0.0041748047806322575
2145000000,3.522754669189453,0.14097261428833008,-0.018786964938044548,0.5787608027458191,-7.590896129608154,42.97561264038086,0.0041748047806322575
2146000000,3.52260684967041,0.14096300303936005,-0.01879202388226986,0.5787718892097473,-7.593428611755371,42.975337982177734,0.0041748047806322575
2147000000,3.5224592685699463,0.14095334708690643,-0.018797170370817184,0.5787830352783203,-7.595996856689453,42.975059509277344,0.0041748047806322575
2148000000,3.524723529815674,0.14095650613307953,-0.01892147585749626,0.5790442228317261,-7.645468235015869,35.674217224121094,0.0035790251567959785
2149000000,3.5247199535369873,0.14104153215885162,-0.01893666759133339,0.5787898898124695,-7.646975517272949,42.68998336791992,0.0041574095375835896
2150000000,3.524721384048462,0.1410321295261383,-0.018947137519717216,0.5788180828094482,-7.651657581329346,42.56718444824219,0.004144363570958376
2151000000,3.5247225761413574,0.14102238416671753,-0.018958143889904022,0.578847348690033,-7.656572341918945,42.57196807861328,0.004144363570958376
2152000000,3.5247230529785156,0.1410253345966339,-0.01896793581545353,0.578838586807251,-7.660322189331055,42.55052185058594,0.004140014760196209
2153000000,3.524724245071411,0.1410154402256012,-0.018979107961058617,0.5788683295249939,-7.665311813354492,42.57370376586914,0.004144363570958376
2154000000,3.5247254371643066,0.1410057097673416,-0.01899009570479393,0.5788975358009338,-7.670220375061035,42.5721435546875,0.004144363570958376
2155000000,3.524726629257202,0.14099599421024323,-0.019001079723238945,0.578926682472229,-7.675126075744629,42.572166442871094,0.004144363570958376
2156000000,3.5247278213500977,0.14098630845546722,-0.019012058153748512,0.5789557695388794,-7.680028438568115,42.57218933105469,0.004144363570958376
2157000000,3.524728536605835,0.1409892737865448,-0.019021833315491676,0.5789469480514526,-7.683770179748535,42.550838470458984,0.004140014760196209
2158000000,3.5247297286987305,0.14097943902015686,-0.019032975658774376,0.5789764523506165,-7.688747406005859,42.573917388916016,0.004144363570958376
2159000000,3.524730920791626,0.14096976816654205,-0.0190439336001873,0.5790054798126221,-7.693642616271973,42.57235336303711,0.004144363570958376
2160000000,3.5247321128845215,0.14096012711524963,-0.01905488409101963,0.5790344476699829,-7.6985344886779785,42.57237243652344,0.004144363570958376
2161000000,3.524733304977417,0.1409505009651184,-0.01906583085656166,0.5790632963180542,-7.703423023223877,42.57239532470703,0.004144363570958376
2162000000,3.5247344970703125,0.14094091951847076,-0.019076770171523094,0.5790920853614807,-7.708308219909668,42.57241439819336,0.004144363570958376
2163000000,3.524735689163208,0.14093135297298431,-0.01908770389854908,0.5791207551956177,-7.713189601898193,42.57243347167969,0.004144363570958376
2164000000,3.524736166000366,0.14093440771102905,-0.019097445532679558,0.5791117548942566,-7.71691370010376,42.55118179321289,0.004140014760196209
2165000000,3.5247373580932617,0.14092469215393066,-0.019108541309833527,0.5791409015655518,-7.721868991851807,42.574153900146484,0.004144363570958376
2166000000,3.5247416496276855,0.14090223610401154,-0.019079359248280525,0.5792084336280823,-7.711431980133057,42.10074234008789,0.0041052247397601604
2167000000,3.5247459411621094,0.14090444147586823,-0.019030306488275528,0.5792023539543152,-7.691725254058838,42.594451904296875,0.004148712381720543
2168000000,3.5247511863708496,0.14088045060634613,-0.018984956666827202,0.5792746543884277,-7.674905776977539,42.56142807006836,0.004144363570958376
2169000000,3.5247557163238525,0.1408705711364746,-0.018939092755317688,0.5793046951293945,-7.657115459442139,42.5385856628418,0.004140014760196209
2170000000,3.5247604846954346,0.1408606618642807,-0.018893999978899956,0.5793348550796509,-7.6396307945251465,42.54020690917969,0.004140014760196209
2171000000,3.524765729904175,0.1408364474773407,-0.0188507828861475,0.579407811164856,-7.623656749725342,42.565250396728516,0.004144363570958376
2172000000,3.524770975112915,0.14081242680549622,-0.018807968124747276,0.5794801712036133,-7.607827186584473,42.56380081176758,0.004144363570958376
2173000000,3.5247762203216553,0.1407884806394577,-0.018765732645988464,0.5795522928237915,-7.592218399047852,42.56393814086914,0.004144363570958376
2174000000,3.524780511856079,0.14077872037887573,-0.01872282661497593,0.5795819759368896,-7.57558012008667,42.53971862792969,0.004140014760196209
2175000000,3.5247857570648193,0.14075469970703125,-0.018681902438402176,0.579654335975647,-7.560487747192383,42.5659065246582,0.004144363570958376
2176000000,3.5247910022735596,0.14073088765144348,-0.018641360104084015,0.5797260403633118,-7.5455322265625,42.564449310302734,0.004144363570958376
2177000000,3.5247960090637207,0.14070715010166168,-0.018601374700665474,0.5797975659370422,-7.530788898468018,42.56458282470703,0.004144363570958376
2178000000,3.5248003005981445,0.14069755375385284,-0.018560731783509254,0.5798267722129822,-7.5150299072265625,42.540470123291016,0.004140014760196209
2179000000,3.5248053073883057,0.14067372679710388,-0.01852201297879219,0.579898476600647,-7.500786304473877,42.5665397644043,0.004144363570958376
2180000000,3.5248098373413086,0.14066414535045624,-0.018482467159628868,0.5799276232719421,-7.4854583740234375,42.540950775146484,0.004140014760196209
2181000000,3.5248141288757324,0.1406545639038086,-0.018443623557686806,0.5799567699432373,-7.470407485961914,42.54244613647461,0.004140014760196209
2182000000,3.5248191356658936,0.1406307816505432,-0.018406493589282036,0.5800283551216125,-7.456784248352051,42.567134857177734,0.004144363570958376
2183000000,3.5248239040374756,0.14060719311237335,-0.018369711935520172,0.5800994038581848,-7.44328498840332,42.565670013427734,0.004144363570958376
2184000000,3.5248281955718994,0.14059768617153168,-0.01833229698240757,0.5801283121109009,-7.42879056930542,42.541778564453125,0.004140014760196209
2185000000,3.5248332023620605,0.14057402312755585,-0.01829671673476696,0.5801995396614075,-7.415766716003418,42.56761169433594,0.004144363570958376
2186000000,3.5248379707336426,0.14055056869983673,-0.018261469900608063,0.5802701711654663,-7.402861595153809,42.56614303588867,0.004144363570958376
2187000000,3.5248427391052246,0.14052718877792358,-0.018226727843284607,0.580340564250946,-7.3901495933532715,42.566261291503906,0.004144363570958376
2188000000,3.5248470306396484,0.14051783084869385,-0.018191365525126457,0.5803689956665039,-7.376454830169678,42.542476654052734,0.004140014760196209
2189000000,3.5248517990112305,0.14049437642097473,-0.018157783895730972,0.5804396271705627,-7.364202976226807,42.56819534301758,0.004144363570958376
2190000000,3.5248565673828125,0.14047111570835114,-0.018124517053365707,0.580509603023529,-7.352063179016113,42.56671905517578,0.004144363570958376
2191000000,3.5248613357543945,0.1404479295015335,-0.018091736361384392,0.5805794596672058,-7.340108871459961,42.566837310791016,0.004144363570958376
2192000000,3.5248653888702393,0.1404387503862381,-0.018058346584439278,0.5806073546409607,-7.327183723449707,42.543155670166016,0.004140014760196209
2193000000,3.524869918823242,0.1404154896736145,-0.0180266834795475,0.5806773900985718,-7.315674781799316,42.56875991821289,0.004144363570958376
2194000000,3.524874687194824,0.14039242267608643,-0.0179953221231699,0.5807468295097351,-7.304271221160889,42.56727981567383,0.004144363570958376
2195000000,3.52487850189209,0.14038331806659698,-0.017963359132409096,0.5807744860649109,-7.291905403137207,42.543704986572266,0.004140014760196209
2196000000,3.524883270263672,0.14036017656326294,-0.017933087423443794,0.5808441042900085,-7.280935764312744,42.56919860839844,0.004144363570958376
2197000000,3.524887800216675,0.1403372436761856,-0.017903100699186325,0.5809131860733032,-7.27006721496582,42.56771469116211,0.004144363570958376
2198000000,3.5248923301696777,0.14031437039375305,-0.01787356659770012,0.580981969833374,-7.259372234344482,42.56782150268555,0.004144363570958376
2199000000,3.5248963832855225,0.14030542969703674,-0.017843445762991905,0.5810091495513916,-7.247725486755371,42.54435348510742,0.004140014760196209
2200000000,3.5249009132385254,0.14028248190879822,-0.017814964056015015,0.5810782313346863,-7.237451076507568,42.56972885131836,0.004144363570958376
2201000000,3.5249054431915283,0.1402597427368164,-0.017786752432584763,0.5811467170715332,-7.227270603179932,42.568241119384766,0.004144363570958376
2202000000,3.524909734725952,0.14023706316947937,-0.01775897666811943,0.581214964389801,-7.217257499694824,42.56834411621094,0.004144363570958376
2203000000,3.5249135494232178,0.140228271484375,-0.017730623483657837,0.5812416076660156,-7.206303119659424,42.544979095458984,0.004140014760196209
2204000000,3.5249180793762207,0.1402055323123932,-0.017703931778669357,0.5813100337982178,-7.196722984313965,42.56878662109375,0.004144363570958376
2205000000,3.5249223709106445,0.1401830017566681,-0.017677491530776024,0.5813778638839722,-7.187231540679932,42.56729507446289,0.004144363570958376
2206000000,3.5249269008636475,0.14016053080558777,-0.017651470378041267,0.5814455151557922,-7.177900314331055,42.5673942565918,0.004144363570958376
2207000000,3.5249311923980713,0.14013811945915222,-0.01762586273252964,0.5815129280090332,-7.168728828430176,42.5674934387207,0.004144363570958376
2208000000,3.524934768676758,0.14012958109378815,-0.017599690705537796,0.5815388560295105,-7.158627033233643,42.54423141479492,0.004140014760196209
2209000000,3.5249392986297607,0.14010709524154663,-0.017575055360794067,0.5816065073013306,-7.149845600128174,42.56938171386719,0.004144363570958376
2210000000,3.5249435901641846,0.14008481800556183,-0.017550652846693993,0.5816735625267029,-7.1411452293396,42.56788635253906,0.004144363570958376
2211000000,3.5249478816986084,0.1400626003742218,-0.017526648938655853,0.5817403793334961,-7.13259744644165,42.5679817199707,0.004144363570958376
2212000000,3.524951457977295,0.14005421102046967,-0.017502091825008392,0.58176589012146,-7.123129367828369,42.544822692871094,0.004140014760196209
2213000000,3.5249555110931396,0.14003193378448486,-0.017479099333286285,0.5818329453468323,-7.114987850189209,42.56840515136719,0.004144363570958376
2214000000,3.5249598026275635,0.1400098353624344,-0.01745625212788582,0.5818994045257568,-7.1068925857543945,42.568363189697266,0.004144363570958376
2215000000,3.5249640941619873,0.13998782634735107,-0.017433859407901764,0.5819656252861023,-7.098973751068115,42.566993713378906,0.004144363570958376
2216000000,3.524968147277832,0.13996589183807373,-0.017411842942237854,0.5820316672325134,-7.091200351715088,42.56708526611328,0.004144363570958376
2217000000,3.5249717235565186,0.1399577260017395,-0.017389288172125816,0.5820564031600952,-7.082516193389893,42.54403305053711,0.004140014760196209
2218000000,3.5249757766723633,0.139935702085495,-0.017368171364068985,0.5821226835250854,-7.0751051902771,42.5689582824707,0.004144363570958376
2219000000,3.524979829788208,0.1399138867855072,-0.01734725572168827,0.5821883082389832,-7.0677618980407715,42.56745147705078,0.004144363570958376
2220000000,3.5249838829040527,0.13989213109016418,-0.017326701432466507,0.5822538137435913,-7.060559272766113,42.56753921508789,0.004144363570958376
2221000000,3.5249879360198975,0.13987043499946594,-0.017306506633758545,0.5823190212249756,-7.053495407104492,42.567626953125,0.004144363570958376
2222000000,3.524991512298584,0.13986249268054962,-0.01728578470647335,0.5823431611061096,-7.045530319213867,42.544677734375,0.004140014760196209
2223000000,3.5249953269958496,0.1398407220840454,-0.017266450449824333,0.5824086666107178,-7.038814067840576,42.56949234008789,0.004144363570958376
2224000000,3.5249993801116943,0.13981914520263672,-0.01724730059504509,0.5824735760688782,-7.032159805297852,42.5679817199707,0.004144363570958376
2225000000,3.525003433227539,0.139797642827034,-0.017228495329618454,0.5825382471084595,-7.025638580322266,42.56806182861328,0.004144363570958376
2226000000,3.525007486343384,0.13977620005607605,-0.01721002906560898,0.5826027393341064,-7.019249439239502,42.56814193725586,0.004144363570958376
2227000000,3.525010585784912,0.13976846635341644,-0.017191046848893166,0.582626223564148,-7.011968612670898,42.5452995300293,0.004140014760196209
2228000000,3.525014638900757,0.13974694907665253,-0.017173409461975098,0.582690954208374,-7.005913734436035,42.56999969482422,0.004144363570958376
2229000000,3.5250184535980225,0.13972561061382294,-0.017155935987830162,0.5827550888061523,-6.999914169311523,42.568485260009766,0.004144363570958376
2230000000,3.525022506713867,0.13970434665679932,-0.01713879033923149,0.5828190445899963,-6.994041442871094,42.56856155395508,0.004144363570958376
2231000000,3.525026321411133,0.13968315720558167,-0.017121966928243637,0.582882821559906,-6.9882941246032715,42.568641662597656,0.004144363570958376
2232000000,3.525029420852661,0.13967564702033997,-0.01710464060306549,0.582905650138855,-6.981664180755615,42.5458984375,0.004140014760196209
2233000000,3.5250325202941895,0.1396680772304535,-0.01708778738975525,0.5829285979270935,-6.975226402282715,42.54745864868164,0.004140014760196209
2234000000,3.5250356197357178,0.13966049253940582,-0.01707124151289463,0.5829516053199768,-6.968914031982422,42.54763412475586,0.004140014760196209
2235000000,3.5250394344329834,0.13963916897773743,-0.017055818811058998,0.5830157399177551,-6.9637322425842285,42.57084274291992,0.004144363570958376
2236000000,3.5250425338745117,0.13963161408901215,-0.01703973487019539,0.5830386877059937,-6.957602500915527,42.54661178588867,0.004140014760196209
2237000000,3.5250463485717773,0.13961033523082733,-0.017024913802742958,0.5831026434898376,-6.9526591300964355,42.57109069824219,0.004144363570958376
2238000000,3.525050163269043,0.13958925008773804,-0.01701023057103157,0.5831660628318787,-6.947760105133057,42.56956481933594,0.004144363570958376
2239000000,3.5250539779663086,0.1395682394504547,-0.01699584536254406,0.5832292437553406,-6.942977428436279,42.56963348388672,0.004144363570958376
2240000000,3.525057554244995,0.13954728841781616,-0.016981756314635277,0.5832922458648682,-6.938309192657471,42.5697021484375,0.004144363570958376
2241000000,3.5250613689422607,0.13952641189098358,-0.016967959702014923,0.5833550095558167,-6.9337544441223145,42.56977081298828,0.004144363570958376
2242000000,3.525064468383789,0.13951914012432098,-0.01695367880165577,0.5833771228790283,-6.928333282470703,42.54723358154297,0.004140014760196209
2243000000,3.5250680446624756,0.13949817419052124,-0.016940612345933914,0.5834401249885559,-6.924075603485107,42.57160186767578,0.004144363570958376
2244000000,3.525071620941162,0.13947740197181702,-0.01692766509950161,0.5835025906562805,-6.919855117797852,42.570072174072266,0.004144363570958376
2245000000,3.5250754356384277,0.13945668935775757,-0.01691499724984169,0.5835648775100708,-6.915743827819824,42.57013702392578,0.004144363570958376
2246000000,3.5250790119171143,0.1394360512495041,-0.016902608796954155,0.583626925945282,-6.911740779876709,42.5702018737793,0.004144363570958376
2247000000,3.525082588195801,0.13941548764705658,-0.016890494152903557,0.5836887955665588,-6.907844066619873,42.57026672363281,0.004144363570958376
2248000000,3.52508544921875,0.13940848410129547,-0.016877908259630203,0.5837100148200989,-6.90308952331543,42.547828674316406,0.004140014760196209
2249000000,3.525088310241699,0.13940143585205078,-0.016865745186805725,0.5837314128875732,-6.898508071899414,42.54937744140625,0.004140014760196209
2250000000,3.5250911712646484,0.1393943727016449,-0.01685384288430214,0.5837528705596924,-6.8940324783325195,42.54954147338867,0.004140014760196209
2251000000,3.525094747543335,0.13937366008758545,-0.016842929646372795,0.5838150978088379,-6.890625953674316,42.57241439819336,0.004144363570958376
2252000000,3.525097608566284,0.13936662673950195,-0.01683139242231846,0.5838364362716675,-6.886295795440674,42.54848861694336,0.004140014760196209
2253000000,3.5251011848449707,0.1393459588289261,-0.016820989549160004,0.5838985443115234,-6.883090972900391,42.5726318359375,0.004144363570958376
2254000000,3.525103807449341,0.13933897018432617,-0.016809966415166855,0.5839197635650635,-6.878964900970459,42.548702239990234,0.004140014760196209
2255000000,3.52510666847229,0.13933193683624268,-0.01679934747517109,0.5839411020278931,-6.875004768371582,42.55024719238281,0.004140014760196209
2256000000,3.5251102447509766,0.1393112987279892,-0.01678968220949173,0.5840031504631042,-6.872095584869385,42.57300567626953,0.004144363570958376
2257000000,3.525113582611084,0.13929086923599243,-0.016780104488134384,0.5840646028518677,-6.869211196899414,42.57146072387695,0.004144363570958376
2258000000,3.5251169204711914,0.13927048444747925,-0.016770772635936737,0.584125816822052,-6.866421699523926,42.57151794433594,0.004144363570958376
2259000000,3.5251197814941406,0.13926361501216888,-0.016760990023612976,0.5841466784477234,-6.862789630889893,42.549285888671875,0.004140014760196209
2260000000,3.525123119354248,0.13924317061901093,-0.01675228960812092,0.5842081308364868,-6.860260009765625,42.57331848144531,0.004144363570958376
2261000000,3.5251264572143555,0.1392229050397873,-0.016743667423725128,0.5842690467834473,-6.857751369476318,42.571773529052734,0.004144363570958376
2262000000,3.525130033493042,0.13920271396636963,-0.01673528179526329,0.5843297243118286,-6.8553338050842285,42.57182693481445,0.004144363570958376
2263000000,3.5251333713531494,0.13918258249759674,-0.016727127134799957,0.5843902230262756,-6.853006839752197,42.571876525878906,0.004144363570958376
2264000000,3.525136709213257,0.13916252553462982,-0.01671920344233513,0.5844505429267883,-6.850769519805908,42.57192611694336,0.004144363570958376
2265000000,3.5251400470733643,0.13914252817630768,-0.016711506992578506,0.5845106244087219,-6.848620414733887,42.57197570800781,0.004144363570958376
2266000000,3.5251426696777344,0.13913600146770477,-0.016703372821211815,0.5845304131507874,-6.84563684463501,42.54984664916992,0.004140014760196209
2267000000,3.5251452922821045,0.1391294151544571,-0.01669561304152012,0.5845503807067871,-6.842807292938232,42.5513801574707,0.004140014760196209
2268000000,3.5251479148864746,0.13912281394004822,-0.016688067466020584,0.5845704078674316,-6.840065002441406,42.55152893066406,0.004140014760196209
2269000000,3.525151014328003,0.13910269737243652,-0.016681386157870293,0.5846309065818787,-6.838332653045654,42.57406997680664,0.004144363570958376
2270000000,3.5251543521881104,0.13908275961875916,-0.016674762591719627,0.5846908092498779,-6.836613178253174,42.57251739501953,0.004144363570958376
2271000000,3.5251576900482178,0.13906289637088776,-0.016668351367115974,0.5847504734992981,-6.834976673126221,42.57256317138672,0.004144363570958376
2272000000,3.525160074234009,0.13905645906925201,-0.016661513596773148,0.5847700238227844,-6.832512378692627,42.550533294677734,0.004140014760196209
2273000000,3.525163412094116,0.13903650641441345,-0.01665567420423031,0.5848299860954285,-6.831110954284668,42.57434844970703,0.004144363570958376
2274000000,3.5251665115356445,0.1390167474746704,-0.01664987951517105,0.5848893523216248,-6.829718589782715,42.572792053222656,0.004144363570958376
2275000000,3.5251691341400146,0.1390104442834854,-0.016643663868308067,0.5849084854125977,-6.827499866485596,42.55076217651367,0.004140014760196209
2276000000,3.5251715183258057,0.13900408148765564,-0.01663789339363575,0.5849277377128601,-6.825464248657227,42.550846099853516,0.004140014760196209
2277000000,3.525174856185913,0.13898423314094543,-0.016632938757538795,0.5849874019622803,-6.824416637420654,42.57327651977539,0.004144363570958376
2278000000,3.5251779556274414,0.13896456360816956,-0.016627930104732513,0.5850464701652527,-6.823336601257324,42.573158264160156,0.004144363570958376
2279000000,3.5251810550689697,0.13894496858119965,-0.01662311516702175,0.5851054191589355,-6.822333335876465,42.57319641113281,0.004144363570958376
2280000000,3.5251834392547607,0.138938769698143,-0.01661788672208786,0.5851241946220398,-6.82050895690918,42.55126953125,0.004140014760196209
2281000000,3.5251858234405518,0.13893252611160278,-0.016613095998764038,0.5851430892944336,-6.818864345550537,42.551353454589844,0.004140014760196209
2282000000,3.5251882076263428,0.13892626762390137,-0.01660848595201969,0.5851621031761169,-6.817294120788574,42.551490783691406,0.004140014760196209
2283000000,3.525191307067871,0.1389065533876419,-0.016604656353592873,0.5852213501930237,-6.816695690155029,42.57380676269531,0.004144363570958376
2284000000,3.5251944065093994,0.13888703286647797,-0.016600852832198143,0.5852800011634827,-6.816097259521484,42.572242736816406,0.004144363570958376
2285000000,3.5251975059509277,0.1388675719499588,-0.016597231850028038,0.5853384137153625,-6.815570831298828,42.5722770690918,0.004144363570958376
2286000000,3.525200605392456,0.1388481855392456,-0.016593793407082558,0.5853967070579529,-6.815114498138428,42.57231521606445,0.004144363570958376
2287000000,3.5252037048339844,0.13882885873317719,-0.016590535640716553,0.5854547619819641,-6.814728260040283,42.572349548339844,0.004144363570958376
2288000000,3.5252058506011963,0.13882289826869965,-0.016586873680353165,0.585472822189331,-6.813527584075928,42.55051803588867,0.004140014760196209
2289000000,3.5252082347869873,0.13881689310073853,-0.016583535820245743,0.5854910016059875,-6.812461853027344,42.552040100097656,0.004140014760196209
2290000000,3.5252106189727783,0.1388108730316162,-0.01658036559820175,0.5855093002319336,-6.811464309692383,42.55216979980469,0.004140014760196209
2291000000,3.5252134799957275,0.13879141211509705,-0.016577931120991707,0.5855677127838135,-6.811419486999512,42.574378967285156,0.004144363570958376
2292000000,3.525216579437256,0.1387721598148346,-0.016575505957007408,0.5856255888938904,-6.8113694190979,42.57280731201172,0.004144363570958376
2293000000,3.525219440460205,0.13875296711921692,-0.01657325029373169,0.5856832265853882,-6.811384201049805,42.572837829589844,0.004144363570958376
2294000000,3.5252225399017334,0.13873383402824402,-0.0165711622685194,0.5857406854629517,-6.811463832855225,42.57286834716797,0.004144363570958376
2295000000,3.5252254009246826,0.1387147754430771,-0.016569238156080246,0.5857979655265808,-6.811607360839844,42.572898864746094,0.004144363570958376
2296000000,3.5252275466918945,0.13870905339717865,-0.016566921025514603,0.5858153104782104,-6.810942649841309,42.55116653442383,0.004140014760196209
2297000000,3.5252299308776855,0.13870328664779663,-0.01656501367688179,0.5858327746391296,-6.810446262359619,42.551246643066406,0.004140014760196209
2298000000,3.5252320766448975,0.13869750499725342,-0.016563257202506065,0.5858503580093384,-6.810011863708496,42.55137252807617,0.004140014760196209
2299000000,3.5252342224121094,0.13869169354438782,-0.01656164787709713,0.5858679413795471,-6.809638500213623,42.55149841308594,0.004140014760196209
2300000000,3.5252370834350586,0.13867248594760895,-0.01656072773039341,0.5859255790710449,-6.8101983070373535,42.5735969543457,0.004144363570958376
2301000000,3.525239944458008,0.1386534869670868,-0.016559801995754242,0.5859826803207397,-6.810745716094971,42.572021484375,0.004144363570958376
2302000000,3.525242805480957,0.1386345475912094,-0.01655902899801731,0.5860395431518555,-6.811351776123047,42.572044372558594,0.004144363570958376
2303000000,3.5252456665039062,0.138615682721138,-0.01655840501189232,0.5860962271690369,-6.812016487121582,42.57207107543945,0.004144363570958376
2304000000,3.5252485275268555,0.13859687745571136,-0.016557930037379265,0.5861527323722839,-6.812738418579102,42.57209396362305,0.004144363570958376
2305000000,3.5252506732940674,0.13859137892723083,-0.016557075083255768,0.586169421672821,-6.812657833099365,42.55046081542969,0.004140014760196209
2306000000,3.5252528190612793,0.13858582079410553,-0.01655651442706585,0.5861862301826477,-6.812699794769287,42.551971435546875,0.004140014760196209
2307000000,3.525254964828491,0.13858023285865784,-0.016556087881326675,0.5862031579017639,-6.812797546386719,42.552093505859375,0.004140014760196209
2308000000,3.5252575874328613,0.13856129348278046,-0.016556313261389732,0.5862600207328796,-6.813812255859375,42.57408142089844,0.004144363570958376
2309000000,3.5252604484558105,0.1385425627231598,-0.016556520015001297,0.5863162875175476,-6.814809322357178,42.57250213623047,0.004144363570958376
2310000000,3.5252633094787598,0.1385238915681839,-0.016556864604353905,0.5863723754882812,-6.815860271453857,42.5725212097168,0.004144363570958376
2311000000,3.52526593208313,0.13850528001785278,-0.016557347029447556,0.5864282846450806,-6.816964149475098,42.572540283203125,0.004144363570958376
2312000000,3.525268793106079,0.13848674297332764,-0.0165579654276371,0.5864839553833008,-6.81812047958374,42.57256317138672,0.004144363570958376
2313000000,3.525271415710449,0.13846825063228607,-0.01655871793627739,0.5865394473075867,-6.819328784942627,42.57258224487305,0.004144363570958376
2314000000,3.5252742767333984,0.13844984769821167,-0.016559604555368423,0.5865947604179382,-6.8205885887146,42.572601318359375,0.004144363570958376
2315000000,3.5252761840820312,0.1384446918964386,-0.01656012237071991,0.5866103768348694,-6.821051120758057,42.551063537597656,0.004140014760196209
2316000000,3.525278329849243,0.13843949139118195,-0.01656091958284378,0.5866261124610901,-6.821630001068115,42.552574157714844,0.004140014760196209
2317000000,3.525280237197876,0.1384342759847641,-0.016561834141612053,0.5866419672966003,-6.822258472442627,42.55268859863281,0.004140014760196209
2318000000,3.525282859802246,0.13841572403907776,-0.016563357785344124,0.5866976976394653,-6.82378625869751,42.5745735168457,0.004144363570958376
2319000000,3.525285482406616,0.13839736580848694,-0.01656484790146351,0.5867527723312378,-6.825290203094482,42.5729866027832,0.004144363570958376
2320000000,3.5252883434295654,0.1383790820837021,-0.016566460952162743,0.5868077278137207,-6.826842308044434,42.573001861572266,0.004144363570958376
2321000000,3.5252909660339355,0.138360857963562,-0.016568196937441826,0.5868624448776245,-6.828441619873047,42.57301712036133,0.004144363570958376
2322000000,3.5252935886383057,0.1383427083492279,-0.01657005399465561,0.586916983127594,-6.830087661743164,42.57303237915039,0.004144363570958376
2323000000,3.525296211242676,0.13832460343837738,-0.016572030261158943,0.5869712829589844,-6.831779956817627,42.57304763793945,0.004144363570958376
2324000000,3.5252981185913086,0.13831974565982819,-0.016573650762438774,0.5869860649108887,-6.832679748535156,42.55160903930664,0.004140014760196209
2325000000,3.5253000259399414,0.13831482827663422,-0.016575537621974945,0.5870009660720825,-6.833690643310547,42.55311584472656,0.004140014760196209
2326000000,3.525301933288574,0.13830989599227905,-0.016577530652284622,0.5870159268379211,-6.83474588394165,42.553226470947266,0.004140014760196209
2327000000,3.5253045558929443,0.13829165697097778,-0.016580095514655113,0.587070643901825,-6.836686134338379,42.57500457763672,0.004144363570958376
2328000000,3.5253071784973145,0.13827362656593323,-0.016582611948251724,0.5871248245239258,-6.838597774505615,42.57341384887695,0.004144363570958376
2329000000,3.5253098011016846,0.13825565576553345,-0.01658524200320244,0.5871787667274475,-6.84055233001709,42.57342529296875,0.004144363570958376
2330000000,3.5253121852874756,0.13823774456977844,-0.016587980091571808,0.5872325301170349,-6.8425493240356445,42.57343673706055,0.004144363570958376
2331000000,3.5253148078918457,0.1382199078798294,-0.01659082993865013,0.587286114692688,-6.844588279724121,42.573448181152344,0.004144363570958376
2332000000,3.525317430496216,0.13820211589336395,-0.01659378595650196,0.5873395204544067,-6.846668720245361,42.57345962524414,0.004144363570958376
2333000000,3.525319814682007,0.13818439841270447,-0.016596848145127296,0.5873927474021912,-6.848790168762207,42.57347106933594,0.004144363570958376
2334000000,3.525322437286377,0.13816674053668976,-0.01660001650452614,0.5874457359313965,-6.8509521484375,42.573482513427734,0.004144363570958376
2335000000,3.5253243446350098,0.1381622850894928,-0.01660284213721752,0.5874592661857605,-6.852325916290283,42.55213928222656,0.004140014760196209
2336000000,3.5253260135650635,0.13815778493881226,-0.01660591922700405,0.5874729156494141,-6.8538055419921875,42.55364227294922,0.004140014760196209
2337000000,3.5253279209136963,0.13815325498580933,-0.016609089449048042,0.5874866247177124,-6.855323314666748,42.553749084472656,0.004140014760196209
2338000000,3.5253303050994873,0.13813544809818268,-0.016612786799669266,0.5875400900840759,-6.857710838317871,42.57542037963867,0.004144363570958376
2339000000,3.5253329277038574,0.13811784982681274,-0.016616424545645714,0.5875929594039917,-6.8600640296936035,42.57382583618164,0.004144363570958376
2340000000,3.5253353118896484,0.13810031116008759,-0.01662016101181507,0.5876455903053284,-6.862454414367676,42.57383346557617,0.004144363570958376
2341000000,3.5253376960754395,0.1380828469991684,-0.01662399433553219,0.5876980423927307,-6.864882469177246,42.5738410949707,0.004144363570958376
2342000000,3.5253403186798096,0.1380654275417328,-0.016627922654151917,0.5877503156661987,-6.86734676361084,42.573848724365234,0.004144363570958376
2343000000,3.5253427028656006,0.13804808259010315,-0.016631944105029106,0.5878024101257324,-6.869847774505615,42.57386016845703,0.004144363570958376
2344000000,3.5253450870513916,0.1380307823419571,-0.016636060550808907,0.5878543257713318,-6.872384071350098,42.57386779785156,0.004144363570958376
2345000000,3.5253474712371826,0.138013556599617,-0.01664027012884617,0.5879060626029968,-6.874956130981445,42.573875427246094,0.004144363570958376
2346000000,3.5253491401672363,0.13800950348377228,-0.016644148156046867,0.5879184007644653,-6.876743316650391,42.5526237487793,0.004140014760196209
2347000000,3.52535080909729,0.13800539076328278,-0.016648266464471817,0.5879308581352234,-6.878631591796875,42.55412292480469,0.004140014760196209
2348000000,3.525352716445923,0.1380012482404709,-0.016652463003993034,0.587943434715271,-6.880552768707275,42.554229736328125,0.004140014760196209
2349000000,3.525355100631714,0.13798387348651886,-0.01665715128183365,0.5879955887794495,-6.88332986831665,42.57579803466797,0.004144363570958376
2350000000,3.525357484817505,0.13796670734882355,-0.016661765053868294,0.5880471467971802,-6.8860673904418945,42.574195861816406,0.004144363570958376
2351000000,3.5253591537475586,0.1379627138376236,-0.016666056588292122,0.5880592465400696,-6.888020992279053,42.55294418334961,0.004140014760196209
2352000000,3.5253615379333496,0.13794542849063873,-0.016670988872647285,0.5881111025810242,-6.890894889831543,42.57590866088867,0.004144363570958376
2353000000,3.5253639221191406,0.13792835175991058,-0.01667584478855133,0.5881624221801758,-6.893728256225586,42.57430648803711,0.004144363570958376
2354000000,3.5253660678863525,0.1379113346338272,-0.01668078452348709,0.5882135033607483,-6.896592617034912,42.574310302734375,0.004144363570958376
2355000000,3.5253684520721436,0.1378943771123886,-0.01668580435216427,0.5882643461227417,-6.89948844909668,42.57431411743164,0.004144363570958376
2356000000,3.5253708362579346,0.13787749409675598,-0.016690906137228012,0.5883150696754456,-6.902414798736572,42.574317932128906,0.004144363570958376
2357000000,3.5253732204437256,0.13786065578460693,-0.016696086153388023,0.5883656144142151,-6.90537166595459,42.57432174682617,0.004144363570958376
2358000000,3.5253753662109375,0.13784387707710266,-0.01670134626328945,0.5884159803390503,-6.908358573913574,42.57432556152344,0.004144363570958376
2359000000,3.525377035140991,0.13784025609493256,-0.01670628972351551,0.5884270071983337,-6.9105634689331055,42.55316925048828,0.004140014760196209
2360000000,3.525378704071045,0.13783656060695648,-0.016711460426449776,0.5884382128715515,-6.912864685058594,42.554664611816406,0.004140014760196209
2361000000,3.5253801345825195,0.1378328502178192,-0.016716694459319115,0.5884494781494141,-6.915194034576416,42.55476379394531,0.004140014760196209
2362000000,3.5253825187683105,0.137815922498703,-0.016722381114959717,0.5885002613067627,-6.918364524841309,42.576229095458984,0.004144363570958376
2363000000,3.5253849029541016,0.1377992033958435,-0.016727980226278305,0.5885504484176636,-6.92149019241333,42.574623107910156,0.004144363570958376
2364000000,3.525386333465576,0.13779562711715698,-0.016733268275856972,0.5885613560676575,-6.923834800720215,42.553466796875,0.004140014760196209
2365000000,3.525388717651367,0.13777880370616913,-0.01673915982246399,0.5886118412017822,-6.927087306976318,42.57632827758789,0.004144363570958376
2366000000,3.525390863418579,0.1377621740102768,-0.016744961962103844,0.5886617302894592,-6.930293083190918,42.57472229003906,0.004144363570958376
2367000000,3.52539324760437,0.13774560391902924,-0.01675083488225937,0.5887115001678467,-6.933525562286377,42.57472229003906,0.004144363570958376
2368000000,3.525395393371582,0.13772909343242645,-0.016756776720285416,0.588761031627655,-6.936784267425537,42.57472229003906,0.004144363570958376
2369000000,3.525397539138794,0.13771264255046844,-0.016762787476181984,0.588810384273529,-6.94006872177124,42.57472229003906,0.004144363570958376
2370000000,3.525399923324585,0.1376962512731552,-0.016768865287303925,0.5888596177101135,-6.943378925323486,42.5747184753418,0.004144363570958376
2371000000,3.525402069091797,0.13767991960048676,-0.016775010153651237,0.5889086127281189,-6.946713924407959,42.5747184753418,0.004144363570958376
2372000000,3.525404214859009,0.13766364753246307,-0.016781220212578773,0.5889574885368347,-6.950074195861816,42.5747184753418,0.004144363570958376
2373000000,3.5254056453704834,0.13766050338745117,-0.016787128522992134,0.5889670848846436,-6.952654838562012,42.55365753173828,0.004140014760196209
2374000000,3.525407314300537,0.1376572847366333,-0.016793251037597656,0.5889768600463867,-6.955327033996582,42.55514907836914,0.004140014760196209
2375000000,3.525409460067749,0.13764087855815887,-0.016799788922071457,0.5890260934829712,-6.958829402923584,42.576515197753906,0.004144363570958376
2376000000,3.525411605834961,0.13762468099594116,-0.01680622808635235,0.5890747308731079,-6.962281703948975,42.57490539550781,0.004144363570958376
2377000000,3.5254130363464355,0.13762159645557404,-0.016812367364764214,0.5890840888023376,-6.964954853057861,42.55384063720703,0.004140014760196209
2378000000,3.52541446685791,0.13761845231056213,-0.01681872084736824,0.5890936255455017,-6.967718124389648,42.55533218383789,0.004140014760196209
2379000000,3.525416612625122,0.13760212063789368,-0.0168254766613245,0.5891426801681519,-6.971309185028076,42.576698303222656,0.004144363570958376
2380000000,3.525418758392334,0.13758598268032074,-0.016832130029797554,0.5891910791397095,-6.97484827041626,42.5750846862793,0.004144363570958376
2381000000,3.525420904159546,0.13756990432739258,-0.016838841140270233,0.5892393589019775,-6.978409767150879,42.57508087158203,0.004144363570958376
2382000000,3.525423049926758,0.1375538855791092,-0.01684560999274254,0.5892874002456665,-6.981992244720459,42.575077056884766,0.004144363570958376
2383000000,3.5254251956939697,0.13753792643547058,-0.01685243658721447,0.5893353223800659,-6.985596179962158,42.5750732421875,0.004144363570958376
2384000000,3.5254273414611816,0.13752201199531555,-0.01685931906104088,0.589383065700531,-6.989221096038818,42.575069427490234,0.004144363570958376
2385000000,3.5254294872283936,0.1375061720609665,-0.016866257414221764,0.5894306302070618,-6.992866516113281,42.57506561279297,0.004144363570958376
2386000000,3.5254316329956055,0.1374903917312622,-0.016873249784111977,0.5894780158996582,-6.996532440185547,42.5750617980957,0.004144363570958376
2387000000,3.5254335403442383,0.1374746561050415,-0.016880296170711517,0.5895252227783203,-7.000217914581299,42.57505798339844,0.004144363570958376
2388000000,3.525434970855713,0.1374720185995102,-0.016887055709958076,0.589533269405365,-7.00312614440918,42.55408477783203,0.004140014760196209
2389000000,3.5254364013671875,0.1374693065881729,-0.016894018277525902,0.589541494846344,-7.006121635437012,42.55557632446289,0.004140014760196209
2390000000,3.525437831878662,0.13746657967567444,-0.01690102182328701,0.5895497798919678,-7.009134769439697,42.555667877197266,0.004140014760196209
2391000000,3.525439739227295,0.1374506801366806,-0.016908397898077965,0.5895975232124329,-7.012966156005859,42.57693099975586,0.004144363570958376
2392000000,3.525441884994507,0.13743498921394348,-0.016915660351514816,0.5896446108818054,-7.01674222946167,42.5753173828125,0.004144363570958376
2393000000,3.5254433155059814,0.13743239641189575,-0.016922641545534134,0.5896525382995605,-7.019740104675293,42.554344177246094,0.004140014760196209
2394000000,3.5254452228546143,0.13741658627986908,-0.016930153593420982,0.589699923992157,-7.023624897003174,42.57700729370117,0.004144363570958376
2395000000,3.525447368621826,0.13740098476409912,-0.016937552019953728,0.5897467732429504,-7.0274529457092285,42.57539367675781,0.004144363570958376
2396000000,3.525449275970459,0.13738544285297394,-0.016944997012615204,0.5897934436798096,-7.031298637390137,42.57538604736328,0.004144363570958376
2397000000,3.525451421737671,0.13736994564533234,-0.01695248857140541,0.5898399353027344,-7.03516149520874,42.57537841796875,0.004144363570958376
2398000000,3.5254533290863037,0.1373545229434967,-0.01696002669632435,0.5898862481117249,-7.039041042327881,42.57537078857422,0.004144363570958376
2399000000,3.5254554748535156,0.13733914494514465,-0.016967609524726868,0.589932382106781,-7.042937755584717,42.57536315917969,0.004144363570958376
2400000000,3.5254573822021484,0.13732382655143738,-0.016975238919258118,0.5899783372879028,-7.046850204467773,42.575355529785156,0.004144363570958376
2401000000,3.5254595279693604,0.13730855286121368,-0.0169829111546278,0.5900241732597351,-7.050779342651367,42.575347900390625,0.004144363570958376
2402000000,3.525461435317993,0.13729335367679596,-0.016990626230835915,0.5900697708129883,-7.054723739624023,42.575340270996094,0.004144363570958376
2403000000,3.525463342666626,0.13727819919586182,-0.01699838601052761,0.5901152491569519,-7.058684349060059,42.57533264160156,0.004144363570958376
2404000000,3.525465488433838,0.13726310431957245,-0.01700618676841259,0.5901605486869812,-7.062659740447998,42.57532501220703,0.004144363570958376
2405000000,3.5254666805267334,0.1372610628604889,-0.01701371558010578,0.5901668071746826,-7.065858840942383,42.554447174072266,0.004140014760196209
2406000000,3.525467872619629,0.13725896179676056,-0.017021439969539642,0.5901731848716736,-7.069140911102295,42.55593490600586,0.004140014760196209
2407000000,3.5254690647125244,0.13725684583187103,-0.017029190436005592,0.5901796817779541,-7.07243537902832,42.55602264404297,0.004140014760196209
2408000000,3.5254712104797363,0.13724157214164734,-0.017037276178598404,0.5902255177497864,-7.076539039611816,42.57719039916992,0.004144363570958376
2409000000,3.525473117828369,0.13722650706768036,-0.017045237123966217,0.5902707576751709,-7.080582141876221,42.57556915283203,0.004144363570958376
2410000000,3.5254743099212646,0.1372244954109192,-0.01705293171107769,0.590276837348938,-7.083847999572754,42.5546875,0.004140014760196209
2411000000,3.52547550201416,0.13722243905067444,-0.017060816287994385,0.5902831554412842,-7.087195873260498,42.556175231933594,0.004140014760196209
2412000000,3.525477409362793,0.13720722496509552,-0.017069028690457344,0.5903288125991821,-7.09135103225708,42.57733917236328,0.004144363570958376
2413000000,3.525479316711426,0.13719220459461212,-0.017077114433050156,0.5903738737106323,-7.095444202423096,42.575721740722656,0.004144363570958376
2414000000,3.5254812240600586,0.1371772438287735,-0.017085237428545952,0.5904187560081482,-7.099550247192383,42.57571029663086,0.004144363570958376
2415000000,3.5254831314086914,0.13716234266757965,-0.017093393951654434,0.5904634594917297,-7.1036696434021,42.57569885253906,0.004144363570958376
2416000000,3.525485038757324,0.13714750111103058,-0.0171015877276659,0.590507984161377,-7.1078009605407715,42.575687408447266,0.004144363570958376
2417000000,3.525486946105957,0.13713271915912628,-0.017109816893935204,0.5905523896217346,-7.111945152282715,42.57567596435547,0.004144363570958376
2418000000,3.52548885345459,0.13711798191070557,-0.017118079587817192,0.590596616268158,-7.116101264953613,42.57566452026367,0.004144363570958376
2419000000,3.5254907608032227,0.13710328936576843,-0.017126375809311867,0.590640664100647,-7.120269298553467,42.575653076171875,0.004144363570958376
2420000000,3.5254926681518555,0.13708867132663727,-0.017134705558419228,0.5906845331192017,-7.124448776245117,42.57564163208008,0.004144363570958376
2421000000,3.5254945755004883,0.13707409799098969,-0.017143066972494125,0.5907282829284668,-7.128640174865723,42.57563018798828,0.004144363570958376
2422000000,3.525496482849121,0.13705958425998688,-0.01715146005153656,0.5907718539237976,-7.132842540740967,42.575618743896484,0.004144363570958376
2423000000,3.525498390197754,0.13704511523246765,-0.01715988665819168,0.5908152461051941,-7.13705587387085,42.57560729980469,0.004144363570958376
2424000000,3.5255000591278076,0.1370307058095932,-0.01716834306716919,0.590858519077301,-7.141279697418213,42.57559585571289,0.004144363570958376
2425000000,3.525501251220703,0.13702932000160217,-0.017176544293761253,0.5908627510070801,-7.144726753234863,42.5548095703125,0.004140014760196209
2426000000,3.5255024433135986,0.13702788949012756,-0.017184928059577942,0.5908671617507935,-7.148252964019775,42.55629348754883,0.004140014760196209
2427000000,3.5255043506622314,0.13701331615447998,-0.017193611711263657,0.5909108519554138,-7.1525797843933105,42.57736587524414,0.004144363570958376
2428000000,3.525505304336548,0.13701194524765015,-0.017201878130435944,0.5909150838851929,-7.15605354309082,42.554962158203125,0.004140014760196209
2429000000,3.5247395038604736,0.13699816167354584,-0.017189346253871918,0.5908673405647278,-7.15160608291626,46.27729415893555,0.004440078511834145
2430000000,3.5245847702026367,0.13698692619800568,-0.017163364216685295,0.5908829569816589,-7.1414875984191895,42.89371871948242,0.0041704559698700905
2431000000,3.5246737003326416,0.13697008788585663,-0.01715996488928795,0.5909435749053955,-7.140956401824951,42.24288558959961,0.004113921895623207
2432000000,3.5246758460998535,0.1369571089744568,-0.017148837447166443,0.5909825563430786,-7.137043476104736,42.567626953125,0.004140014760196209
2433000000,3.524678945541382,0.1369251310825348,-0.01713867485523224,0.5910784602165222,-7.134505748748779,42.57366180419922,0.004144363570958376
2434000000,3.52468204498291,0.13689348101615906,-0.017128529027104378,0.5911732912063599,-7.131957530975342,42.571895599365234,0.004144363570958376
2435000000,3.5246851444244385,0.13686200976371765,-0.01711856573820114,0.5912676453590393,-7.12947416305542,42.57174301147461,0.004144363570958376
2436000000,3.524688243865967,0.13683071732521057,-0.01710878312587738,0.5913614630699158,-7.127054691314697,42.571590423583984,0.004144363570958376
2437000000,3.524691343307495,0.13679958879947662,-0.017099179327487946,0.591454803943634,-7.124699115753174,42.57143783569336,0.004144363570958376
2438000000,3.524693489074707,0.1367817223072052,-0.01708950102329254,0.5915084481239319,-7.121628761291504,42.55072021484375,0.004140014760196209
2439000000,3.524695873260498,0.13676390051841736,-0.01708015240728855,0.5915619134902954,-7.118690490722656,42.55207061767578,0.004140014760196209
2440000000,3.5246987342834473,0.13673298060894012,-0.017071209847927094,0.5916545987129211,-7.116593360900879,42.572792053222656,0.004144363570958376
2441000000,3.5247018337249756,0.13670238852500916,-0.017062272876501083,0.5917462706565857,-7.1144819259643555,42.57102966308594,0.004144363570958376
2442000000,3.5247039794921875,0.1366850584745407,-0.017053263261914253,0.5917983055114746,-7.111656188964844,42.55030822753906,0.004140014760196209
2443000000,3.5247068405151367,0.1366545706987381,-0.01704481430351734,0.5918897390365601,-7.109738826751709,42.57244110107422,0.004144363570958376
2444000000,3.524709939956665,0.13662439584732056,-0.01703636907041073,0.5919801592826843,-7.107804775238037,42.570682525634766,0.004144363570958376
2445000000,3.5247128009796143,0.13659439980983734,-0.017028087750077248,0.5920701026916504,-7.105929374694824,42.570533752441406,0.004144363570958376
2446000000,3.5247156620025635,0.13656456768512726,-0.0170199703425169,0.5921595096588135,-7.10411262512207,42.57038879394531,0.004144363570958376
2447000000,3.524718761444092,0.1365348994731903,-0.017012014985084534,0.5922484397888184,-7.102352619171143,42.57024383544922,0.004144363570958376
2448000000,3.524721622467041,0.13650541007518768,-0.017004219815135002,0.592336893081665,-7.100649833679199,42.57010269165039,0.004140014760196209
2449000000,3.5247244834899902,0.13647592067718506,-0.016996746882796288,0.5924252867698669,-7.09907865524292,42.571571350097656,0.004144363570958376
2450000000,3.524726629257202,0.1364598125219345,-0.01698903553187847,0.5924736261367798,-7.096720218658447,42.54933166503906,0.004140014760196209
2451000000,3.524728536605835,0.13644373416900635,-0.016981633380055428,0.5925218462944031,-7.094486713409424,42.550689697265625,0.004140014760196209
2452000000,3.524730682373047,0.13642774522304535,-0.016974370926618576,0.592569887638092,-7.092306613922119,42.55064392089844,0.004140014760196209
2453000000,3.524733543395996,0.13639865815639496,-0.016967471688985825,0.5926570892333984,-7.090949535369873,42.571292877197266,0.004144363570958376
2454000000,3.524735450744629,0.13638293743133545,-0.01696033589541912,0.5927042365074158,-7.08880615234375,42.54904556274414,0.004140014760196209
2455000000,3.524737596511841,0.13636726140975952,-0.016953501850366592,0.5927512645721436,-7.086784839630127,42.55040740966797,0.004140014760196209
2456000000,3.524740219116211,0.1363385021686554,-0.016947021707892418,0.5928375124931335,-7.085583686828613,42.57106018066406,0.004144363570958376
2457000000,3.52474308013916,0.13631002604961395,-0.0169405248016119,0.5929228067398071,-7.0843586921691895,42.56930923461914,0.004140014760196209
2458000000,3.524744987487793,0.1362946480512619,-0.016934117302298546,0.5929690003395081,-7.082498073577881,42.550289154052734,0.004140014760196209
2459000000,3.524747848510742,0.13626626133918762,-0.016928058117628098,0.5930540561676025,-7.081449031829834,42.57073974609375,0.004140014760196209
2460000000,3.5247504711151123,0.13623803853988647,-0.01692214049398899,0.5931386947631836,-7.080450057983398,42.57060241699219,0.004140014760196209
2461000000,3.5247533321380615,0.13620997965335846,-0.016916360706090927,0.5932227969169617,-7.079500675201416,42.570465087890625,0.004140014760196209
2462000000,3.5247559547424316,0.1361820548772812,-0.016910722479224205,0.5933064818382263,-7.0786004066467285,42.57032775878906,0.004140014760196209
2463000000,3.5247585773468018,0.13615429401397705,-0.016905220225453377,0.5933896899223328,-7.0777482986450195,42.5701904296875,0.004140014760196209
2464000000,3.5247604846954346,0.13613973557949066,-0.01689964532852173,0.5934334397315979,-7.0761871337890625,42.549652099609375,0.004140014760196209
2465000000,3.5247623920440674,0.1361253559589386,-0.016894320026040077,0.5934765338897705,-7.0747199058532715,42.54798889160156,0.004140014760196209
2466000000,3.5247642993927,0.1361110657453537,-0.016889115795493126,0.5935195088386536,-7.07329797744751,42.54794692993164,0.004140014760196209
2467000000,3.524766206741333,0.13609682023525238,-0.016884028911590576,0.5935621857643127,-7.071921348571777,42.547908782958984,0.004140014760196209
2468000000,3.5247678756713867,0.13608266413211823,-0.01687905751168728,0.5936047434806824,-7.070589065551758,42.54787063598633,0.004140014760196209
2469000000,3.5247697830200195,0.13606855273246765,-0.016874203458428383,0.5936470627784729,-7.069301128387451,42.547828674316406,0.004140014760196209
2470000000,3.5247724056243896,0.13604137301445007,-0.016869662329554558,0.5937285423278809,-7.0688157081604,42.56840515136719,0.004140014760196209
2471000000,3.5247740745544434,0.13602736592292786,-0.016864920035004616,0.5937705636024475,-7.067568778991699,42.549278259277344,0.004140014760196209
2472000000,3.5247766971588135,0.136000394821167,-0.016860617324709892,0.5938513875007629,-7.067171096801758,42.568233489990234,0.004140014760196209
2473000000,3.5247793197631836,0.13597355782985687,-0.01685630902647972,0.5939318537712097,-7.066763877868652,42.56951904296875,0.004140014760196209
2474000000,3.5247819423675537,0.1359468698501587,-0.01685212552547455,0.5940118432044983,-7.06640100479126,42.56938552856445,0.004140014760196209
2475000000,3.524784564971924,0.13592031598091125,-0.016848063096404076,0.5940914154052734,-7.066080570220947,42.56925582885742,0.004140014760196209
2476000000,3.524786949157715,0.13589392602443695,-0.016844121739268303,0.5941705703735352,-7.065803050994873,42.56912612915039,0.004140014760196209
2477000000,3.524789571762085,0.1358676701784134,-0.01684030145406723,0.5942492485046387,-7.065567970275879,42.56899642944336,0.004140014760196209
2478000000,3.524791955947876,0.13584154844284058,-0.01683659851551056,0.5943275094032288,-7.065374374389648,42.56886672973633,0.004140014760196209
2479000000,3.524794578552246,0.1358155906200409,-0.01683301478624344,0.5944053530693054,-7.065221786499023,42.56874084472656,0.004140014760196209
2480000000,3.524796962738037,0.13578976690769196,-0.01682954467833042,0.5944827795028687,-7.065110683441162,42.56861114501953,0.004140014760196209
2481000000,3.524798631668091,0.13577711582183838,-0.016826005652546883,0.5945207476615906,-7.064291477203369,42.548160552978516,0.004140014760196209
2482000000,3.5248003005981445,0.13576464354991913,-0.016822699457406998,0.5945581793785095,-7.063559532165527,42.546504974365234,0.004140014760196209
2483000000,3.5248019695281982,0.13575223088264465,-0.016819490119814873,0.5945954322814941,-7.062865257263184,42.54647445678711,0.004140014760196209
2484000000,3.524803638458252,0.13573986291885376,-0.016816379502415657,0.5946325659751892,-7.06220817565918,42.546443939208984,0.004140014760196209
2485000000,3.5248053073883057,0.13572756946086884,-0.016813363879919052,0.5946694612503052,-7.061588287353516,42.54641342163086,0.004140014760196209
2486000000,3.5248069763183594,0.1357153207063675,-0.016810445114970207,0.5947062373161316,-7.061004638671875,42.546382904052734,0.004140014760196209
2487000000,3.524808645248413,0.13570313155651093,-0.016807619482278824,0.5947427749633789,-7.060457706451416,42.546348571777344,0.004140014760196209
2488000000,3.524811029434204,0.13567785918712616,-0.01680506207048893,0.5948185920715332,-7.060696125030518,42.566856384277344,0.004140014760196209
2489000000,3.5248124599456787,0.13566575944423676,-0.016802433878183365,0.5948548913002014,-7.0602264404296875,42.5463981628418,0.004140014760196209
2490000000,3.5248148441314697,0.13564066588878632,-0.01680007204413414,0.5949300527572632,-7.060535907745361,42.56669998168945,0.004140014760196209
2491000000,3.5248165130615234,0.13562877476215363,-0.016797639429569244,0.5949658155441284,-7.060137748718262,42.546241760253906,0.004140014760196209
2492000000,3.5248188972473145,0.1356038749217987,-0.01679546944797039,0.5950404405593872,-7.060517311096191,42.56654739379883,0.004140014760196209
2493000000,3.5248212814331055,0.13557910919189453,-0.016793400049209595,0.5951146483421326,-7.060932636260986,42.56642150878906,0.004140014760196209
2494000000,3.5248236656188965,0.1355544775724411,-0.01679142937064171,0.5951884388923645,-7.06138277053833,42.56629943847656,0.004140014760196209
2495000000,3.5248258113861084,0.1355299949645996,-0.01678956113755703,0.5952618718147278,-7.0618672370910645,42.56617736816406,0.004140014760196209
2496000000,3.5248281955718994,0.13550563156604767,-0.016787787899374962,0.5953348278999329,-7.0623860359191895,42.56605529785156,0.004140014760196209
2497000000,3.5248305797576904,0.13548141717910767,-0.016786113381385803,0.5954074859619141,-7.062938690185547,42.56593322753906,0.004140014760196209
2498000000,3.5248327255249023,0.13545732200145721,-0.016784535720944405,0.5954796671867371,-7.06352424621582,42.56581497192383,0.004140014760196209
2499000000,3.5248351097106934,0.1354333609342575,-0.016783051192760468,0.5955514907836914,-7.064143657684326,42.56569290161133,0.004140014760196209
2500000000,3.5248372554779053,0.13540951907634735,-0.01678166165947914,0.5956228971481323,-7.064795017242432,42.565574645996094,0.004140014760196209
2501000000,3.5248396396636963,0.13538582623004913,-0.016780365258455276,0.5956939458847046,-7.065479278564453,42.56545639038086,0.004140014760196209
2502000000,3.524841785430908,0.13536225259304047,-0.016779161989688873,0.5957646369934082,-7.066195011138916,42.565338134765625,0.004140014760196209
2503000000,3.524844169616699,0.13533879816532135,-0.016778048127889633,0.5958349108695984,-7.0669426918029785,42.565223693847656,0.004140014760196209
2504000000,3.524846315383911,0.13531549274921417,-0.016777025535702705,0.5959047675132751,-7.067721366882324,42.56510543823242,0.004140014760196209
2505000000,3.5248477458953857,0.13530533015727997,-0.016775934025645256,0.5959352850914001,-7.067791938781738,42.54473876953125,0.004140014760196209
2506000000,3.5248491764068604,0.1352953314781189,-0.01677505299448967,0.5959652662277222,-7.067941188812256,42.5430908203125,0.004140014760196209
2507000000,3.524850368499756,0.1352853775024414,-0.016774244606494904,0.5959951281547546,-7.068118095397949,42.54307174682617,0.004140014760196209
2508000000,3.5248517990112305,0.1352754682302475,-0.016773506999015808,0.5960249304771423,-7.068323135375977,42.543052673339844,0.004140014760196209
2509000000,3.524853229522705,0.13526560366153717,-0.016772840172052383,0.5960544943809509,-7.0685553550720215,42.54302978515625,0.004140014760196209
2510000000,3.5248546600341797,0.13525578379631042,-0.01677224412560463,0.5960839986801147,-7.068814754486084,42.54301071166992,0.004140014760196209
2511000000,3.524855852127075,0.13524600863456726,-0.016771716997027397,0.596113383769989,-7.069100856781006,42.542991638183594,0.004140014760196209
2512000000,3.52485728263855,0.13523626327514648,-0.016771258786320686,0.5961426496505737,-7.069413661956787,42.54296875,0.004140014760196209
2513000000,3.5248594284057617,0.13521340489387512,-0.016771012917160988,0.5962111353874207,-7.070494174957275,42.56341552734375,0.004140014760196209
2514000000,3.5248608589172363,0.13520370423793793,-0.01677056960761547,0.596240222454071,-7.070810794830322,42.544456481933594,0.004140014760196209
2515000000,3.5248630046844482,0.1351810246706009,-0.01677047275006771,0.5963082313537598,-7.0719451904296875,42.56328201293945,0.004140014760196209
2516000000,3.5248641967773438,0.13517148792743683,-0.016770176589488983,0.596336841583252,-7.072315216064453,42.5443229675293,0.004140014760196209
2517000000,3.5248663425445557,0.13514897227287292,-0.016770223155617714,0.5964043736457825,-7.0735015869140625,42.563148498535156,0.004140014760196209
2518000000,3.5248684883117676,0.13512654602527618,-0.016770215705037117,0.5964715480804443,-7.074660301208496,42.564453125,0.004140014760196209
2519000000,3.5248706340789795,0.1351042538881302,-0.016770286485552788,0.5965383648872375,-7.075845241546631,42.56433868408203,0.004140014760196209
2520000000,3.5248727798461914,0.13508206605911255,-0.016770433634519577,0.5966048240661621,-7.077056884765625,42.56422805786133,0.004140014760196209
2521000000,3.524874687194824,0.13506001234054565,-0.016770657151937485,0.5966709852218628,-7.078294277191162,42.564117431640625,0.004140014760196209
2522000000,3.524876832962036,0.1350380778312683,-0.01677095703780651,0.59673672914505,-7.0795578956604,42.56400680541992,0.004140014760196209
2523000000,3.524878978729248,0.13501624763011932,-0.016771331429481506,0.5968021154403687,-7.080846786499023,42.56389617919922,0.004140014760196209
2524000000,3.524880886077881,0.13499455153942108,-0.016771778464317322,0.5968671441078186,-7.082160472869873,42.56378936767578,0.004140014760196209
2525000000,3.5248830318450928,0.1349729597568512,-0.016772300004959106,0.5969318747520447,-7.083499431610107,42.56367874145508,0.004140014760196209
2526000000,3.5248849391937256,0.13495148718357086,-0.016772892326116562,0.5969961881637573,-7.084863185882568,42.56357192993164,0.004140014760196209
2527000000,3.5248870849609375,0.13493013381958008,-0.016773557290434837,0.5970602035522461,-7.086251258850098,42.5634651184082,0.004140014760196209
2528000000,3.5248889923095703,0.13490889966487885,-0.016774293035268784,0.5971238613128662,-7.087663173675537,42.563358306884766,0.004140014760196209
2529000000,3.5248911380767822,0.13488776981830597,-0.01677509769797325,0.5971871614456177,-7.0890984535217285,42.56325149536133,0.004140014760196209
2530000000,3.5248923301696777,0.13487978279590607,-0.016775840893387794,0.5972111821174622,-7.089824676513672,42.542964935302734,0.004140014760196209
2531000000,3.524893283843994,0.1348719596862793,-0.01677677407860756,0.5972346663475037,-7.090622901916504,42.54133224487305,0.004140014760196209
2532000000,3.5248944759368896,0.13486415147781372,-0.016777759417891502,0.5972581505775452,-7.0914411544799805,42.54132080078125,0.004140014760196209
2533000000,3.524895668029785,0.13485637307167053,-0.016778798773884773,0.5972814559936523,-7.09227991104126,42.54130935668945,0.004140014760196209
2534000000,3.5248968601226807,0.13484863936901093,-0.016779886558651924,0.5973047614097595,-7.093138694763184,42.541297912597656,0.004140014760196209
2535000000,3.524898052215576,0.1348409205675125,-0.016781026497483253,0.5973278880119324,-7.094017505645752,42.541290283203125,0.004140014760196209
2536000000,3.5248992443084717,0.1348332315683365,-0.016782214865088463,0.5973510146141052,-7.094915390014648,42.54127883911133,0.004140014760196209
2537000000,3.524900197982788,0.13482557237148285,-0.01678345538675785,0.5973739624023438,-7.095832824707031,42.54126739501953,0.004140014760196209
2538000000,3.5249013900756836,0.1348179429769516,-0.01678474247455597,0.5973969101905823,-7.096769332885742,42.541255950927734,0.004140014760196209
2539000000,3.524902582168579,0.13481034338474274,-0.016786077991127968,0.5974197387695312,-7.097724437713623,42.54124450683594,0.004140014760196209
2540000000,3.524904489517212,0.1347896158695221,-0.016787583008408546,0.5974818468093872,-7.0994343757629395,42.56162643432617,0.004140014760196209
2541000000,3.5249056816101074,0.13478204607963562,-0.0167890265583992,0.5975045561790466,-7.100433349609375,42.54133605957031,0.004140014760196209
2542000000,3.5249075889587402,0.13476146757602692,-0.016790639609098434,0.5975662469863892,-7.102181434631348,42.56150817871094,0.004140014760196209
2543000000,3.5249085426330566,0.13475404679775238,-0.016792191192507744,0.5975885391235352,-7.103218078613281,42.54121780395508,0.004140014760196209
2544000000,3.5249104499816895,0.13473360240459442,-0.016793906688690186,0.5976498126983643,-7.105003833770752,42.56139373779297,0.004140014760196209
2545000000,3.524911642074585,0.13472631573677063,-0.016795564442873,0.5976716876029968,-7.106078147888184,42.541099548339844,0.004140014760196209
2546000000,3.5249135494232178,0.13470600545406342,-0.01679738238453865,0.5977325439453125,-7.107900619506836,42.561279296875,0.004140014760196209
2547000000,3.5249154567718506,0.13468581438064575,-0.016799259930849075,0.5977931022644043,-7.109741687774658,42.56117630004883,0.004140014760196209
2548000000,3.5249173641204834,0.13466571271419525,-0.016801195219159126,0.5978533029556274,-7.111601829528809,42.561073303222656,0.004140014760196209
2549000000,3.524919033050537,0.1346457302570343,-0.016803184524178505,0.5979131460189819,-7.113480567932129,42.560970306396484,0.004140014760196209
2550000000,3.52492094039917,0.1346258670091629,-0.01680523157119751,0.5979727506637573,-7.115377426147461,42.56086730957031,0.004140014760196209
2551000000,3.5249228477478027,0.13460609316825867,-0.016807332634925842,0.5980319976806641,-7.117292881011963,42.560768127441406,0.004140014760196209
2552000000,3.5249245166778564,0.1345864236354828,-0.016809487715363503,0.5980908870697021,-7.11922550201416,42.560665130615234,0.004140014760196209
2553000000,3.5249264240264893,0.13456687331199646,-0.01681169867515564,0.5981495380401611,-7.121176242828369,42.56056594848633,0.004140014760196209
2554000000,3.524928331375122,0.1345474123954773,-0.016813961789011955,0.5982078313827515,-7.123143672943115,42.56046676635742,0.004140014760196209
2555000000,3.524930000305176,0.1345280557870865,-0.01681627705693245,0.5982658267021179,-7.125128746032715,42.560367584228516,0.004140014760196209
2556000000,3.5249319076538086,0.13450881838798523,-0.016818642616271973,0.5983235239982605,-7.12713098526001,42.56026840209961,0.004140014760196209
2557000000,3.5249335765838623,0.13448967039585114,-0.016821062192320824,0.5983808636665344,-7.129149436950684,42.5601692199707,0.004140014760196209
2558000000,3.524935483932495,0.1344706267118454,-0.016823530197143555,0.5984379649162292,-7.1311845779418945,42.56007385253906,0.004140014760196209
2559000000,3.524937152862549,0.13445168733596802,-0.016826050356030464,0.5984947085380554,-7.133235931396484,42.55997848510742,0.004140014760196209
2560000000,3.5249390602111816,0.1344328373670578,-0.016828618943691254,0.5985512137413025,-7.135303497314453,42.559879302978516,0.004140014760196209
2561000000,3.5249407291412354,0.13441409170627594,-0.016831235960125923,0.5986073613166809,-7.137386322021484,42.559783935546875,0.004140014760196209
2562000000,3.524942398071289,0.13439545035362244,-0.016833903267979622,0.5986632108688354,-7.1394853591918945,42.559688568115234,0.004140014760196209
2563000000,3.524944305419922,0.1343769133090973,-0.016836615279316902,0.5987188220024109,-7.141599655151367,42.55959701538086,0.004140014760196209
2564000000,3.5249459743499756,0.1343584656715393,-0.01683937758207321,0.5987740755081177,-7.143729209899902,42.55950164794922,0.004140014760196209
2565000000,3.5249476432800293,0.13434012234210968,-0.016842184588313103,0.5988290905952454,-7.145873546600342,42.55940628051758,0.004140014760196209
2566000000,3.524949312210083,0.13432186841964722,-0.016845038160681725,0.5988838076591492,-7.1480326652526855,42.5593147277832,0.004140014760196209
2567000000,3.5249509811401367,0.13430370390415192,-0.016847936436533928,0.5989381670951843,-7.150206565856934,42.55922317504883,0.004140014760196209
2568000000,3.524951934814453,0.1342986822128296,-0.016850776970386505,0.5989533066749573,-7.151664733886719,42.53901290893555,0.004140014760196209
2569000000,3.5249528884887695,0.13429377973079681,-0.01685365103185177,0.5989680290222168,-7.153130054473877,42.5388069152832,0.004140014760196209
2570000000,3.524953842163086,0.13428889214992523,-0.01685655489563942,0.5989827513694763,-7.15460729598999,42.53881072998047,0.004140014760196209
2571000000,3.5249545574188232,0.13428401947021484,-0.01685948669910431,0.5989974141120911,-7.156096458435059,42.538814544677734,0.004140014760196209
2572000000,3.5249555110931396,0.13427914679050446,-0.016862448304891586,0.599012017250061,-7.157597064971924,42.538818359375,0.004140014760196209
2573000000,3.524956464767456,0.13427428901195526,-0.016865437850356102,0.599026620388031,-7.159108638763428,42.538822174072266,0.004140014760196209
2574000000,3.5249571800231934,0.13426944613456726,-0.016868455335497856,0.599041223526001,-7.160632133483887,42.538822174072266,0.004140014760196209
2575000000,3.524958848953247,0.1342514604330063,-0.01687159575521946,0.5990951061248779,-7.162900924682617,42.55915451049805,0.004140014760196209
2576000000,3.5249598026275635,0.1342466175556183,-0.016874680295586586,0.5991096496582031,-7.164453029632568,42.5389404296875,0.004140014760196209
2577000000,3.524961471557617,0.13422873616218567,-0.01687788963317871,0.5991632342338562,-7.166745662689209,42.55906295776367,0.004140014760196209
2578000000,3.5249621868133545,0.13422399759292603,-0.01688104309141636,0.5991774797439575,-7.168321132659912,42.538848876953125,0.004140014760196209
2579000000,3.524963855743408,0.13420622050762177,-0.016884319484233856,0.5992307662963867,-7.170637130737305,42.55897521972656,0.004140014760196209
2580000000,3.5249648094177246,0.13420160114765167,-0.016887538135051727,0.5992446541786194,-7.172235488891602,42.538761138916016,0.004140014760196209
2581000000,3.5249664783477783,0.13418392837047577,-0.016890879720449448,0.5992976427078247,-7.174574375152588,42.55888748168945,0.004140014760196209
2582000000,3.5249671936035156,0.13417939841747284,-0.01689416542649269,0.5993112325668335,-7.17619514465332,42.53866958618164,0.004140014760196209
2583000000,3.5249688625335693,0.1341618299484253,-0.016897568479180336,0.5993638634681702,-7.178555488586426,42.558799743652344,0.004140014760196209
2584000000,3.5249695777893066,0.13415740430355072,-0.016900917515158653,0.5993772149085999,-7.180197715759277,42.53858184814453,0.004140014760196209
2585000000,3.5249712467193604,0.13413994014263153,-0.016904383897781372,0.5994295477867126,-7.18257999420166,42.5587158203125,0.004140014760196209
2586000000,3.524972915649414,0.1341225653886795,-0.016907885670661926,0.5994815826416016,-7.18497371673584,42.558624267578125,0.004140014760196209
2587000000,3.5249745845794678,0.13410528004169464,-0.016911426559090614,0.5995333790779114,-7.187378883361816,42.558536529541016,0.004140014760196209
2588000000,3.5249760150909424,0.13408809900283813,-0.016915002837777138,0.5995849370956421,-7.18979549407959,42.55844497680664,0.004140014760196209
2589000000,3.524977684020996,0.1340709924697876,-0.016918616369366646,0.5996361374855042,-7.192223072052002,42.55835723876953,0.004140014760196209
2590000000,3.52497935295105,0.13405397534370422,-0.01692226529121399,0.5996871590614319,-7.194661617279053,42.55826950073242,0.004140014760196209
2591000000,3.5249807834625244,0.1340370625257492,-0.016925951465964317,0.5997378826141357,-7.197110652923584,42.55818176269531,0.004140014760196209
2592000000,3.524982452392578,0.13402022421360016,-0.01692967116832733,0.5997883081436157,-7.199570655822754,42.5580940246582,0.004140014760196209
2593000000,3.524984121322632,0.13400347530841827,-0.016933424398303032,0.5998384952545166,-7.202040672302246,42.55801010131836,0.004140014760196209
2594000000,3.5249855518341064,0.13398681581020355,-0.016937213018536568,0.5998884439468384,-7.204521179199219,42.55792236328125,0.004140014760196209
2595000000,3.52498722076416,0.133970245718956,-0.01694103516638279,0.5999380946159363,-7.207012176513672,42.557838439941406,0.004140014760196209
2596000000,3.5249886512756348,0.1339537650346756,-0.016944890841841698,0.5999875068664551,-7.209512710571289,42.5577507019043,0.004140014760196209
2597000000,3.5249900817871094,0.13393735885620117,-0.016948778182268143,0.60003662109375,-7.21202278137207,42.55766677856445,0.004140014760196209
2598000000,3.524991750717163,0.1339210420846939,-0.016952699050307274,0.6000854969024658,-7.214542865753174,42.55758285522461,0.004140014760196209
2599000000,3.5249931812286377,0.1339048147201538,-0.016956651583313942,0.6001341342926025,-7.217072486877441,42.557498931884766,0.004140014760196209
2600000000,3.5249948501586914,0.13388867676258087,-0.016960633918642998,0.6001825332641602,-7.219611644744873,42.55741882324219,0.004140014760196209
2601000000,3.524996280670166,0.1338726133108139,-0.01696464978158474,0.6002306342124939,-7.222159385681152,42.557334899902344,0.004140014760196209
2602000000,3.5249977111816406,0.1338566392660141,-0.01696869544684887,0.6002785563468933,-7.224716663360596,42.557254791259766,0.004140014760196209
2603000000,3.5249991416931152,0.13384073972702026,-0.016972770914435387,0.6003261804580688,-7.227283000946045,42.55717086791992,0.004140014760196209
2604000000,3.525000810623169,0.1338249295949936,-0.01697687618434429,0.6003735661506653,-7.229857444763184,42.557090759277344,0.004140014760196209
2605000000,3.5250022411346436,0.13380920886993408,-0.016981011256575584,0.6004207134246826,-7.232440948486328,42.557010650634766,0.004140014760196209
2606000000,3.525003671646118,0.13379354774951935,-0.016985174268484116,0.6004676222801208,-7.23503303527832,42.55693054199219,0.004140014760196209
2607000000,3.5250051021575928,0.13377799093723297,-0.016989367082715034,0.6005142331123352,-7.237633228302002,42.55685043334961,0.004140014760196209
2608000000,3.5250065326690674,0.13376249372959137,-0.016993587836623192,0.6005606651306152,-7.240241527557373,42.55677032470703,0.004140014760196209
2609000000,3.525007963180542,0.13374708592891693,-0.016997838392853737,0.6006068587303162,-7.242857933044434,42.55669021606445,0.004140014760196209
2610000000,3.5250093936920166,0.13373176753520966,-0.017002113163471222,0.6006527543067932,-7.245481967926025,42.55661392211914,0.004140014760196209
2611000000,3.525010824203491,0.13371650874614716,-0.017006417736411095,0.6006984710693359,-7.248114109039307,42.55653381347656,0.004140014760196209
2612000000,3.525012254714966,0.13370133936405182,-0.017010748386383057,0.6007439494132996,-7.250753879547119,42.55645751953125,0.004140014760196209
2613000000,3.5250136852264404,0.13368625938892365,-0.01701510325074196,0.6007891893386841,-7.253401279449463,42.55638122558594,0.004140014760196209
2614000000,3.525015115737915,0.13367123901844025,-0.0170194860547781,0.6008341312408447,-7.25605583190918,42.556304931640625,0.004140014760196209
2615000000,3.5250165462493896,0.13365629315376282,-0.01702389493584633,0.6008789539337158,-7.258718013763428,42.55622863769531,0.004140014760196209
2616000000,3.525017261505127,0.13365449011325836,-0.01702825352549553,0.6008843779563904,-7.260653495788574,42.53608703613281,0.004140014760196209
2617000000,3.525017738342285,0.13365279138088226,-0.017032625153660774,0.6008895635604858,-7.262589454650879,42.5359001159668,0.004140014760196209
2618000000,3.5250184535980225,0.13365107774734497,-0.017037006095051765,0.6008947491645813,-7.264529705047607,42.535919189453125,0.004140014760196209
2619000000,3.5250189304351807,0.13364934921264648,-0.017041398212313652,0.6008999347686768,-7.266474723815918,42.53593826293945,0.004140014760196209
2620000000,3.525019645690918,0.133647620677948,-0.017045797780156136,0.600905179977417,-7.268424034118652,42.53595733642578,0.004140014760196209
2621000000,3.525020122528076,0.1336458921432495,-0.017050206661224365,0.6009104251861572,-7.2703776359558105,42.53597640991211,0.004140014760196209
2622000000,3.5250208377838135,0.13364414870738983,-0.01705462671816349,0.6009156703948975,-7.272335052490234,42.53599548339844,0.004140014760196209
2623000000,3.5250213146209717,0.13364239037036896,-0.017059054225683212,0.6009209752082825,-7.27429723739624,42.536014556884766,0.004140014760196209
2624000000,3.525022029876709,0.13364063203334808,-0.01706348918378353,0.6009262800216675,-7.276263236999512,42.536033630371094,0.004140014760196209
2625000000,3.525022506713867,0.1336388736963272,-0.017067933455109596,0.6009316444396973,-7.278233051300049,42.536048889160156,0.004140014760196209
2626000000,3.525023937225342,0.13362394273281097,-0.01707245409488678,0.6009764075279236,-7.280945301055908,42.556339263916016,0.004140014760196209
2627000000,3.5250244140625,0.13362213969230652,-0.017076928168535233,0.6009818315505981,-7.28292989730835,42.53619384765625,0.004140014760196209
2628000000,3.5250258445739746,0.13360726833343506,-0.017081480473279953,0.6010264158248901,-7.285652160644531,42.556278228759766,0.004140014760196209
2629000000,3.525026559829712,0.13360553979873657,-0.017085986211895943,0.6010316014289856,-7.287646293640137,42.5361328125,0.004140014760196209
2630000000,3.5250277519226074,0.13359074294567108,-0.0170905664563179,0.6010759472846985,-7.290378570556641,42.556217193603516,0.004140014760196209
2631000000,3.5250284671783447,0.13358907401561737,-0.01709510199725628,0.6010810136795044,-7.292381763458252,42.53607177734375,0.004140014760196209
2632000000,3.5250296592712402,0.13357435166835785,-0.017099713906645775,0.6011251211166382,-7.295123100280762,42.556156158447266,0.004140014760196209
2633000000,3.5250303745269775,0.1335727572441101,-0.01710427738726139,0.601129949092865,-7.297135353088379,42.5360107421875,0.004140014760196209
2634000000,3.525031805038452,0.13355810940265656,-0.017108917236328125,0.6011738777160645,-7.2998857498168945,42.55609893798828,0.004140014760196209
2635000000,3.5250322818756104,0.13355658948421478,-0.01711351051926613,0.6011784672737122,-7.301906585693359,42.535953521728516,0.004140014760196209
2636000000,3.525033712387085,0.1335419863462448,-0.017118176445364952,0.6012222170829773,-7.304665565490723,42.55603790283203,0.004140014760196209
2637000000,3.525034189224243,0.133540540933609,-0.017122797667980194,0.6012265682220459,-7.306694507598877,42.535892486572266,0.004140014760196209
2638000000,3.5250353813171387,0.133526012301445,-0.017127489671111107,0.6012701392173767,-7.30946159362793,42.55598068237305,0.004140014760196209
2639000000,3.525036096572876,0.13352462649345398,-0.017132136970758438,0.601274311542511,-7.311498641967773,42.53583526611328,0.004140014760196209
2640000000,3.5250372886657715,0.13351017236709595,-0.01713685505092144,0.6013176441192627,-7.314273357391357,42.55592346191406,0.004140014760196209
2641000000,3.525038003921509,0.1335088610649109,-0.01714152842760086,0.6013216376304626,-7.316317558288574,42.53577423095703,0.004140014760196209
2642000000,3.5250391960144043,0.13349446654319763,-0.017146268859505653,0.6013647317886353,-7.319100379943848,42.55586624145508,0.004140014760196209
2643000000,3.5250396728515625,0.13349321484565735,-0.017150968313217163,0.6013685464859009,-7.3211517333984375,42.53571701049805,0.004140014760196209
2644000000,3.525041103363037,0.13347887992858887,-0.017155732959508896,0.6014115214347839,-7.323941707611084,42.555809020996094,0.004140014760196209
2645000000,3.5250422954559326,0.13346461951732635,-0.01716051809489727,0.6014541983604431,-7.3267364501953125,42.55573272705078,0.004140014760196209
2646000000,3.5250437259674072,0.133450448513031,-0.017165321856737137,0.601496696472168,-7.329535961151123,42.555660247802734,0.004140014760196209
2647000000,3.525045156478882,0.13343633711338043,-0.017170146107673645,0.6015390157699585,-7.332339286804199,42.55558395385742,0.004140014760196209
2648000000,3.5250463485717773,0.13342230021953583,-0.017174987122416496,0.6015810966491699,-7.335147380828857,42.555511474609375,0.004140014760196209
2649000000,3.525047540664673,0.133408322930336,-0.01717984490096569,0.6016229391098022,-7.3379597663879395,42.55543518066406,0.004140014760196209
2650000000,3.5250489711761475,0.13339443504810333,-0.017184723168611526,0.6016645431518555,-7.340776443481445,42.555362701416016,0.004140014760196209
2651000000,3.525050163269043,0.13338060677051544,-0.017189616337418556,0.6017059683799744,-7.343596935272217,42.55529022216797,0.004140014760196209
2652000000,3.5250515937805176,0.13336685299873352,-0.017194528132677078,0.6017472147941589,-7.346421718597412,42.55521774291992,0.004140014760196209
2653000000,3.525052785873413,0.13335317373275757,-0.017199458554387093,0.6017881631851196,-7.349250316619873,42.555145263671875,0.004140014760196209
2654000000,3.5250539779663086,0.13333956897258759,-0.0172044038772583,0.6018289923667908,-7.3520827293396,42.55507278442383,0.004140014760196209
2655000000,3.525055408477783,0.13332602381706238,-0.017209365963935852,0.6018695831298828,-7.354918956756592,42.55500030517578,0.004140014760196209
2656000000,3.5250566005706787,0.13331255316734314,-0.017214342951774597,0.6019099354743958,-7.357758522033691,42.554931640625,0.004140014760196209
2657000000,3.525057792663574,0.13329914212226868,-0.017219338566064835,0.6019501090049744,-7.360601425170898,42.55485916137695,0.004140014760196209
2658000000,3.525059223175049,0.13328580558300018,-0.017224347218871117,0.6019900441169739,-7.363448143005371,42.55479049682617,0.004140014760196209
2659000000,3.5250604152679443,0.13327254354953766,-0.017229372635483742,0.6020298600196838,-7.366298198699951,42.55472183227539,0.004140014760196209
2660000000,3.52506160736084,0.1332593411207199,-0.01723441295325756,0.6020693778991699,-7.369151592254639,42.554649353027344,0.004140014760196209
2661000000,3.5250627994537354,0.13324621319770813,-0.017239468172192574,0.6021087765693665,-7.372007846832275,42.55458068847656,0.004140014760196209
2663000000,3.525063991546631,0.13323314487934113,-0.01724453829228878,0.6021479368209839,-7.374866962432861,42.55451202392578,0.004140014760196209
2663000000,3.5250654220581055,0.1332201361656189,-0.01724962331354618,0.6021868586540222,-7.377729415893555,42.554443359375,0.004140014760196209
2664000000,3.525066614151001,0.13320720195770264,-0.017254721373319626,0.602225661277771,-7.380594730377197,42.554378509521484,0.004140014760196209
2665000000,3.5250678062438965,0.13319434225559235,-0.017259834334254265,0.6022642254829407,-7.383462905883789,42.5543098449707,0.004140014760196209
2666000000,3.525068998336792,0.13318152725696564,-0.01726496033370495,0.6023025512695312,-7.38633394241333,42.55424118041992,0.004140014760196209
2667000000,3.5250701904296875,0.1331687867641449,-0.017270099371671677,0.6023407578468323,-7.389207363128662,42.554176330566406,0.004140014760196209
2668000000,3.525071382522583,0.13315612077713013,-0.01727525144815445,0.6023787260055542,-7.392083644866943,42.55411148071289,0.004140014760196209
2669000000,3.5250725746154785,0.13314349949359894,-0.017280418425798416,0.6024165153503418,-7.394962310791016,42.55404281616211,0.004140014760196209
2670000000,3.525073766708374,0.13313095271587372,-0.017285596579313278,0.6024541258811951,-7.397843360900879,42.553977966308594,0.004140014760196209
2671000000,3.5250749588012695,0.13311846554279327,-0.017290787771344185,0.602491557598114,-7.400726795196533,42.55391311645508,0.004140014760196209
2672000000,3.525076150894165,0.1331060528755188,-0.017295990139245987,0.6025288105010986,-7.40361213684082,42.55384826660156,0.004140014760196209
2673000000,3.5250773429870605,0.1330936849117279,-0.017301205545663834,0.6025658249855042,-7.406499862670898,42.55378341674805,0.004140014760196209
2674000000,3.525078535079956,0.13308139145374298,-0.017306433990597725,0.6026026606559753,-7.409389972686768,42.55371856689453,0.004140014760196209
2675000000,3.5250797271728516,0.13306915760040283,-0.017311671748757362,0.602639377117157,-7.4122819900512695,42.55365753173828,0.004140014760196209
2676000000,3.525080919265747,0.13305698335170746,-0.017316922545433044,0.6026758551597595,-7.415175914764404,42.553592681884766,0.004140014760196209
2677000000,3.5250818729400635,0.13304486870765686,-0.017322184517979622,0.6027121543884277,-7.418071746826172,42.55352783203125,0.004140014760196209
2678000000,3.525083065032959,0.13303281366825104,-0.017327455803751945,0.6027482748031616,-7.420969009399414,42.553466796875,0.004140014760196209
2679000000,3.5250842571258545,0.13302081823349,-0.017332740128040314,0.6027842164039612,-7.423868179321289,42.55340576171875,0.004140014760196209
2680000000,3.52508544921875,0.13300888240337372,-0.017338033765554428,0.6028199791908264,-7.426769256591797,42.553340911865234,0.004140014760196209
2681000000,3.5250866413116455,0.13299700617790222,-0.01734333671629429,0.6028555631637573,-7.429671764373779,42.553279876708984,0.004140014760196209
2682000000,3.525087594985962,0.1329851895570755,-0.017348650842905045,0.6028909683227539,-7.4325761795043945,42.553218841552734,0.004140014760196209
2683000000,3.5250887870788574,0.13297343254089355,-0.017353976145386696,0.6029261946678162,-7.435481548309326,42.553157806396484,0.004140014760196209
2684000000,3.525089979171753,0.13296173512935638,-0.017359308898448944,0.6029613018035889,-7.438388347625732,42.553096771240234,0.004140014760196209
2685000000,3.5250911712646484,0.132950097322464,-0.017364652827382088,0.6029961705207825,-7.441296577453613,42.553035736083984,0.004140014760196209
2686000000,3.525092124938965,0.13293851912021637,-0.017370006069540977,0.6030308604240417,-7.444206237792969,42.552978515625,0.004140014760196209
2687000000,3.5250933170318604,0.13292698562145233,-0.017375368624925613,0.6030654311180115,-7.447116851806641,42.55291748046875,0.004140014760196209
2688000000,3.525094509124756,0.13291551172733307,-0.017380740493535995,0.6030997633934021,-7.450028419494629,42.5528564453125,0.004140014760196209
2689000000,3.5250954627990723,0.13290411233901978,-0.017386119812726974,0.6031339764595032,-7.452941417694092,42.552799224853516,0.004140014760196209
2690000000,3.5250966548919678,0.13289274275302887,-0.0173915084451437,0.6031680107116699,-7.455855369567871,42.55274200439453,0.004140014760196209
2691000000,3.525097608566284,0.13288144767284393,-0.01739690452814102,0.6032018661499023,-7.458769798278809,42.55268096923828,0.004140014760196209
2692000000,3.5250988006591797,0.13287021219730377,-0.01740230992436409,0.6032356023788452,-7.461685657501221,42.5526237487793,0.004140014760196209
2693000000,3.525099992752075,0.1328590214252472,-0.017407722771167755,0.603269100189209,-7.464601993560791,42.55256652832031,0.004140014760196209
2694000000,3.5251009464263916,0.1328478902578354,-0.017413144931197166,0.6033024787902832,-7.4675188064575195,42.55250930786133,0.004140014760196209
2695000000,3.525102138519287,0.13283680379390717,-0.017418572679162025,0.6033356785774231,-7.470437049865723,42.552452087402344,0.004140014760196209
2696000000,3.5251030921936035,0.13282577693462372,-0.01742400974035263,0.6033687591552734,-7.473355293273926,42.55239486694336,0.004140014760196209
2697000000,3.525104284286499,0.13281480967998505,-0.017429454252123833,0.6034016013145447,-7.476274490356445,42.552337646484375,0.004140014760196209
2698000000,3.525104522705078,0.13281698524951935,-0.0174348596483469,0.6033951640129089,-7.4784464836120605,42.532257080078125,0.004140014760196209
2699000000,3.5251047611236572,0.13281923532485962,-0.01744026131927967,0.6033884882926941,-7.480611801147461,42.53208923339844,0.004140014760196209
2700000000,3.5251049995422363,0.1328214555978775,-0.017445655539631844,0.603381872177124,-7.4827752113342285,42.532127380371094,0.004140014760196209
2701000000,3.5251052379608154,0.132823646068573,-0.01745104044675827,0.6033753752708435,-7.484936714172363,42.53216552734375,0.004140014760196209
2702000000,3.5251054763793945,0.1328257918357849,-0.01745641604065895,0.6033689379692078,-7.487095832824707,42.532203674316406,0.004140014760196209
2703000000,3.5251057147979736,0.13282792270183563,-0.017461782321333885,0.6033626198768616,-7.489253520965576,42.53224182128906,0.004140014760196209
2704000000,3.5251059532165527,0.13283002376556396,-0.017467141151428223,0.6033563613891602,-7.491408348083496,42.53227996826172,0.004140014760196209
2705000000,3.525106191635132,0.1328320950269699,-0.017472492530941963,0.6033502221107483,-7.493561744689941,42.532318115234375,0.004140014760196209
2706000000,3.525106430053711,0.13283413648605347,-0.017477834597229958,0.6033441424369812,-7.495712757110596,42.532352447509766,0.004140014760196209
2707000000,3.52510666847229,0.13283614814281464,-0.017483167350292206,0.6033381819725037,-7.497861862182617,42.53239059448242,0.004140014760196209
2708000000,3.525106906890869,0.13283812999725342,-0.017488492652773857,0.6033322811126709,-7.500008583068848,42.53242492675781,0.004140014760196209
2709000000,3.5251071453094482,0.1328400820493698,-0.017493808642029762,0.6033264994621277,-7.502153396606445,42.5324592590332,0.004140014760196209
2710000000,3.5251073837280273,0.13284200429916382,-0.01749911531805992,0.6033207774162292,-7.50429630279541,42.53249740600586,0.004140014760196209
2711000000,3.5251076221466064,0.13284389674663544,-0.017504414543509483,0.6033151149749756,-7.506437301635742,42.53253173828125,0.004140014760196209
2712000000,3.5251078605651855,0.13284577429294586,-0.01750970631837845,0.6033095717430115,-7.508575439453125,42.53256607055664,0.004140014760196209
2713000000,3.5251080989837646,0.1328476071357727,-0.017514988780021667,0.6033040881156921,-7.510712146759033,42.53260040283203,0.004140014760196209
2714000000,3.52510929107666,0.1328362375497818,-0.017520301043987274,0.6033381819725037,-7.5136003494262695,42.552860260009766,0.004140014760196209
2715000000,3.5251095294952393,0.13283799588680267,-0.017525579780340195,0.6033329963684082,-7.515739440917969,42.532779693603516,0.004140014760196209
2716000000,3.5251104831695557,0.13282664120197296,-0.017530890181660652,0.6033669710159302,-7.5186262130737305,42.552833557128906,0.004140014760196209
2717000000,3.5251107215881348,0.13282842934131622,-0.017536167055368423,0.6033616662025452,-7.520762920379639,42.53274917602539,0.004140014760196209
2718000000,3.5251119136810303,0.1328171193599701,-0.01754147559404373,0.6033955812454224,-7.523647785186768,42.55280303955078,0.004140014760196209
2719000000,3.5251121520996094,0.13281893730163574,-0.017546752467751503,0.6033901572227478,-7.525782585144043,42.53272247314453,0.004140014760196209
2720000000,3.525113105773926,0.1328076422214508,-0.017552059143781662,0.6034240126609802,-7.528665542602539,42.55277633666992,0.004140014760196209
2721000000,3.525113344192505,0.13280950486660004,-0.017557334154844284,0.6034185290336609,-7.530797958374023,42.532691955566406,0.004140014760196209
2722000000,3.5251145362854004,0.1327982395887375,-0.017562638968229294,0.6034522652626038,-7.533679008483887,42.55274963378906,0.004140014760196209
2723000000,3.5251147747039795,0.1328001171350479,-0.017567912116646767,0.6034466624259949,-7.53580904006958,42.53266143798828,0.004140014760196209
2724000000,3.525115728378296,0.13278889656066895,-0.017573215067386627,0.603480339050293,-7.538687705993652,42.55271911621094,0.004140014760196209
2725000000,3.525115966796875,0.13279080390930176,-0.0175784844905138,0.6034746170043945,-7.540815353393555,42.53263473510742,0.004140014760196209
2726000000,3.5251169204711914,0.13277959823608398,-0.017583785578608513,0.6035081744194031,-7.543692111968994,42.55269241333008,0.004140014760196209
2727000000,3.5251171588897705,0.13278155028820038,-0.017589053139090538,0.6035023927688599,-7.545816898345947,42.5326042175293,0.004140014760196209
2728000000,3.525118350982666,0.132770374417305,-0.01759435050189495,0.6035358905792236,-7.548691272735596,42.55266189575195,0.004140014760196209
2729000000,3.525118589401245,0.13277234137058258,-0.017599616199731827,0.6035300493240356,-7.5508131980896,42.53257751464844,0.004140014760196209
2730000000,3.5251195430755615,0.13276119530200958,-0.01760490983724594,0.6035634279251099,-7.553685188293457,42.552635192871094,0.004140014760196209
2731000000,3.5251197814941406,0.13276320695877075,-0.01761017180979252,0.6035574674606323,-7.555804252624512,42.53254699707031,0.004140014760196209
2732000000,3.525120735168457,0.13275209069252014,-0.017615463584661484,0.6035907864570618,-7.55867338180542,42.552608489990234,0.004140014760196209
2733000000,3.525120973587036,0.1327541172504425,-0.017620721831917763,0.6035847067832947,-7.560789585113525,42.53252029418945,0.004140014760196209
2734000000,3.5251221656799316,0.13274303078651428,-0.01762600988149643,0.6036179661750793,-7.563656330108643,42.55257797241211,0.004140014760196209
2735000000,3.5251221656799316,0.13274508714675903,-0.01763126440346241,0.6036118268966675,-7.565769672393799,42.53248977661133,0.004140014760196209
2736000000,3.525123357772827,0.1327340304851532,-0.017636548727750778,0.6036449670791626,-7.568633556365967,42.55255126953125,0.004140014760196209
2737000000,3.5251235961914062,0.13273611664772034,-0.01764179952442646,0.603638768196106,-7.570743560791016,42.53246307373047,0.004140014760196209
2738000000,3.5251245498657227,0.1327250897884369,-0.01764707826077938,0.6036718487739563,-7.573604583740234,42.55252456665039,0.004140014760196209
2739000000,3.5251247882843018,0.13272720575332642,-0.017652327194809914,0.6036655306816101,-7.575711250305176,42.532432556152344,0.004140014760196209
2740000000,3.525125741958618,0.13271619379520416,-0.017657600343227386,0.6036984920501709,-7.5785698890686035,42.552494049072266,0.004140014760196209
2741000000,3.5251259803771973,0.13271835446357727,-0.01766284555196762,0.6036921143531799,-7.5806732177734375,42.532405853271484,0.004140014760196209
2742000000,3.5251269340515137,0.1327073723077774,-0.017668114975094795,0.603725016117096,-7.583528518676758,42.552467346191406,0.004140014760196209
2743000000,3.5251271724700928,0.1327095478773117,-0.017673354595899582,0.6037185192108154,-7.585628509521484,42.53237533569336,0.004140014760196209
2744000000,3.525128126144409,0.13269859552383423,-0.017678620293736458,0.6037513613700867,-7.5884809494018555,42.55244064331055,0.004140014760196209
2745000000,3.5251283645629883,0.13270080089569092,-0.017683854326605797,0.6037448048591614,-7.590577125549316,42.5323486328125,0.004140014760196209
2746000000,3.525129556655884,0.13268986344337463,-0.017689114436507225,0.6037775278091431,-7.593426704406738,42.55241012573242,0.004140014760196209
2747000000,3.525129556655884,0.1326920986175537,-0.017694344744086266,0.603770911693573,-7.595519542694092,42.532318115234375,0.004140014760196209
2748000000,3.5251307487487793,0.132681205868721,-0.017699599266052246,0.6038035750389099,-7.598365306854248,42.55238342285156,0.004140014760196209
2749000000,3.5251307487487793,0.13268345594406128,-0.01770482398569584,0.6037968397140503,-7.600454330444336,42.532291412353516,0.004140014760196209
2750000000,3.525131940841675,0.13267259299755096,-0.017710072919726372,0.6038294434547424,-7.603297233581543,42.5523567199707,0.004140014760196209
2751000000,3.525131940841675,0.13267487287521362,-0.017715293914079666,0.6038225889205933,-7.605382919311523,42.53226089477539,0.004140014760196209
2752000000,3.5251331329345703,0.1326640248298645,-0.01772053726017475,0.6038551330566406,-7.608222007751465,42.552330017089844,0.004140014760196209
2753000000,3.5251331329345703,0.13266633450984955,-0.017725752666592598,0.6038482189178467,-7.61030387878418,42.53223419189453,0.004140014760196209
2754000000,3.525134325027466,0.13265551626682281,-0.017730988562107086,0.6038806438446045,-7.613139629364014,42.55229949951172,0.004140014760196209
2755000000,3.525134325027466,0.13265785574913025,-0.017736198380589485,0.6038736701011658,-7.615217208862305,42.532203674316406,0.004140014760196209
2756000000,3.5251355171203613,0.1326470524072647,-0.017741430550813675,0.6039060354232788,-7.618049621582031,42.55227279663086,0.004140014760196209
2757000000,3.5251355171203613,0.13264942169189453,-0.017746632918715477,0.6038990020751953,-7.620123386383057,42.53217697143555,0.004140014760196209
2758000000,3.525136709213257,0.13263864815235138,-0.01775185763835907,0.6039312481880188,-7.622952461242676,42.55224609375,0.004140014760196209
2759000000,3.525136709213257,0.1326410472393036,-0.017757056280970573,0.6039241552352905,-7.625021934509277,42.53214645385742,0.004140014760196209
2760000000,3.5251376628875732,0.13263030350208282,-0.01776227355003357,0.6039563417434692,-7.627847194671631,42.55221939086914,0.004140014760196209
2761000000,3.5251388549804688,0.13261960446834564,-0.017767498269677162,0.6039884090423584,-7.630671977996826,42.55215835571289,0.004140014760196209
2762000000,3.525139808654785,0.13260896503925323,-0.017772726714611053,0.6040202379226685,-7.633495807647705,42.55209732055664,0.004140014760196209
2763000000,3.5251407623291016,0.1325983852148056,-0.017777958884835243,0.604051947593689,-7.636319160461426,42.55203628540039,0.004140014760196209
2764000000,3.525141716003418,0.13258786499500275,-0.01778319478034973,0.6040835380554199,-7.639141082763672,42.55197525024414,0.004140014760196209
2765000000,3.5251426696777344,0.13257738947868347,-0.017788436263799667,0.6041149497032166,-7.64196252822876,42.551918029785156,0.004140014760196209
2766000000,3.525143623352051,0.13256695866584778,-0.0177936814725399,0.6041461825370789,-7.644783020019531,42.551856994628906,0.004140014760196209
2767000000,3.525144577026367,0.13255658745765686,-0.017798930406570435,0.6041772365570068,-7.6476030349731445,42.55179977416992,0.004140014760196209
2768000000,3.5251455307006836,0.13254627585411072,-0.017804183065891266,0.6042081713676453,-7.650421619415283,42.55173873901367,0.004140014760196209
2769000000,3.525146484375,0.13253600895404816,-0.017809439450502396,0.6042389273643494,-7.6532392501831055,42.55168151855469,0.004140014760196209
2770000000,3.5251474380493164,0.13252578675746918,-0.017814697697758675,0.6042695641517639,-7.656055927276611,42.5516242980957,0.004140014760196209
2771000000,3.525148391723633,0.13251562416553497,-0.0178199615329504,0.6043000221252441,-7.658871650695801,42.55156707763672,0.004140014760196209
2772000000,3.525149345397949,0.13250550627708435,-0.017825229093432426,0.60433030128479,-7.661685943603516,42.551509857177734,0.004140014760196209
2773000000,3.5251502990722656,0.1324954479932785,-0.0178304985165596,0.6043604612350464,-7.664499282836914,42.55145263671875,0.004140014760196209
2774000000,3.525151252746582,0.13248543441295624,-0.017835771664977074,0.6043904423713684,-7.667311191558838,42.551395416259766,0.004140014760196209
2775000000,3.5251522064208984,0.13247546553611755,-0.017841046676039696,0.6044203042984009,-7.670122146606445,42.55133819580078,0.004140014760196209
2776000000,3.525153160095215,0.13246555626392365,-0.017846325412392616,0.604449987411499,-7.672931671142578,42.5512809753418,0.004140014760196209
2777000000,3.5251541137695312,0.13245569169521332,-0.017851607874035835,0.6044795513153076,-7.6757402420043945,42.55122375488281,0.004140014760196209
2778000000,3.5251550674438477,0.13244588673114777,-0.017856892198324203,0.6045089960098267,-7.678547382354736,42.551170349121094,0.004140014760196209
2779000000,3.525156021118164,0.1324361115694046,-0.01786217838525772,0.6045382618904114,-7.6813530921936035,42.55111312866211,0.004140014760196209
2780000000,3.5251569747924805,0.1324263960123062,-0.017867466434836388,0.6045673489570618,-7.684157371520996,42.55105972290039,0.004140014760196209
2781000000,3.525157928466797,0.1324167251586914,-0.017872758209705353,0.6045963168144226,-7.686960220336914,42.55100631713867,0.004140014760196209
2782000000,3.5251588821411133,0.13240711390972137,-0.017878051847219467,0.6046251654624939,-7.689761638641357,42.55094909667969,0.004140014760196209
2783000000,3.5251595973968506,0.13239753246307373,-0.01788334734737873,0.6046538352966309,-7.692561626434326,42.55089569091797,0.004140014760196209
2784000000,3.525160551071167,0.13238801062107086,-0.017888644710183144,0.6046823859214783,-7.69536018371582,42.55084228515625,0.004140014760196209
2785000000,3.5251615047454834,0.13237853348255157,-0.017893943935632706,0.6047108173370361,-7.698156833648682,42.55078887939453,0.004140014760196209
2786000000,3.5251624584198,0.13236910104751587,-0.017899245023727417,0.6047390699386597,-7.700952529907227,42.55073547363281,0.004140014760196209
2787000000,3.525163412094116,0.13235971331596375,-0.017904547974467278,0.6047672033309937,-7.703746318817139,42.550682067871094,0.004140014760196209
2788000000,3.5251641273498535,0.1323503851890564,-0.017909852787852287,0.6047951579093933,-7.706538200378418,42.55063247680664,0.004140014760196209
2789000000,3.52516508102417,0.13234108686447144,-0.017915157601237297,0.6048230528831482,-7.709328651428223,42.55057907104492,0.004140014760196209
2790000000,3.5251660346984863,0.13233183324337006,-0.017920466139912605,0.6048507690429688,-7.7121171951293945,42.5505256652832,0.004140014760196209
2791000000,3.5251667499542236,0.13232263922691345,-0.017925774678587914,0.604878306388855,-7.714904308319092,42.55047607421875,0.004140014760196209
2792000000,3.52516770362854,0.13231347501277924,-0.017931083217263222,0.6049057841300964,-7.717689514160156,42.55042266845703,0.004140014760196209
2793000000,3.5251686573028564,0.1323043704032898,-0.01793639548122883,0.6049330830574036,-7.720473289489746,42.55037307739258,0.004140014760196209
2794000000,3.5251708030700684,0.13229532539844513,-0.017941785976290703,0.6049603223800659,-7.723287582397461,42.54628372192383,0.004140014760196209
2795000000,3.525177001953125,0.13228636980056763,-0.01794741302728653,0.6049877405166626,-7.726197242736816,42.53428649902344,0.004140014760196209
2796000000,3.525040864944458,0.1322755515575409,-0.017944395542144775,0.6050047874450684,-7.7255377769470215,42.96537780761719,0.0041748047806322575
2797000000,3.5251901149749756,0.13227033615112305,-0.017960531637072563,0.6050370931625366,-7.732701778411865,42.0568962097168,0.0041008759289979935
2798000000,3.525196075439453,0.13225939869880676,-0.017964154481887817,0.6050704121589661,-7.734874725341797,42.5837516784668,0.004140014760196209
2799000000,3.525059938430786,0.13224869966506958,-0.017960987985134125,0.6050871014595032,-7.734145641326904,42.96643829345703,0.0041748047806322575
2800000000,3.5252084732055664,0.13224361836910248,-0.017977062612771988,0.6051189303398132,-7.741277694702148,42.05923080444336,0.0041008759289979935
2801000000,3.525071382522583,0.1322561651468277,-0.017972849309444427,0.6050661206245422,-7.738759994506836,42.965457916259766,0.0041748047806322575
2802000000,3.524928092956543,0.1322723776102066,-0.01797219179570675,0.6050016283988953,-7.73754358291626,42.889503479003906,0.0041661071591079235
2803000000,3.5252232551574707,0.1322939544916153,-0.017998376861214638,0.6049702763557434,-7.74743127822876,41.56624221801758,0.004061737097799778
2804000000,3.525226593017578,0.13231724500656128,-0.018001524731516838,0.6049010753631592,-7.747422218322754,42.56047439575195,0.004140014760196209
2805000000,3.525088310241699,0.13231945037841797,-0.017998354509472847,0.6048790216445923,-7.745946884155273,42.9473991394043,0.0041748047806322575
2806000000,3.524947166442871,0.13232330977916718,-0.017996961250901222,0.6048516631126404,-7.745131969451904,42.91100311279297,0.0041704559698700905
2807000000,3.524806022644043,0.13232693076133728,-0.01799597032368183,0.6048250794410706,-7.74450159072876,42.910953521728516,0.0041704559698700905
2808000000,3.525249719619751,0.1323382556438446,-0.01802987977862358,0.6048409342765808,-7.7582597732543945,41.14643096923828,0.0040269470773637295
2809000000,3.525251865386963,0.13236969709396362,-0.018032047897577286,0.6047473549842834,-7.75736141204834,42.578948974609375,0.004140014760196209
2810000000,3.525115728378296,0.13235820829868317,-0.018028806895017624,0.6047663688659668,-7.756649494171143,42.96488952636719,0.0041748047806322575
2811000000,3.5249764919281006,0.1323484629392624,-0.018027355894446373,0.604779839515686,-7.756597518920898,42.928401947021484,0.0041704559698700905
2812000000,3.5248374938964844,0.1323385387659073,-0.018026182428002357,0.604793906211853,-7.756672382354736,42.92949295043945,0.0041704559698700905
2813000000,3.524698257446289,0.13232861459255219,-0.018025094643235207,0.60480797290802,-7.756784439086914,42.9294319152832,0.0041704559698700905
2814000000,3.525285005569458,0.13232840597629547,-0.01806730031967163,0.604874312877655,-7.774737358093262,40.73893737792969,0.003992157056927681
2815000000,3.5251502990722656,0.13236574828624725,-0.01806078478693962,0.6047477126121521,-7.769802093505859,43.00491714477539,0.0041748047806322575
2816000000,3.5249998569488525,0.13241295516490936,-0.01806315779685974,0.6045898795127869,-7.768073558807373,42.816532135009766,0.0041617583483457565
2817000000,3.5248498916625977,0.13245929777622223,-0.018066484481096268,0.6044346690177917,-7.7668023109436035,42.8166618347168,0.0041617583483457565
2818000000,3.5246999263763428,0.13250523805618286,-0.01806977204978466,0.6042806506156921,-7.765538215637207,42.817073822021484,0.0041617583483457565
2819000000,3.525300979614258,0.13250376284122467,-0.018113112077116966,0.6043525338172913,-7.784020900726318,40.696128845214844,0.003992157056927681
2820000000,3.5251660346984863,0.13254079222679138,-0.0181058831512928,0.60422682762146,-7.778804779052734,43.00718688964844,0.0041748047806322575
2821000000,3.5250155925750732,0.13258767127990723,-0.018107879906892776,0.6040699481964111,-7.776935577392578,42.81547546386719,0.0041617583483457565
2822000000,3.5248653888702393,0.13263368606567383,-0.018110834062099457,0.6039156317710876,-7.7755231857299805,42.81560134887695,0.0041617583483457565
2823000000,3.5247151851654053,0.1326792985200882,-0.018113749101758003,0.6037625074386597,-7.774118423461914,42.81601333618164,0.0041617583483457565
2824000000,3.524576187133789,0.1326667219400406,-0.018112575635313988,0.603784441947937,-7.774348735809326,42.930782318115234,0.0041748047806322575
2825000000,3.5244369506835938,0.13265460729599,-0.018110504373908043,0.6038050055503845,-7.774171829223633,42.93098449707031,0.0041748047806322575
2826000000,3.525333881378174,0.13265646994113922,-0.018170135095715523,0.6039002537727356,-7.799345970153809,39.80342102050781,0.003918228205293417
2827000000,3.525200366973877,0.13270731270313263,-0.018162455409765244,0.6037334203720093,-7.793140411376953,43.02497100830078,0.0041791535913944244
2828000000,3.5250444412231445,0.13277274370193481,-0.01816713623702526,0.6035205125808716,-7.791329383850098,42.758602142333984,0.0041574095375835896
2829000000,3.5248892307281494,0.13283684849739075,-0.0181732214987278,0.6033115983009338,-7.7901930809021,42.759971618652344,0.0041574095375835896
2830000000,3.524733781814575,0.1329004019498825,-0.01817920245230198,0.6031043529510498,-7.789044380187988,42.76056671142578,0.0041574095375835896
2831000000,3.524595022201538,0.13288618624210358,-0.01817764714360237,0.6031311750411987,-7.789208889007568,42.93252944946289,0.0041748047806322575
2832000000,3.5244557857513428,0.13287261128425598,-0.018174871802330017,0.6031560301780701,-7.788820266723633,42.93281555175781,0.0041748047806322575
2833000000,3.5253562927246094,0.13287310302257538,-0.018233967944979668,0.6032559275627136,-7.813805103302002,39.79438781738281,0.003918228205293417
2834000000,3.5252225399017334,0.1329226940870285,-0.01822561025619507,0.6030927896499634,-7.807389736175537,43.027061462402344,0.0041791535913944244
2835000000,3.525066614151001,0.13298672437667847,-0.018229592591524124,0.60288405418396,-7.805361270904541,42.759849548339844,0.0041574095375835896
2836000000,3.524911403656006,0.13304942846298218,-0.018234988674521446,0.6026793122291565,-7.804008960723877,42.76120376586914,0.0041574095375835896
2837000000,3.5247559547424316,0.1331115961074829,-0.01824028603732586,0.6024761199951172,-7.802647113800049,42.761783599853516,0.0041574095375835896
2838000000,3.5246171951293945,0.13309596478939056,-0.018238063901662827,0.6025071144104004,-7.802612781524658,42.93428421020508,0.0041748047806322575
2839000000,3.524477958679199,0.13308098912239075,-0.018234631046652794,0.6025362014770508,-7.802029609680176,42.93455505371094,0.0041748047806322575
2840000000,3.524338722229004,0.13306602835655212,-0.018231306225061417,0.6025651693344116,-7.801490783691406,42.9344482421875,0.0041748047806322575
2841000000,3.5241997241973877,0.13305111229419708,-0.018228091299533844,0.6025940179824829,-7.80099630355835,42.93434143066406,0.0041748047806322575
2842000000,3.5253958702087402,0.13305434584617615,-0.01830425299704075,0.6027191877365112,-7.832998752593994,38.90267562866211,0.003844299353659153
2843000000,3.5252630710601807,0.1331159621477127,-0.018296027556061745,0.602520227432251,-7.8259429931640625,43.0397834777832,0.004183502402156591
2844000000,3.52510142326355,0.13319703936576843,-0.018303142860531807,0.6022599339485168,-7.82424259185791,42.6989860534668,0.004153060726821423
2845000000,3.5249407291412354,0.1332763433456421,-0.018312254920601845,0.6020049452781677,-7.823489189147949,42.700340270996094,0.004153060726821423
2846000000,3.524779796600342,0.13335496187210083,-0.018321188166737556,0.6017520427703857,-7.822701454162598,42.70111846923828,0.004153060726821423
2847000000,3.5246410369873047,0.1333375722169876,-0.01831856742501259,0.6017882823944092,-7.822603702545166,42.935020446777344,0.0041748047806322575
2848000000,3.5245018005371094,0.13332097232341766,-0.01831427402794361,0.6018220782279968,-7.821753978729248,42.93661880493164,0.0041748047806322575
2849000000,3.524362564086914,0.1333044171333313,-0.018310097977519035,0.6018558144569397,-7.82095193862915,42.936492919921875,0.0041748047806322575
2850000000,3.5242233276367188,0.13328790664672852,-0.01830604113638401,0.601889431476593,-7.820196628570557,42.936370849609375,0.0041748047806322575
2851000000,3.5240840911865234,0.13327144086360931,-0.018302099779248238,0.601922869682312,-7.819488048553467,42.936248779296875,0.0041748047806322575
2852000000,3.523944854736328,0.1332550048828125,-0.018298272043466568,0.6019562482833862,-7.818825721740723,42.93613052368164,0.0041748047806322575
2853000000,3.5254478454589844,0.13326102495193481,-0.018391916528344154,0.6021080017089844,-7.857990741729736,37.97825241088867,0.003766021691262722
2854000000,3.525315523147583,0.1333332508802414,-0.018384352326393127,0.6018773913383484,-7.850596904754639,43.04902267456055,0.004183502402156591
2855000000,3.5251481533050537,0.13343043625354767,-0.018395254388451576,0.6015682816505432,-7.849544525146484,42.63377380371094,0.004148712381720543
2856000000,3.5249814987182617,0.1335255205631256,-0.01840825565159321,0.6012654900550842,-7.849498748779297,42.636474609375,0.004148712381720543
2857000000,3.524815082550049,0.1336197704076767,-0.0184209942817688,0.6009652018547058,-7.849391937255859,42.637451171875,0.004148712381720543
2858000000,3.5246763229370117,0.13360047340393066,-0.01841750368475914,0.6010071039199829,-7.8490424156188965,42.93848419189453,0.0041748047806322575
2859000000,3.5245370864868164,0.13358213007450104,-0.018412163481116295,0.601046085357666,-7.847858905792236,42.93891906738281,0.0041748047806322575
2860000000,3.524397611618042,0.1335638463497162,-0.018406953662633896,0.6010849475860596,-7.846726894378662,42.938777923583984,0.0041748047806322575
2861000000,3.5242583751678467,0.1335456222295761,-0.018401872366666794,0.6011236310005188,-7.845644950866699,42.938636779785156,0.0041748047806322575
2862000000,3.5241191387176514,0.13352744281291962,-0.01839691773056984,0.6011621952056885,-7.844613075256348,42.938499450683594,0.0041748047806322575
2863000000,3.523979902267456,0.1335093080997467,-0.018392087891697884,0.6012005805969238,-7.843631267547607,42.93836212158203,0.0041748047806322575
2864000000,3.5238406658172607,0.13349123299121857,-0.018387382850050926,0.6012387871742249,-7.842698097229004,42.93822479248047,0.0041748047806322575
2865000000,3.5237014293670654,0.133473202586174,-0.01838279888033867,0.6012768745422363,-7.841813564300537,42.938087463378906,0.0041748047806322575
2866000000,3.5255110263824463,0.13348199427127838,-0.018493730574846268,0.6014553308486938,-7.888029098510742,37.053070068359375,0.003692092839628458
2867000000,3.525378704071045,0.13356338441371918,-0.0184872355312109,0.601197361946106,-7.880548000335693,43.051612854003906,0.004183502402156591
2868000000,3.525205135345459,0.13367538154125214,-0.018502211198210716,0.6008433103561401,-7.880326747894287,42.56549835205078,0.004140014760196209
2869000000,3.5250327587127686,0.13378483057022095,-0.018519848585128784,0.6004969477653503,-7.881371974945068,42.56820297241211,0.004140014760196209
2870000000,3.524860382080078,0.13389328122138977,-0.0185371246188879,0.6001535058021545,-7.882323265075684,42.56938552856445,0.004140014760196209
2871000000,3.524721622467041,0.1338718682527542,-0.018533069640398026,0.6002017259597778,-7.881864547729492,42.94074249267578,0.0041748047806322575
2872000000,3.5245821475982666,0.13385175168514252,-0.018526524305343628,0.600246012210846,-7.880285263061523,42.94136428833008,0.0041748047806322575
2873000000,3.524442672729492,0.1338316947221756,-0.018520120531320572,0.600290060043335,-7.878761291503906,42.94120407104492,0.0041748047806322575
2874000000,3.5243031978607178,0.13381169736385345,-0.018513856455683708,0.6003339886665344,-7.877291679382324,42.941043853759766,0.0041748047806322575
2875000000,3.5241639614105225,0.13379177451133728,-0.018507730215787888,0.6003777384757996,-7.875876426696777,42.940887451171875,0.0041748047806322575
2876000000,3.524024486541748,0.13377191126346588,-0.01850174181163311,0.6004212498664856,-7.874514579772949,42.940731048583984,0.0041748047806322575
2877000000,3.5238850116729736,0.13375209271907806,-0.018495889380574226,0.6004645824432373,-7.87320613861084,42.940574645996094,0.0041748047806322575
2878000000,3.5237457752227783,0.13373234868049622,-0.018490171059966087,0.6005077958106995,-7.871950149536133,42.94042205810547,0.0041748047806322575
2879000000,3.523606300354004,0.13371267914772034,-0.018484586849808693,0.6005507707595825,-7.87074613571167,42.940269470214844,0.0041748047806322575
2880000000,3.5245165824890137,0.13370147347450256,-0.01852305419743061,0.6006873846054077,-7.887571811676025,39.76994705200195,0.00391387939453125
2881000000,3.524515151977539,0.13374678790569305,-0.018517931923270226,0.6005519032478333,-7.8827805519104,42.636653900146484,0.004148712381720543
2882000000,3.5245158672332764,0.13373972475528717,-0.01851579360663891,0.6005730628967285,-7.8822922706604,42.537254333496094,0.004140014760196209
2883000000,3.5245168209075928,0.13373297452926636,-0.01851409301161766,0.6005933284759521,-7.881970405578613,42.53931427001953,0.004140014760196209
2884000000,3.5245182514190674,0.13371309638023376,-0.018512537702918053,0.6006528735160828,-7.882473945617676,42.560028076171875,0.004140014760196209
2885000000,3.5245189666748047,0.13370639085769653,-0.018510961905121803,0.6006730198860168,-7.882201194763184,42.53935623168945,0.004140014760196209
2886000000,3.5245203971862793,0.13368664681911469,-0.018509529531002045,0.6007320880889893,-7.882749080657959,42.55986022949219,0.004140014760196209
2887000000,3.5245213508605957,0.1336800903081894,-0.018508078530430794,0.6007518172264099,-7.8825201988220215,42.539188385009766,0.004140014760196209
2888000000,3.5245227813720703,0.1336604803800583,-0.018506769090890884,0.6008104681968689,-7.883111000061035,42.559696197509766,0.004140014760196209
2889000000,3.5245234966278076,0.13365407288074493,-0.018505439162254333,0.6008297204971313,-7.882925510406494,42.53902053833008,0.004140014760196209
2890000000,3.5245249271392822,0.13363461196422577,-0.018504250794649124,0.6008880138397217,-7.88355827331543,42.559532165527344,0.004140014760196209
2891000000,3.524526357650757,0.13361527025699615,-0.018503129482269287,0.6009459495544434,-7.884213447570801,42.55940246582031,0.004140014760196209
2892000000,3.5245277881622314,0.1335960477590561,-0.018502071499824524,0.6010035276412964,-7.884889602661133,42.55927276611328,0.004140014760196209
2893000000,3.524529218673706,0.1335769146680832,-0.018501082435250282,0.6010608077049255,-7.885586738586426,42.559146881103516,0.004140014760196209
2894000000,3.5245306491851807,0.13355791568756104,-0.018500154837965965,0.601117730140686,-7.886305332183838,42.559017181396484,0.004140014760196209
2895000000,3.5245320796966553,0.13353900611400604,-0.01849929243326187,0.6011743545532227,-7.887044906616211,42.55889129638672,0.004140014760196209
2896000000,3.52453351020813,0.1335202157497406,-0.01849849335849285,0.6012306213378906,-7.8878045082092285,42.55876541137695,0.004140014760196209
2897000000,3.5245349407196045,0.13350152969360352,-0.018497757613658905,0.6012865900993347,-7.888584613800049,42.55864334106445,0.004140014760196209
2898000000,3.524536371231079,0.1334829479455948,-0.018497083336114883,0.6013422608375549,-7.889384746551514,42.55851745605469,0.004140014760196209
2899000000,3.5245378017425537,0.13346447050571442,-0.018496470525860786,0.6013975739479065,-7.890204429626465,42.55839538574219,0.004140014760196209
2900000000,3.524538993835449,0.1334461122751236,-0.018495919182896614,0.6014525890350342,-7.8910441398620605,42.55827331542969,0.004140014760196209
2901000000,3.524540424346924,0.13342784345149994,-0.018495425581932068,0.601507306098938,-7.891903400421143,42.55815124511719,0.004140014760196209
2902000000,3.5245418548583984,0.13340969383716583,-0.018494993448257446,0.6015616655349731,-7.8927812576293945,42.55802917480469,0.004140014760196209
2903000000,3.524543285369873,0.1333916336297989,-0.01849461905658245,0.6016157269477844,-7.893678665161133,42.55790710449219,0.004140014760196209
2904000000,3.5245447158813477,0.1333736926317215,-0.01849430240690708,0.6016694903373718,-7.894594192504883,42.55778884887695,0.004140014760196209
2905000000,3.524545907974243,0.13335584104061127,-0.018494045361876488,0.6017229557037354,-7.895528793334961,42.55767059326172,0.004140014760196209
2906000000,3.5245473384857178,0.1333380937576294,-0.01849384419620037,0.601776123046875,-7.896481513977051,42.557552337646484,0.004140014760196209
2907000000,3.5245487689971924,0.13332045078277588,-0.01849369890987873,0.6018289923667908,-7.897451877593994,42.55743408203125,0.004140014760196209
2908000000,3.524549961090088,0.13330291211605072,-0.018493609502911568,0.6018815040588379,-7.898440837860107,42.55731964111328,0.004140014760196209
2909000000,3.5245513916015625,0.13328546285629272,-0.018493574112653732,0.6019337773323059,-7.899446964263916,42.55720138549805,0.004140014760196209
2910000000,3.524552583694458,0.13326811790466309,-0.018493594601750374,0.60198575258255,-7.900470733642578,42.55708694458008,0.004140014760196209
2911000000,3.5245540142059326,0.1332508623600006,-0.018493669107556343,0.6020373702049255,-7.9015116691589355,42.55697250366211,0.004140014760196209
2912000000,3.5245554447174072,0.1332337111234665,-0.01849379763007164,0.6020887494087219,-7.902569770812988,42.55685806274414,0.004140014760196209
2913000000,3.5245566368103027,0.13321666419506073,-0.018493978306651115,0.6021398305892944,-7.903645038604736,42.55674362182617,0.004140014760196209
2914000000,3.5245580673217773,0.13319970667362213,-0.01849421113729477,0.6021906137466431,-7.904736518859863,42.55663299560547,0.004140014760196209
2915000000,3.524559259414673,0.1331828534603119,-0.018494494259357452,0.6022411584854126,-7.905844688415527,42.556522369384766,0.004140014760196209
2916000000,3.5245606899261475,0.1331660896539688,-0.018494831398129463,0.6022913455963135,-7.90696907043457,42.5564079284668,0.004140014760196209
2917000000,3.524561882019043,0.1331494152545929,-0.018495216965675354,0.6023412942886353,-7.908109664916992,42.556297302246094,0.004140014760196209
2918000000,3.5245633125305176,0.13313283026218414,-0.018495652824640274,0.6023909449577332,-7.909265995025635,42.556190490722656,0.004140014760196209
2919000000,3.524564504623413,0.13311634957790375,-0.018496138975024223,0.6024402976036072,-7.910438060760498,42.55607986450195,0.004140014760196209
2920000000,3.5245656967163086,0.13309995830059052,-0.018496673554182053,0.6024894118309021,-7.911625385284424,42.555973052978516,0.004140014760196209
2921000000,3.524567127227783,0.13308367133140564,-0.018497256562113762,0.6025382280349731,-7.91282844543457,42.55586242675781,0.004140014760196209
2922000000,3.5245683193206787,0.13306745886802673,-0.01849788799881935,0.6025867462158203,-7.914046287536621,42.555755615234375,0.004140014760196209
2923000000,3.524569511413574,0.13305135071277618,-0.01849856600165367,0.6026350259780884,-7.915279388427734,42.55564880371094,0.004140014760196209
2924000000,3.524570941925049,0.1330353170633316,-0.01849929243326187,0.6026830077171326,-7.916527271270752,42.555545806884766,0.004140014760196209
2925000000,3.5245721340179443,0.13301938772201538,-0.018500063568353653,0.6027307510375977,-7.917789459228516,42.55543899536133,0.004140014760196209
2926000000,3.52457332611084,0.13300354778766632,-0.018500881269574165,0.6027781963348389,-7.919066429138184,42.555335998535156,0.004140014760196209
2927000000,3.5245747566223145,0.13298779726028442,-0.01850174367427826,0.602825403213501,-7.9203572273254395,42.55522918701172,0.004140014760196209
2928000000,3.52457594871521,0.1329721212387085,-0.018502652645111084,0.602872371673584,-7.921662330627441,42.55512619018555,0.004140014760196209
2929000000,3.5245771408081055,0.13295654952526093,-0.01850360445678234,0.6029190421104431,-7.922981262207031,42.555023193359375,0.004140014760196209
2930000000,3.524578332901001,0.13294105231761932,-0.01850460097193718,0.6029654145240784,-7.924314022064209,42.5549201965332,0.004140014760196209
2931000000,3.5245790481567383,0.13293872773647308,-0.01850557141005993,0.6029723882675171,-7.924861431121826,42.53431701660156,0.004140014760196209
2932000000,3.5245795249938965,0.1329365223646164,-0.018506573513150215,0.6029790639877319,-7.925414562225342,42.53409957885742,0.004140014760196209
2933000000,3.5245800018310547,0.1329343169927597,-0.01850760169327259,0.602985680103302,-7.9259796142578125,42.534095764160156,0.004140014760196209
2934000000,3.524580478668213,0.1329321265220642,-0.018508657813072205,0.6029923558235168,-7.926555633544922,42.53409194946289,0.004140014760196209
2935000000,3.52458119392395,0.13292992115020752,-0.018509740009903908,0.6029989719390869,-7.92714262008667,42.534088134765625,0.004140014760196209
2936000000,3.5245816707611084,0.13292771577835083,-0.0185108482837677,0.603005588054657,-7.927740573883057,42.53408432006836,0.004140014760196209
2937000000,3.5245821475982666,0.13292552530765533,-0.018511982634663582,0.603012204170227,-7.928349494934082,42.534080505371094,0.004140014760196209
2938000000,3.524582862854004,0.13292333483695984,-0.018513141199946404,0.6030188202857971,-7.928968906402588,42.53407287597656,0.004140014760196209
2939000000,3.524583339691162,0.13292114436626434,-0.018514327704906464,0.6030254364013672,-7.929599285125732,42.5340690612793,0.004140014760196209
2940000000,3.5245838165283203,0.13291895389556885,-0.018515536561608315,0.6030320525169373,-7.930239677429199,42.53406524658203,0.004140014760196209
2941000000,3.5245842933654785,0.13291676342487335,-0.018516773357987404,0.6030386090278625,-7.930891036987305,42.534061431884766,0.004140014760196209
2942000000,3.524585008621216,0.13291458785533905,-0.018518032506108284,0.6030452251434326,-7.931551933288574,42.5340576171875,0.004140014760196209
2943000000,3.524585485458374,0.13291239738464355,-0.018519315868616104,0.6030517816543579,-7.932223796844482,42.534053802490234,0.004140014760196209
2944000000,3.5245859622955322,0.13291022181510925,-0.018520623445510864,0.6030583381652832,-7.932905197143555,42.5340461730957,0.004140014760196209
2945000000,3.5245866775512695,0.13290804624557495,-0.018521955236792564,0.6030648946762085,-7.933596611022949,42.53404235839844,0.004140014760196209
2946000000,3.5245871543884277,0.13290587067604065,-0.018523311242461205,0.6030714511871338,-7.934298038482666,42.53403854370117,0.004140014760196209
2947000000,3.524587631225586,0.13290369510650635,-0.018524689599871635,0.6030780076980591,-7.935009002685547,42.534034729003906,0.004140014760196209
2948000000,3.524588108062744,0.13290151953697205,-0.018526090309023857,0.6030845642089844,-7.935729503631592,42.534027099609375,0.004140014760196209
2949000000,3.5245888233184814,0.13289935886859894,-0.01852751523256302,0.6030911207199097,-7.936459541320801,42.53402328491211,0.004140014760196209
2950000000,3.5245893001556396,0.13289719820022583,-0.01852896250784397,0.6030976176261902,-7.937199115753174,42.534019470214844,0.004140014760196209
2951000000,3.524589776992798,0.13289502263069153,-0.018530430272221565,0.6031041741371155,-7.937947750091553,42.53401184082031,0.004140014760196209
2952000000,3.524590253829956,0.13289286196231842,-0.0185319222509861,0.603110671043396,-7.938705921173096,42.53400802612305,0.004140014760196209
2953000000,3.5245909690856934,0.1328907161951065,-0.018533434718847275,0.6031171679496765,-7.9394731521606445,42.534000396728516,0.004140014760196209
2954000000,3.5245914459228516,0.1328885555267334,-0.018534967675805092,0.603123664855957,-7.940248966217041,42.53399658203125,0.004140014760196209
2955000000,3.5245919227600098,0.1328863948583603,-0.01853652484714985,0.6031301617622375,-7.941033840179443,42.533992767333984,0.004140014760196209
2956000000,3.5245931148529053,0.13287104666233063,-0.018538158386945724,0.6031761765480042,-7.942631721496582,42.55470657348633,0.004140014760196209
2957000000,3.5245938301086426,0.13286887109279633,-0.01853976957499981,0.6031827330589294,-7.943440914154053,42.53409194946289,0.004140014760196209
2958000000,3.524595022201538,0.13285359740257263,-0.01854146085679531,0.6032284498214722,-7.9450578689575195,42.55459976196289,0.004140014760196209
2959000000,3.5245954990386963,0.1328515261411667,-0.018543127924203873,0.6032347679138184,-7.945886135101318,42.53398513793945,0.004140014760196209
2960000000,3.524596691131592,0.13283634185791016,-0.01854487508535385,0.6032801866531372,-7.947521686553955,42.55449295043945,0.004140014760196209
2961000000,3.52459716796875,0.13283434510231018,-0.01854659803211689,0.6032862067222595,-7.948368072509766,42.53387451171875,0.004140014760196209
2962000000,3.5245983600616455,0.1328192502260208,-0.018548399209976196,0.603331446647644,-7.950022220611572,42.554386138916016,0.004140014760196209
2963000000,3.5245988368988037,0.132817342877388,-0.018550176173448563,0.6033371686935425,-7.9508867263793945,42.53376770019531,0.004140014760196209
2964000000,3.5246002674102783,0.1328023374080658,-0.018552031368017197,0.6033821702003479,-7.952558994293213,42.554283142089844,0.004140014760196209
2965000000,3.5246007442474365,0.13280051946640015,-0.01855386234819889,0.6033876538276672,-7.953441143035889,42.533660888671875,0.004140014760196209
2966000000,3.524601936340332,0.1327855885028839,-0.018555767834186554,0.6034323573112488,-7.955130100250244,42.554176330566406,0.004140014760196209
2967000000,3.5246024131774902,0.13278385996818542,-0.018557650968432426,0.603437602519989,-7.956029415130615,42.5335578918457,0.004140014760196209
2968000000,3.5246036052703857,0.13276901841163635,-0.018559608608484268,0.6034820079803467,-7.957736015319824,42.554073333740234,0.004140014760196209
2969000000,3.524604082107544,0.13276736438274384,-0.01856154203414917,0.6034870147705078,-7.958651542663574,42.533451080322266,0.004140014760196209
2970000000,3.5246052742004395,0.13275261223316193,-0.01856354810297489,0.6035312414169312,-7.96037483215332,42.55397415161133,0.004140014760196209
2971000000,3.524606466293335,0.132737934589386,-0.0185655876994133,0.6035751700401306,-7.962106704711914,42.55387496948242,0.004140014760196209
2972000000,3.5246076583862305,0.1327233463525772,-0.018567658960819244,0.6036189198493958,-7.963848114013672,42.553775787353516,0.004140014760196209
2973000000,3.524608850479126,0.1327088326215744,-0.018569761887192726,0.603662371635437,-7.965598106384277,42.55367660522461,0.004140014760196209
2974000000,3.5246100425720215,0.13269440829753876,-0.018571896478533745,0.6037055850028992,-7.967357158660889,42.55358123779297,0.004140014760196209
2975000000,3.524611234664917,0.13268005847930908,-0.01857406087219715,0.6037485599517822,-7.969124794006348,42.55348587036133,0.004140014760196209
2976000000,3.5246121883392334,0.13266578316688538,-0.018576256930828094,0.6037912964820862,-7.970901012420654,42.55338668823242,0.004140014760196209
2977000000,3.524613380432129,0.13265159726142883,-0.018578482791781425,0.6038338541984558,-7.97268533706665,42.55329132080078,0.004140014760196209
2978000000,3.5246145725250244,0.13263748586177826,-0.018580738455057144,0.6038761138916016,-7.974478244781494,42.55319595336914,0.004140014760196209
2979000000,3.52461576461792,0.13262346386909485,-0.01858302392065525,0.6039181351661682,-7.976279258728027,42.553104400634766,0.004140014760196209
2980000000,3.5246169567108154,0.1326095014810562,-0.018585337325930595,0.6039599180221558,-7.97808837890625,42.553009033203125,0.004140014760196209
2981000000,3.524618148803711,0.13259562849998474,-0.018587680533528328,0.604001522064209,-7.979905605316162,42.55291748046875,0.004140014760196209
2982000000,3.5246191024780273,0.13258183002471924,-0.0185900516808033,0.6040428280830383,-7.9817304611206055,42.55282211303711,0.004140014760196209
2983000000,3.524620294570923,0.1325681060552597,-0.018592452630400658,0.6040839552879333,-7.98356294631958,42.552730560302734,0.004140014760196209
2984000000,3.5246214866638184,0.13255445659160614,-0.018594879657030106,0.6041248440742493,-7.985403060913086,42.55263900756836,0.004140014760196209
2985000000,3.524622678756714,0.13254089653491974,-0.018597334623336792,0.6041654944419861,-7.987250804901123,42.552547454833984,0.004140014760196209
2986000000,3.5246236324310303,0.1325273960828781,-0.018599815666675568,0.6042059063911438,-7.989106178283691,42.55245590209961,0.004140014760196209
2987000000,3.524624824523926,0.13251397013664246,-0.01860232464969158,0.6042461395263672,-7.990968704223633,42.5523681640625,0.004140014760196209
2988000000,3.5246260166168213,0.13250063359737396,-0.018604859709739685,0.6042861342430115,-7.992837905883789,42.552276611328125,0.004140014760196209
2989000000,3.5246269702911377,0.13248735666275024,-0.018607420846819878,0.6043258905410767,-7.994714736938477,42.552188873291016,0.004140014760196209
2990000000,3.524628162384033,0.1324741542339325,-0.01861000806093216,0.6043654084205627,-7.996598243713379,42.552101135253906,0.004140014760196209
2991000000,3.5246293544769287,0.13246102631092072,-0.01861261948943138,0.6044047474861145,-7.998488426208496,42.5520133972168,0.004140014760196209
2992000000,3.522015333175659,0.1325603574514389,-0.018528318032622337,0.6038143038749695,-7.956837177276611,55.84950256347656,0.0051837158389389515
2993000000,3.5299429893493652,0.13254132866859436,-0.018372418358922005,0.6047607660293579,-7.891851902008057,55.84950256347656,0.0051837158389389515
2994000000,3.5219318866729736,0.13277995586395264,-0.018254034221172333,0.6031485795974731,-7.827717304229736,83.43675994873047,0.007236327975988388
2995000000,3.5220425128936768,0.13292117416858673,-0.018007446080446243,0.6027389764785767,-7.715152740478516,40.442386627197266,0.003970413003116846
2996000000,3.531129837036133,0.13287490606307983,-0.01803409494459629,0.6038992404937744,-7.729090690612793,40.442386627197266,0.003970413003116846
2997000000,3.524514675140381,0.13318152725696564,-0.017940694466233253,0.6022400259971619,-7.672049045562744,76.68621826171875,0.006749267689883709
2998000000,3.524413585662842,0.13345983624458313,-0.01774860918521881,0.6013973951339722,-7.57522439956665,40.7005615234375,0.003992157056927681
2999000000,3.5322999954223633,0.1335417926311493,-0.017693327739834785,0.6020431518554688,-7.547321319580078,40.7005615234375,0.003992157056927681
3000000000,3.5243422985076904,0.13387764990329742,-0.01766534522175789,0.6001414060592651,-7.516834259033203,83.08775329589844,0.0072102355770766735
3001000000,3.5242204666137695,0.13415265083312988,-0.017452958971261978,0.5993062257766724,-7.412420272827148,40.57038879394531,0.003983459435403347
3002000000,3.52427077293396,0.13419806957244873,-0.01737152971327305,0.599176287651062,-7.375748157501221,41.92708969116211,0.0040878294967114925
3003000000,3.5243186950683594,0.13424697518348694,-0.017282871529459953,0.5990356802940369,-7.335872650146484,41.93743133544922,0.0040921783074736595
3004000000,3.5323445796966553,0.1341685801744461,-0.017188789322972298,0.6001803278923035,-7.300587177276611,41.93743133544922,0.0040921783074736595
3005000000,3.524325132369995,0.1343480944633484,-0.01712522841989994,0.5987343788146973,-7.264265060424805,84.16253662109375,0.0072885132394731045
3006000000,3.524242639541626,0.13446033000946045,-0.016881652176380157,0.5983898043632507,-7.156108379364014,41.097137451171875,0.0040269470773637295
3007000000,3.524292230606079,0.1345054656267166,-0.016801433637738228,0.5982605814933777,-7.120088577270508,41.954532623291016,0.0040921783074736595
3008000000,3.5243401527404785,0.13455262780189514,-0.016717078164219856,0.5981252193450928,-7.08224630355835,41.96233367919922,0.0040965271182358265
3009000000,3.5243875980377197,0.13459965586662292,-0.016633229330182076,0.5979901552200317,-7.044643878936768,41.96742630004883,0.0040965271182358265
3010000000,3.5255870819091797,0.1346500813961029,-0.016605772078037262,0.5979763865470886,-7.030524253845215,38.49894714355469,0.0038095093332231045
3011000000,3.5258350372314453,0.13476595282554626,-0.016526028513908386,0.5976586937904358,-6.9911417961120605,41.487030029296875,0.004053039476275444
3012000000,3.526083469390869,0.13482847809791565,-0.01644996926188469,0.5975003838539124,-6.9560866355896,41.408851623535156,0.004048690665513277
3013000000,3.5263304710388184,0.13489097356796265,-0.016374584287405014,0.5973420739173889,-6.921342372894287,41.41860580444336,0.004053039476275444
3014000000,3.5265142917633057,0.13495387136936188,-0.016298839822411537,0.5971753001213074,-6.886453151702881,41.715904235839844,0.004074783530086279
3015000000,3.5265140533447266,0.13501794636249542,-0.016221024096012115,0.5969840288162231,-6.850667476654053,42.571529388427734,0.004140014760196209
3016000000,3.5265138149261475,0.1350802183151245,-0.016142113134264946,0.5967981219291687,-6.814541339874268,42.547096252441406,0.004140014760196209
3017000000,3.5265140533447266,0.1351294219493866,-0.01606370322406292,0.5966513156890869,-6.779303550720215,42.568626403808594,0.004140014760196209
3018000000,3.5265145301818848,0.1351783126592636,-0.015985867008566856,0.5965054035186768,-6.744339942932129,42.56903839111328,0.004140014760196209
3019000000,3.5265142917633057,0.13523966073989868,-0.01590866595506668,0.596322238445282,-6.709050178527832,42.54833984375,0.004140014760196209
3020000000,3.5265140533447266,0.1353025734424591,-0.015833090990781784,0.5961344242095947,-6.6743903160095215,42.550594329833984,0.004140014760196209
3021000000,3.5265142917633057,0.13535067439079285,-0.01575646363198757,0.5959908366203308,-6.640038013458252,42.586185455322266,0.004144363570958376
3022000000,3.5265145301818848,0.13539864122867584,-0.015680240467190742,0.5958477258682251,-6.605880260467529,42.58494186401367,0.004144363570958376
3023000000,3.526514768600464,0.13544632494449615,-0.015604568645358086,0.5957054495811462,-6.571986675262451,42.585304260253906,0.004144363570958376
3024000000,3.526515007019043,0.1354937106370926,-0.015529446303844452,0.5955640077590942,-6.538355350494385,42.58566665649414,0.004144363570958376
3025000000,3.526514768600464,0.1355534791946411,-0.015454951673746109,0.5953855514526367,-6.504415512084961,42.565067291259766,0.004140014760196209
3026000000,3.526515007019043,0.13560007512569427,-0.015381048433482647,0.5952464938163757,-6.471372127532959,42.58808898925781,0.004144363570958376
3027000000,3.526515007019043,0.1356465369462967,-0.015307528898119926,0.5951078534126282,-6.438512802124023,42.586830139160156,0.004144363570958376
3028000000,3.526515245437622,0.13569270074367523,-0.015234542079269886,0.5949700474739075,-6.405907154083252,42.587181091308594,0.004144363570958376
3029000000,3.526515483856201,0.13573861122131348,-0.015162082388997078,0.5948330760002136,-6.373552322387695,42.587528228759766,0.004144363570958376
3030000000,3.526515245437622,0.13579681515693665,-0.015090239234268665,0.5946592688560486,-6.340901851654053,42.56705093383789,0.004140014760196209
3031000000,3.526515007019043,0.13585464656352997,-0.01501905545592308,0.594486653804779,-6.308568000793457,42.568885803222656,0.004140014760196209
3032000000,3.526515245437622,0.1358994096517563,-0.014948266558349133,0.5943530797958374,-6.277020454406738,42.59035110473633,0.004144363570958376
3033000000,3.526515245437622,0.13594405353069305,-0.01487784180790186,0.5942198038101196,-6.2456464767456055,42.58907699584961,0.004144363570958376
3034000000,3.526515483856201,0.13598842918872833,-0.014807924628257751,0.5940873622894287,-6.214513301849365,42.58940887451172,0.004144363570958376
3035000000,3.526515483856201,0.13603253662586212,-0.01473851129412651,0.5939557552337646,-6.183618545532227,42.58974075317383,0.004144363570958376
3036000000,3.526515245437622,0.13608889281749725,-0.014669702388346195,0.5937874913215637,-6.15244197845459,42.56938552856445,0.004140014760196209
3037000000,3.526515483856201,0.13613225519657135,-0.014601411297917366,0.5936580896377563,-6.12208366394043,42.59209442138672,0.004144363570958376
3038000000,3.526515483856201,0.1361754983663559,-0.014533467590808868,0.5935290455818176,-6.091890335083008,42.5908088684082,0.004144363570958376
3039000000,3.5265157222747803,0.13621847331523895,-0.01446601189672947,0.5934007167816162,-6.061927318572998,42.591129302978516,0.004144363570958376
3040000000,3.5265157222747803,0.1362611949443817,-0.014399039559066296,0.5932732224464417,-6.032192707061768,42.59144592285156,0.004144363570958376
3041000000,3.5265159606933594,0.13630366325378418,-0.014332548715174198,0.5931465029716492,-6.002684116363525,42.591758728027344,0.004144363570958376
3042000000,3.5265157222747803,0.1363583207130432,-0.014266650192439556,0.5929833054542542,-5.972907543182373,42.57152557373047,0.004144363570958376
3043000000,3.5265157222747803,0.13640019297599792,-0.014201091602444649,0.5928583145141602,-5.943845748901367,42.592472076416016,0.004144363570958376
3044000000,3.5265157222747803,0.13644182682037354,-0.014136003330349922,0.5927340984344482,-5.915003776550293,42.59278106689453,0.004144363570958376
3045000000,3.5265159606933594,0.13648320734500885,-0.014071379788219929,0.5926105976104736,-5.886381149291992,42.59308624267578,0.004144363570958376
3046000000,3.5265159606933594,0.13652433454990387,-0.014007218182086945,0.5924878120422363,-5.857975006103516,42.593387603759766,0.004148712381720543
3047000000,3.5265161991119385,0.13656535744667053,-0.013943376950919628,0.5923653841018677,-5.829720497131348,42.592079162597656,0.004144363570958376
3048000000,3.5265161991119385,0.13660600781440735,-0.013880129903554916,0.5922440886497498,-5.801743030548096,42.5939826965332,0.004148712381720543
3049000000,3.5265157222747803,0.1366589069366455,-0.013817325234413147,0.592086136341095,-5.773448467254639,42.572269439697266,0.004144363570958376
3050000000,3.526515483856201,0.13671144843101501,-0.013755097053945065,0.5919292569160461,-5.745427131652832,42.57405090332031,0.004144363570958376
3051000000,3.526515483856201,0.1367512047290802,-0.013693160377442837,0.5918105840682983,-5.718076705932617,42.59504318237305,0.004148712381720543
3052000000,3.526515483856201,0.13679085671901703,-0.013631530106067657,0.5916922092437744,-5.69087028503418,42.593727111816406,0.004148712381720543
3053000000,3.5265157222747803,0.13683028519153595,-0.013570338487625122,0.5915745496749878,-5.6638689041137695,42.59400939941406,0.004148712381720543
3054000000,3.5265157222747803,0.13686947524547577,-0.013509581796824932,0.5914575457572937,-5.637071132659912,42.594295501708984,0.004148712381720543
3055000000,3.5265157222747803,0.1369084268808365,-0.013449258171021938,0.5913413166999817,-5.610474586486816,42.594573974609375,0.004148712381720543
3056000000,3.526515245437622,0.13695943355560303,-0.013389501720666885,0.5911890268325806,-5.583637714385986,42.57459259033203,0.004144363570958376
3057000000,3.526515483856201,0.13699769973754883,-0.013330148532986641,0.5910747647285461,-5.557497978210449,42.596824645996094,0.004148712381720543
3058000000,3.526515483856201,0.13703589141368866,-0.013271084055304527,0.5909608006477356,-5.531494140625,42.59549331665039,0.004148712381720543
3059000000,3.526515483856201,0.1370738446712494,-0.013212437741458416,0.5908474922180176,-5.505685329437256,42.59576416015625,0.004148712381720543
3060000000,3.526515483856201,0.1371115744113922,-0.013154207728803158,0.5907348990440369,-5.480069637298584,42.59603500366211,0.004148712381720543
3061000000,3.526515483856201,0.13714908063411713,-0.013096390292048454,0.5906229615211487,-5.454645156860352,42.5963020324707,0.004148712381720543
3062000000,3.526515483856201,0.13718636333942413,-0.013038981705904007,0.5905116200447083,-5.429410457611084,42.5965690612793,0.004148712381720543
3063000000,3.526515007019043,0.1372356414794922,-0.012982127256691456,0.5903645157814026,-5.403947830200195,42.57670593261719,0.004144363570958376
3064000000,3.526515007019043,0.13727226853370667,-0.012925796210765839,0.5902552008628845,-5.379209995269775,42.597381591796875,0.004148712381720543
3065000000,3.526515007019043,0.13730882108211517,-0.01286957785487175,0.5901461243629456,-5.354532718658447,42.59743881225586,0.004148712381720543
3066000000,3.526515007019043,0.13734515011310577,-0.012813755311071873,0.5900376439094543,-5.3300395011901855,42.597694396972656,0.004148712381720543
3067000000,3.526515007019043,0.13738125562667847,-0.012758326716721058,0.5899298787117004,-5.305728435516357,42.59794998168945,0.004148712381720543
3068000000,3.526515007019043,0.13741715252399445,-0.012703289277851582,0.5898227095603943,-5.28159761428833,42.598201751708984,0.004148712381720543
3069000000,3.526515007019043,0.1374528408050537,-0.012648639269173145,0.5897161960601807,-5.257645606994629,42.59844970703125,0.004148712381720543
3070000000,3.526515007019043,0.13748832046985626,-0.01259437296539545,0.5896102786064148,-5.2338714599609375,42.598697662353516,0.004148712381720543
3071000000,3.5265145301818848,0.1375357061624527,-0.012540646828711033,0.589468777179718,-5.20988130569458,42.578956604003906,0.004144363570958376
3072000000,3.5265145301818848,0.1375705599784851,-0.012487406842410564,0.589364767074585,-5.186577320098877,42.5994758605957,0.004148712381720543
3073000000,3.5265145301818848,0.13760533928871155,-0.012434414587914944,0.5892609357833862,-5.163388252258301,42.598114013671875,0.004148712381720543
3074000000,3.5265140533447266,0.13765203952789307,-0.012381955049932003,0.5891215205192566,-5.139986991882324,42.5783805847168,0.004144363570958376
3075000000,3.5265140533447266,0.13768619298934937,-0.012329809367656708,0.5890195369720459,-5.117192268371582,42.60028076171875,0.004148712381720543
3076000000,3.5265140533447266,0.1377202719449997,-0.012277905829250813,0.5889177918434143,-5.094509601593018,42.598915100097656,0.004148712381720543
3077000000,3.5265140533447266,0.1377541720867157,-0.012226363644003868,0.5888166427612305,-5.071993827819824,42.599143981933594,0.004148712381720543
3078000000,3.5265138149261475,0.1377878487110138,-0.0121751818805933,0.5887160897254944,-5.049643039703369,42.5993766784668,0.004148712381720543
3079000000,3.5265138149261475,0.13782134652137756,-0.012124357745051384,0.588616132736206,-5.027456283569336,42.599605560302734,0.004148712381720543
3080000000,3.5265133380889893,0.13786669075489044,-0.012074055150151253,0.5884807109832764,-5.00506591796875,42.579986572265625,0.004144363570958376
3081000000,3.5265133380889893,0.13789957761764526,-0.012024041265249252,0.5883825421333313,-4.983255386352539,42.60174560546875,0.004148712381720543
3082000000,3.5265133380889893,0.1379324048757553,-0.011974254623055458,0.5882845520973206,-4.961549758911133,42.60036849975586,0.004148712381720543
3083000000,3.52651309967041,0.13796502351760864,-0.01192481443285942,0.5881871581077576,-4.940002918243408,42.600589752197266,0.004148712381720543
3084000000,3.52651309967041,0.13799746334552765,-0.011875717900693417,0.5880903005599976,-4.918613433837891,42.600807189941406,0.004148712381720543
3085000000,3.52651309967041,0.13802972435951233,-0.011826962232589722,0.5879940390586853,-4.8973798751831055,42.60102462768555,0.004148712381720543
3086000000,3.526512861251831,0.1380617767572403,-0.011778545565903187,0.587898313999176,-4.876300811767578,42.60124206542969,0.004148712381720543
3087000000,3.526512861251831,0.13809365034103394,-0.011730464175343513,0.5878031849861145,-4.855374813079834,42.60145568847656,0.004148712381720543
3088000000,3.526512861251831,0.13812533020973206,-0.011682716198265553,0.587708592414856,-4.834601402282715,42.60166549682617,0.004148712381720543
3089000000,3.526512384414673,0.1381688117980957,-0.011635474860668182,0.5875787734985352,-4.81363582611084,42.58216857910156,0.004144363570958376
3090000000,3.5265121459960938,0.13819992542266846,-0.011588643305003643,0.5874859094619751,-4.793277740478516,42.60236740112305,0.004148712381720543
3091000000,3.5265121459960938,0.13823097944259644,-0.011541860178112984,0.5873931646347046,-4.772949695587158,42.602378845214844,0.004148712381720543
3092000000,3.5265116691589355,0.13827382028102875,-0.011495579965412617,0.5872652530670166,-4.752432823181152,42.582889556884766,0.004144363570958376
3093000000,3.5265114307403564,0.13830430805683136,-0.011449698358774185,0.5871742367744446,-4.732512474060059,42.60306930541992,0.004148712381720543
3094000000,3.5265114307403564,0.1383347511291504,-0.011403858661651611,0.5870833396911621,-4.712618350982666,42.60307312011719,0.004148712381720543
3095000000,3.5265111923217773,0.1383650004863739,-0.011358335614204407,0.5869930386543274,-4.692868232727051,42.603271484375,0.004148712381720543
3096000000,3.5265111923217773,0.13839508593082428,-0.011313126422464848,0.5869032144546509,-4.673260688781738,42.60346984863281,0.004148712381720543
3097000000,3.5265111923217773,0.13842499256134033,-0.011268227361142635,0.5868139266967773,-4.653794288635254,42.60366439819336,0.004148712381720543
3098000000,3.5265109539031982,0.13845473527908325,-0.011223637498915195,0.5867251753807068,-4.634468078613281,42.603858947753906,0.004148712381720543
3099000000,3.52651047706604,0.13849619030952454,-0.011179537512362003,0.5866013765335083,-4.61496114730835,42.58448791503906,0.004144363570958376
3100000000,3.526510238647461,0.1385253667831421,-0.011135812848806381,0.5865142345428467,-4.596024513244629,42.60452651977539,0.004148712381720543
3101000000,3.526510238647461,0.13855451345443726,-0.011092274449765682,0.5864272117614746,-4.577172756195068,42.603118896484375,0.004148712381720543
3102000000,3.5265097618103027,0.13859538733959198,-0.011049220338463783,0.5863052010536194,-4.558143138885498,42.58374786376953,0.004144363570958376
3103000000,3.5265095233917236,0.13862398266792297,-0.011006370186805725,0.5862197875976562,-4.539607048034668,42.60517120361328,0.004148712381720543
3104000000,3.5265095233917236,0.13865254819393158,-0.010963701643049717,0.5861344933509827,-4.521153926849365,42.603759765625,0.004148712381720543
3105000000,3.5265092849731445,0.13868094980716705,-0.010921324603259563,0.5860497355461121,-4.502831935882568,42.603939056396484,0.004148712381720543
3106000000,3.5265090465545654,0.1387091875076294,-0.01087923627346754,0.5859654545783997,-4.484640598297119,42.604122161865234,0.004148712381720543
3107000000,3.5265090465545654,0.1387372612953186,-0.0108374347910285,0.5858816504478455,-4.466578960418701,42.60429763793945,0.004148712381720543
3108000000,3.5265088081359863,0.13876517117023468,-0.010795917361974716,0.5857983231544495,-4.44864559173584,42.60447692871094,0.004148712381720543
3109000000,3.5265088081359863,0.13879291713237762,-0.010754683054983616,0.5857154726982117,-4.4308390617370605,42.604652404785156,0.004148712381720543
3110000000,3.5265085697174072,0.13882049918174744,-0.0107137281447649,0.5856330990791321,-4.413159370422363,42.60482406616211,0.004148712381720543
3111000000,3.526508092880249,0.13885973393917084,-0.01067324262112379,0.5855159163475037,-4.395310878753662,42.585575103759766,0.004148712381720543
3112000000,3.52650785446167,0.1388869285583496,-0.010632826015353203,0.5854347348213196,-4.377878189086914,42.605255126953125,0.004148712381720543
3113000000,3.5265073776245117,0.13892576098442078,-0.010592876002192497,0.5853187441825867,-4.360278129577637,42.58600997924805,0.004148712381720543
3114000000,3.5265071392059326,0.1389525681734085,-0.010552989318966866,0.5852387547492981,-4.343088150024414,42.605682373046875,0.004148712381720543
3115000000,3.5265071392059326,0.1389792114496231,-0.010513371787965298,0.585159182548523,-4.326019287109375,42.6058464050293,0.004148712381720543
3116000000,3.5265069007873535,0.13900570571422577,-0.010474022477865219,0.585080087184906,-4.309070587158203,42.60601043701172,0.004148712381720543
3117000000,3.5265066623687744,0.1390320509672165,-0.01043493952602148,0.5850014090538025,-4.29224157333374,42.60617446899414,0.004148712381720543
3118000000,3.5265066623687744,0.13905823230743408,-0.010396120138466358,0.5849232077598572,-4.275530815124512,42.60633850097656,0.004148712381720543
3119000000,3.5265064239501953,0.13908427953720093,-0.010357562452554703,0.5848454833030701,-4.258937358856201,42.60649871826172,0.004148712381720543
3120000000,3.526506185531616,0.13911016285419464,-0.010319264605641365,0.5847681760787964,-4.242460250854492,42.60665512084961,0.004148712381720543
3121000000,3.526506185531616,0.1391359120607376,-0.010281224735081196,0.5846913456916809,-4.226099014282227,42.606815338134766,0.004148712381720543
3122000000,3.526505947113037,0.13916149735450745,-0.010243440978229046,0.5846149325370789,-4.209852695465088,42.606971740722656,0.004148712381720543
3123000000,3.526505470275879,0.1391986757516861,-0.010206108912825584,0.5845038890838623,-4.193448543548584,42.58784103393555,0.004148712381720543
3124000000,3.5265052318573,0.1392238885164261,-0.010168815031647682,0.584428608417511,-4.177425384521484,42.607364654541016,0.004148712381720543
3125000000,3.5265045166015625,0.1392606943845749,-0.010131970047950745,0.5843186974525452,-4.161246299743652,42.58823776245117,0.004148712381720543
3126000000,3.5265045166015625,0.13928554952144623,-0.010095158591866493,0.5842444896697998,-4.145442962646484,42.60775375366211,0.004148712381720543
3127000000,3.526503801345825,0.13932199776172638,-0.010058794170618057,0.5841356515884399,-4.129485607147217,42.58863067626953,0.004148712381720543
3128000000,3.526503801345825,0.13934649527072906,-0.01002245768904686,0.5840625166893005,-4.113899230957031,42.60813903808594,0.004148712381720543
3129000000,3.526503562927246,0.1393708437681198,-0.009986365213990211,0.5839897394180298,-4.0984206199646,42.60828399658203,0.004148712381720543
3130000000,3.526503324508667,0.139395073056221,-0.009950513951480389,0.5839174389839172,-4.083049774169922,42.608428955078125,0.004148712381720543
3131000000,3.526503086090088,0.13941915333271027,-0.009914902038872242,0.5838455557823181,-4.067785739898682,42.60857009887695,0.004148712381720543
3132000000,3.526503086090088,0.13944309949874878,-0.009879528544843197,0.5837740302085876,-4.052628040313721,42.60871505737305,0.004148712381720543
3133000000,3.526502847671509,0.13946689665317535,-0.009844389744102955,0.5837029814720154,-4.037574768066406,42.60885238647461,0.004148712381720543
3134000000,3.5265026092529297,0.13949057459831238,-0.009809485636651516,0.5836322903633118,-4.022625923156738,42.60899353027344,0.004148712381720543
3135000000,3.5265023708343506,0.13951410353183746,-0.009774814359843731,0.5835620164871216,-4.007780075073242,42.609130859375,0.004148712381720543
3136000000,3.5265023708343506,0.139537513256073,-0.009740373119711876,0.5834921598434448,-3.993037223815918,42.60926818847656,0.004148712381720543
3137000000,3.5265016555786133,0.13957242667675018,-0.009706364013254642,0.5833878517150879,-3.9781477451324463,42.59026336669922,0.004148712381720543
3138000000,3.526501417160034,0.13959547877311707,-0.009672362357378006,0.5833190083503723,-3.963604211807251,42.60962677001953,0.004148712381720543
3139000000,3.526500940322876,0.1396300494670868,-0.009638790972530842,0.5832157731056213,-3.948915719985962,42.59062194824219,0.004148712381720543
3140000000,3.526500701904297,0.1396527737379074,-0.009605223312973976,0.5831478834152222,-3.934568405151367,42.60997772216797,0.004148712381720543
3141000000,3.5265002250671387,0.13968701660633087,-0.009572083130478859,0.5830456614494324,-3.9200775623321533,42.59097671508789,0.004148712381720543
3142000000,3.5264999866485596,0.13970939815044403,-0.009538942016661167,0.5829787850379944,-3.905923366546631,42.61032485961914,0.004148712381720543
3143000000,3.5264997482299805,0.13973167538642883,-0.009506020694971085,0.5829123258590698,-3.8918662071228027,42.610450744628906,0.004148712381720543
3144000000,3.5264995098114014,0.1397538036108017,-0.009473317302763462,0.5828462243080139,-3.8779053688049316,42.61057662963867,0.004148712381720543
3145000000,3.5264992713928223,0.139775812625885,-0.009440829046070576,0.5827804803848267,-3.8640401363372803,42.61070251464844,0.004148712381720543
3146000000,3.5264992713928223,0.13979770243167877,-0.009408555924892426,0.5827150940895081,-3.8502695560455322,42.6108283996582,0.004148712381720543
3147000000,3.526499032974243,0.13981947302818298,-0.009376495145261288,0.5826501250267029,-3.8365931510925293,42.6109504699707,0.004148712381720543
3148000000,3.526498794555664,0.13984110951423645,-0.009344645775854588,0.5825855135917664,-3.823009967803955,42.6110725402832,0.004148712381720543
3149000000,3.526498556137085,0.13986262679100037,-0.009313005954027176,0.5825212597846985,-3.8095195293426514,42.6111946105957,0.004148712381720543
3150000000,3.526498317718506,0.13988402485847473,-0.009281574748456478,0.5824573636054993,-3.7961208820343018,42.61131286621094,0.004148712381720543
3151000000,3.526498317718506,0.13990530371665955,-0.00925034936517477,0.5823938250541687,-3.782813310623169,42.61143493652344,0.004148712381720543
3152000000,3.5264980792999268,0.1399264633655548,-0.009219328872859478,0.5823306441307068,-3.7695960998535156,42.61155319213867,0.004148712381720543
3153000000,3.5264978408813477,0.13994750380516052,-0.009188511408865452,0.5822678208351135,-3.7564685344696045,42.61166763305664,0.004148712381720543
3154000000,3.5264971256256104,0.13997997343540192,-0.009158103726804256,0.582170844078064,-3.74320650100708,42.5927848815918,0.004148712381720543
3155000000,3.5264971256256104,0.14000070095062256,-0.009127672761678696,0.5821089148521423,-3.730252742767334,42.61198425292969,0.004148712381720543
3156000000,3.526496410369873,0.14003287255764008,-0.009097648784518242,0.5820128321647644,-3.71716570854187,42.59310531616211,0.004148712381720543
3157000000,3.526496171951294,0.14005328714847565,-0.009067598730325699,0.5819518566131592,-3.704383373260498,42.61229705810547,0.004148712381720543
3158000000,3.5264956951141357,0.1400851458311081,-0.009037953801453114,0.5818567276000977,-3.6914687156677246,42.59341812133789,0.004148712381720543
3159000000,3.5264954566955566,0.1401052623987198,-0.00900827907025814,0.5817966461181641,-3.6788547039031982,42.61260223388672,0.004148712381720543
3160000000,3.5264947414398193,0.14013680815696716,-0.008979006670415401,0.5817024111747742,-3.666109561920166,42.593727111816406,0.004148712381720543
3161000000,3.5264945030212402,0.14015662670135498,-0.008949700742959976,0.5816432237625122,-3.6536614894866943,42.6129035949707,0.004148712381720543
3162000000,3.526494264602661,0.14017632603645325,-0.008920586667954922,0.5815843939781189,-3.6412971019744873,42.61301040649414,0.004148712381720543
3163000000,3.526494264602661,0.14019592106342316,-0.008891661651432514,0.5815258622169495,-3.6290159225463867,42.61311340332031,0.004148712381720543
3164000000,3.526494026184082,0.1402154117822647,-0.008862923830747604,0.5814676880836487,-3.616816997528076,42.61322021484375,0.004148712381720543
3165000000,3.526493787765503,0.1402347832918167,-0.008834373205900192,0.5814098119735718,-3.6047000885009766,42.61332321166992,0.004148712381720543
3166000000,3.526493549346924,0.14025405049324036,-0.008806008845567703,0.5813522934913635,-3.5926640033721924,42.613426208496094,0.004148712381720543
3167000000,3.5264933109283447,0.14027321338653564,-0.008777827024459839,0.5812950730323792,-3.5807087421417236,42.613525390625,0.004148712381720543
3168000000,3.5264930725097656,0.14029225707054138,-0.008749828673899174,0.5812382102012634,-3.568833351135254,42.61362838745117,0.004148712381720543
3169000000,3.5264928340911865,0.14031121134757996,-0.008722010999917984,0.5811815857887268,-3.557037353515625,42.61372756958008,0.004148712381720543
3170000000,3.5264928340911865,0.14033004641532898,-0.008694373071193695,0.5811253786087036,-3.5453200340270996,42.61382293701172,0.004148712381720543
3171000000,3.5264925956726074,0.14034877717494965,-0.008666913025081158,0.5810694098472595,-3.5336806774139404,42.613922119140625,0.004148712381720543
3172000000,3.5264923572540283,0.14036741852760315,-0.008639630861580372,0.5810137391090393,-3.5221188068389893,42.61402130126953,0.004148712381720543
3173000000,3.526492118835449,0.1403859406709671,-0.008612524718046188,0.5809584259986877,-3.510633945465088,42.61411666870117,0.004148712381720543
3174000000,3.526491403579712,0.14041583240032196,-0.008585804142057896,0.5808691382408142,-3.499025583267212,42.595359802246094,0.004148712381720543
3175000000,3.526491165161133,0.14043408632278442,-0.008559029549360275,0.5808146595954895,-3.4876890182495117,42.6143913269043,0.004148712381720543
3176000000,3.5264906883239746,0.1404636949300766,-0.008532638661563396,0.580726146697998,-3.4762301445007324,42.59563446044922,0.004148712381720543
3177000000,3.5264904499053955,0.14048166573047638,-0.008506190963089466,0.5806725025177002,-3.4650394916534424,42.614662170410156,0.004148712381720543
3178000000,3.526489734649658,0.14051100611686707,-0.008480125106871128,0.5805848836898804,-3.4537277221679688,42.595909118652344,0.004148712381720543
3179000000,3.526489496231079,0.14052870869636536,-0.00845400057733059,0.5805320143699646,-3.442681074142456,42.614925384521484,0.004148712381720543
3180000000,3.526489019393921,0.14055776596069336,-0.008428256027400494,0.5804451704025269,-3.431514024734497,42.59617614746094,0.004148712381720543
3181000000,3.526488780975342,0.14057520031929016,-0.008402449078857899,0.5803931355476379,-3.4206089973449707,42.61518859863281,0.004148712381720543
3182000000,3.5264880657196045,0.14060398936271667,-0.008377020247280598,0.580307126045227,-3.4095847606658936,42.596439361572266,0.004148712381720543
3183000000,3.5264878273010254,0.140621155500412,-0.008351527154445648,0.5802558660507202,-3.3988192081451416,42.61544418334961,0.004148712381720543
3184000000,3.5264878273010254,0.14063821732997894,-0.008326197043061256,0.5802049040794373,-3.388124465942383,42.61552810668945,0.004148712381720543
3185000000,3.5264875888824463,0.14065518975257874,-0.008301029913127422,0.5801541805267334,-3.377500057220459,42.6156120300293,0.004148712381720543
3186000000,3.526487350463867,0.14067207276821136,-0.008276022039353848,0.5801037549972534,-3.366945266723633,42.61569595336914,0.004148712381720543
3187000000,3.526487112045288,0.14068886637687683,-0.008251174353063107,0.5800536274909973,-3.356459856033325,42.61577606201172,0.004148712381720543
3188000000,3.526486873626709,0.14070555567741394,-0.00822648499161005,0.5800037980079651,-3.346043348312378,42.61585998535156,0.004148712381720543
3189000000,3.52648663520813,0.14072217047214508,-0.008201953023672104,0.579954206943512,-3.3356947898864746,42.61594009399414,0.004148712381720543
3190000000,3.526486396789551,0.14073868095874786,-0.008177576586604118,0.5799048542976379,-3.325413942337036,42.61602020263672,0.004148712381720543
3191000000,3.5264861583709717,0.14075510203838348,-0.008153354749083519,0.5798557996749878,-3.3152003288269043,42.61609649658203,0.004148712381720543
3192000000,3.5264861583709717,0.14077143371105194,-0.008129287511110306,0.5798070430755615,-3.305053472518921,42.61617660522461,0.004148712381720543
3193000000,3.5264859199523926,0.14078767597675323,-0.008105372078716755,0.5797585248947144,-3.2949726581573486,42.61625289916992,0.004148712381720543
3194000000,3.5264856815338135,0.14080382883548737,-0.008081608451902866,0.5797103047370911,-3.2849574089050293,42.616329193115234,0.004148712381720543
3195000000,3.5264854431152344,0.14081989228725433,-0.008057995699346066,0.5796623229980469,-3.275007486343384,42.61640548706055,0.004148712381720543
3196000000,3.5264852046966553,0.14083586633205414,-0.008034531958401203,0.5796145796775818,-3.265122175216675,42.61648178100586,0.004148712381720543
3197000000,3.526484966278076,0.14085176587104797,-0.008011216297745705,0.5795671343803406,-3.255300998687744,42.61655807495117,0.004148712381720543
3198000000,3.526484727859497,0.14086756110191345,-0.007988047786056995,0.5795199871063232,-3.2455434799194336,42.61663055419922,0.004148712381720543
3199000000,3.5264840126037598,0.14089465141296387,-0.007965236902236938,0.5794389843940735,-3.2356741428375244,42.59800338745117,0.004148712381720543
3200000000,3.5264840126037598,0.14091020822525024,-0.007942344062030315,0.5793925523757935,-3.226038932800293,42.61686325073242,0.004148712381720543
3201000000,3.5264832973480225,0.14093706011772156,-0.007919806987047195,0.5793123245239258,-3.216292381286621,42.598236083984375,0.004148712381720543
3202000000,3.5264830589294434,0.14095237851142883,-0.00789718609303236,0.5792666077613831,-3.206777334213257,42.617088317871094,0.004148712381720543
3203000000,3.526482343673706,0.14097897708415985,-0.007874919101595879,0.5791871547698975,-3.1971518993377686,42.59846496582031,0.004148712381720543
3204000000,3.526482105255127,0.14099404215812683,-0.007852565497159958,0.5791420936584473,-3.1877553462982178,42.617313385009766,0.004148712381720543
3205000000,3.5264816284179688,0.14102040231227875,-0.007830563932657242,0.579063355922699,-3.1782493591308594,42.598690032958984,0.004148712381720543
3206000000,3.5264813899993896,0.14103524386882782,-0.007808474823832512,0.5790190100669861,-3.16896915435791,42.617530822753906,0.004148712381720543
3207000000,3.5264806747436523,0.14106136560440063,-0.007786735892295837,0.5789409875869751,-3.159580707550049,42.59891128540039,0.004148712381720543
3208000000,3.5264804363250732,0.1410759687423706,-0.0077649070881307125,0.5788973569869995,-3.1504156589508057,42.61774826049805,0.004148712381720543
3209000000,3.526479959487915,0.14110185205936432,-0.007743427064269781,0.5788200497627258,-3.1411430835723877,42.59912872314453,0.004148712381720543
3210000000,3.526479721069336,0.14111623167991638,-0.007721854839473963,0.5787771344184875,-3.1320912837982178,42.617958068847656,0.004148712381720543
3211000000,3.526479482650757,0.14113052189350128,-0.007700418122112751,0.5787343978881836,-3.1230976581573486,42.618019104003906,0.004148712381720543
3212000000,3.5264792442321777,0.1411447376012802,-0.0076791150495409966,0.5786919593811035,-3.114161491394043,42.61808395385742,0.004148712381720543
3213000000,3.5264790058135986,0.14115887880325317,-0.007657945156097412,0.5786496996879578,-3.105282783508301,42.61814498901367,0.004148712381720543
3214000000,3.5264787673950195,0.14117294549942017,-0.007636907044798136,0.5786077380180359,-3.0964605808258057,42.61820602416992,0.004148712381720543
3215000000,3.5264787673950195,0.1411869376897812,-0.00761600024998188,0.5785659551620483,-3.0876948833465576,42.618263244628906,0.004148712381720543
3216000000,3.5264785289764404,0.14120084047317505,-0.007595223840326071,0.5785243511199951,-3.0789849758148193,42.618324279785156,0.004148712381720543
3217000000,3.5264782905578613,0.14121468365192413,-0.007574576884508133,0.5784830451011658,-3.0703306198120117,42.61838150024414,0.004148712381720543
3218000000,3.5264780521392822,0.14122845232486725,-0.007554057985544205,0.5784419178962708,-3.0617313385009766,42.61844253540039,0.004148712381720543
3219000000,3.526477813720703,0.1412421464920044,-0.0075336662121117115,0.5784010291099548,-3.0531868934631348,42.618499755859375,0.004148712381720543
3220000000,3.526477575302124,0.14125575125217438,-0.007513401564210653,0.578360378742218,-3.044696569442749,42.61855697631836,0.004148712381720543
3221000000,3.526477336883545,0.14126929640769958,-0.007493262179195881,0.5783199071884155,-3.0362601280212402,42.618614196777344,0.004148712381720543
3222000000,3.526477098464966,0.14128276705741882,-0.007473247591406107,0.5782796740531921,-3.02787709236145,42.61866760253906,0.004148712381720543
3223000000,3.5264768600463867,0.1412961632013321,-0.007453356869518757,0.5782396793365479,-3.0195472240448,42.61872482299805,0.004148712381720543
3224000000,3.5264766216278076,0.1413094848394394,-0.007433589082211256,0.5781998634338379,-3.011270046234131,42.618778228759766,0.004148712381720543
3225000000,3.5264766216278076,0.14132274687290192,-0.00741394329816103,0.578160285949707,-3.0030453205108643,42.61883544921875,0.004148712381720543
3226000000,3.5264763832092285,0.14133593440055847,-0.007394418586045504,0.5781208872795105,-2.9948723316192627,42.61888885498047,0.004148712381720543
3227000000,3.5264761447906494,0.14134903252124786,-0.00737501448020339,0.5780817270278931,-2.986751079559326,42.61894226074219,0.004148712381720543
3228000000,3.5264759063720703,0.14136208593845367,-0.007355729583650827,0.5780428051948547,-2.9786808490753174,42.618995666503906,0.004148712381720543
3229000000,3.526475667953491,0.14137504994869232,-0.007336563430726528,0.5780040621757507,-2.9706614017486572,42.61904525756836,0.004148712381720543
3230000000,3.526475429534912,0.1413879543542862,-0.007317515555769205,0.577965497970581,-2.9626922607421875,42.61909866333008,0.004148712381720543
3231000000,3.526475191116333,0.1414007842540741,-0.007298584096133709,0.5779271721839905,-2.954773426055908,42.61914825439453,0.004148712381720543
3232000000,3.526474952697754,0.14141355454921722,-0.00727976905182004,0.5778890252113342,-2.946904182434082,42.61920166015625,0.004148712381720543
3233000000,3.526474714279175,0.14142625033855438,-0.0072610690258443356,0.5778511166572571,-2.93908429145813,42.6192512512207,0.004148712381720543
3234000000,3.5264744758605957,0.14143887162208557,-0.007242484018206596,0.5778133869171143,-2.9313132762908936,42.619300842285156,0.004148712381720543
3235000000,3.5264739990234375,0.14146271347999573,-0.0072242217138409615,0.5777421593666077,-2.923442840576172,42.60080337524414,0.004148712381720543
3236000000,3.5264737606048584,0.1414751410484314,-0.007205847650766373,0.5777050852775574,-2.915764570236206,42.619483947753906,0.004148712381720543
3237000000,3.526473045349121,0.14149875938892365,-0.0071877953596413136,0.5776344537734985,-2.907987594604492,42.60098648071289,0.004148712381720543
3238000000,3.526472806930542,0.1415109783411026,-0.007169629447162151,0.577597975730896,-2.9004006385803223,42.619659423828125,0.004148712381720543
3239000000,3.526472330093384,0.14153440296649933,-0.0071517834439873695,0.5775279998779297,-2.8927156925201416,42.601165771484375,0.004148712381720543
3240000000,3.5264720916748047,0.14154641330242157,-0.00713382288813591,0.5774921178817749,-2.885218858718872,42.619834899902344,0.004148712381720543
3241000000,3.5264713764190674,0.14156964421272278,-0.007116181310266256,0.5774227380752563,-2.87762451171875,42.60134506225586,0.004148712381720543
3242000000,3.5264711380004883,0.1415814608335495,-0.007098423782736063,0.5773873925209045,-2.8702166080474854,42.62001037597656,0.004148712381720543
3243000000,3.52647066116333,0.1416044682264328,-0.007080982904881239,0.5773186683654785,-2.8627116680145264,42.60151672363281,0.004148712381720543
3244000000,3.526470422744751,0.141616091132164,-0.007063425611704588,0.5772839188575745,-2.855391502380371,42.62017822265625,0.004148712381720543
3245000000,3.5264697074890137,0.14163890480995178,-0.007046183105558157,0.5772157311439514,-2.8479745388031006,42.601688385009766,0.004148712381720543
3246000000,3.5264694690704346,0.14165033400058746,-0.0070288232527673244,0.5771816372871399,-2.84074068069458,42.62034606933594,0.004148712381720543
3247000000,3.5264689922332764,0.14167295396327972,-0.007011777255684137,0.5771140456199646,-2.8334109783172607,42.60185623168945,0.004148712381720543
3248000000,3.5264687538146973,0.14168418943881989,-0.0069946120493113995,0.577080488204956,-2.8262622356414795,42.62051010131836,0.004148712381720543
3249000000,3.52646803855896,0.14170661568641663,-0.006977758836001158,0.5770134925842285,-2.8190181255340576,42.60202407836914,0.004148712381720543
3250000000,3.526467800140381,0.14171765744686127,-0.006960785947740078,0.576980471611023,-2.81195330619812,42.620670318603516,0.004148712381720543
3251000000,3.5264673233032227,0.1417398899793625,-0.00694412412121892,0.5769140124320984,-2.8047935962677,42.6021842956543,0.004148712381720543
3252000000,3.5264670848846436,0.1417507380247116,-0.006927340757101774,0.5768816471099854,-2.79781174659729,42.62083053588867,0.004148712381720543
3253000000,3.5264663696289062,0.1417727917432785,-0.006910867057740688,0.5768157243728638,-2.7907354831695557,42.60234451293945,0.004148712381720543
3254000000,3.5264663696289062,0.1417834460735321,-0.006894271355122328,0.5767838954925537,-2.7838351726531982,42.6209831237793,0.004148712381720543
3255000000,3.526466131210327,0.14179407060146332,-0.0068777757696807384,0.5767521858215332,-2.776977300643921,42.62101745605469,0.004148712381720543
3256000000,3.526465892791748,0.14180462062358856,-0.00686138030141592,0.576720654964447,-2.7701618671417236,42.62105178833008,0.004148712381720543
3257000000,3.526465654373169,0.14181512594223022,-0.006845083553344011,0.5766892433166504,-2.7633883953094482,42.62108612060547,0.004148712381720543
3258000000,3.52646541595459,0.1418255716562271,-0.006828885525465012,0.5766580700874329,-2.7566564083099365,42.62112045288086,0.004148712381720543
3259000000,3.52646541595459,0.14183595776557922,-0.0068127852864563465,0.5766270160675049,-2.7499659061431885,42.62115478515625,0.004148712381720543
3260000000,3.5264651775360107,0.14184629917144775,-0.0067967819049954414,0.5765961408615112,-2.743316411972046,42.62118911743164,0.004148712381720543
3261000000,3.5264649391174316,0.1418565809726715,-0.006780874449759722,0.5765653848648071,-2.7367074489593506,42.621219635009766,0.004148712381720543
3262000000,3.5264647006988525,0.14186681807041168,-0.006765063386410475,0.5765348672866821,-2.7301392555236816,42.621253967285156,0.004148712381720543
3263000000,3.5264644622802734,0.14187699556350708,-0.006749346852302551,0.5765044093132019,-2.7236111164093018,42.62128448486328,0.004148712381720543
3264000000,3.5264642238616943,0.1418871283531189,-0.006733724847435951,0.5764741897583008,-2.717123031616211,42.621315002441406,0.004148712381720543
3265000000,3.5264642238616943,0.14189720153808594,-0.0067181964404881,0.5764440894126892,-2.710674285888672,42.62134552001953,0.004148712381720543
3266000000,3.5264639854431152,0.1419072151184082,-0.006702761631458998,0.576414167881012,-2.7042651176452637,42.621376037597656,0.004148712381720543
3267000000,3.526463747024536,0.1419171839952469,-0.006687418557703495,0.5763843655586243,-2.697894811630249,42.62140655517578,0.004148712381720543
3268000000,3.526463508605957,0.141927108168602,-0.006672167684882879,0.5763547420501709,-2.691563367843628,42.621437072753906,0.004148712381720543
3269000000,3.526463270187378,0.14193697273731232,-0.006657008081674576,0.5763252973556519,-2.6852705478668213,42.62146759033203,0.004148712381720543
3270000000,3.526463031768799,0.14194679260253906,-0.00664193881675601,0.5762959718704224,-2.679015874862671,42.621498107910156,0.004148712381720543
3271000000,3.526463031768799,0.14195655286312103,-0.006626959424465895,0.5762667655944824,-2.6727991104125977,42.621524810791016,0.004148712381720543
3272000000,3.5264627933502197,0.14196626842021942,-0.006612069439142942,0.5762377381324768,-2.6666200160980225,42.62155532836914,0.004148712381720543
3273000000,3.5264625549316406,0.14197592437267303,-0.006597267929464579,0.5762088894844055,-2.6604785919189453,42.62158203125,0.004148712381720543
3274000000,3.5264623165130615,0.14198553562164307,-0.006582554895430803,0.5761801600456238,-2.654374122619629,42.621612548828125,0.004148712381720543
3275000000,3.5264620780944824,0.14199510216712952,-0.0065679289400577545,0.5761516094207764,-2.6483066082000732,42.621639251708984,0.004148712381720543
3276000000,3.5264618396759033,0.14200462400913239,-0.006553390063345432,0.5761231780052185,-2.642275810241699,42.621665954589844,0.004148712381720543
3277000000,3.5264618396759033,0.14201408624649048,-0.006538937333971262,0.576094925403595,-2.6362812519073486,42.6216926574707,0.004148712381720543
3278000000,3.526461601257324,0.142023503780365,-0.006524570286273956,0.576066792011261,-2.6303229331970215,42.62171936035156,0.004148712381720543
3279000000,3.526461362838745,0.14203287661075592,-0.006510288920253515,0.5760387778282166,-2.6244006156921387,42.62174606323242,0.004148712381720543
3280000000,3.526461124420166,0.14204218983650208,-0.00649609137326479,0.5760109424591064,-2.618513822555542,42.62177276611328,0.004148712381720543
3281000000,3.526460886001587,0.14205145835876465,-0.006481978110969067,0.5759832262992859,-2.6126625537872314,42.62179946899414,0.004148712381720543
3282000000,3.526460647583008,0.14206068217754364,-0.006467948202043772,0.5759556889533997,-2.606846332550049,42.621826171875,0.004148712381720543
3283000000,3.526460647583008,0.14206986129283905,-0.006454001180827618,0.575928270816803,-2.601065158843994,42.621849060058594,0.004148712381720543
3284000000,3.5264604091644287,0.14207899570465088,-0.006440136581659317,0.5759009718894958,-2.595318555831909,42.62187576293945,0.004148712381720543
3285000000,3.5264601707458496,0.14208807051181793,-0.006426353473216295,0.575873851776123,-2.589606285095215,42.62189865112305,0.004148712381720543
3286000000,3.5264599323272705,0.1420971155166626,-0.006412651855498552,0.5758468508720398,-2.583928346633911,42.621925354003906,0.004148712381720543
3287000000,3.5264596939086914,0.1421061009168625,-0.006399030331522226,0.5758199691772461,-2.57828426361084,42.6219482421875,0.004148712381720543
3288000000,3.5264594554901123,0.1421150416135788,-0.006385489366948605,0.5757932662963867,-2.572673797607422,42.621971130371094,0.004148712381720543
3289000000,3.526459217071533,0.14212393760681152,-0.006372027564793825,0.5757666826248169,-2.5670969486236572,42.62199401855469,0.004148712381720543
3290000000,3.526459217071533,0.14213278889656067,-0.006358644925057888,0.5757402181625366,-2.561553478240967,42.62202072143555,0.004148712381720543
3291000000,3.526458978652954,0.14214159548282623,-0.006345340982079506,0.5757139325141907,-2.5560429096221924,42.62204360961914,0.004148712381720543
3292000000,3.526458740234375,0.14215035736560822,-0.006332114804536104,0.5756877660751343,-2.550565242767334,42.62206268310547,0.004148712381720543
3293000000,3.526458501815796,0.14215907454490662,-0.006318965926766396,0.5756617188453674,-2.5451200008392334,42.62208557128906,0.004148712381720543
3294000000,3.526458263397217,0.14216774702072144,-0.006305893883109093,0.5756357908248901,-2.5397071838378906,42.622108459472656,0.004148712381720543
3295000000,3.5264580249786377,0.14217637479305267,-0.006292898207902908,0.5756100416183472,-2.5343263149261475,42.62213134765625,0.004148712381720543
3296000000,3.5264580249786377,0.14218495786190033,-0.006279978901147842,0.5755844116210938,-2.528977632522583,42.622154235839844,0.004148712381720543
3297000000,3.5264577865600586,0.1421934962272644,-0.006267134565860033,0.5755589008331299,-2.52366042137146,42.62217330932617,0.004148712381720543
3298000000,3.5264575481414795,0.1422019898891449,-0.00625436520203948,0.5755335092544556,-2.5183749198913574,42.622196197509766,0.004148712381720543
3299000000,3.5264573097229004,0.1422104388475418,-0.006241669878363609,0.5755082368850708,-2.513120412826538,42.622215270996094,0.004148712381720543
3300000000,3.5264570713043213,0.14221885800361633,-0.006229049060493708,0.5754831433296204,-2.507897138595581,42.62223434448242,0.004148712381720543
3301000000,3.526456832885742,0.14222721755504608,-0.006216500885784626,0.5754581093788147,-2.502704620361328,42.622257232666016,0.004148712381720543
3302000000,3.526456832885742,0.14223554730415344,-0.006204026285558939,0.5754332542419434,-2.4975428581237793,42.622276306152344,0.004148712381720543
3303000000,3.526456594467163,0.14224381744861603,-0.006191623862832785,0.5754085183143616,-2.4924113750457764,42.62229537963867,0.004148712381720543
3304000000,3.526456356048584,0.14225205779075623,-0.006179293151944876,0.5753839015960693,-2.4873101711273193,42.622314453125,0.004148712381720543
3305000000,3.526456117630005,0.14226025342941284,-0.006167034152895212,0.5753594040870667,-2.48223876953125,42.62233352661133,0.004148712381720543
3306000000,3.5264556407928467,0.14227956533432007,-0.006155043840408325,0.5753017067909241,-2.4770829677581787,42.603981018066406,0.004148712381720543
3307000000,3.5264554023742676,0.14228759706020355,-0.006142911035567522,0.5752776861190796,-2.472066640853882,42.62245559692383,0.004148712381720543
3308000000,3.5264546871185303,0.14230674505233765,-0.006131045985966921,0.5752204656600952,-2.466966152191162,42.60409927368164,0.004148712381720543
3309000000,3.526454448699951,0.14231464266777039,-0.006119037978351116,0.5751969218254089,-2.4620041847229004,42.62257385253906,0.004148712381720543
3310000000,3.526453971862793,0.14233364164829254,-0.0061072963289916515,0.575140118598938,-2.456958293914795,42.60422134399414,0.004148712381720543
3311000000,3.526453733444214,0.14234137535095215,-0.006095411721616983,0.5751169919967651,-2.452049732208252,42.62268829345703,0.004148712381720543
3312000000,3.5264532566070557,0.14236021041870117,-0.006083792541176081,0.5750607252120972,-2.4470577239990234,42.604339599609375,0.004148712381720543
3313000000,3.5264530181884766,0.14236779510974884,-0.006072029937058687,0.5750380158424377,-2.44220232963562,42.622802734375,0.004148712381720543
3314000000,3.5264523029327393,0.14238648116588593,-0.00606053089722991,0.5749821662902832,-2.4372634887695312,42.604454040527344,0.004148712381720543
3315000000,3.52645206451416,0.14239393174648285,-0.006048888899385929,0.574959933757782,-2.432460069656372,42.6229133605957,0.004148712381720543
3316000000,3.526451587677002,0.142412468791008,-0.006037509068846703,0.5749045014381409,-2.4275739192962646,42.60456466674805,0.004148712381720543
3317000000,3.526451349258423,0.1424197554588318,-0.006025986280292273,0.5748827457427979,-2.4228222370147705,42.623023986816406,0.004148712381720543
3318000000,3.5264508724212646,0.1424381583929062,-0.006014724262058735,0.5748277902603149,-2.417987823486328,42.60467529296875,0.004148712381720543
3319000000,3.5264506340026855,0.14244529604911804,-0.0060033188201487064,0.5748063921928406,-2.4132871627807617,42.623130798339844,0.004148712381720543
3320000000,3.5264499187469482,0.1424635499715805,-0.005992173682898283,0.5747518539428711,-2.408504009246826,42.60478591918945,0.004148712381720543
3321000000,3.5264499187469482,0.1424705535173416,-0.005980884190648794,0.5747309327125549,-2.40385365486145,42.62323760986328,0.004148712381720543
3322000000,3.526449203491211,0.14248865842819214,-0.005969854071736336,0.5746768116950989,-2.399121046066284,42.60489273071289,0.004148712381720543
3323000000,3.526449203491211,0.1424955129623413,-0.005958679597824812,0.5746563076972961,-2.3945202827453613,42.62334060668945,0.004148712381720543
3324000000,3.5264484882354736,0.1425134837627411,-0.005947763100266457,0.5746026635169983,-2.3898377418518066,42.60499954223633,0.004148712381720543
3325000000,3.5264482498168945,0.14252020418643951,-0.005936702247709036,0.574582576751709,-2.3852860927581787,42.623443603515625,0.004148712381720543
3326000000,3.5264477729797363,0.14253802597522736,-0.005925898440182209,0.5745292901992798,-2.380652904510498,42.6051025390625,0.004148712381720543
3327000000,3.5264475345611572,0.14254461228847504,-0.0059149498119950294,0.5745096206665039,-2.3761496543884277,42.62354278564453,0.004148712381720543
3328000000,3.526447057723999,0.14256228506565094,-0.005904256831854582,0.5744567513465881,-2.371565103530884,42.605201721191406,0.004148712381720543
3329000000,3.52644681930542,0.14256873726844788,-0.0058934190310537815,0.5744374990463257,-2.367110013961792,42.62364196777344,0.004148712381720543
3330000000,3.5264463424682617,0.14258629083633423,-0.005882835481315851,0.5743850469589233,-2.3625736236572266,42.60530090332031,0.004148712381720543
3331000000,3.5264461040496826,0.14259260892868042,-0.0058721075765788555,0.5743661522865295,-2.358165740966797,42.62373733520508,0.004148712381720543
3332000000,3.5264456272125244,0.14261001348495483,-0.005861632525920868,0.5743141174316406,-2.3536767959594727,42.60540008544922,0.004148712381720543
3333000000,3.5264453887939453,0.14261619746685028,-0.005851013120263815,0.5742956399917603,-2.349315643310547,42.62383270263672,0.004148712381720543
3334000000,3.526444673538208,0.14263346791267395,-0.005840645171701908,0.5742440223693848,-2.3448736667633057,42.60549545288086,0.004148712381720543
3335000000,3.526444673538208,0.14263951778411865,-0.005830132868140936,0.5742259621620178,-2.3405587673187256,42.623924255371094,0.004148712381720543
3336000000,3.5264439582824707,0.14265666902065277,-0.005819871090352535,0.574174702167511,-2.336163282394409,42.605587005615234,0.004148712381720543
3337000000,3.5264439582824707,0.14266258478164673,-0.005809464491903782,0.5741569995880127,-2.3318936824798584,42.62401580810547,0.004148712381720543
3338000000,3.5264432430267334,0.1426796019077301,-0.0057993074879050255,0.5741061568260193,-2.3275439739227295,42.60567855834961,0.004148712381720543
3339000000,3.5264432430267334,0.1426853984594345,-0.005789005197584629,0.5740888714790344,-2.323319673538208,42.62410354614258,0.004148712381720543
3340000000,3.526442527770996,0.14270226657390594,-0.005778952036052942,0.5740383863449097,-2.3190152645111084,42.605770111083984,0.004148712381720543
3341000000,3.526442527770996,0.1427079439163208,-0.0057687535881996155,0.5740214586257935,-2.3148353099823,42.62419128417969,0.004148712381720543
3342000000,3.526441812515259,0.14272469282150269,-0.005758802406489849,0.5739713907241821,-2.310575485229492,42.605857849121094,0.004148712381720543
3343000000,3.526441812515259,0.1427302360534668,-0.005748705938458443,0.5739548206329346,-2.3064396381378174,42.6242790222168,0.004148712381720543
3344000000,3.5264410972595215,0.14274686574935913,-0.005738856270909309,0.5739051103591919,-2.3022239208221436,42.6059455871582,0.004148712381720543
3345000000,3.5264410972595215,0.1427522897720337,-0.005728860851377249,0.573888897895813,-2.2981314659118652,42.62436294555664,0.004148712381720543
3346000000,3.5264406204223633,0.14276878535747528,-0.005719111301004887,0.5738396048545837,-2.293959617614746,42.60602951049805,0.004148712381720543
3347000000,3.526440382003784,0.1427740901708603,-0.005709215998649597,0.5738237500190735,-2.289909839630127,42.624446868896484,0.004148712381720543
3348000000,3.526439905166626,0.14279046654701233,-0.005699565168470144,0.5737748146057129,-2.285781145095825,42.60611343383789,0.004148712381720543
3349000000,3.526439666748047,0.1427956372499466,-0.005689768586307764,0.5737593173980713,-2.281773805618286,42.62452697753906,0.004148712381720543
3350000000,3.5264391899108887,0.14281189441680908,-0.005680215544998646,0.5737107396125793,-2.2776877880096436,42.606197357177734,0.004148712381720543
3351000000,3.5264389514923096,0.142816960811615,-0.0056705167517066,0.5736956000328064,-2.2737224102020264,42.62460708618164,0.004148712381720543
3352000000,3.5264384746551514,0.14283309876918793,-0.005661060102283955,0.5736473798751831,-2.2696783542633057,42.60627746582031,0.004148712381720543
3353000000,3.5264382362365723,0.1428380310535431,-0.005651458166539669,0.5736325979232788,-2.265754222869873,42.62468338012695,0.004148712381720543
3354000000,3.526437759399414,0.14285404980182648,-0.0056420969776809216,0.5735847353935242,-2.261751890182495,42.606353759765625,0.004148712381720543
3355000000,3.526437520980835,0.14285887777805328,-0.005632590502500534,0.5735703110694885,-2.257868766784668,42.624759674072266,0.004148712381720543
3356000000,3.5264370441436768,0.14287477731704712,-0.00562332384288311,0.5735228061676025,-2.2539074420928955,42.6064338684082,0.004148712381720543
3357000000,3.5264370441436768,0.14287948608398438,-0.005613911896944046,0.5735087394714355,-2.2500646114349365,42.62483215332031,0.004148712381720543
3358000000,3.5264363288879395,0.14289526641368866,-0.0056047383695840836,0.5734615325927734,-2.2461438179016113,42.60650634765625,0.004148712381720543
3359000000,3.5264363288879395,0.14289987087249756,-0.005595420021563768,0.5734478235244751,-2.2423412799835205,42.624908447265625,0.004148712381720543
3360000000,3.5264358520507812,0.1429155319929123,-0.00558633916079998,0.5734009742736816,-2.2384605407714844,42.60658264160156,0.004148712381720543
3361000000,3.526435613632202,0.14292001724243164,-0.005577112548053265,0.5733875632286072,-2.2346973419189453,42.624977111816406,0.004148712381720543
3362000000,3.526435136795044,0.14293557405471802,-0.005568122956901789,0.5733410716056824,-2.230856418609619,42.60665512084961,0.004148712381720543
3363000000,3.526434898376465,0.14293994009494781,-0.005558988079428673,0.5733280181884766,-2.2271320819854736,42.62504959106445,0.004148712381720543
3364000000,3.5264344215393066,0.14295539259910583,-0.005550088826566935,0.5732818841934204,-2.22333025932312,42.606727600097656,0.004148712381720543
3365000000,3.5264341831207275,0.14295965433120728,-0.005541044287383556,0.5732691287994385,-2.219644546508789,42.625118255615234,0.004148712381720543
3366000000,3.5264337062835693,0.14297498762607574,-0.005532234441488981,0.5732232928276062,-2.215881586074829,42.60679626464844,0.004148712381720543
3367000000,3.5264337062835693,0.14297913014888763,-0.005523278843611479,0.5732108950614929,-2.2122340202331543,42.625186920166016,0.004148712381720543
3368000000,3.526433229446411,0.14299435913562775,-0.005514557473361492,0.5731653571128845,-2.2085092067718506,42.60686492919922,0.004148712381720543
3369000000,3.526432991027832,0.14299841225147247,-0.005505690351128578,0.5731532573699951,-2.204899311065674,42.62525177001953,0.004148712381720543
3370000000,3.526432514190674,0.14301352202892303,-0.005497056059539318,0.5731080770492554,-2.2012124061584473,42.606929779052734,0.004148712381720543
3371000000,3.5264322757720947,0.1430174559354782,-0.005488276481628418,0.5730963349342346,-2.1976397037506104,42.62531661987305,0.004148712381720543
3372000000,3.5264317989349365,0.14303246140480042,-0.00547972833737731,0.5730514526367188,-2.1939902305603027,42.606998443603516,0.004148712381720543
3373000000,3.5264317989349365,0.14303630590438843,-0.005471034906804562,0.5730400085449219,-2.1904542446136475,42.62538146972656,0.004148712381720543
3374000000,3.5264313220977783,0.14305120706558228,-0.005462572444230318,0.5729954242706299,-2.1868417263031006,42.607059478759766,0.004148712381720543
3375000000,3.526431083679199,0.14305493235588074,-0.0054539646953344345,0.5729842782020569,-2.183342218399048,42.62544250488281,0.004148712381720543
3376000000,3.526430606842041,0.14306974411010742,-0.005445586517453194,0.5729400515556335,-2.1797661781311035,42.60712432861328,0.004148712381720543
3377000000,3.526430368423462,0.14307336509227753,-0.005437063053250313,0.5729292035102844,-2.176302671432495,42.62550354003906,0.004148712381720543
3378000000,3.5264298915863037,0.14308805763721466,-0.0054287682287395,0.572885274887085,-2.172762632369995,42.60718536376953,0.004148712381720543
3379000000,3.5264298915863037,0.1430915892124176,-0.005420329049229622,0.5728747248649597,-2.169334650039673,42.62556076049805,0.004148712381720543
3380000000,3.5264294147491455,0.14310617744922638,-0.005412116646766663,0.5728310942649841,-2.165830612182617,42.60724639892578,0.004148712381720543
3381000000,3.5264291763305664,0.14310961961746216,-0.005403759889304638,0.5728208422660828,-2.162437677383423,42.6256217956543,0.004148712381720543
3382000000,3.526428699493408,0.14312410354614258,-0.005395629443228245,0.5727775692939758,-2.158968687057495,42.607303619384766,0.004148712381720543
3383000000,3.526428699493408,0.14312744140625,-0.005387354176491499,0.5727676153182983,-2.1556105613708496,42.625675201416016,0.004148712381720543
3384000000,3.52642822265625,0.14314182102680206,-0.005379304755479097,0.5727245807647705,-2.15217661857605,42.607364654541016,0.004148712381720543
3385000000,3.526427984237671,0.14314505457878113,-0.005371110513806343,0.5727149248123169,-2.148852825164795,42.625732421875,0.004148712381720543
3386000000,3.5264275074005127,0.14315934479236603,-0.005363141186535358,0.5726721882820129,-2.1454532146453857,42.607418060302734,0.004148712381720543
3387000000,3.5264275074005127,0.14316248893737793,-0.005355027038604021,0.5726628303527832,-2.1421635150909424,42.62578582763672,0.004148712381720543
3388000000,3.5264267921447754,0.14317668974399567,-0.005347136408090591,0.5726203918457031,-2.138798236846924,42.60747528076172,0.004148712381720543
3389000000,3.5264267921447754,0.1431797295808792,-0.005339101422578096,0.5726112723350525,-2.1355419158935547,42.62583923339844,0.004148712381720543
3390000000,3.526426315307617,0.1431938260793686,-0.0053312890231609344,0.5725691318511963,-2.1322102546691895,42.60752868652344,0.004148712381720543
3391000000,3.526426315307617,0.14319677650928497,-0.005323332268744707,0.5725603103637695,-2.1289870738983154,42.625892639160156,0.004148712381720543
3392000000,3.52642560005188,0.1432107836008072,-0.005315597169101238,0.5725184679031372,-2.1256887912750244,42.607582092285156,0.004148712381720543
3393000000,3.52642560005188,0.14321362972259521,-0.005307718180119991,0.5725099444389343,-2.1224987506866455,42.62594223022461,0.004148712381720543
3394000000,3.5264251232147217,0.14322754740715027,-0.005300059914588928,0.5724683403968811,-2.1192333698272705,42.607635498046875,0.004148712381720543
3395000000,3.5264251232147217,0.14323030412197113,-0.0052922572940588,0.5724601149559021,-2.1160755157470703,42.62599563598633,0.004148712381720543
3396000000,3.5264246463775635,0.14324411749839783,-0.005284674931317568,0.5724188089370728,-2.1128427982330322,42.60768508911133,0.004148712381720543
3397000000,3.5264244079589844,0.14324678480625153,-0.0052769482135772705,0.5724108219146729,-2.1097171306610107,42.626041412353516,0.004148712381720543
3398000000,3.526423931121826,0.14326050877571106,-0.005269440356642008,0.5723698139190674,-2.1065165996551514,42.60773468017578,0.004148712381720543
3399000000,3.526423931121826,0.1432631015777588,-0.005261789076030254,0.5723620653152466,-2.1034226417541504,42.62609100341797,0.004148712381720543
3400000000,3.526423454284668,0.14327673614025116,-0.005254355259239674,0.5723212957382202,-2.1002540588378906,42.607784271240234,0.004148712381720543
3401000000,3.526423215866089,0.14327922463417053,-0.005246778018772602,0.5723138451576233,-2.097191572189331,42.626136779785156,0.004148712381720543
3402000000,3.5264227390289307,0.14329276978969574,-0.005239417776465416,0.5722733736038208,-2.0940542221069336,42.60783004760742,0.004148712381720543
3403000000,3.5264227390289307,0.14329516887664795,-0.005231914110481739,0.572266161441803,-2.0910229682922363,42.626182556152344,0.004148712381720543
3404000000,3.5264222621917725,0.143308624625206,-0.005224626045674086,0.5722259879112244,-2.087916851043701,42.60787582397461,0.004148712381720543
3405000000,3.5264222621917725,0.14331094920635223,-0.005217195022851229,0.5722190141677856,-2.084916114807129,42.62622833251953,0.004148712381720543
3406000000,3.5264217853546143,0.14332431554794312,-0.005209979135543108,0.5721790790557861,-2.081840991973877,42.6079216003418,0.004148712381720543
3407000000,3.526421546936035,0.1433265507221222,-0.0052026198245584965,0.5721724033355713,-2.0788705348968506,42.62627029418945,0.004148712381720543
3408000000,3.526421070098877,0.1433398276567459,-0.0051954747177660465,0.5721327066421509,-2.0758259296417236,42.60796356201172,0.004148712381720543
3409000000,3.526421070098877,0.14334197342395782,-0.00518818711861968,0.5721262693405151,-2.072885751724243,42.626312255859375,0.004148712381720543
3410000000,3.5264205932617188,0.14335516095161438,-0.005181112326681614,0.5720868706703186,-2.069871187210083,42.608009338378906,0.004148712381720543
3411000000,3.5264205932617188,0.14335723221302032,-0.005173895042389631,0.572080671787262,-2.066960573196411,42.6263542175293,0.004148712381720543
3412000000,3.5264201164245605,0.1433703452348709,-0.005166889633983374,0.5720415115356445,-2.0639758110046387,42.60805130004883,0.004148712381720543
3413000000,3.5264198780059814,0.1433723121881485,-0.0051597417332232,0.572035551071167,-2.0610945224761963,42.62639617919922,0.004148712381720543
3414000000,3.5264194011688232,0.14338535070419312,-0.005152805242687464,0.5719966292381287,-2.0581393241882324,42.60809326171875,0.004148712381720543
3415000000,3.5264194011688232,0.14338724315166473,-0.005145726725459099,0.571990966796875,-2.0552871227264404,42.626434326171875,0.004148712381720543
3416000000,3.526418924331665,0.1434001922607422,-0.00513885822147131,0.5719522833824158,-2.052361011505127,42.608131408691406,0.004148712381720543
3417000000,3.526418924331665,0.14340201020240784,-0.005131848156452179,0.5719468593597412,-2.0495376586914062,42.62647247314453,0.004148712381720543
3418000000,3.526418447494507,0.14341486990451813,-0.005125047173351049,0.5719083547592163,-2.046640396118164,42.60816955566406,0.004148712381720543
3419000000,3.526418447494507,0.1434165984392166,-0.005118104163557291,0.5719031691551208,-2.0438454151153564,42.62651062011719,0.004148712381720543
3420000000,3.5264179706573486,0.14342938363552094,-0.0051113697700202465,0.5718649625778198,-2.0409767627716064,42.60820770263672,0.004148712381720543
3421000000,3.5264177322387695,0.14343103766441345,-0.00510449381545186,0.5718600153923035,-2.038210153579712,42.62654495239258,0.004148712381720543
3422000000,3.5264172554016113,0.1434437334537506,-0.005097825545817614,0.5718220472335815,-2.035369634628296,42.608245849609375,0.004148712381720543
3423000000,3.5264172554016113,0.14344531297683716,-0.0050910161808133125,0.5718173384666443,-2.032630681991577,42.626583099365234,0.004148712381720543
3424000000,3.526416778564453,0.14345793426036835,-0.005084413103759289,0.5717796087265015,-2.029818058013916,42.60828399658203,0.004148712381720543
3425000000,3.526416778564453,0.14345943927764893,-0.005077668931335211,0.5717751383781433,-2.027106761932373,42.626617431640625,0.004148712381720543
3426000000,3.526416301727295,0.14347198605537415,-0.005071130581200123,0.5717376470565796,-2.0243217945098877,42.60831832885742,0.004148712381720543
3427000000,3.526416301727295,0.14347341656684875,-0.005064451135694981,0.5717333555221558,-2.0216376781463623,42.626651763916016,0.004148712381720543
3428000000,3.5264158248901367,0.1434858739376068,-0.005057976581156254,0.5716961026191711,-2.0188801288604736,42.60835266113281,0.004148712381720543
3429000000,3.5264158248901367,0.14348722994327545,-0.00505136139690876,0.5716920495033264,-2.0162229537963867,42.62668228149414,0.004148712381720543
3430000000,3.5264153480529785,0.14349961280822754,-0.005044950637966394,0.5716550350189209,-2.0134923458099365,42.6083869934082,0.004148712381720543
3431000000,3.5264151096343994,0.1435008943080902,-0.0050383987836539745,0.5716512203216553,-2.010861873626709,42.62671661376953,0.004148712381720543
3432000000,3.526414632797241,0.14351320266723633,-0.005032050423324108,0.5716143846511841,-2.008157968521118,42.60841751098633,0.004148712381720543
3433000000,3.526414632797241,0.14351439476013184,-0.005025561433285475,0.5716108083724976,-2.005553960800171,42.626747131347656,0.004148712381720543
3434000000,3.526414155960083,0.14352664351463318,-0.005019275471568108,0.5715742111206055,-2.0028765201568604,42.60845184326172,0.004148712381720543
3435000000,3.526414155960083,0.14352776110172272,-0.0050128488801419735,0.571570873260498,-2.000298500061035,42.62677764892578,0.004148712381720543
3436000000,3.526413679122925,0.1435399353504181,-0.005006623920053244,0.5715345144271851,-1.9976474046707153,42.608482360839844,0.004148712381720543
3437000000,3.526413679122925,0.14354097843170166,-0.005000258795917034,0.571531355381012,-1.9950952529907227,42.626808166503906,0.004148712381720543
3438000000,3.5264132022857666,0.14355307817459106,-0.004994094837456942,0.5714951753616333,-1.9924700260162354,42.60851287841797,0.004148712381720543
3439000000,3.5264132022857666,0.14355406165122986,-0.004987790714949369,0.5714922547340393,-1.9899433851242065,42.626834869384766,0.004148712381720543
3440000000,3.5264127254486084,0.1435660719871521,-0.00498168682679534,0.5714563131332397,-1.9873437881469727,42.608543395996094,0.004148712381720543
3441000000,3.5264127254486084,0.14356699585914612,-0.004975443240255117,0.5714535713195801,-1.9848425388336182,42.62686538696289,0.004148712381720543
3442000000,3.52641224861145,0.1435789316892624,-0.004969398956745863,0.5714178681373596,-1.9822683334350586,42.60857009887695,0.004148712381720543
3443000000,3.52641224861145,0.14357978105545044,-0.0049632154405117035,0.571415364742279,-1.9797919988632202,42.62689208984375,0.004148712381720543
3444000000,3.526411771774292,0.14359165728092194,-0.00495722983032465,0.5713798403739929,-1.9772429466247559,42.60859680175781,0.004148712381720543
3445000000,3.526411771774292,0.14359243214130402,-0.004951105453073978,0.5713775157928467,-1.974791407585144,42.62691879272461,0.004148712381720543
3446000000,3.526411294937134,0.14360423386096954,-0.004945178050547838,0.5713422298431396,-1.9722671508789062,42.60862350463867,0.004148712381720543
3447000000,3.526411294937134,0.14360494911670685,-0.004939112346619368,0.5713401436805725,-1.969840168952942,42.6269416809082,0.004148712381720543
3448000000,3.5264108180999756,0.1436166763305664,-0.004933243151754141,0.5713050365447998,-1.9673404693603516,42.60865020751953,0.004148712381720543
3449000000,3.5264108180999756,0.14361731708049774,-0.004927235189825296,0.571303129196167,-1.9649378061294556,42.62696838378906,0.004148712381720543
3450000000,3.5264103412628174,0.14362898468971252,-0.004921422805637121,0.5712682604789734,-1.9624624252319336,42.60867691040039,0.004148712381720543
3451000000,3.5264103412628174,0.1436295509338379,-0.004915472585707903,0.5712665319442749,-1.9600837230682373,42.626991271972656,0.004148712381720543
3452000000,3.526409864425659,0.1436411589384079,-0.004909717012196779,0.5712318420410156,-1.9576324224472046,42.608699798583984,0.004148712381720543
3453000000,3.526409864425659,0.1436416655778885,-0.0049038236029446125,0.5712303519248962,-1.9552775621414185,42.62701416015625,0.004148712381720543
3454000000,3.526409387588501,0.14365319907665253,-0.004898123908787966,0.5711959004402161,-1.952850103378296,42.608726501464844,0.004148712381720543
3455000000,3.526409387588501,0.14365363121032715,-0.004892286844551563,0.5711945295333862,-1.9505187273025513,42.627037048339844,0.004148712381720543
3456000000,3.5264089107513428,0.1436651051044464,-0.0048866430297493935,0.5711602568626404,-1.9481148719787598,42.60874938964844,0.004148712381720543
3457000000,3.5264089107513428,0.14366547763347626,-0.004880861844867468,0.5711591243743896,-1.9458067417144775,42.62705993652344,0.004148712381720543
3458000000,3.5264084339141846,0.14367687702178955,-0.004875272512435913,0.5711250305175781,-1.943426251411438,42.60877227783203,0.004148712381720543
3459000000,3.5264084339141846,0.14367718994617462,-0.004869546741247177,0.5711241364479065,-1.941141128540039,42.62708282470703,0.004148712381720543
3460000000,3.5264079570770264,0.14368852972984314,-0.004864011891186237,0.5710902214050293,-1.9387837648391724,42.608795166015625,0.004148712381720543
3461000000,3.5264079570770264,0.14368878304958344,-0.004858340602368116,0.571089506149292,-1.9365215301513672,42.62710189819336,0.004148712381720543
3462000000,3.526407480239868,0.14370004832744598,-0.004852859769016504,0.5710557699203491,-1.9341869354248047,42.60881423950195,0.004148712381720543
3463000000,3.526407480239868,0.1437002420425415,-0.004847242496907711,0.5710552334785461,-1.9319473505020142,42.62712097167969,0.004148712381720543
3464000000,3.52640700340271,0.14371144771575928,-0.004841815214604139,0.5710217356681824,-1.9296354055404663,42.60883331298828,0.004148712381720543
3465000000,3.52640700340271,0.14371156692504883,-0.0048362514935433865,0.571021318435669,-1.9274181127548218,42.627140045166016,0.004148712381720543
3466000000,3.5264065265655518,0.14372271299362183,-0.004830877296626568,0.5709879994392395,-1.9251285791397095,42.608856201171875,0.004148712381720543
3467000000,3.5264065265655518,0.1437227725982666,-0.004825366660952568,0.5709878206253052,-1.9229334592819214,42.627159118652344,0.004148712381720543
3468000000,3.5264060497283936,0.14373385906219482,-0.004820044618099928,0.5709546804428101,-1.9206660985946655,42.6088752746582,0.004148712381720543
3469000000,3.5264060497283936,0.14373387396335602,-0.004814586602151394,0.5709546804428101,-1.9184927940368652,42.62717819213867,0.004148712381720543
3470000000,3.5264058113098145,0.14374488592147827,-0.004809316247701645,0.5709217190742493,-1.9162473678588867,42.608890533447266,0.004148712381720543
3471000000,3.5264058113098145,0.1437448412179947,-0.004803910385817289,0.5709218978881836,-1.9140958786010742,42.627197265625,0.004148712381720543
3472000000,3.5264053344726562,0.14375579357147217,-0.004798691254109144,0.5708891153335571,-1.911872148513794,42.608909606933594,0.004148712381720543
3473000000,3.5264053344726562,0.14375567436218262,-0.00479333708062768,0.5708894729614258,-1.9097421169281006,42.62721252441406,0.004148712381720543
3474000000,3.526404857635498,0.1437665820121765,-0.004788168705999851,0.5708568692207336,-1.907539963722229,42.60892868041992,0.004148712381720543
3475000000,3.526404857635498,0.1437664031982422,-0.004782865755259991,0.5708574056625366,-1.9054311513900757,42.627227783203125,0.004148712381720543
3476000000,3.52640438079834,0.1437772512435913,-0.004777747672051191,0.5708249807357788,-1.9032502174377441,42.608943939208984,0.004148712381720543
3477000000,3.52640438079834,0.1437770277261734,-0.004772495478391647,0.5708256363868713,-1.9011625051498413,42.62724304199219,0.004148712381720543
3478000000,3.5264039039611816,0.14378780126571655,-0.00476742722094059,0.5707933902740479,-1.8990026712417603,42.60895919799805,0.004148712381720543
3479000000,3.5264039039611816,0.14378751814365387,-0.004762224853038788,0.5707942843437195,-1.8969358205795288,42.62725830078125,0.004148712381720543
3480000000,3.5264036655426025,0.14379824697971344,-0.004757205955684185,0.5707622170448303,-1.8947968482971191,42.60897445678711,0.004148712381720543
3481000000,3.5264036655426025,0.14379790425300598,-0.004752053413540125,0.5707632303237915,-1.89275062084198,42.62727355957031,0.004148712381720543
3482000000,3.5264031887054443,0.14380857348442078,-0.004747083410620689,0.5707313418388367,-1.8906322717666626,42.60898971557617,0.004148712381720543
3483000000,3.5264031887054443,0.14380817115306854,-0.004741980228573084,0.5707325339317322,-1.8886064291000366,42.62728500366211,0.004148712381720543
3484000000,3.526402711868286,0.14381878077983856,-0.004737058654427528,0.5707008242607117,-1.8865087032318115,42.609004974365234,0.004148712381720543
3485000000,3.526402711868286,0.14381831884384155,-0.004732003901153803,0.5707021355628967,-1.8845031261444092,42.62730026245117,0.004148712381720543
3486000000,3.526402235031128,0.143828883767128,-0.00472713029012084,0.5706706047058105,-1.8824255466461182,42.60901641845703,0.004148712381720543
3487000000,3.526402235031128,0.1438283622264862,-0.004722123499959707,0.5706721544265747,-1.8804399967193604,42.62731170654297,0.004148712381720543
3488000000,3.526401996612549,0.14383886754512787,-0.004717297852039337,0.5706407427787781,-1.8783824443817139,42.609031677246094,0.004148712381720543
3489000000,3.526401996612549,0.1438383013010025,-0.004712339024990797,0.5706424117088318,-1.8764166831970215,42.627323150634766,0.004148712381720543
3490000000,3.5264015197753906,0.1438487470149994,-0.004707559943199158,0.5706111788749695,-1.8743791580200195,42.60904312133789,0.004148712381720543
3491000000,3.5264015197753906,0.14384812116622925,-0.004702648613601923,0.5706130266189575,-1.872433066368103,42.62733459472656,0.004148712381720543
3492000000,3.5264010429382324,0.14385852217674255,-0.0046979160979390144,0.5705819725990295,-1.8704150915145874,42.60905456542969,0.004148712381720543
3493000000,3.5264010429382324,0.14385785162448883,-0.004693051800131798,0.5705839991569519,-1.8684884309768677,42.62734603881836,0.004148712381720543
3494000000,3.526400566101074,0.14386819303035736,-0.004688365384936333,0.5705530643463135,-1.8664900064468384,42.609066009521484,0.004148712381720543
3495000000,3.526400566101074,0.14386746287345886,-0.004683547653257847,0.5705552101135254,-1.8645825386047363,42.627357482910156,0.004148712381720543
3496000000,3.526400327682495,0.14387774467468262,-0.004678906872868538,0.5705244541168213,-1.8626034259796143,42.60907745361328,0.004148712381720543
3497000000,3.526400327682495,0.14387696981430054,-0.0046741352416574955,0.5705267786979675,-1.8607151508331299,42.62736892700195,0.004148712381720543
3498000000,3.526399850845337,0.1438872069120407,-0.004669540096074343,0.5704962015151978,-1.8587549924850464,42.60908889770508,0.004148712381720543
3499000000,3.526399850845337,0.14388637244701385,-0.004664813634008169,0.5704986453056335,-1.8568856716156006,42.627376556396484,0.004148712381720543
3500000000,3.5263993740081787,0.14389654994010925,-0.004660263191908598,0.5704682469367981,-1.8549444675445557,42.60909652709961,0.004148712381720543
3501000000,3.5263993740081787,0.14389567077159882,-0.004655581898987293,0.5704708695411682,-1.8530937433242798,42.627384185791016,0.004148712381720543
3502000000,3.5263991355895996,0.14390580356121063,-0.0046510761603713036,0.5704405903816223,-1.8511712551116943,42.609107971191406,0.004148712381720543
3503000000,3.5263991355895996,0.1439048796892166,-0.00464643957093358,0.570443332195282,-1.8493391275405884,42.62739562988281,0.004148712381720543
3504000000,3.5263986587524414,0.14391495287418365,-0.004641978070139885,0.5704132318496704,-1.8474352359771729,42.60911560058594,0.004148712381720543
3505000000,3.5263986587524414,0.14391398429870605,-0.004637385718524456,0.5704161524772644,-1.8456214666366577,42.627403259277344,0.004148712381720543
3506000000,3.526398181915283,0.14392401278018951,-0.00463296752423048,0.5703861713409424,-1.843735933303833,42.60912322998047,0.004148712381720543
3507000000,3.5263984203338623,0.14392298460006714,-0.0046284194104373455,0.5703892111778259,-1.8419402837753296,42.627410888671875,0.004148712381720543
3508000000,3.526397943496704,0.14393295347690582,-0.004624044522643089,0.5703594088554382,-1.8400729894638062,42.609130859375,0.004148712381720543
3509000000,3.526397943496704,0.14393188059329987,-0.004619539715349674,0.5703626275062561,-1.838295340538025,42.62741470336914,0.004148712381720543
3510000000,3.526397466659546,0.14394180476665497,-0.00461520766839385,0.5703328847885132,-1.8364460468292236,42.60913848876953,0.004148712381720543
3511000000,3.526397466659546,0.14394068717956543,-0.004610746167600155,0.5703362822532654,-1.834686279296875,42.62742233276367,0.004148712381720543
3512000000,3.526397228240967,0.14395056664943695,-0.004606456495821476,0.5703067183494568,-1.8328548669815063,42.60914611816406,0.004148712381720543
3513000000,3.526397228240967,0.14394938945770264,-0.004602037835866213,0.5703102350234985,-1.8311127424240112,42.6274299621582,0.004148712381720543
3514000000,3.526397228240967,0.14394822716712952,-0.0045976475812494755,0.5703136920928955,-1.8293817043304443,42.62739181518555,0.004148712381720543
3515000000,3.526397228240967,0.1439470797777176,-0.004593285266309977,0.5703171491622925,-1.8276617527008057,42.62735366821289,0.004148712381720543
3516000000,3.526397228240967,0.14394594728946686,-0.004588950891047716,0.5703205466270447,-1.8259527683258057,42.627315521240234,0.004148712381720543
3517000000,3.526397228240967,0.14394482970237732,-0.0045846449211239815,0.5703238844871521,-1.8242547512054443,42.62727737426758,0.004148712381720543
3518000000,3.526397228240967,0.14394371211528778,-0.004580365959554911,0.5703272223472595,-1.8225674629211426,42.62723922729492,0.004148712381720543
3519000000,3.526397228240967,0.14394260942935944,-0.004576114937663078,0.5703305006027222,-1.8208909034729004,42.627201080322266,0.004148712381720543
3520000000,3.526397228240967,0.14394152164459229,-0.00457189092412591,0.5703337788581848,-1.8192251920700073,42.62716293334961,0.004148712381720543
3521000000,3.526397228240967,0.14394043385982513,-0.0045676943846046925,0.5703369975090027,-1.8175699710845947,42.62712860107422,0.004148712381720543
3522000000,3.526397228240967,0.14393937587738037,-0.004563524853438139,0.5703401565551758,-1.8159253597259521,42.62709045410156,0.004148712381720543
3523000000,3.526397228240967,0.1439383178949356,-0.004559381864964962,0.5703433156013489,-1.81429123878479,42.627052307128906,0.004148712381720543
3524000000,3.526397466659546,0.14393725991249084,-0.004555265884846449,0.570346474647522,-1.8126676082611084,42.627017974853516,0.004148712381720543
3525000000,3.526397466659546,0.14393623173236847,-0.004551175981760025,0.5703495740890503,-1.8110542297363281,42.62697982788086,0.004148712381720543
3526000000,3.526397466659546,0.1439352035522461,-0.004547112621366978,0.5703526139259338,-1.8094512224197388,42.62694549560547,0.004148712381720543
3527000000,3.526397466659546,0.1439341902732849,-0.00454307533800602,0.5703556537628174,-1.8078584671020508,42.62690734863281,0.004148712381720543
3528000000,3.526397466659546,0.14393319189548492,-0.004539063666015863,0.5703586339950562,-1.8062758445739746,42.62687301635742,0.004148712381720543
3529000000,3.526397466659546,0.14393219351768494,-0.004535078536719084,0.5703616142272949,-1.8047033548355103,42.62683868408203,0.004148712381720543
3530000000,3.526397466659546,0.14393121004104614,-0.004531118553131819,0.5703645348548889,-1.8031408786773682,42.626800537109375,0.004148712381720543
3531000000,3.526397466659546,0.14393024146556854,-0.004527184180915356,0.5703674554824829,-1.8015884160995483,42.626766204833984,0.004148712381720543
3532000000,3.526397466659546,0.14392927289009094,-0.0045232754200696945,0.5703703165054321,-1.8000458478927612,42.626731872558594,0.004148712381720543
3533000000,3.526397466659546,0.14392831921577454,-0.004519391339272261,0.5703731775283813,-1.7985132932662964,42.6266975402832,0.004148712381720543
3534000000,3.526397466659546,0.14392738044261932,-0.004515532404184341,0.5703759789466858,-1.7969903945922852,42.62666320800781,0.004148712381720543
3535000000,3.526397466659546,0.1439264565706253,-0.004511698614805937,0.5703787803649902,-1.795477271080017,42.626625061035156,0.004148712381720543
3536000000,3.526397466659546,0.1439255326986313,-0.0045078895054757595,0.5703815221786499,-1.7939738035202026,42.626590728759766,0.004148712381720543
3537000000,3.526397466659546,0.14392460882663727,-0.004504104610532522,0.5703842639923096,-1.7924799919128418,42.626556396484375,0.004148712381720543
3538000000,3.526397466659546,0.14392371475696564,-0.004500344395637512,0.5703869462013245,-1.790995717048645,42.626522064208984,0.004148712381720543
3539000000,3.526397466659546,0.143922820687294,-0.004496608395129442,0.5703896284103394,-1.7895209789276123,42.626487731933594,0.004148712381720543
3540000000,3.526397466659546,0.14392192661762238,-0.004492896609008312,0.5703922510147095,-1.7880557775497437,42.62645721435547,0.004148712381720543
3541000000,3.526397466659546,0.14392104744911194,-0.004489208571612835,0.5703948736190796,-1.78659987449646,42.62642288208008,0.004148712381720543
3542000000,3.526397466659546,0.1439201831817627,-0.00448554428294301,0.5703974366188049,-1.7851532697677612,42.62638854980469,0.004148712381720543
3543000000,3.526397466659546,0.14391933381557465,-0.004481903742998838,0.5703999996185303,-1.7837159633636475,42.6263542175293,0.004148712381720543
3545000000,3.526397466659546,0.1439184844493866,-0.004478286951780319,0.5704025626182556,-1.7822879552841187,42.626319885253906,0.004148712381720543
3545000000,3.526397466659546,0.14391763508319855,-0.004474693443626165,0.5704050660133362,-1.7808690071105957,42.62628936767578,0.004148712381720543
3546000000,3.526397466659546,0.14391681551933289,-0.00447112275287509,0.5704075694084167,-1.7794592380523682,42.62625503540039,0.004148712381720543
3547000000,3.526397466659546,0.14391598105430603,-0.004467575345188379,0.5704100131988525,-1.7780585289001465,42.626220703125,0.004148712381720543
3548000000,3.526397466659546,0.14391517639160156,-0.004464051220566034,0.5704124569892883,-1.7766667604446411,42.626190185546875,0.004148712381720543
3549000000,3.526397466659546,0.1439143717288971,-0.00446054944768548,0.5704148411750793,-1.775283932685852,42.626155853271484,0.004148712381720543
3550000000,3.526397466659546,0.14391356706619263,-0.004457070492208004,0.5704172253608704,-1.7739100456237793,42.62612533569336,0.004148712381720543
3551000000,3.526397466659546,0.14391277730464935,-0.004453614354133606,0.5704195499420166,-1.7725449800491333,42.62609100341797,0.004148712381720543
3552000000,3.526397466659546,0.14391200244426727,-0.004450180102139711,0.5704218745231628,-1.771188735961914,42.626060485839844,0.004148712381720543
3553000000,3.526397466659546,0.1439112275838852,-0.004446768201887608,0.5704241991043091,-1.769841194152832,42.62602615356445,0.004148712381720543
3554000000,3.526397466659546,0.1439104676246643,-0.0044433786533772945,0.5704264640808105,-1.7685023546218872,42.62599563598633,0.004148712381720543
3555000000,3.526397466659546,0.14390970766544342,-0.004440010990947485,0.570428729057312,-1.76717209815979,42.6259651184082,0.004148712381720543
3556000000,3.526397466659546,0.14390896260738373,-0.004436665214598179,0.5704309940338135,-1.7658504247665405,42.62593078613281,0.004148712381720543
3557000000,3.526397466659546,0.14390821754932404,-0.004433341324329376,0.5704331994056702,-1.7645373344421387,42.62590026855469,0.004148712381720543
3558000000,3.526397466659546,0.14390748739242554,-0.004430038388818502,0.5704354047775269,-1.763232707977295,42.62586975097656,0.004148712381720543
3559000000,3.526397466659546,0.14390675723552704,-0.004426757339388132,0.5704375505447388,-1.7619364261627197,42.62583923339844,0.004148712381720543
3560000000,3.526397466659546,0.14390604197978973,-0.004423497710376978,0.5704396963119507,-1.7606486082077026,42.62580490112305,0.004148712381720543
3561000000,3.526397466659546,0.14390532672405243,-0.004420259036123753,0.5704417824745178,-1.7593690156936646,42.62577438354492,0.004148712381720543
3562000000,3.526397466659546,0.14390462636947632,-0.004417041782289743,0.5704439282417297,-1.758097767829895,42.6257438659668,0.004148712381720543
3564000000,3.526397466659546,0.1439039260149002,-0.004413845017552376,0.5704460144042969,-1.7568347454071045,42.62571334838867,0.004148712381720543
3564000000,3.526397466659546,0.1439032405614853,-0.004410669207572937,0.5704480409622192,-1.7555798292160034,42.62568283081055,0.004148712381720543
3565000000,3.526397466659546,0.14390257000923157,-0.00440751388669014,0.5704500675201416,-1.7543331384658813,42.62565231323242,0.004148712381720543
3566000000,3.526397466659546,0.14390188455581665,-0.004404379520565271,0.570452094078064,-1.7530944347381592,42.6256217956543,0.004148712381720543
3567000000,3.526397466659546,0.14390122890472412,-0.0044012656435370445,0.5704540610313416,-1.7518638372421265,42.62559127807617,0.004148712381720543
3568000000,3.526397466659546,0.1439005583524704,-0.004398171789944172,0.5704560279846191,-1.7506412267684937,42.62556076049805,0.004148712381720543
3569000000,3.526397466659546,0.14389990270137787,-0.0043950979597866535,0.5704579949378967,-1.7494264841079712,42.62553024291992,0.004148712381720543
3570000000,3.526397466659546,0.14389926195144653,-0.004392044618725777,0.5704599022865295,-1.748219609260559,42.62550354003906,0.004148712381720543
3571000000,3.526397466659546,0.1438986212015152,-0.004389010835438967,0.5704618096351624,-1.7470207214355469,42.62547302246094,0.004148712381720543
3572000000,3.526397466659546,0.14389799535274506,-0.004385997075587511,0.5704637169837952,-1.745829463005066,42.62544250488281,0.004148712381720543
3573000000,3.526397466659546,0.14389736950397491,-0.00438300333917141,0.5704655647277832,-1.7446460723876953,42.62541198730469,0.004148712381720543
3574000000,3.526397466659546,0.14389674365520477,-0.004380028694868088,0.570467472076416,-1.743470311164856,42.62538528442383,0.004148712381720543
3575000000,3.526397466659546,0.14389613270759583,-0.00437707407400012,0.5704692602157593,-1.7423022985458374,42.6253547668457,0.004148712381720543
3576000000,3.526397466659546,0.14389552175998688,-0.004374138545244932,0.5704711079597473,-1.7411417961120605,42.62532424926758,0.004148712381720543
3577000000,3.526397466659546,0.14389492571353912,-0.004371222108602524,0.5704728960990906,-1.739988923072815,42.62529754638672,0.004148712381720543
3578000000,3.526397466659546,0.14389432966709137,-0.004368324764072895,0.5704746246337891,-1.7388436794281006,42.625267028808594,0.004148712381720543
3579000000,3.526397466659546,0.14389373362064362,-0.004365446511656046,0.5704764127731323,-1.7377058267593384,42.625240325927734,0.004148712381720543
3580000000,3.526397466659546,0.14389315247535706,-0.004362587351351976,0.5704781413078308,-1.7365753650665283,42.62520980834961,0.004148712381720543
3581000000,3.526397466659546,0.1438925713300705,-0.004359746817499399,0.5704798698425293,-1.7354522943496704,42.62518310546875,0.004148712381720543
3582000000,3.526397466659546,0.14389200508594513,-0.004356925375759602,0.5704815983772278,-1.7343366146087646,42.625152587890625,0.004148712381720543
3583000000,3.526397466659546,0.14389143884181976,-0.004354122094810009,0.5704832673072815,-1.733228325843811,42.625125885009766,0.004148712381720543
3584000000,3.526397466659546,0.1438908874988556,-0.004351337440311909,0.5704849362373352,-1.7321271896362305,42.62509536743164,0.004148712381720543
3585000000,3.526397466659546,0.14389033615589142,-0.0043485709466040134,0.5704865455627441,-1.7310333251953125,42.62506866455078,0.004148712381720543
3586000000,3.526397466659546,0.14388978481292725,-0.0043458230793476105,0.5704882144927979,-1.7299466133117676,42.62504196166992,0.004148712381720543
3587000000,3.526397466659546,0.14388924837112427,-0.0043430933728814125,0.5704898238182068,-1.7288671731948853,42.6250114440918,0.004148712381720543
3588000000,3.526397466659546,0.1438887119293213,-0.004340381361544132,0.5704914331436157,-1.7277946472167969,42.62498474121094,0.004148712381720543
3589000000,3.526397466659546,0.1438881754875183,-0.004337687510997057,0.5704929828643799,-1.7267292737960815,42.62495803833008,0.004148712381720543
3590000000,3.526397466659546,0.14388765394687653,-0.004335011355578899,0.5704945921897888,-1.7256709337234497,42.62493133544922,0.004148712381720543
3591000000,3.526397466659546,0.14388713240623474,-0.0043323528952896595,0.570496141910553,-1.7246196269989014,42.624900817871094,0.004148712381720543
3592000000,3.526397466659546,0.14388661086559296,-0.004329712130129337,0.5704976320266724,-1.723575234413147,42.624874114990234,0.004148712381720543
3593000000,3.526397466659546,0.14388610422611237,-0.004327089060097933,0.5704991817474365,-1.722537636756897,42.624847412109375,0.004148712381720543
3594000000,3.526397466659546,0.14388559758663177,-0.004324483219534159,0.5705006718635559,-1.721506953239441,42.624820709228516,0.004148712381720543
3595000000,3.526397466659546,0.14388510584831238,-0.004321894608438015,0.5705021619796753,-1.7204831838607788,42.624794006347656,0.004148712381720543
3596000000,3.526397466659546,0.1438845992088318,-0.004319323226809502,0.5705036520957947,-1.7194660902023315,42.6247673034668,0.004148712381720543
3597000000,3.526397466659546,0.14388412237167358,-0.004316769074648619,0.5705050826072693,-1.7184557914733887,42.62474060058594,0.004148712381720543
3598000000,3.526397228240967,0.1438836306333542,-0.004314232151955366,0.5705065727233887,-1.7174521684646606,42.62471389770508,0.004148712381720543
3599000000,3.526397228240967,0.14388315379619598,-0.004311711993068457,0.5705080032348633,-1.7164552211761475,42.62468719482422,0.004148712381720543
3600000000,3.526397228240967,0.14388267695903778,-0.00430920859798789,0.5705093741416931,-1.7154649496078491,42.62466049194336,0.004148712381720543
3601000000,3.526397228240967,0.14388221502304077,-0.004306721966713667,0.5705108046531677,-1.714481234550476,42.6246337890625,0.004148712381720543
3602000000,3.526397228240967,0.14388173818588257,-0.004304252099245787,0.5705121755599976,-1.7135040760040283,42.62460708618164,0.004148712381720543
3603000000,3.526397228240967,0.14388127624988556,-0.004301798529922962,0.5705135464668274,-1.7125333547592163,42.62458038330078,0.004148712381720543
3604000000,3.526397228240967,0.14388082921504974,-0.004299361724406481,0.5705149173736572,-1.7115691900253296,42.62455749511719,0.004148712381720543
3605000000,3.526397228240967,0.14388038218021393,-0.004296940751373768,0.5705162882804871,-1.7106114625930786,42.62453079223633,0.004148712381720543
3606000000,3.526397228240967,0.1438799351453781,-0.004294536542147398,0.5705175995826721,-1.7096601724624634,42.62450408935547,0.004148712381720543
3607000000,3.526397228240967,0.1438794881105423,-0.004292148165404797,0.5705189108848572,-1.7087152004241943,42.62447738647461,0.004148712381720543
3608000000,3.526397228240967,0.14387905597686768,-0.004289776086807251,0.5705202221870422,-1.707776665687561,42.62445068359375,0.004148712381720543
3609000000,3.526397228240967,0.14387860894203186,-0.004287419840693474,0.5705215334892273,-1.7068443298339844,42.624427795410156,0.004148712381720543
3610000000,3.526397228240967,0.14387819170951843,-0.004285079892724752,0.5705227851867676,-1.705918312072754,42.6244010925293,0.004148712381720543
3611000000,3.526397228240967,0.1438777595758438,-0.004282755311578512,0.5705240368843079,-1.70499849319458,42.62437438964844,0.004148712381720543
3612000000,3.526397228240967,0.14387734234333038,-0.00428044656291604,0.5705252885818481,-1.704084873199463,42.624351501464844,0.004148712381720543
3613000000,3.526397228240967,0.14387692511081696,-0.00427815318107605,0.5705265402793884,-1.7031774520874023,42.624324798583984,0.004148712381720543
3614000000,3.526397228240967,0.14387650787830353,-0.004275875631719828,0.5705277919769287,-1.7022761106491089,42.62430191040039,0.004148712381720543
3615000000,3.526397228240967,0.1438761055469513,-0.004273613449186087,0.5705289840698242,-1.7013808488845825,42.62427520751953,0.004148712381720543
3616000000,3.526397228240967,0.14387568831443787,-0.004271366633474827,0.5705302357673645,-1.7004916667938232,42.62424850463867,0.004148712381720543
3618000000,3.526397228240967,0.14387530088424683,-0.004269135184586048,0.57053142786026,-1.699608564376831,42.62422561645508,0.004148712381720543
3618000000,3.5263969898223877,0.1438748985528946,-0.004266919102519751,0.5705326199531555,-1.6987314224243164,42.62419891357422,0.004148712381720543
3619000000,3.5263969898223877,0.14387451112270355,-0.00426471745595336,0.5705337524414062,-1.6978602409362793,42.624176025390625,0.004148712381720543
3620000000,3.5263969898223877,0.14387410879135132,-0.00426253117620945,0.5705349445343018,-1.6969949007034302,42.62415313720703,0.004148712381720543
3621000000,3.5263969898223877,0.14387372136116028,-0.004260360263288021,0.5705360770225525,-1.6961355209350586,42.62412643432617,0.004148712381720543
3622000000,3.5263969898223877,0.14387334883213043,-0.004258203785866499,0.5705372095108032,-1.695281982421875,42.62410354614258,0.004148712381720543
3623000000,3.5263969898223877,0.1438729614019394,-0.004256062209606171,0.570538341999054,-1.6944342851638794,42.62407684326172,0.004148712381720543
3624000000,3.5263969898223877,0.14387258887290955,-0.004253935068845749,0.5705394744873047,-1.6935924291610718,42.624053955078125,0.004148712381720543
3625000000,3.5263969898223877,0.1438722163438797,-0.004251822829246521,0.5705405473709106,-1.6927562952041626,42.62403106689453,0.004148712381720543
3626000000,3.5263969898223877,0.14387185871601105,-0.004249724559485912,0.5705416798591614,-1.6919258832931519,42.62400436401367,0.004148712381720543
3628000000,3.5263969898223877,0.1438714861869812,-0.0042476411908864975,0.5705427527427673,-1.6911011934280396,42.62398147583008,0.004148712381720543
3628000000,3.5263969898223877,0.14387112855911255,-0.004245572257786989,0.5705438256263733,-1.6902821063995361,42.623958587646484,0.004148712381720543
3629000000,3.5263969898223877,0.1438707709312439,-0.0042435172945261,0.5705448985099792,-1.6894687414169312,42.62393569946289,0.004148712381720543
3630000000,3.5263969898223877,0.14387041330337524,-0.004241476766765118,0.5705459713935852,-1.688660979270935,42.62390899658203,0.004148712381720543
3631000000,3.5263969898223877,0.1438700556755066,-0.004239450208842754,0.5705469846725464,-1.6878588199615479,42.62388610839844,0.004148712381720543
3632000000,3.5263969898223877,0.14386971294879913,-0.004237438086420298,0.5705480575561523,-1.68706214427948,42.623863220214844,0.004148712381720543
3633000000,3.5263969898223877,0.14386937022209167,-0.004235439468175173,0.5705490708351135,-1.6862709522247314,42.62384033203125,0.004148712381720543
3634000000,3.5263967514038086,0.14386902749538422,-0.004233454819768667,0.5705500841140747,-1.6854852437973022,42.623817443847656,0.004148712381720543
3635000000,3.5263967514038086,0.14386868476867676,-0.004231484141200781,0.5705510973930359,-1.684705138206482,42.62379455566406,0.004148712381720543
3636000000,3.5263967514038086,0.1438683569431305,-0.0042295269668102264,0.5705521106719971,-1.6839302778244019,42.62377166748047,0.004148712381720543
3637000000,3.5263967514038086,0.14386801421642303,-0.004227583762258291,0.5705531239509583,-1.6831609010696411,42.62374496459961,0.004148712381720543
3638000000,3.5263967514038086,0.14386768639087677,-0.004225654061883688,0.5705540776252747,-1.6823968887329102,42.623722076416016,0.004148712381720543
3639000000,3.5263967514038086,0.1438673585653305,-0.004223737865686417,0.5705550312995911,-1.681638240814209,42.62369918823242,0.004148712381720543
3640000000,3.5263967514038086,0.14386703073978424,-0.004221835173666477,0.5705560445785522,-1.680884838104248,42.62367630004883,0.004148712381720543
3641000000,3.5263962745666504,0.1438777595758438,-0.004220067989081144,0.5705239772796631,-1.6800566911697388,42.60530090332031,0.004148712381720543
3642000000,3.5263962745666504,0.14387737214565277,-0.004218177869915962,0.5705251097679138,-1.6793091297149658,42.623714447021484,0.004148712381720543
3643000000,3.526395797729492,0.14388802647590637,-0.004216423258185387,0.5704932808876038,-1.6784868240356445,42.6053352355957,0.004148712381720543
3644000000,3.526395797729492,0.14388757944107056,-0.004214545711874962,0.5704945921897888,-1.6777451038360596,42.623748779296875,0.004148712381720543
3645000000,3.526395320892334,0.1438981592655182,-0.004212803207337856,0.5704629421234131,-1.6769285202026367,42.60537338256836,0.004148712381720543
3646000000,3.526395320892334,0.1438976377248764,-0.004210938233882189,0.5704644918441772,-1.6761926412582397,42.623783111572266,0.004148712381720543
3647000000,3.526395082473755,0.14390817284584045,-0.0042092083021998405,0.5704330205917358,-1.6753817796707153,42.60540771484375,0.004148712381720543
3648000000,3.526395082473755,0.1439075917005539,-0.00420735590159893,0.5704347491264343,-1.6746517419815063,42.623817443847656,0.004148712381720543
3649000000,3.5263946056365967,0.14391805231571198,-0.004205638077110052,0.5704034566879272,-1.67384672164917,42.60544204711914,0.004148712381720543
3650000000,3.5263946056365967,0.14391741156578064,-0.0042037987150251865,0.5704054236412048,-1.673122525215149,42.62385177612305,0.004148712381720543
3651000000,3.5263941287994385,0.14392781257629395,-0.004202092997729778,0.5703743100166321,-1.672323226928711,42.60547637939453,0.004148712381720543
3652000000,3.5263941287994385,0.14392709732055664,-0.00420026620849967,0.5703763961791992,-1.671604871749878,42.62388610839844,0.004148712381720543
3653000000,3.5263936519622803,0.14393743872642517,-0.004198573064059019,0.5703455209732056,-1.670811414718628,42.60551071166992,0.004148712381720543
3654000000,3.5263936519622803,0.1439366638660431,-0.004196758847683668,0.570347785949707,-1.670098900794983,42.62391662597656,0.004148712381720543
3655000000,3.526393175125122,0.14394694566726685,-0.004195077810436487,0.5703170895576477,-1.6693111658096313,42.60554122924805,0.004148712381720543
3656000000,3.526393175125122,0.14394611120224,-0.004193276632577181,0.5703195333480835,-1.6686044931411743,42.62394714355469,0.004148712381720543
3657000000,3.526392936706543,0.14395633339881897,-0.004191608168184757,0.5702890157699585,-1.6678225994110107,42.60557174682617,0.004148712381720543
3658000000,3.526392936706543,0.14395543932914734,-0.0041898200288414955,0.5702916383743286,-1.6671217679977417,42.62397766113281,0.004148712381720543
3659000000,3.5263924598693848,0.14396560192108154,-0.004188163671642542,0.5702612996101379,-1.6663455963134766,42.6056022644043,0.004148712381720543
3660000000,3.5263924598693848,0.14396464824676514,-0.0041863881051540375,0.5702641010284424,-1.6656506061553955,42.62400817871094,0.004148712381720543
3661000000,3.5263919830322266,0.14397475123405457,-0.004184744320809841,0.570233941078186,-1.6648802757263184,42.60563278198242,0.004148712381720543
3662000000,3.5263919830322266,0.14397373795509338,-0.004182981792837381,0.5702369213104248,-1.6641910076141357,42.6240348815918,0.004148712381720543
3663000000,3.5263917446136475,0.14398378133773804,-0.004181350581347942,0.5702069401741028,-1.6634265184402466,42.60565948486328,0.004148712381720543
3664000000,3.5263917446136475,0.14398270845413208,-0.00417960062623024,0.5702100992202759,-1.662743091583252,42.62406539916992,0.004148712381720543
3665000000,3.5263912677764893,0.14399269223213196,-0.004177981987595558,0.5701802372932434,-1.6619843244552612,42.605690002441406,0.004148712381720543
3666000000,3.5263912677764893,0.14399157464504242,-0.0041762450709939,0.5701836347579956,-1.661306619644165,42.62409210205078,0.004148712381720543
3667000000,3.526390790939331,0.14400149881839752,-0.004174638539552689,0.5701539516448975,-1.6605536937713623,42.605716705322266,0.004148712381720543
3668000000,3.526390790939331,0.1440003216266632,-0.004172914661467075,0.5701574683189392,-1.659881830215454,42.62411880493164,0.004148712381720543
3669000000,3.526390552520752,0.14401018619537354,-0.004171321168541908,0.5701279640197754,-1.6591346263885498,42.605743408203125,0.004148712381720543
3670000000,3.526390552520752,0.14400894939899445,-0.004169609863311052,0.5701316595077515,-1.6584686040878296,42.624141693115234,0.004148712381720543
3671000000,3.5263900756835938,0.14401875436306,-0.004168028477579355,0.570102334022522,-1.6577271223068237,42.605770111083984,0.004148712381720543
3672000000,3.5263900756835938,0.14401747286319733,-0.004166330676525831,0.5701061487197876,-1.6570669412612915,42.624168395996094,0.004148712381720543
3673000000,3.5263895988464355,0.1440272331237793,-0.0041647618636488914,0.5700770020484924,-1.656331181526184,42.605796813964844,0.004148712381720543
3675000000,3.5263895988464355,0.14402589201927185,-0.004163076635450125,0.5700809955596924,-1.6556768417358398,42.62419128417969,0.004148712381720543
3675000000,3.5263893604278564,0.14403559267520905,-0.004161520395427942,0.5700519680976868,-1.6549468040466309,42.60581970214844,0.004148712381720543
3676000000,3.5263893604278564,0.14403419196605682,-0.00415984820574522,0.570056140422821,-1.654298186302185,42.62421417236328,0.004148712381720543
3677000000,3.5263888835906982,0.14404383301734924,-0.004158304538577795,0.5700272917747498,-1.653573989868164,42.60584259033203,0.004148712381720543
3678000000,3.5263888835906982,0.14404238760471344,-0.0041566453874111176,0.5700316429138184,-1.6529310941696167,42.624237060546875,0.004148712381720543
3679000000,3.526388645172119,0.14405198395252228,-0.00415511429309845,0.5700029730796814,-1.6522126197814941,42.605865478515625,0.004148712381720543
3680000000,3.526388645172119,0.1440504938364029,-0.0041534677147865295,0.5700074434280396,-1.6515755653381348,42.62425994873047,0.004148712381720543
3681000000,3.526388168334961,0.14406003057956696,-0.004151949193328619,0.5699788928031921,-1.650862693786621,42.60588836669922,0.004148712381720543
3682000000,3.526388168334961,0.1440584808588028,-0.004150316119194031,0.5699835419654846,-1.6502314805984497,42.62428283691406,0.004148712381720543
3683000000,3.526387929916382,0.14406795799732208,-0.00414880970492959,0.5699551701545715,-1.6495243310928345,42.60591125488281,0.004148712381720543
3684000000,3.526387929916382,0.14406636357307434,-0.004147189669311047,0.5699599385261536,-1.6488988399505615,42.624305725097656,0.004148712381720543
3685000000,3.5263874530792236,0.14407579600811005,-0.004145695827901363,0.5699317455291748,-1.6481974124908447,42.605934143066406,0.004148712381720543
3686000000,3.5263874530792236,0.14407414197921753,-0.004144088830798864,0.5699366927146912,-1.6475776433944702,42.624324798583984,0.004148712381720543
3687000000,3.5263872146606445,0.14408352971076965,-0.0041426075622439384,0.569908618927002,-1.6468819379806519,42.605953216552734,0.004148712381720543
3688000000,3.5263872146606445,0.14408183097839355,-0.004141013137996197,0.5699136853218079,-1.6462678909301758,42.62434387207031,0.004148712381720543
3689000000,3.5263867378234863,0.1440911740064621,-0.0041395449079573154,0.569885790348053,-1.6455777883529663,42.60597229003906,0.004148712381720543
3690000000,3.5263867378234863,0.14408941566944122,-0.004137963522225618,0.5698909759521484,-1.6449694633483887,42.62436294555664,0.004148712381720543
3691000000,3.5263864994049072,0.144098699092865,-0.004136507399380207,0.5698632597923279,-1.6442852020263672,42.60599136352539,0.004148712381720543
3692000000,3.5263864994049072,0.14409691095352173,-0.004134939052164555,0.5698686242103577,-1.643682599067688,42.62438201904297,0.004148712381720543
3693000000,3.526386022567749,0.14410613477230072,-0.004133495967835188,0.5698409676551819,-1.6430038213729858,42.60601043701172,0.004148712381720543
3694000000,3.526386022567749,0.14410430192947388,-0.004131940193474293,0.569846510887146,-1.642406940460205,42.6244010925293,0.004148712381720543
3695000000,3.52638578414917,0.1441134810447693,-0.004130509681999683,0.5698190331459045,-1.6417338848114014,42.60602951049805,0.004148712381720543
3696000000,3.52638578414917,0.14411158859729767,-0.004128966946154833,0.5698246955871582,-1.641142725944519,42.62441635131836,0.004148712381720543
3697000000,3.5263853073120117,0.1441207379102707,-0.0041275485418736935,0.5697973370552063,-1.6404752731323242,42.606048583984375,0.004148712381720543
3698000000,3.526385545730591,0.1441187858581543,-0.004126019310206175,0.5698031783103943,-1.6398897171020508,42.62443542480469,0.004148712381720543
3699000000,3.5263850688934326,0.14412789046764374,-0.004124613478779793,0.5697759389877319,-1.6392279863357544,42.60606384277344,0.004148712381720543
3700000000,3.5263850688934326,0.14412589371204376,-0.0041230968199670315,0.5697818994522095,-1.6386480331420898,42.62445068359375,0.004148712381720543
3701000000,3.5263848304748535,0.14413493871688843,-0.004121703561395407,0.5697548389434814,-1.6379919052124023,42.6060791015625,0.004148712381720543
3702000000,3.5263848304748535,0.14413291215896606,-0.00412019994109869,0.5697609186172485,-1.6374176740646362,42.62446594238281,0.004148712381720543
3703000000,3.5263843536376953,0.14414191246032715,-0.004118818789720535,0.5697339773178101,-1.6367671489715576,42.60609436035156,0.004148712381720543
3704000000,3.5263843536376953,0.1441398411989212,-0.004117328207939863,0.5697402358055115,-1.6361985206604004,42.624481201171875,0.004148712381720543
3705000000,3.526384115219116,0.1441487967967987,-0.004115960095077753,0.5697134137153625,-1.6355535984039307,42.606109619140625,0.004148712381720543
3706000000,3.526384115219116,0.14414666593074799,-0.004114482086151838,0.5697197914123535,-1.6349906921386719,42.62449645996094,0.004148712381720543
3707000000,3.526383876800537,0.1441555768251419,-0.004113126080483198,0.5696931481361389,-1.6343512535095215,42.60612487792969,0.004148712381720543
3708000000,3.526383876800537,0.1441534161567688,-0.004111661110073328,0.5696995854377747,-1.6337939500808716,42.624507904052734,0.004148712381720543
3709000000,3.526383399963379,0.14416228234767914,-0.004110317677259445,0.5696730613708496,-1.6331599950790405,42.60614013671875,0.004148712381720543
3710000000,3.526383399963379,0.14416007697582245,-0.00410886574536562,0.5696796774864197,-1.6326082944869995,42.6245231628418,0.004148712381720543
3711000000,3.5263831615448,0.1441688984632492,-0.004107534885406494,0.569653332233429,-1.631980061531067,42.60615539550781,0.004148712381720543
3712000000,3.5263831615448,0.14416664838790894,-0.004106095526367426,0.5696600675582886,-1.6314339637756348,42.624534606933594,0.004148712381720543
3713000000,3.5263829231262207,0.1441754251718521,-0.00410477677360177,0.5696337819099426,-1.630811095237732,42.60616683959961,0.004148712381720543
3714000000,3.5263829231262207,0.14417313039302826,-0.004103350453078747,0.5696406364440918,-1.6302706003189087,42.62454605102539,0.004148712381720543
3715000000,3.5263824462890625,0.14418186247348785,-0.004102044273167849,0.5696145296096802,-1.6296533346176147,42.606178283691406,0.004148712381720543
3716000000,3.5263826847076416,0.14417952299118042,-0.004100630525499582,0.5696215033531189,-1.6291183233261108,42.62456130981445,0.004148712381720543
3717000000,3.5263822078704834,0.14418822526931763,-0.004099336918443441,0.5695955157279968,-1.6285065412521362,42.6061897277832,0.004148712381720543
3718000000,3.5263822078704834,0.1441858410835266,-0.00409793620929122,0.5696026086807251,-1.6279771327972412,42.62457275390625,0.004148712381720543
3719000000,3.5263819694519043,0.14419449865818024,-0.004096655175089836,0.5695767402648926,-1.627370834350586,42.606201171875,0.004148712381720543
3720000000,3.5263819694519043,0.14419206976890564,-0.0040952665731310844,0.5695839524269104,-1.6268470287322998,42.62458038330078,0.004148712381720543
3721000000,3.526381731033325,0.14420068264007568,-0.004093998111784458,0.5695582032203674,-1.6262462139129639,42.6062126159668,0.004148712381720543
3722000000,3.526381731033325,0.1441982239484787,-0.004092622548341751,0.5695655941963196,-1.6257277727127075,42.62459182739258,0.004148712381720543
3723000000,3.526381254196167,0.14420679211616516,-0.004091366194188595,0.5695399641990662,-1.625132441520691,42.606224060058594,0.004148712381720543
3724000000,3.526381492614746,0.1442042887210846,-0.004090003203600645,0.5695474147796631,-1.624619483947754,42.624603271484375,0.004148712381720543
3725000000,3.526381015777588,0.14421282708644867,-0.004088758956640959,0.5695219039916992,-1.6240296363830566,42.60623550415039,0.004148712381720543
3726000000,3.526381015777588,0.14421027898788452,-0.004087409004569054,0.5695295333862305,-1.6235222816467285,42.624610900878906,0.004148712381720543
3727000000,3.526380777359009,0.14421877264976501,-0.004086177330464125,0.5695041418075562,-1.6229376792907715,42.60624313354492,0.004148712381720543
3728000000,3.526380777359009,0.14421619474887848,-0.004084839951246977,0.5695118308067322,-1.6224358081817627,42.6246223449707,0.004148712381720543
3729000000,3.5263805389404297,0.1442246437072754,-0.004083620384335518,0.5694865584373474,-1.621856689453125,42.60625457763672,0.004148712381720543
3730000000,3.5263805389404297,0.14422203600406647,-0.004082295577973127,0.569494366645813,-1.621360182762146,42.624629974365234,0.004148712381720543
3731000000,3.5263800621032715,0.1442304402589798,-0.004081088118255138,0.5694692134857178,-1.6207865476608276,42.60626220703125,0.004148712381720543
3732000000,3.5263803005218506,0.1442277878522873,-0.004079775884747505,0.5694771409034729,-1.620295524597168,42.624637603759766,0.004148712381720543
3733000000,3.5263803005218506,0.14422515034675598,-0.004078477155417204,0.569485068321228,-1.6198095083236694,42.62459945678711,0.004148712381720543
3734000000,3.5263803005218506,0.14422252774238586,-0.004077191464602947,0.5694928765296936,-1.619328498840332,42.62456130981445,0.004148712381720543
3735000000,3.5263805389404297,0.14421992003917694,-0.004075918812304735,0.5695006847381592,-1.6188526153564453,42.62452697753906,0.004148712381720543
3736000000,3.5263805389404297,0.1442173421382904,-0.004074659198522568,0.5695083737373352,-1.6183816194534302,42.624488830566406,0.004148712381720543
3737000000,3.5263805389404297,0.14421476423740387,-0.004073412157595158,0.5695160627365112,-1.6179155111312866,42.624454498291016,0.004148712381720543
3738000000,3.526380777359009,0.14421221613883972,-0.004072178155183792,0.5695236921310425,-1.6174542903900146,42.62441635131836,0.004148712381720543
3739000000,3.526380777359009,0.14420966804027557,-0.004070957191288471,0.5695313215255737,-1.6169979572296143,42.6243782043457,0.004148712381720543
3740000000,3.526380777359009,0.1442071497440338,-0.004069748800247908,0.5695388317108154,-1.616546392440796,42.62434387207031,0.004148712381720543
3741000000,3.526380777359009,0.14420463144779205,-0.004068552516400814,0.5695463418960571,-1.6160997152328491,42.62430953979492,0.004148712381720543
3742000000,3.526381015777588,0.14420214295387268,-0.004067369271069765,0.569553792476654,-1.6156576871871948,42.624271392822266,0.004148712381720543
3743000000,3.526381015777588,0.1441996693611145,-0.004066198132932186,0.5695611834526062,-1.6152204275131226,42.624237060546875,0.004148712381720543
3744000000,3.526381015777588,0.14419721066951752,-0.004065039101988077,0.5695685148239136,-1.6147879362106323,42.624202728271484,0.004148712381720543
3745000000,3.526381015777588,0.14419476687908173,-0.0040638926438987255,0.569575846195221,-1.6143600940704346,42.62416458129883,0.004148712381720543
3746000000,3.526381254196167,0.14419233798980713,-0.004062758293002844,0.5695831179618835,-1.6139369010925293,42.62413024902344,0.004148712381720543
3747000000,3.526381254196167,0.14418992400169373,-0.004061635583639145,0.5695903301239014,-1.613518238067627,42.62409591674805,0.004148712381720543
3748000000,3.526381254196167,0.14418752491474152,-0.004060525447130203,0.5695974826812744,-1.613104224205017,42.624061584472656,0.004148712381720543
3749000000,3.526381492614746,0.1441851258277893,-0.004059426952153444,0.5696046352386475,-1.6126947402954102,42.624027252197266,0.004148712381720543
3750000000,3.526381492614746,0.14418275654315948,-0.004058340564370155,0.5696117281913757,-1.6122897863388062,42.623992919921875,0.004148712381720543
3751000000,3.526381492614746,0.14418040215969086,-0.004057265352457762,0.5696187615394592,-1.611889362335205,42.623958587646484,0.004148712381720543
3752000000,3.526381492614746,0.14417806267738342,-0.004056202247738838,0.569625735282898,-1.6114933490753174,42.623924255371094,0.004148712381720543
3753000000,3.526381731033325,0.14417573809623718,-0.004055150784552097,0.5696327090263367,-1.6111018657684326,42.6238899230957,0.004148712381720543
3754000000,3.526381731033325,0.14417342841625214,-0.004054110962897539,0.5696396231651306,-1.6107146739959717,42.62385559082031,0.004148712381720543
3755000000,3.526381731033325,0.1441711187362671,-0.004053082317113876,0.5696464776992798,-1.6103318929672241,42.62382125854492,0.004148712381720543
3756000000,3.526381731033325,0.14416883885860443,-0.004052065312862396,0.569653332233429,-1.60995352268219,42.6237907409668,0.004148712381720543
3757000000,3.5263819694519043,0.14416657388210297,-0.0040510594844818115,0.5696600675582886,-1.6095794439315796,42.623756408691406,0.004148712381720543
3758000000,3.5263819694519043,0.1441643089056015,-0.004050064831972122,0.569666862487793,-1.609209656715393,42.623722076416016,0.004148712381720543
3759000000,3.5263819694519043,0.14416207373142242,-0.004049081355333328,0.5696735382080078,-1.6088440418243408,42.62369155883789,0.004148712381720543
3760000000,3.5263819694519043,0.14415983855724335,-0.00404810905456543,0.5696802139282227,-1.608482837677002,42.6236572265625,0.004148712381720543
3761000000,3.5263822078704834,0.14415761828422546,-0.004047147464007139,0.5696868300437927,-1.6081256866455078,42.62362289428711,0.004148712381720543
3762000000,3.5263822078704834,0.14415542781352997,-0.004046197049319744,0.569693386554718,-1.6077728271484375,42.623592376708984,0.004148712381720543
3763000000,3.5263822078704834,0.14415323734283447,-0.004045257810503244,0.5696999430656433,-1.6074241399765015,42.623558044433594,0.004148712381720543
3764000000,3.5263822078704834,0.14415106177330017,-0.0040443288162350655,0.5697064399719238,-1.6070795059204102,42.62352752685547,0.004148712381720543
3765000000,3.5263822078704834,0.14414888620376587,-0.004043410997837782,0.5697129368782043,-1.6067390441894531,42.62349319458008,0.004148712381720543
3766000000,3.5263824462890625,0.14414674043655396,-0.004042503889650106,0.5697193741798401,-1.6064026355743408,42.62346267700195,0.004148712381720543
3767000000,3.5263824462890625,0.14414460957050323,-0.004041607026010752,0.569725751876831,-1.6060702800750732,42.62343215942383,0.004148712381720543
3768000000,3.5263824462890625,0.14414247870445251,-0.004040720872581005,0.5697320699691772,-1.6057419776916504,42.62339782714844,0.004148712381720543
3769000000,3.5263824462890625,0.144140362739563,-0.004039844963699579,0.5697383880615234,-1.6054177284240723,42.62336730957031,0.004148712381720543
3770000000,3.5263826847076416,0.14413826167583466,-0.0040389797650277615,0.5697446465492249,-1.6050974130630493,42.62333679199219,0.004148712381720543
3771000000,3.5263826847076416,0.14413617551326752,-0.0040381248109042645,0.5697509050369263,-1.6047810316085815,42.62330627441406,0.004148712381720543
3772000000,3.5263826847076416,0.14413410425186157,-0.004037280101329088,0.5697571039199829,-1.604468584060669,42.62327575683594,0.004148712381720543
3773000000,3.5263826847076416,0.14413204789161682,-0.004036445636302233,0.5697632431983948,-1.6041600704193115,42.62324142456055,0.004148712381720543
3774000000,3.5263826847076416,0.14412999153137207,-0.004035621415823698,0.5697693824768066,-1.6038553714752197,42.62321090698242,0.004148712381720543
3775000000,3.5263829231262207,0.1441279500722885,-0.004034806974232197,0.5697754621505737,-1.603554606437683,42.6231803894043,0.004148712381720543
3776000000,3.5263829231262207,0.14412592351436615,-0.004034002777189016,0.5697815418243408,-1.603257656097412,42.62314987182617,0.004148712381720543
3777000000,3.5263829231262207,0.14412391185760498,-0.004033208359032869,0.5697875618934631,-1.6029645204544067,42.62311935424805,0.004148712381720543
3778000000,3.5263829231262207,0.144121915102005,-0.004032423719763756,0.5697935223579407,-1.602675199508667,42.62308883666992,0.004148712381720543
3779000000,3.5263831615448,0.14411991834640503,-0.004031649325042963,0.5697994828224182,-1.6023895740509033,42.6230583190918,0.004148712381720543
3780000000,3.5263831615448,0.14411793649196625,-0.004030884243547916,0.569805383682251,-1.6021076440811157,42.62303161621094,0.004148712381720543
3781000000,3.5263831615448,0.14411596953868866,-0.004030128940939903,0.5698112845420837,-1.6018295288085938,42.62300109863281,0.004148712381720543
3782000000,3.5263831615448,0.14411401748657227,-0.004029383417218924,0.5698171257972717,-1.6015551090240479,42.62297058105469,0.004148712381720543
3783000000,3.5263831615448,0.14411206543445587,-0.004028647672384977,0.5698229670524597,-1.6012842655181885,42.62294006347656,0.004148712381720543
3784000000,3.526383399963379,0.14411014318466187,-0.00402792077511549,0.5698286890983582,-1.6010171175003052,42.62290954589844,0.004148712381720543
3785000000,3.526383399963379,0.14410822093486786,-0.004027204122394323,0.5698344707489014,-1.600753664970398,42.62288284301758,0.004148712381720543
3786000000,3.526383399963379,0.14410629868507385,-0.004026496317237616,0.5698401927947998,-1.6004936695098877,42.62285232543945,0.004148712381720543
3787000000,3.526383399963379,0.14410440623760223,-0.004025797825306654,0.5698458552360535,-1.6002373695373535,42.62282180786133,0.004148712381720543
3788000000,3.526383399963379,0.14410251379013062,-0.0040251086466014385,0.5698515176773071,-1.5999845266342163,42.62279510498047,0.004148712381720543
3789000000,3.526383638381958,0.1441006362438202,-0.0040244292467832565,0.569857120513916,-1.5997353792190552,42.622764587402344,0.004148712381720543
3790000000,3.526383638381958,0.14409877359867096,-0.004023758228868246,0.5698627233505249,-1.5994895696640015,42.622737884521484,0.004148712381720543
3791000000,3.526383638381958,0.14409691095352173,-0.004023096524178982,0.569868266582489,-1.5992473363876343,42.62270736694336,0.004148712381720543
3792000000,3.526383638381958,0.1440950632095337,-0.004022444132715464,0.5698737502098083,-1.599008560180664,42.6226806640625,0.004148712381720543
3793000000,3.526383638381958,0.14409323036670685,-0.004021800588816404,0.5698792338371277,-1.5987732410430908,42.622650146484375,0.004148712381720543
3794000000,3.526383638381958,0.14409139752388,-0.004021165892481804,0.569884717464447,-1.5985413789749146,42.622623443603516,0.004148712381720543
3795000000,3.526383876800537,0.14408957958221436,-0.004020540043711662,0.5698901414871216,-1.5983128547668457,42.622596740722656,0.004148712381720543
3796000000,3.526383876800537,0.1440877765417099,-0.004019923508167267,0.5698955059051514,-1.5980877876281738,42.62256622314453,0.004148712381720543
3797000000,3.526383876800537,0.14408598840236664,-0.004019315354526043,0.5699008703231812,-1.5978659391403198,42.62253952026367,0.004148712381720543
3798000000,3.526383876800537,0.14408420026302338,-0.004018715582787991,0.5699062347412109,-1.5976475477218628,42.62251281738281,0.004148712381720543
3799000000,3.526383876800537,0.1440824270248413,-0.004018124658614397,0.569911539554596,-1.5974324941635132,42.62248229980469,0.004148712381720543
3800000000,3.526384115219116,0.14408065378665924,-0.004017542582005262,0.569916844367981,-1.597220778465271,42.62245559692383,0.004148712381720543
3801000000,3.526384115219116,0.14407889544963837,-0.004016968887299299,0.5699220895767212,-1.5970122814178467,42.62242889404297,0.004148712381720543
3802000000,3.526384115219116,0.1440771520137787,-0.004016404040157795,0.5699272751808167,-1.5968070030212402,42.62240219116211,0.004148712381720543
3803000000,3.526384115219116,0.144075408577919,-0.004015847109258175,0.5699324607849121,-1.5966050624847412,42.62237548828125,0.004148712381720543
3804000000,3.526384115219116,0.1440736949443817,-0.004015299025923014,0.5699376463890076,-1.5964062213897705,42.62234878540039,0.004148712381720543
3805000000,3.526384115219116,0.14407196640968323,-0.004014758858829737,0.5699427723884583,-1.5962107181549072,42.622318267822266,0.004148712381720543
3806000000,3.5263843536376953,0.14407026767730713,-0.004014227073639631,0.5699478387832642,-1.5960183143615723,42.622291564941406,0.004148712381720543
3807000000,3.5263843536376953,0.14406856894493103,-0.004013703670352697,0.5699529647827148,-1.5958291292190552,42.62226486206055,0.004148712381720543
3808000000,3.5263843536376953,0.14406687021255493,-0.004013188183307648,0.569957971572876,-1.5956430435180664,42.62223815917969,0.004148712381720543
3809000000,3.5263843536376953,0.14406518638134003,-0.00401268107816577,0.5699630379676819,-1.5954601764678955,42.62221145629883,0.004148712381720543
3810000000,3.5263843536376953,0.14406351745128632,-0.004012182354927063,0.5699679851531982,-1.5952802896499634,42.62218475341797,0.004148712381720543
3811000000,3.5263843536376953,0.1440618634223938,-0.004011691082268953,0.5699729919433594,-1.5951036214828491,42.622161865234375,0.004148712381720543
3812000000,3.5263845920562744,0.14406020939350128,-0.004011208191514015,0.5699779391288757,-1.5949299335479736,42.622135162353516,0.004148712381720543
3813000000,3.5263845920562744,0.14405855536460876,-0.004010733217000961,0.5699828267097473,-1.5947593450546265,42.622108459472656,0.004148712381720543
3814000000,3.5263845920562744,0.14405693113803864,-0.004010265693068504,0.5699877142906189,-1.594591736793518,42.6220817565918,0.004148712381720543
3815000000,3.5263845920562744,0.1440552920103073,-0.004009806551039219,0.5699926018714905,-1.594427227973938,42.62205505371094,0.004148712381720543
3816000000,3.5263845920562744,0.14405368268489838,-0.00400935485959053,0.5699974298477173,-1.5942655801773071,42.62202835083008,0.004148712381720543
3817000000,3.5263845920562744,0.14405207335948944,-0.004008911084383726,0.5700021982192993,-1.5941070318222046,42.622005462646484,0.004148712381720543
3818000000,3.5263848304748535,0.1440504640340805,-0.004008475225418806,0.5700070261955261,-1.5939514636993408,42.621978759765625,0.004148712381720543
3819000000,3.5263848304748535,0.14404886960983276,-0.004008046351373196,0.5700117349624634,-1.5937987565994263,42.621952056884766,0.004148712381720543
3820000000,3.5263848304748535,0.14404729008674622,-0.004007625859230757,0.5700165033340454,-1.5936490297317505,42.62192916870117,0.004148712381720543
3821000000,3.5263848304748535,0.14404571056365967,-0.0040072123520076275,0.5700212121009827,-1.593502163887024,42.62190246582031,0.004148712381720543
3822000000,3.5263848304748535,0.14404414594173431,-0.0040068067610263824,0.5700258612632751,-1.5933581590652466,42.62187576293945,0.004148712381720543
3823000000,3.5263848304748535,0.14404258131980896,-0.004006408154964447,0.5700305700302124,-1.593217134475708,42.62185287475586,0.004148712381720543
3824000000,3.5263848304748535,0.1440410315990448,-0.004006017465144396,0.5700351595878601,-1.5930789709091187,42.621826171875,0.004148712381720543
3825000000,3.5263850688934326,0.14403949677944183,-0.004005633760243654,0.5700398087501526,-1.592943549156189,42.621803283691406,0.004148712381720543
3826000000,3.5263850688934326,0.14403796195983887,-0.004005257971584797,0.5700443983078003,-1.5928109884262085,42.62177658081055,0.004148712381720543
3827000000,3.5263850688934326,0.1440364271402359,-0.004004889167845249,0.5700489282608032,-1.5926812887191772,42.62175369262695,0.004148712381720543
3828000000,3.5263850688934326,0.14403490722179413,-0.004004527349025011,0.5700535178184509,-1.5925543308258057,42.621726989746094,0.004148712381720543
3829000000,3.5263850688934326,0.14403340220451355,-0.00400417298078537,0.5700579881668091,-1.5924302339553833,42.6217041015625,0.004148712381720543
3830000000,3.5263850688934326,0.14403189718723297,-0.004003825597465038,0.570062518119812,-1.592308759689331,42.62167739868164,0.004148712381720543
3831000000,3.5263850688934326,0.1440303921699524,-0.004003485664725304,0.5700669884681702,-1.592190146446228,42.62165451049805,0.004148712381720543
3832000000,3.5263853073120117,0.144028902053833,-0.004003152251243591,0.5700713992118835,-1.5920741558074951,42.62163162231445,0.004148712381720543
3833000000,3.5263853073120117,0.14402742683887482,-0.004002826288342476,0.5700758695602417,-1.5919609069824219,42.621604919433594,0.004148712381720543
3834000000,3.5263853073120117,0.14402595162391663,-0.00400250731036067,0.5700802206993103,-1.5918503999710083,42.62158203125,0.004148712381720543
3835000000,3.5263853073120117,0.14402449131011963,-0.004002195317298174,0.5700846314430237,-1.5917425155639648,42.621559143066406,0.004148712381720543
3836000000,3.5263853073120117,0.14402303099632263,-0.004001890309154987,0.5700889825820923,-1.591637372970581,42.62153244018555,0.004148712381720543
3837000000,3.5263853073120117,0.14402157068252563,-0.004001591820269823,0.5700933337211609,-1.5915348529815674,42.62150955200195,0.004148712381720543
3838000000,3.5263853073120117,0.14402012526988983,-0.004001300316303968,0.5700976252555847,-1.5914349555969238,42.62148666381836,0.004148712381720543
3839000000,3.526385545730591,0.14401869475841522,-0.004001015797257423,0.5701019167900085,-1.5913375616073608,42.621463775634766,0.004148712381720543
3840000000,3.526385545730591,0.1440172642469406,-0.004000737797468901,0.5701062083244324,-1.5912429094314575,42.62144088745117,0.004148712381720543
3841000000,3.526385545730591,0.144015833735466,-0.0040004663169384,0.5701104402542114,-1.5911507606506348,42.62141418457031,0.004148712381720543
3842000000,3.526385545730591,0.1440144181251526,-0.0040002018213272095,0.5701146721839905,-1.5910612344741821,42.62139129638672,0.004148712381720543
3843000000,3.526385545730591,0.14401301741600037,-0.003999943844974041,0.5701189041137695,-1.5909743309020996,42.621368408203125,0.004148712381720543
3844000000,3.526385545730591,0.14401161670684814,-0.003999692853540182,0.5701230764389038,-1.590889811515808,42.62134552001953,0.004148712381720543
3845000000,3.526385545730591,0.14401021599769592,-0.003999447915703058,0.5701272487640381,-1.5908079147338867,42.62132263183594,0.004148712381720543
3846000000,3.526385545730591,0.1440088301897049,-0.003999209497123957,0.5701314210891724,-1.590728521347046,42.621299743652344,0.004148712381720543
3847000000,3.52638578414917,0.14400744438171387,-0.003998977597802877,0.5701355338096619,-1.5906516313552856,42.62127685546875,0.004148712381720543
3848000000,3.52638578414917,0.14400607347488403,-0.0039987522177398205,0.5701396465301514,-1.590577244758606,42.621253967285156,0.004148712381720543
3849000000,3.52638578414917,0.1440047025680542,-0.003998533356934786,0.5701437592506409,-1.5905052423477173,42.62123107910156,0.004148712381720543
3850000000,3.52638578414917,0.14400334656238556,-0.0039983210153877735,0.5701478123664856,-1.5904358625411987,42.62120819091797,0.004148712381720543
3851000000,3.52638578414917,0.14400199055671692,-0.003998114727437496,0.5701518654823303,-1.5903687477111816,42.621185302734375,0.004148712381720543
3852000000,3.52638578414917,0.14400063455104828,-0.003997914493083954,0.570155918598175,-1.5903041362762451,42.62116241455078,0.004148712381720543
3853000000,3.52638578414917,0.14399929344654083,-0.003997720777988434,0.570159912109375,-1.5902419090270996,42.62113952636719,0.004148712381720543
3854000000,3.52638578414917,0.1439979523420334,-0.003997533116489649,0.570163905620575,-1.5901820659637451,42.621116638183594,0.004148712381720543
3855000000,3.526386022567749,0.14399662613868713,-0.003997351974248886,0.5701678991317749,-1.5901247262954712,42.621097564697266,0.004148712381720543
3856000000,3.526386022567749,0.14399529993534088,-0.003997176419943571,0.5701718330383301,-1.5900696516036987,42.62107467651367,0.004148712381720543
3857000000,3.526386022567749,0.14399398863315582,-0.003997007384896278,0.5701757669448853,-1.5900169610977173,42.62105178833008,0.004148712381720543
3858000000,3.526386022567749,0.14399266242980957,-0.003996844403445721,0.5701797008514404,-1.5899666547775269,42.621028900146484,0.004148712381720543
3859000000,3.526386022567749,0.1439913660287857,-0.003996687475591898,0.5701835751533508,-1.589918613433838,42.62100601196289,0.004148712381720543
3860000000,3.526386022567749,0.14399006962776184,-0.00399653660133481,0.5701874494552612,-1.5898728370666504,42.62098693847656,0.004148712381720543
3861000000,3.526386022567749,0.14398877322673798,-0.00399639131501317,0.5701913237571716,-1.589829444885254,42.62096405029297,0.004148712381720543
3862000000,3.526386022567749,0.1439874768257141,-0.0039962525479495525,0.570195198059082,-1.5897884368896484,42.620941162109375,0.004148712381720543
3863000000,3.526386022567749,0.14398619532585144,-0.003996118903160095,0.5701990127563477,-1.5897495746612549,42.62092208862305,0.004148712381720543
3864000000,3.526386260986328,0.14398492872714996,-0.00399599177762866,0.5702028274536133,-1.5897129774093628,42.62089920043945,0.004148712381720543
3865000000,3.526386260986328,0.1439836472272873,-0.003995870240032673,0.5702066421508789,-1.5896787643432617,42.62087631225586,0.004148712381720543
3866000000,3.526386260986328,0.14398238062858582,-0.0039957547560334206,0.5702103972434998,-1.5896466970443726,42.62085723876953,0.004148712381720543
3867000000,3.526386260986328,0.14398112893104553,-0.003995644394308329,0.5702141523361206,-1.5896168947219849,42.62083435058594,0.004148712381720543
3868000000,3.526386260986328,0.14397987723350525,-0.003995540551841259,0.5702179074287415,-1.589589238166809,42.620811462402344,0.004148712381720543
3869000000,3.526386260986328,0.14397862553596497,-0.00399544183164835,0.5702216625213623,-1.5895638465881348,42.620792388916016,0.004148712381720543
3870000000,3.526386260986328,0.14397738873958588,-0.0039953491650521755,0.5702253580093384,-1.5895406007766724,42.62076950073242,0.004148712381720543
3871000000,3.526386260986328,0.1439761519432068,-0.003995261620730162,0.5702290534973145,-1.5895196199417114,42.620750427246094,0.004148712381720543
3872000000,3.526386260986328,0.1439749151468277,-0.003995180130004883,0.5702327489852905,-1.5895006656646729,42.6207275390625,0.004148712381720543
3873000000,3.5263864994049072,0.1439736932516098,-0.003995104227215052,0.5702363848686218,-1.5894839763641357,42.62070846557617,0.004148712381720543
3874000000,3.5263864994049072,0.1439724713563919,-0.003995033446699381,0.5702400207519531,-1.5894694328308105,42.62068557739258,0.004148712381720543
3875000000,3.5263864994049072,0.143971249461174,-0.003994968719780445,0.5702436566352844,-1.5894570350646973,42.62066650390625,0.004148712381720543
3876000000,3.526386022567749,0.14398111402988434,-0.003994998522102833,0.5702141523361206,-1.589359998703003,42.60218048095703,0.004148712381720543
3877000000,3.526386022567749,0.14397984743118286,-0.003994930535554886,0.5702179670333862,-1.5893471240997314,42.620704650878906,0.004148712381720543
3878000000,3.526385545730591,0.1439896523952484,-0.00399495754390955,0.5701886415481567,-1.5892497301101685,42.60222244262695,0.004148712381720543
3879000000,3.52638578414917,0.14398831129074097,-0.003994887229055166,0.5701926350593567,-1.5892363786697388,42.62074661254883,0.004148712381720543
3880000000,3.5263853073120117,0.14399805665016174,-0.003994911443442106,0.5701635479927063,-1.5891385078430176,42.602264404296875,0.004148712381720543
3881000000,3.5263853073120117,0.14399665594100952,-0.003994838334619999,0.5701677203178406,-1.5891249179840088,42.620784759521484,0.004148712381720543
3882000000,3.5263848304748535,0.14400634169578552,-0.003994859755039215,0.5701387524604797,-1.5890265703201294,42.60230255126953,0.004148712381720543
3883000000,3.5263848304748535,0.14400489628314972,-0.0039947847835719585,0.5701431035995483,-1.589012861251831,42.62082290649414,0.004148712381720543
3884000000,3.5263845920562744,0.14401452243328094,-0.003994803410023451,0.5701143145561218,-1.588914155960083,42.60234069824219,0.004148712381720543
3885000000,3.5263845920562744,0.14401300251483917,-0.003994726575911045,0.5701188445091248,-1.5889002084732056,42.6208610534668,0.004148712381720543
3886000000,3.526384115219116,0.14402256906032562,-0.003994742874056101,0.5700902342796326,-1.5888012647628784,42.602378845214844,0.004148712381720543
3887000000,3.526384115219116,0.14402100443840027,-0.0039946637116372585,0.5700949430465698,-1.5887871980667114,42.62089920043945,0.004148712381720543
3888000000,3.526383876800537,0.14403051137924194,-0.003994678612798452,0.5700664520263672,-1.5886881351470947,42.6024169921875,0.004148712381720543
3889000000,3.526383876800537,0.14402888715267181,-0.003994597587734461,0.5700713396072388,-1.5886739492416382,42.620933532714844,0.004148712381720543
3890000000,3.526383399963379,0.1440383344888687,-0.003994610160589218,0.5700430870056152,-1.588574767112732,42.60245132446289,0.004148712381720543
3891000000,3.526383638381958,0.1440366506576538,-0.003994527738541365,0.5700480937957764,-1.5885605812072754,42.620967864990234,0.004148712381720543
3892000000,3.5263831615448,0.14404605329036713,-0.00399453891441226,0.5700200200080872,-1.5884612798690796,42.60248947143555,0.004148712381720543
3893000000,3.5263831615448,0.14404430985450745,-0.003994455095380545,0.5700252056121826,-1.5884472131729126,42.621002197265625,0.004148712381720543
3894000000,3.5263826847076416,0.144053652882576,-0.003994464408606291,0.569997251033783,-1.5883479118347168,42.60252380371094,0.004148712381720543
3895000000,3.5263829231262207,0.14405184984207153,-0.0039943791925907135,0.5700026154518127,-1.5883339643478394,42.621036529541016,0.004148712381720543
3896000000,3.5263824462890625,0.1440611481666565,-0.003994387108832598,0.5699748992919922,-1.5882346630096436,42.60255432128906,0.004148712381720543
3897000000,3.5263824462890625,0.14405930042266846,-0.003994301427155733,0.5699803829193115,-1.5882209539413452,42.621070861816406,0.004148712381720543
3898000000,3.5263822078704834,0.14406852424144745,-0.003994307480752468,0.5699527859687805,-1.588121771812439,42.60258865356445,0.004148712381720543
3899000000,3.5263822078704834,0.14406663179397583,-0.003994220867753029,0.5699584484100342,-1.5881081819534302,42.62110137939453,0.004148712381720543
3900000000,3.526381731033325,0.14407581090927124,-0.0039942264556884766,0.5699310302734375,-1.588009238243103,42.60261917114258,0.004148712381720543
3901000000,3.526381731033325,0.14407385885715485,-0.003994138911366463,0.5699368715286255,-1.5879958868026733,42.621131896972656,0.004148712381720543
3902000000,3.526381492614746,0.14408297836780548,-0.0039941431023180485,0.5699095726013184,-1.5878971815109253,42.60265350341797,0.004148712381720543
3903000000,3.526381492614746,0.1440809816122055,-0.003994055092334747,0.5699155330657959,-1.5878841876983643,42.62116241455078,0.004148712381720543
3904000000,3.526381254196167,0.14409005641937256,-0.003994058817625046,0.5698884129524231,-1.5877857208251953,42.602684020996094,0.004148712381720543
3905000000,3.526381254196167,0.1440880000591278,-0.00399396987631917,0.569894552230835,-1.587773084640503,42.621192932128906,0.004148712381720543
3906000000,3.526380777359009,0.14409701526165009,-0.003993973135948181,0.5698676109313965,-1.5876749753952026,42.60271072387695,0.004148712381720543
3907000000,3.526380777359009,0.14409491419792175,-0.003993884194642305,0.5698738694190979,-1.5876628160476685,42.62122344970703,0.004148712381720543
3908000000,3.5263805389404297,0.14410388469696045,-0.003993886522948742,0.569847047328949,-1.5875649452209473,42.60274124145508,0.004148712381720543
3909000000,3.5263805389404297,0.14410172402858734,-0.003993797581642866,0.5698534846305847,-1.5875533819198608,42.62125015258789,0.004148712381720543
3910000000,3.5263803005218506,0.14411064982414246,-0.003993799444288015,0.5698267817497253,-1.5874558687210083,42.60276794433594,0.004148712381720543
3911000000,3.5263803005218506,0.14410844445228577,-0.00399371050298214,0.5698333978652954,-1.58744478225708,42.62127685546875,0.004148712381720543
3912000000,3.5263798236846924,0.1441173255443573,-0.003993712365627289,0.5698068737983704,-1.5873478651046753,42.60279846191406,0.004148712381720543
3913000000,3.5263800621032715,0.14411507546901703,-0.003993623424321413,0.56981360912323,-1.5873373746871948,42.62130355834961,0.004148712381720543
3914000000,3.5263795852661133,0.1441238969564438,-0.003993625286966562,0.5697872042655945,-1.5872408151626587,42.60282516479492,0.004148712381720543
3915000000,3.5263795852661133,0.14412158727645874,-0.0039935363456606865,0.5697940587997437,-1.587230920791626,42.62133026123047,0.004148712381720543
3916000000,3.526379346847534,0.14413036406040192,-0.003993538208305836,0.5697678327560425,-1.5871349573135376,42.602848052978516,0.004148712381720543
3917000000,3.526379346847534,0.14412802457809448,-0.003993449732661247,0.569774866104126,-1.5871257781982422,42.62135696411133,0.004148712381720543
3918000000,3.526379108428955,0.14413674175739288,-0.0039934515953063965,0.5697487592697144,-1.5870304107666016,42.602874755859375,0.004148712381720543
3919000000,3.526379108428955,0.14413435757160187,-0.003993364050984383,0.5697559118270874,-1.5870219469070435,42.62137985229492,0.004148712381720543
3920000000,3.526378631591797,0.1441430300474167,-0.003993365913629532,0.5697299838066101,-1.5869271755218506,42.602901458740234,0.004148712381720543
3921000000,3.526378870010376,0.1441406011581421,-0.003993278834968805,0.5697372555732727,-1.5869194269180298,42.621402740478516,0.004148712381720543
3922000000,3.5263783931732178,0.14414922893047333,-0.003993281163275242,0.569711446762085,-1.5868253707885742,42.60292434692383,0.004148712381720543
3923000000,3.5263783931732178,0.14414674043655396,-0.00399319501593709,0.5697188377380371,-1.5868184566497803,42.62142562866211,0.004148712381720543
3924000000,3.5263781547546387,0.1441553384065628,-0.003993197809904814,0.5696931481361389,-1.586725115776062,42.60294723510742,0.004148712381720543
3925000000,3.5263781547546387,0.14415280520915985,-0.003993112128227949,0.5697007179260254,-1.586719036102295,42.6214485168457,0.004148712381720543
3926000000,3.5263779163360596,0.14416134357452393,-0.003993115853518248,0.5696752071380615,-1.586626410484314,42.602970123291016,0.004148712381720543
3927000000,3.5263779163360596,0.14415878057479858,-0.003993031103163958,0.5696828961372375,-1.5866211652755737,42.6214714050293,0.004148712381720543
3928000000,3.5263776779174805,0.14416727423667908,-0.003993035294115543,0.5696574449539185,-1.58652925491333,42.60299301147461,0.004148712381720543
3929000000,3.5263776779174805,0.14416465163230896,-0.003992951940745115,0.5696653127670288,-1.5865249633789062,42.62149429321289,0.004148712381720543
3930000000,3.5263772010803223,0.14417311549186707,-0.003992957063019276,0.5696399807929993,-1.586434006690979,42.60301208496094,0.004148712381720543
3931000000,3.5263774394989014,0.14417044818401337,-0.0039928751066327095,0.5696479678153992,-1.586430549621582,42.62151336669922,0.004148712381720543
3932000000,3.526376962661743,0.1441788673400879,-0.003992880694568157,0.569622814655304,-1.5863404273986816,42.60303497314453,0.004148712381720543
3933000000,3.5263772010803223,0.1441761553287506,-0.003992800135165453,0.5696308612823486,-1.5863380432128906,42.62153244018555,0.004148712381720543
3934000000,3.526376724243164,0.14418452978134155,-0.003992807120084763,0.5696058869361877,-1.586248755455017,42.60305404663086,0.004148712381720543
3935000000,3.526376724243164,0.14418178796768188,-0.003992727492004633,0.569614052772522,-1.586247444152832,42.62155532836914,0.004148712381720543
3936000000,3.526376485824585,0.14419011771678925,-0.003992735408246517,0.5695891976356506,-1.586159110069275,42.60307312011719,0.004148712381720543
3937000000,3.526376485824585,0.1441873162984848,-0.003992657642811537,0.5695974826812744,-1.5861587524414062,42.62157440185547,0.004148712381720543
3938000000,3.526376247406006,0.14419560134410858,-0.003992666956037283,0.5695727467536926,-1.5860713720321655,42.603092193603516,0.004148712381720543
3939000000,3.526376247406006,0.14419278502464294,-0.0039925905875861645,0.569581151008606,-1.5860720872879028,42.62158966064453,0.004148712381720543
3940000000,3.5263760089874268,0.14420102536678314,-0.0039926012977957726,0.5695565342903137,-1.585985779762268,42.603111267089844,0.004148712381720543
3941000000,3.5263760089874268,0.14419814944267273,-0.003992526326328516,0.5695651173591614,-1.5859875679016113,42.62160873413086,0.004148712381720543
3942000000,3.5263757705688477,0.14420635998249054,-0.003992538899183273,0.5695405602455139,-1.5859023332595825,42.60313034057617,0.004148712381720543
3943000000,3.5263757705688477,0.14420345425605774,-0.003992465790361166,0.5695492625236511,-1.5859053134918213,42.62162780761719,0.004148712381720543
3944000000,3.5263755321502686,0.14421162009239197,-0.003992479294538498,0.5695248246192932,-1.5858210325241089,42.603145599365234,0.004148712381720543
3945000000,3.5263755321502686,0.14420866966247559,-0.003992408514022827,0.56953364610672,-1.5858252048492432,42.62164306640625,0.004148712381720543
3946000000,3.5263752937316895,0.14421679079532623,-0.003992423880845308,0.5695093870162964,-1.5857419967651367,42.60316467285156,0.004148712381720543
3947000000,3.5263752937316895,0.14421381056308746,-0.0039923544973134995,0.5695183277130127,-1.5857473611831665,42.62165832519531,0.004148712381720543
3948000000,3.5263750553131104,0.14422188699245453,-0.00399237172678113,0.5694941282272339,-1.585665225982666,42.603179931640625,0.004148712381720543
3949000000,3.5263750553131104,0.14421886205673218,-0.00399230420589447,0.5695031881332397,-1.5856719017028809,42.621673583984375,0.004148712381720543
3950000000,3.5263748168945312,0.14422690868377686,-0.00399232329800725,0.5694791078567505,-1.5855909585952759,42.60319519042969,0.004148712381720543
3951000000,3.5263748168945312,0.14422383904457092,-0.003992258105427027,0.5694882869720459,-1.5855987071990967,42.62168884277344,0.004148712381720543
3952000000,3.526374578475952,0.1442318558692932,-0.003992279060184956,0.5694643259048462,-1.5855189561843872,42.60321044921875,0.004148712381720543
3953000000,3.526374578475952,0.1442287564277649,-0.003992216195911169,0.5694735646247864,-1.5855281352996826,42.6217041015625,0.004148712381720543
3954000000,3.526374340057373,0.1442367285490036,-0.003992239013314247,0.569449782371521,-1.5854495763778687,42.60322570800781,0.004148712381720543
3955000000,3.526374340057373,0.1442335844039917,-0.00399217801168561,0.5694591403007507,-1.5854599475860596,42.62171936035156,0.004148712381720543
3956000000,3.526374101638794,0.14424151182174683,-0.0039922031573951244,0.5694354176521301,-1.5853826999664307,42.603240966796875,0.004148712381720543
3957000000,3.526374101638794,0.14423833787441254,-0.003992144949734211,0.5694448947906494,-1.5853943824768066,42.62173080444336,0.004148712381720543
3958000000,3.526373863220215,0.14424623548984528,-0.0039921714924275875,0.5694212913513184,-1.5853183269500732,42.60325241088867,0.004148712381720543
3959000000,3.526373863220215,0.1442430317401886,-0.003992115613073111,0.5694308876991272,-1.5853314399719238,42.62174606323242,0.004148712381720543
3960000000,3.5263736248016357,0.14425088465213776,-0.003992144949734211,0.5694074034690857,-1.5852566957473755,42.60326385498047,0.004148712381720543
3961000000,3.5263736248016357,0.1442476361989975,-0.003992091398686171,0.5694170594215393,-1.5852711200714111,42.62175750732422,0.004148712381720543
3962000000,3.5263733863830566,0.14425547420978546,-0.00399212259799242,0.5693936944007874,-1.5851975679397583,42.60327911376953,0.004148712381720543
3963000000,3.5263733863830566,0.14425218105316162,-0.003992072306573391,0.5694034695625305,-1.585213541984558,42.621768951416016,0.004148712381720543
3964000000,3.5263731479644775,0.144259974360466,-0.003992105834186077,0.5693802237510681,-1.5851413011550903,42.60329055786133,0.004148712381720543
3965000000,3.5263731479644775,0.14425666630268097,-0.003992057405412197,0.5693901181221008,-1.5851585865020752,42.62178039550781,0.004148712381720543
3966000000,3.5263729095458984,0.14426441490650177,-0.003992093726992607,0.5693669319152832,-1.585087776184082,42.603302001953125,0.004148712381720543
3967000000,3.5263729095458984,0.14426106214523315,-0.003992048092186451,0.5693769454956055,-1.585106611251831,42.62179183959961,0.004148712381720543
3968000000,3.5263726711273193,0.14426878094673157,-0.0039920867420732975,0.5693538784980774,-1.5850369930267334,42.60331344604492,0.004148712381720543
3969000000,3.5263726711273193,0.14426539838314056,-0.003992043901234865,0.5693639516830444,-1.585057258605957,42.621803283691406,0.004148712381720543
3970000000,3.5263724327087402,0.1442730873823166,-0.003992084879428148,0.5693410038948059,-1.5849891901016235,42.60332489013672,0.004148712381720543
3971000000,3.5263724327087402,0.144269660115242,-0.003992045298218727,0.5693511962890625,-1.5850108861923218,42.62181091308594,0.004148712381720543
3972000000,3.526372194290161,0.14427731931209564,-0.003992088604718447,0.5693283081054688,-1.5849441289901733,42.60333251953125,0.004148712381720543
3973000000,3.5263724327087402,0.14427386224269867,-0.003992051817476749,0.5693386197090149,-1.5849673748016357,42.621822357177734,0.004148712381720543
3974000000,3.526371955871582,0.14428149163722992,-0.003992097917944193,0.5693158507347107,-1.5849021673202515,42.60334396362305,0.004148712381720543
3975000000,3.526372194290161,0.14427800476551056,-0.003992064390331507,0.5693262815475464,-1.5849268436431885,42.621829986572266,0.004148712381720543
3976000000,3.526371717453003,0.14428558945655823,-0.003992113284766674,0.569303572177887,-1.5848630666732788,42.60335159301758,0.004148712381720543
3977000000,3.526371955871582,0.14428207278251648,-0.003992082085460424,0.5693140625953674,-1.58488929271698,42.6218376159668,0.004148712381720543
3978000000,3.526371479034424,0.14428962767124176,-0.003992133773863316,0.5692915320396423,-1.584826946258545,42.60335922241211,0.004148712381720543
3979000000,3.526371717453003,0.14428608119487762,-0.003992105834186077,0.5693020820617676,-1.5848547220230103,42.621849060058594,0.004148712381720543
3980000000,3.526371479034424,0.14429360628128052,-0.003992160316556692,0.5692796111106873,-1.5847938060760498,42.603370666503906,0.004148712381720543
3981000000,3.526371479034424,0.144290030002594,-0.003992135636508465,0.569290280342102,-1.5848232507705688,42.621856689453125,0.004148712381720543
3982000000,3.5263712406158447,0.1442975103855133,-0.003992193378508091,0.5692679286003113,-1.5847638845443726,42.60337829589844,0.004148712381720543
3983000000,3.5263712406158447,0.1442939043045044,-0.0039921714924275875,0.5692787170410156,-1.5847948789596558,42.621864318847656,0.004148712381720543
3984000000,3.5263710021972656,0.1443013697862625,-0.0039922320283949375,0.5692564249038696,-1.584736943244934,42.60338592529297,0.004148712381720543
3985000000,3.5263710021972656,0.14429771900177002,-0.003992213401943445,0.5692672729492188,-1.584769606590271,42.62186813354492,0.004148712381720543
3986000000,3.5263707637786865,0.14430515468120575,-0.003992276731878519,0.5692450404167175,-1.5847132205963135,42.603389739990234,0.004148712381720543
3987000000,3.5263710021972656,0.14430148899555206,-0.003992261830717325,0.5692560076713562,-1.5847474336624146,42.62187576293945,0.004148712381720543
3988000000,3.5263705253601074,0.1443088799715042,-0.003992327954620123,0.5692338943481445,-1.5846925973892212,42.603397369384766,0.004148712381720543
3989000000,3.5263702869415283,0.14431633055210114,-0.003992393612861633,0.5692116618156433,-1.584636926651001,42.603240966796875,0.004148712381720543
3990000000,3.526370048522949,0.14432372152805328,-0.003992453683167696,0.5691895484924316,-1.584579586982727,42.60328674316406,0.004148712381720543
3991000000,3.526369571685791,0.14433105289936066,-0.003992508631199598,0.5691676139831543,-1.5845208168029785,42.603328704833984,0.004148712381720543
3992000000,3.526369333267212,0.14433835446834564,-0.003992557991296053,0.5691457986831665,-1.5844604969024658,42.60337448120117,0.004148712381720543
3993000000,3.526369094848633,0.14434558153152466,-0.0039926026947796345,0.569124162197113,-1.584398627281189,42.60342025756836,0.004148712381720543
3994000000,3.5263686180114746,0.1443527787923813,-0.003992641810327768,0.5691026449203491,-1.584335446357727,42.60346221923828,0.004148712381720543
3995000000,3.5263683795928955,0.14435991644859314,-0.003992676269263029,0.5690813064575195,-1.5842708349227905,42.6035041809082,0.004148712381720543
3996000000,3.5263681411743164,0.1443670094013214,-0.003992706071585417,0.5690600872039795,-1.5842047929763794,42.60354995727539,0.004148712381720543
3997000000,3.5263679027557373,0.1443740427494049,-0.003992730751633644,0.5690390467643738,-1.5841374397277832,42.60359191894531,0.004148712381720543
3998000000,3.526367425918579,0.14438103139400482,-0.003992750775068998,0.5690181851387024,-1.584068775177002,42.603633880615234,0.004148712381720543
3999000000,3.5263671875,0.14438797533512115,-0.003992766607552767,0.5689973831176758,-1.5839987993240356,42.603675842285156,0.004148712381720543
4000000000,3.526366949081421,0.1443948745727539,-0.003992777783423662,0.5689767599105835,-1.5839276313781738,42.60371780395508,0.004148712381720543
4001000000,3.526366710662842,0.14440171420574188,-0.0039927843026816845,0.5689563155174255,-1.5838552713394165,42.603755950927734,0.004148712381720543
4002000000,3.5263662338256836,0.14440850913524628,-0.003992786630988121,0.5689359903335571,-1.5837815999984741,42.603797912597656,0.004148712381720543
4003000000,3.5263659954071045,0.1444152593612671,-0.0039927843026816845,0.5689157843589783,-1.5837068557739258,42.60383987426758,0.004148712381720543
4004000000,3.5263657569885254,0.14442196488380432,-0.0039927782490849495,0.5688957571983337,-1.583630919456482,42.603878021240234,0.004148712381720543
4005000000,3.5263655185699463,0.14442862570285797,-0.003992768004536629,0.5688758492469788,-1.5835539102554321,42.603919982910156,0.004148712381720543
4006000000,3.526365041732788,0.14443522691726685,-0.0039927540346980095,0.5688560605049133,-1.5834758281707764,42.60395812988281,0.004148712381720543
4007000000,3.526364803314209,0.14444179832935333,-0.0039927358739078045,0.5688364505767822,-1.5833966732025146,42.60399627685547,0.004148712381720543
4008000000,3.52636456489563,0.14444831013679504,-0.003992713522166014,0.5688169598579407,-1.5833165645599365,42.604034423828125,0.004148712381720543
4009000000,3.526364326477051,0.14445479214191437,-0.003992687910795212,0.5687975883483887,-1.5832353830337524,42.60407257080078,0.004148712381720543
4010000000,3.5263640880584717,0.14446121454238892,-0.003992658108472824,0.568778395652771,-1.583153247833252,42.60411071777344,0.004148712381720543
4011000000,3.5263638496398926,0.14446759223937988,-0.003992625046521425,0.5687593221664429,-1.583070158958435,42.604148864746094,0.004148712381720543
4012000000,3.5263633728027344,0.14447394013404846,-0.003992588259279728,0.5687403678894043,-1.5829862356185913,42.604183197021484,0.004148712381720543
4013000000,3.5263631343841553,0.14448022842407227,-0.0039925482124090195,0.5687215328216553,-1.5829013586044312,42.60422134399414,0.004148712381720543
4014000000,3.526362895965576,0.1444864720106125,-0.0039925044402480125,0.5687028169631958,-1.5828156471252441,42.6042594909668,0.004148712381720543
4015000000,3.526362657546997,0.14449268579483032,-0.0039924574084579945,0.5686842799186707,-1.5827291011810303,42.60429382324219,0.004148712381720543
4016000000,3.526362419128418,0.14449883997440338,-0.003992407117038965,0.5686658620834351,-1.5826417207717896,42.60432815551758,0.004148712381720543
4017000000,3.526362180709839,0.14450496435165405,-0.003992354031652212,0.568647563457489,-1.5825536251068115,42.604366302490234,0.004148712381720543
4018000000,3.5263619422912598,0.14451104402542114,-0.003992297220975161,0.5686293840408325,-1.5824646949768066,42.604400634765625,0.004148712381720543
4019000000,3.5263617038726807,0.14451707899570465,-0.0039922380819916725,0.5686113238334656,-1.582375168800354,42.604434967041016,0.004148712381720543
4020000000,3.5263612270355225,0.14452306926250458,-0.003992175217717886,0.568593442440033,-1.5822848081588745,42.604469299316406,0.004148712381720543
4021000000,3.5263609886169434,0.14452901482582092,-0.003992110025137663,0.5685756206512451,-1.5821937322616577,42.6045036315918,0.004148712381720543
4022000000,3.5263607501983643,0.14453493058681488,-0.003992041572928429,0.5685579776763916,-1.5821020603179932,42.60453796386719,0.004148712381720543
4023000000,3.526360511779785,0.14454078674316406,-0.0039919703267514706,0.5685404539108276,-1.5820096731185913,42.60456848144531,0.004148712381720543
4024000000,3.526360273361206,0.14454661309719086,-0.003991896752268076,0.5685229897499084,-1.5819168090820312,42.6046028137207,0.004148712381720543
4025000000,3.526360034942627,0.14455239474773407,-0.0039918203838169575,0.5685057044029236,-1.5818232297897339,42.604637145996094,0.004148712381720543
4026000000,3.526359796524048,0.1445581465959549,-0.003991741221398115,0.5684885382652283,-1.5817291736602783,42.60466766357422,0.004148712381720543
4027000000,3.5263595581054688,0.14456383883953094,-0.003991659730672836,0.5684714913368225,-1.581634521484375,42.60470199584961,0.004148712381720543
4028000000,3.5263593196868896,0.1445695012807846,-0.003991575911641121,0.5684545636177063,-1.581539273262024,42.604732513427734,0.004148712381720543
4029000000,3.5263590812683105,0.14457513391971588,-0.003991489298641682,0.5684377551078796,-1.5814435482025146,42.60476303100586,0.004148712381720543
4030000000,3.5263588428497314,0.14458072185516357,-0.003991400822997093,0.5684210658073425,-1.5813474655151367,42.604793548583984,0.004148712381720543
4031000000,3.5263586044311523,0.14458626508712769,-0.003991309553384781,0.5684044361114502,-1.581250786781311,42.604827880859375,0.004148712381720543
4032000000,3.5263583660125732,0.14459176361560822,-0.003991216421127319,0.5683879852294922,-1.5811537504196167,42.6048583984375,0.004148712381720543
4033000000,3.526358127593994,0.14459723234176636,-0.003991120960563421,0.5683716535568237,-1.5810562372207642,42.60488510131836,0.004148712381720543
4034000000,3.526357889175415,0.14460265636444092,-0.003991023637354374,0.5683554410934448,-1.580958366394043,42.604915618896484,0.004148712381720543
4035000000,3.526357650756836,0.1446080505847931,-0.003990924451500177,0.5683392882347107,-1.5808601379394531,42.60494613647461,0.004148712381720543
4036000000,3.526357412338257,0.14461340010166168,-0.003990822937339544,0.5683233141899109,-1.580761432647705,42.604976654052734,0.004148712381720543
4037000000,3.5263571739196777,0.14461871981620789,-0.003990719560533762,0.5683073997497559,-1.580662488937378,42.605003356933594,0.004148712381720543
4038000000,3.5263569355010986,0.1446239948272705,-0.00399061432108283,0.5682916045188904,-1.5805631875991821,42.60503387451172,0.004148712381720543
4039000000,3.5263566970825195,0.14462922513484955,-0.00399050721898675,0.5682759284973145,-1.5804636478424072,42.605064392089844,0.004148712381720543
4040000000,3.5263564586639404,0.1446344256401062,-0.003990398719906807,0.5682603716850281,-1.5803637504577637,42.6050910949707,0.004148712381720543
4041000000,3.5263562202453613,0.14463959634304047,-0.003990288358181715,0.5682449340820312,-1.580263614654541,42.60511779785156,0.004148712381720543
4042000000,3.5263559818267822,0.14464472234249115,-0.003990176133811474,0.568229615688324,-1.5801632404327393,42.60514831542969,0.004148712381720543
4043000000,3.526355743408203,0.14464981853961945,-0.003990062512457371,0.5682144165039062,-1.580062747001648,42.60517501831055,0.004148712381720543
4044000000,3.526355504989624,0.14465487003326416,-0.003989947494119406,0.5681992769241333,-1.579961895942688,42.605201721191406,0.004148712381720543
4045000000,3.526355266571045,0.1446598917245865,-0.0039898306131362915,0.5681842565536499,-1.5798609256744385,42.605228424072266,0.004148712381720543
4046000000,3.526355028152466,0.14466488361358643,-0.003989712335169315,0.568169355392456,-1.5797598361968994,42.605255126953125,0.004148712381720543
4047000000,3.5263547897338867,0.14466983079910278,-0.0039895931258797646,0.568154513835907,-1.5796585083007812,42.605281829833984,0.004148712381720543
4048000000,3.5263545513153076,0.14467474818229675,-0.0039894720539450645,0.5681398510932922,-1.5795570611953735,42.605308532714844,0.004148712381720543
4049000000,3.5263543128967285,0.14467962086200714,-0.00398935005068779,0.5681252479553223,-1.5794554948806763,42.60533142089844,0.004148712381720543
4050000000,3.5263540744781494,0.14468446373939514,-0.003989227116107941,0.5681107640266418,-1.579353928565979,42.6053581237793,0.004148712381720543
4051000000,3.5263538360595703,0.14468927681446075,-0.003989102318882942,0.568096399307251,-1.5792521238327026,42.605384826660156,0.004148712381720543
4052000000,3.526353597640991,0.14469406008720398,-0.003988977055996656,0.5680820941925049,-1.5791503190994263,42.60540771484375,0.004148712381720543
4053000000,3.526353359222412,0.14469879865646362,-0.003988850396126509,0.5680679082870483,-1.57904851436615,42.60543441772461,0.004148712381720543
4054000000,3.526353359222412,0.14470350742340088,-0.003988722339272499,0.5680538415908813,-1.578946590423584,42.6054573059082,0.004148712381720543
4055000000,3.526353120803833,0.14470818638801575,-0.003988593816757202,0.5680398344993591,-1.578844666481018,42.6054801940918,0.004148712381720543
4056000000,3.526352882385254,0.14471282064914703,-0.003988464362919331,0.5680259466171265,-1.5787428617477417,42.605506896972656,0.004148712381720543
4057000000,3.526352643966675,0.14471742510795593,-0.003988333512097597,0.5680121779441833,-1.5786409378051758,42.60552978515625,0.004148712381720543
4058000000,3.5263524055480957,0.14472201466560364,-0.003988202195614576,0.567998468875885,-1.5785391330718994,42.605552673339844,0.004148712381720543
4059000000,3.5263521671295166,0.14472654461860657,-0.003988070413470268,0.5679848790168762,-1.578437328338623,42.60557556152344,0.004148712381720543
4060000000,3.5263519287109375,0.1447310596704483,-0.003987937234342098,0.567971408367157,-1.5783355236053467,42.60559844970703,0.004148712381720543
4061000000,3.5263516902923584,0.14473554491996765,-0.003987803589552641,0.5679579973220825,-1.5782338380813599,42.605621337890625,0.004148712381720543
4063000000,3.5263514518737793,0.14473998546600342,-0.003987669479101896,0.5679447054862976,-1.5781322717666626,42.60564422607422,0.004148712381720543
4063000000,3.5263514518737793,0.1447443962097168,-0.003987534437328577,0.5679315328598022,-1.5780308246612549,42.60566711425781,0.004148712381720543
4064000000,3.5263512134552,0.14474879205226898,-0.0039873989298939705,0.5679184198379517,-1.5779293775558472,42.605690002441406,0.004148712381720543
4065000000,3.526350975036621,0.14475314319133759,-0.003987262956798077,0.5679053664207458,-1.5778281688690186,42.605709075927734,0.004148712381720543
4066000000,3.526350736618042,0.1447574645280838,-0.0039871265180408955,0.5678924918174744,-1.5777270793914795,42.60573196411133,0.004148712381720543
4067000000,3.526350498199463,0.14476174116134644,-0.00398698914796114,0.5678796172142029,-1.5776262283325195,42.60575485229492,0.004148712381720543
4068000000,3.526350259780884,0.14476600289344788,-0.003986851777881384,0.5678669214248657,-1.5775254964828491,42.60577392578125,0.004148712381720543
4069000000,3.526350259780884,0.14477023482322693,-0.003986713942140341,0.5678542256355286,-1.5774248838424683,42.605796813964844,0.004148712381720543
4070000000,3.5263500213623047,0.1447744369506836,-0.00398657564073801,0.5678417086601257,-1.5773245096206665,42.60581588745117,0.004148712381720543
4071000000,3.5263497829437256,0.14477860927581787,-0.00398643733933568,0.5678292512893677,-1.5772243738174438,42.6058349609375,0.004148712381720543
4072000000,3.5263495445251465,0.14478273689746857,-0.003986298572272062,0.5678168535232544,-1.5771244764328003,42.605857849121094,0.004148712381720543
4073000000,3.5263493061065674,0.14478684961795807,-0.003986159805208445,0.5678045749664307,-1.5770248174667358,42.60587692260742,0.004148712381720543
4074000000,3.5263493061065674,0.14479093253612518,-0.00398602057248354,0.5677923560142517,-1.5769253969192505,42.60589599609375,0.004148712381720543
4075000000,3.5263490676879883,0.14479497075080872,-0.003985881339758635,0.5677802562713623,-1.5768262147903442,42.60591506958008,0.004148712381720543
4076000000,3.526348829269409,0.14479899406433105,-0.003985741641372442,0.5677682161331177,-1.576727271080017,42.605934143066406,0.004148712381720543
4077000000,3.52634859085083,0.144802987575531,-0.003985602408647537,0.5677562952041626,-1.5766286849975586,42.605953216552734,0.004148712381720543
4078000000,3.526348352432251,0.14480695128440857,-0.003985462710261345,0.5677444338798523,-1.5765304565429688,42.60597229003906,0.004148712381720543
4079000000,3.526348352432251,0.14481088519096375,-0.003985323011875153,0.5677326917648315,-1.576432466506958,42.60599136352539,0.004148712381720543
4080000000,3.526348114013672,0.14481478929519653,-0.003985183779150248,0.5677210092544556,-1.576334834098816,42.60601043701172,0.004148712381720543
4081000000,3.5263478755950928,0.14481866359710693,-0.003985044080764055,0.5677093863487244,-1.576237440109253,42.60602951049805,0.004148712381720543
4082000000,3.5263476371765137,0.14482252299785614,-0.00398490484803915,0.5676978826522827,-1.5761405229568481,42.60604476928711,0.004148712381720543
4083000000,3.5263473987579346,0.14482633769512177,-0.003984765615314245,0.5676864385604858,-1.5760438442230225,42.60606384277344,0.004148712381720543
4084000000,3.5263473987579346,0.1448301374912262,-0.00398462638258934,0.5676751136779785,-1.575947642326355,42.606082916259766,0.004148712381720543
4085000000,3.5263471603393555,0.14483389258384705,-0.0039844876155257225,0.567663848400116,-1.5758517980575562,42.60609817504883,0.004148712381720543
4086000000,3.5263469219207764,0.1448376327753067,-0.003984348848462105,0.5676526427268982,-1.575756311416626,42.606117248535156,0.004148712381720543
4087000000,3.5263466835021973,0.14484134316444397,-0.003984210547059774,0.56764155626297,-1.575661301612854,42.60613250732422,0.004148712381720543
4088000000,3.5263466835021973,0.14484503865242004,-0.003984072711318731,0.5676305294036865,-1.5755666494369507,42.60614776611328,0.004148712381720543
4089000000,3.526346445083618,0.14484868943691254,-0.003983934875577688,0.5676196217536926,-1.575472354888916,42.60616683959961,0.004148712381720543
4090000000,3.526346206665039,0.14485232532024384,-0.0039837975054979324,0.5676087141036987,-1.575378656387329,42.60618209838867,0.004148712381720543
4091000000,3.526346206665039,0.14485593140125275,-0.003983660601079464,0.5675979852676392,-1.5752853155136108,42.606197357177734,0.004148712381720543
4092000000,3.52634596824646,0.14485950767993927,-0.0039835236966609955,0.5675872564315796,-1.5751923322677612,42.6062126159668,0.004148712381720543
4093000000,3.526345729827881,0.1448630541563034,-0.003983387723565102,0.5675766468048096,-1.5750999450683594,42.606231689453125,0.004148712381720543
4094000000,3.5263454914093018,0.14486658573150635,-0.003983251750469208,0.5675660967826843,-1.5750080347061157,42.60624694824219,0.004148712381720543
4095000000,3.5263454914093018,0.1448700875043869,-0.0039831167086958885,0.5675556063652039,-1.5749166011810303,42.60626220703125,0.004148712381720543
4096000000,3.5263452529907227,0.14487355947494507,-0.003982982132583857,0.5675452351570129,-1.5748255252838135,42.60627746582031,0.004148712381720543
4097000000,3.5263450145721436,0.14487701654434204,-0.003982848022133112,0.5675349235534668,-1.5747350454330444,42.606292724609375,0.004148712381720543
4098000000,3.5263450145721436,0.14488044381141663,-0.003982714377343655,0.5675246715545654,-1.5746451616287231,42.60630798339844,0.004148712381720543
4099000000,3.5263447761535645,0.14488384127616882,-0.003982581663876772,0.5675144791603088,-1.5745556354522705,42.606319427490234,0.004148712381720543
4100000000,3.5263445377349854,0.14488720893859863,-0.0039824494160711765,0.5675044059753418,-1.5744668245315552,42.6063346862793,0.004148712381720543
4101000000,3.5263442993164062,0.14489056169986725,-0.0039823176339268684,0.5674943923950195,-1.5743783712387085,42.60634994506836,0.004148712381720543
4102000000,3.5263442993164062,0.14489388465881348,-0.003982186783105135,0.567484438419342,-1.5742906332015991,42.60636520385742,0.004148712381720543
4103000000,3.526344060897827,0.1448971927165985,-0.003982056863605976,0.5674745440483093,-1.574203372001648,42.60637664794922,0.004148712381720543
4104000000,3.526343822479248,0.14490047097206116,-0.0039819274097681046,0.5674647688865662,-1.574116587638855,42.60639190673828,0.004148712381720543
4105000000,3.526343822479248,0.14490371942520142,-0.003981798887252808,0.567454993724823,-1.5740305185317993,42.60640335083008,0.004148712381720543
4106000000,3.526343584060669,0.14490695297718048,-0.003981670830398798,0.5674453377723694,-1.5739449262619019,42.60641860961914,0.004148712381720543
4107000000,3.52634334564209,0.14491015672683716,-0.00398154417052865,0.5674358010292053,-1.5738599300384521,42.60643005371094,0.004148712381720543
4108000000,3.52634334564209,0.14491333067417145,-0.00398141797631979,0.5674262642860413,-1.5737755298614502,42.6064453125,0.004148712381720543
4109000000,3.5263431072235107,0.14491648972034454,-0.003981292713433504,0.567416787147522,-1.5736918449401855,42.6064567565918,0.004148712381720543
4110000000,3.5263428688049316,0.14491961896419525,-0.003981168381869793,0.5674074292182922,-1.573608636856079,42.606468200683594,0.004148712381720543
4111000000,3.5263428688049316,0.14492273330688477,-0.003981044981628656,0.5673981308937073,-1.57352614402771,42.606483459472656,0.004148712381720543
4112000000,3.5263426303863525,0.1449258178472519,-0.0039809225127100945,0.5673888921737671,-1.5734442472457886,42.60649490356445,0.004148712381720543
4113000000,3.5263423919677734,0.14492888748645782,-0.003980800975114107,0.5673797130584717,-1.573362946510315,42.60650634765625,0.004148712381720543
4114000000,3.5263423919677734,0.14493192732334137,-0.003980680368840694,0.567370593547821,-1.5732823610305786,42.60651779174805,0.004148712381720543
4115000000,3.5263421535491943,0.14493495225906372,-0.003980560693889856,0.56736159324646,-1.57320237159729,42.606529235839844,0.004148712381720543
4116000000,3.5263421535491943,0.14493794739246368,-0.00398044241592288,0.5673526525497437,-1.5731230974197388,42.60654067993164,0.004148712381720543
4117000000,3.5263419151306152,0.14494092762470245,-0.003980325069278479,0.5673437118530273,-1.5730444192886353,42.60655212402344,0.004148712381720543
4118000000,3.526341676712036,0.14494387805461884,-0.003980208653956652,0.5673348903656006,-1.572966456413269,42.606563568115234,0.004148712381720543
4119000000,3.526341676712036,0.14494681358337402,-0.003980093169957399,0.5673261284828186,-1.5728890895843506,42.60657501220703,0.004148712381720543
4120000000,3.526341438293457,0.14494971930980682,-0.003979979082942009,0.5673174262046814,-1.5728124380111694,42.60658645629883,0.004148712381720543
4121000000,3.526341199874878,0.14495261013507843,-0.0039798663929104805,0.567308783531189,-1.5727365016937256,42.606597900390625,0.004148712381720543
4122000000,3.526341199874878,0.14495547115802765,-0.003979754634201527,0.5673002004623413,-1.572661280632019,42.60660934448242,0.004148712381720543
4123000000,3.526341438293457,0.14494723081588745,-0.003979588393121958,0.5673248171806335,-1.5726851224899292,42.62520980834961,0.004148712381720543
4124000000,3.526341676712036,0.14493905007839203,-0.00397943751886487,0.5673493146896362,-1.57271409034729,42.62514114379883,0.004148712381720543
4125000000,3.5263421535491943,0.1449309140443802,-0.003979300614446402,0.5673736333847046,-1.5727484226226807,42.62506866455078,0.004148712381720543
4126000000,3.5263423919677734,0.14492283761501312,-0.003979178611189127,0.5673977732658386,-1.572787880897522,42.624996185302734,0.004148712381720543
4127000000,3.5263426303863525,0.14491480588912964,-0.003979071043431759,0.5674217939376831,-1.572832465171814,42.62492370605469,0.004148712381720543
4128000000,3.5263428688049316,0.14490681886672974,-0.00397897744551301,0.5674456357955933,-1.572882056236267,42.62485122680664,0.004148712381720543
4129000000,3.5263431072235107,0.14489887654781342,-0.00397889781743288,0.5674693584442139,-1.572936773300171,42.62478256225586,0.004148712381720543
4130000000,3.526343584060669,0.14489099383354187,-0.00397883215919137,0.5674929618835449,-1.5729963779449463,42.62471389770508,0.004148712381720543
4131000000,3.526343822479248,0.1448831558227539,-0.003978780470788479,0.5675163865089417,-1.5730609893798828,42.62464141845703,0.004148712381720543
4132000000,3.526344060897827,0.14487536251544952,-0.00397874228656292,0.5675396919250488,-1.573130488395691,42.62457275390625,0.004148712381720543
4133000000,3.5263442993164062,0.14486762881278992,-0.003978717606514692,0.5675628185272217,-1.573204755783081,42.62450408935547,0.004148712381720543
4134000000,3.5263445377349854,0.1448599249124527,-0.003978706430643797,0.567585825920105,-1.5732839107513428,42.62443542480469,0.004148712381720543
4135000000,3.5263447761535645,0.14485228061676025,-0.003978708293288946,0.5676087141036987,-1.573367714881897,42.624366760253906,0.004148712381720543
4136000000,3.5263450145721436,0.1448446810245514,-0.003978723660111427,0.5676314234733582,-1.5734562873840332,42.62430191040039,0.004148712381720543
4137000000,3.5263454914093018,0.1448371261358261,-0.003978752065449953,0.567654013633728,-1.573549509048462,42.62423324584961,0.004148712381720543
4138000000,3.526345729827881,0.1448296159505844,-0.003978793043643236,0.5676764249801636,-1.5736472606658936,42.624168395996094,0.004148712381720543
4139000000,3.52634596824646,0.1448221504688263,-0.003978847060352564,0.5676987767219543,-1.5737496614456177,42.62409973144531,0.004148712381720543
4140000000,3.526346206665039,0.14481472969055176,-0.003978913649916649,0.5677209496498108,-1.5738565921783447,42.6240348815918,0.004148712381720543
4141000000,3.526346445083618,0.144807368516922,-0.003978992812335491,0.5677430033683777,-1.5739680528640747,42.62397003173828,0.004148712381720543
4142000000,3.5263466835021973,0.14480003714561462,-0.003979084547609091,0.5677648782730103,-1.5740838050842285,42.623905181884766,0.004148712381720543
4143000000,3.5263469219207764,0.14479275047779083,-0.00397918839007616,0.5677866339683533,-1.5742040872573853,42.62384033203125,0.004148712381720543
4144000000,3.5263471603393555,0.14478550851345062,-0.003979304805397987,0.5678083300590515,-1.5743286609649658,42.623775482177734,0.004148712381720543
4145000000,3.5263473987579346,0.144778311252594,-0.003979432862251997,0.5678297877311707,-1.5744575262069702,42.62371063232422,0.004148712381720543
4146000000,3.5263476371765137,0.14477115869522095,-0.003979573026299477,0.567851185798645,-1.5745906829833984,42.6236457824707,0.004148712381720543
4147000000,3.526348114013672,0.14476405084133148,-0.003979724831879139,0.5678724646568298,-1.5747281312942505,42.62358474731445,0.004148712381720543
4148000000,3.526348352432251,0.1447569876909256,-0.003979888744652271,0.5678935647010803,-1.5748697519302368,42.62351989746094,0.004148712381720543
4149000000,3.52634859085083,0.1447499692440033,-0.003980064298957586,0.5679145455360413,-1.5750154256820679,42.62345886230469,0.004148712381720543
4150000000,3.526348829269409,0.14474298059940338,-0.003980251029133797,0.5679354071617126,-1.5751652717590332,42.62339782714844,0.004148712381720543
4151000000,3.5263490676879883,0.14473605155944824,-0.00398044940084219,0.5679561495780945,-1.5753191709518433,42.62333297729492,0.004148712381720543
4152000000,3.5263493061065674,0.1447291523218155,-0.003980658948421478,0.5679767727851868,-1.575477123260498,42.62327194213867,0.004148712381720543
4153000000,3.5263495445251465,0.14472229778766632,-0.003980879671871662,0.5679972767829895,-1.5756391286849976,42.62321090698242,0.004148712381720543
4154000000,3.5263497829437256,0.14471548795700073,-0.003981111571192741,0.5680176615715027,-1.5758049488067627,42.62314987182617,0.004148712381720543
4155000000,3.5263500213623047,0.14470870792865753,-0.003981354646384716,0.5680378675460815,-1.5759748220443726,42.62308883666992,0.004148712381720543
4156000000,3.526350259780884,0.1447019726037979,-0.0039816079661250114,0.5680580139160156,-1.576148509979248,42.62303161621094,0.004148712381720543
4157000000,3.526350498199463,0.14469528198242188,-0.0039818729273974895,0.5680780410766602,-1.5763260126113892,42.62297058105469,0.004148712381720543
4158000000,3.526350736618042,0.14468863606452942,-0.003982147667557001,0.5680978894233704,-1.576507329940796,42.62290954589844,0.004148712381720543
4159000000,3.526350975036621,0.14468201994895935,-0.003982433583587408,0.5681176781654358,-1.5766923427581787,42.62285232543945,0.004148712381720543
4160000000,3.5263512134552,0.14467544853687286,-0.003982729744166136,0.5681373476982117,-1.5768811702728271,42.62279510498047,0.004148712381720543
4161000000,3.5263514518737793,0.14466892182826996,-0.003983036149293184,0.5681568384170532,-1.5770736932754517,42.62273406982422,0.004148712381720543
4162000000,3.5263516902923584,0.14466242492198944,-0.003983353264629841,0.56817626953125,-1.5772697925567627,42.622676849365234,0.004148712381720543
4163000000,3.5263519287109375,0.1446559727191925,-0.003983680158853531,0.5681955814361572,-1.5774695873260498,42.62261962890625,0.004148712381720543
4164000000,3.5263521671295166,0.14464955031871796,-0.003984017297625542,0.5682147741317749,-1.5776729583740234,42.622562408447266,0.004148712381720543
4165000000,3.5263524055480957,0.144643172621727,-0.003984364215284586,0.568233847618103,-1.5778799057006836,42.62250518798828,0.004148712381720543
4166000000,3.526352643966675,0.1446368247270584,-0.003984721377491951,0.5682528018951416,-1.5780903100967407,42.6224479675293,0.004148712381720543
4167000000,3.526352882385254,0.1446305215358734,-0.003985087852925062,0.5682716369628906,-1.5783041715621948,42.62239074707031,0.004148712381720543
4168000000,3.526352882385254,0.144624263048172,-0.003985464107245207,0.5682903528213501,-1.578521490097046,42.622337341308594,0.004148712381720543
4169000000,3.526353120803833,0.14461803436279297,-0.003985850140452385,0.56830894947052,-1.578742265701294,42.62228012084961,0.004148712381720543
4170000000,3.526353359222412,0.14461183547973633,-0.0039862459525465965,0.5683274865150452,-1.578966498374939,42.62222671508789,0.004148712381720543
4171000000,3.526353597640991,0.14460568130016327,-0.003986650612205267,0.5683459043502808,-1.5791939496994019,42.622169494628906,0.004148712381720543
4172000000,3.5263538360595703,0.1445995569229126,-0.003987065050750971,0.5683642029762268,-1.5794247388839722,42.62211608886719,0.004148712381720543
4173000000,3.5263540744781494,0.1445934772491455,-0.003987488336861134,0.5683823823928833,-1.57965886592865,42.62206268310547,0.004148712381720543
4174000000,3.5263543128967285,0.1445874273777008,-0.0039879209361970425,0.5684004426002502,-1.5798962116241455,42.622005462646484,0.004148712381720543
4175000000,3.5263545513153076,0.14458142220973969,-0.0039883628487586975,0.5684183835983276,-1.5801366567611694,42.621952056884766,0.004148712381720543
4176000000,3.5263547897338867,0.14457544684410095,-0.003988813143223524,0.5684362649917603,-1.5803804397583008,42.62189865112305,0.004148712381720543
4177000000,3.526355028152466,0.1445695012807846,-0.003989272750914097,0.5684540271759033,-1.5806273221969604,42.62184524536133,0.004148712381720543
4178000000,3.526355266571045,0.14456360042095184,-0.003989741206169128,0.5684716701507568,-1.5808773040771484,42.62179183959961,0.004148712381720543
4179000000,3.526355266571045,0.14455772936344147,-0.0039902180433273315,0.5684892535209656,-1.5811303853988647,42.621742248535156,0.004148712381720543
4180000000,3.526355504989624,0.14455188810825348,-0.0039907037280499935,0.5685067176818848,-1.5813865661621094,42.62168884277344,0.004148712381720543
4181000000,3.526355743408203,0.14454609155654907,-0.003991197794675827,0.5685240626335144,-1.5816457271575928,42.62163543701172,0.004148712381720543
4182000000,3.5263559818267822,0.14454030990600586,-0.003991700708866119,0.5685412883758545,-1.5819079875946045,42.621585845947266,0.004148712381720543
4183000000,3.5263562202453613,0.14453458786010742,-0.003992211539298296,0.5685584545135498,-1.5821731090545654,42.62153244018555,0.004148712381720543
4184000000,3.5263564586639404,0.14452888071537018,-0.003992730751633644,0.5685755014419556,-1.5824412107467651,42.621482849121094,0.004148712381720543
4185000000,3.5263566970825195,0.14452320337295532,-0.003993258345872164,0.5685924291610718,-1.5827122926712036,42.62143325805664,0.004148712381720543
4186000000,3.5263566970825195,0.14451757073402405,-0.003993793856352568,0.5686092972755432,-1.5829861164093018,42.62137985229492,0.004148712381720543
4187000000,3.5263569355010986,0.14451196789741516,-0.003994337748736143,0.5686260461807251,-1.5832629203796387,42.62133026123047,0.004148712381720543
4188000000,3.5263571739196777,0.14450639486312866,-0.003994889557361603,0.5686426758766174,-1.5835424661636353,42.621280670166016,0.004148712381720543
4189000000,3.526357412338257,0.14450086653232574,-0.003995448816567659,0.568659245967865,-1.583824872970581,42.62123107910156,0.004148712381720543
4190000000,3.5263571739196777,0.14450642466545105,-0.003996067680418491,0.5686426162719727,-1.5840089321136475,42.60264587402344,0.004148712381720543
4191000000,3.526357412338257,0.14450088143348694,-0.0039966292679309845,0.5686591863632202,-1.5842922925949097,42.6212158203125,0.004148712381720543
4192000000,3.5263571739196777,0.14450643956661224,-0.003997249994426966,0.5686425566673279,-1.5844773054122925,42.60262680053711,0.004148712381720543
4193000000,3.5263571739196777,0.14450088143348694,-0.003997814375907183,0.5686591267585754,-1.5847617387771606,42.62119674682617,0.004148712381720543
4194000000,3.5263569355010986,0.14450643956661224,-0.003998436965048313,0.5686425566673279,-1.5849475860595703,42.60261154174805,0.004148712381720543
4195000000,3.5263571739196777,0.14450086653232574,-0.003999003209173679,0.5686591863632202,-1.5852328538894653,42.62118148803711,0.004148712381720543
4196000000,3.5263569355010986,0.14450640976428986,-0.003999628126621246,0.5686426162719727,-1.5854196548461914,42.602596282958984,0.004148712381720543
4197000000,3.5263571739196777,0.14450085163116455,-0.004000196699053049,0.568659245967865,-1.5857059955596924,42.62116622924805,0.004148712381720543
4198000000,3.5263569355010986,0.14450637996196747,-0.004000823479145765,0.5686427354812622,-1.5858936309814453,42.60258102416992,0.004148712381720543
4199000000,3.5263571739196777,0.14450080692768097,-0.004001394379884005,0.5686593651771545,-1.5861810445785522,42.621150970458984,0.004148712381720543
4200000000,3.5263569355010986,0.1445063352584839,-0.00400202302262187,0.5686428546905518,-1.586369514465332,42.602561950683594,0.004148712381720543
4201000000,3.5263571739196777,0.1445007473230362,-0.004002596251666546,0.5686595439910889,-1.5866578817367554,42.621131896972656,0.004148712381720543
4202000000,3.5263569355010986,0.14450626075267792,-0.004003227222710848,0.5686430335044861,-1.5868473052978516,42.60254669189453,0.004148712381720543
4203000000,3.527022123336792,0.14448584616184235,-0.004002537112683058,0.5687853693962097,-1.586798071861267,42.375694274902344,0.004131317138671875
4204000000,3.5268900394439697,0.1444767415523529,-0.004025629255920649,0.5687963962554932,-1.5960485935211182,42.86918258666992,0.0041704559698700905
4205000000,3.5267627239227295,0.14446894824504852,-0.004037687089294195,0.5688040256500244,-1.6009130477905273,42.9511833190918,0.0041748047806322575
4206000000,3.52663516998291,0.14446128904819489,-0.004049273673444986,0.5688113570213318,-1.605589747428894,42.95254135131836,0.0041748047806322575
4207000000,3.52650785446167,0.14445364475250244,-0.004060723353177309,0.5688185691833496,-1.6102123260498047,42.952606201171875,0.0041748047806322575
4208000000,3.526381731033325,0.14443491399288177,-0.004072030074894428,0.5688590407371521,-1.6149028539657593,42.96810531616211,0.0041748047806322575
4209000000,3.5262556076049805,0.14441628754138947,-0.004083217121660709,0.5688992142677307,-1.619545817375183,42.96808624267578,0.0041748047806322575
4210000000,3.5261294841766357,0.1443977802991867,-0.004094285890460014,0.5689390897750854,-1.624141812324524,42.96806335449219,0.0041748047806322575
4211000000,3.526003122329712,0.1443793624639511,-0.004105237312614918,0.5689786076545715,-1.62869131565094,42.968040466308594,0.0041748047806322575
4212000000,3.525876998901367,0.14436104893684387,-0.004116072319447994,0.5690178871154785,-1.6331948041915894,42.968017578125,0.0041748047806322575
4213000000,3.5257503986358643,0.144342839717865,-0.00412679323926568,0.5690567493438721,-1.6376527547836304,42.96799850463867,0.0041748047806322575
4214000000,3.5256240367889404,0.14432473480701447,-0.004137400537729263,0.5690953731536865,-1.6420656442642212,42.96797561645508,0.0041748047806322575
4215000000,3.526352882385254,0.14431557059288025,-0.004184712655842304,0.5692117810249329,-1.660938024520874,40.38279724121094,0.003966064658015966
4216000000,3.526350736618042,0.14435039460659027,-0.004189687315374613,0.5691075921058655,-1.6625103950500488,42.69170379638672,0.0041574095375835896
4217000000,3.526350259780884,0.14433349668979645,-0.004202215000987053,0.5691579580307007,-1.6676738262176514,42.62213897705078,0.004148712381720543
4218000000,3.5263495445251465,0.1443275362253189,-0.004214708227664232,0.569175660610199,-1.6726980209350586,42.60667037963867,0.004148712381720543
4219000000,3.5263490676879883,0.14431066811084747,-0.004227025434374809,0.5692259669303894,-1.6777794361114502,42.624847412109375,0.004148712381720543
4220000000,3.526348114013672,0.14430491626262665,-0.0042392113246023655,0.5692430138587952,-1.6826804876327515,42.606266021728516,0.004148712381720543
4221000000,3.5263476371765137,0.14428825676441193,-0.004251228179782629,0.5692926645278931,-1.6876424551010132,42.62445068359375,0.004148712381720543
4222000000,3.5263466835021973,0.14428271353244781,-0.0042631132528185844,0.5693090558052063,-1.6924227476119995,42.60586929321289,0.004148712381720543
4223000000,3.526346206665039,0.1442662626504898,-0.004274836275726557,0.5693581104278564,-1.6972674131393433,42.62405776977539,0.004148712381720543
4224000000,3.526345729827881,0.14424994587898254,-0.004286420997232199,0.5694068074226379,-1.702056646347046,42.62382507324219,0.004148712381720543
4225000000,3.5263452529907227,0.14423376321792603,-0.004297868348658085,0.5694550275802612,-1.7067909240722656,42.623592376708984,0.004148712381720543
4226000000,3.5263447761535645,0.14421772956848145,-0.004309180658310652,0.5695028901100159,-1.7114708423614502,42.62335968017578,0.004148712381720543
4227000000,3.5263442993164062,0.14420181512832642,-0.004320358391851187,0.5695503354072571,-1.7160968780517578,42.623130798339844,0.004148712381720543
4228000000,3.526343822479248,0.14418603479862213,-0.004331403411924839,0.5695973634719849,-1.7206695079803467,42.622901916503906,0.004148712381720543
4229000000,3.52634334564209,0.1441703885793686,-0.004342316649854183,0.569644033908844,-1.725189447402954,42.622676849365234,0.004148712381720543
4230000000,3.5263426303863525,0.14416590332984924,-0.00435309624299407,0.5696572661399841,-1.7295233011245728,42.60398864746094,0.004148712381720543
4231000000,3.5263421535491943,0.14415045082569122,-0.0043637375347316265,0.5697033405303955,-1.7339344024658203,42.622310638427734,0.004148712381720543
4232000000,3.526341199874878,0.1441461592912674,-0.004374244250357151,0.5697160363197327,-1.7381584644317627,42.60362243652344,0.004148712381720543
4233000000,3.5263407230377197,0.1441308856010437,-0.0043846191838383675,0.5697615742683411,-1.7424628734588623,42.6219482421875,0.004148712381720543
4234000000,3.5263402462005615,0.14411574602127075,-0.004394869320094585,0.5698067545890808,-1.7467172145843506,42.62173080444336,0.004148712381720543
4235000000,3.5263397693634033,0.14410072565078735,-0.0044049955904483795,0.5698515176773071,-1.7509217262268066,42.62151336669922,0.004148712381720543
4236000000,3.526339530944824,0.1440858244895935,-0.004414999391883612,0.5698959231376648,-1.7550768852233887,42.62129592895508,0.004148712381720543
4237000000,3.526339054107666,0.1440710574388504,-0.004424882121384144,0.5699399709701538,-1.7591832876205444,42.6210823059082,0.004148712381720543
4238000000,3.526338577270508,0.14405642449855804,-0.004434645175933838,0.5699836015701294,-1.7632414102554321,42.62086868286133,0.004148712381720543
4239000000,3.5263381004333496,0.14404189586639404,-0.0044442894868552685,0.5700269341468811,-1.7672516107559204,42.62065505981445,0.004148712381720543
4240000000,3.5263376235961914,0.1440275013446808,-0.0044538164511322975,0.5700698494911194,-1.771214485168457,42.620445251464844,0.004148712381720543
4241000000,3.526336908340454,0.1440243124961853,-0.004463206510990858,0.5700792670249939,-1.7749855518341064,42.601654052734375,0.004148712381720543
4242000000,3.526336431503296,0.14401008188724518,-0.0044724890030920506,0.570121705532074,-1.7788504362106323,42.620113372802734,0.004148712381720543
4243000000,3.5263354778289795,0.14400705695152283,-0.004481634125113487,0.5701305866241455,-1.7825226783752441,42.601322174072266,0.004148712381720543
4244000000,3.5263352394104004,0.14399299025535583,-0.0044906772673130035,0.5701724886894226,-1.7862917184829712,42.619781494140625,0.004148712381720543
4245000000,3.526334285736084,0.1439901441335678,-0.004499582573771477,0.5701809525489807,-1.7898670434951782,42.600990295410156,0.004148712381720543
4246000000,3.5263333320617676,0.14398743212223053,-0.004508366342633963,0.5701888799667358,-1.793392539024353,42.60066604614258,0.004148712381720543
4247000000,3.5263326168060303,0.14398476481437683,-0.004517026245594025,0.5701967477798462,-1.7968684434890747,42.600547790527344,0.004148712381720543
4248000000,3.526331663131714,0.1439821571111679,-0.004525564610958099,0.570204496383667,-1.8002954721450806,42.60042953491211,0.004148712381720543
4249000000,3.5263314247131348,0.1439683735370636,-0.004534012172371149,0.5702455639839172,-1.8038262128829956,42.61910629272461,0.004148712381720543
4250000000,3.5263309478759766,0.14395472407341003,-0.004542354494333267,0.5702862739562988,-1.8073142766952515,42.6189079284668,0.004148712381720543
4251000000,3.5263304710388184,0.14394117891788483,-0.004550592508167028,0.5703266263008118,-1.8107601404190063,42.618709564208984,0.004148712381720543
4252000000,3.5263302326202393,0.14392775297164917,-0.004558727610856295,0.5703666806221008,-1.814164161682129,42.61851501464844,0.004148712381720543
4253000000,3.526329278945923,0.14392557740211487,-0.004566722549498081,0.5703730583190918,-1.817370891571045,42.5996208190918,0.004148712381720543
4254000000,3.5263288021087646,0.14391231536865234,-0.004574641585350037,0.5704126358032227,-1.8206881284713745,42.61820602416992,0.004148712381720543
4255000000,3.5263280868530273,0.14391028881072998,-0.004582419525831938,0.5704185366630554,-1.8238071203231812,42.59931182861328,0.004148712381720543
4256000000,3.526327610015869,0.1438971608877182,-0.004590127617120743,0.5704576969146729,-1.827039361000061,42.61790466308594,0.004148712381720543
4257000000,3.526326894760132,0.14389529824256897,-0.004597693216055632,0.5704631805419922,-1.8300725221633911,42.5990104675293,0.004148712381720543
4258000000,3.5263259410858154,0.14389356970787048,-0.00460515171289444,0.5704682469367981,-1.8330613374710083,42.59870147705078,0.004148712381720543
4259000000,3.526325225830078,0.14389187097549438,-0.004612499848008156,0.5704731941223145,-1.8360059261322021,42.598594665527344,0.004148712381720543
4260000000,3.526324510574341,0.14389020204544067,-0.0046197399497032166,0.5704780220985413,-1.83890700340271,42.59849166870117,0.004148712381720543
4261000000,3.5263235569000244,0.14388857781887054,-0.004626872017979622,0.5704827904701233,-1.8417648077011108,42.598384857177734,0.004148712381720543
4262000000,3.5263233184814453,0.14387573301792145,-0.004633946809917688,0.5705210566520691,-1.8447436094284058,42.61719512939453,0.004148712381720543
4263000000,3.526322841644287,0.1438630074262619,-0.00464093079790473,0.570559024810791,-1.8476852178573608,42.617008209228516,0.004148712381720543
4264000000,3.526322603225708,0.1438503861427307,-0.004647824447602034,0.5705966949462891,-1.8505901098251343,42.616825103759766,0.004148712381720543
4265000000,3.52632212638855,0.14383786916732788,-0.004654628690332174,0.5706340074539185,-1.8534586429595947,42.616641998291016,0.004148712381720543
4266000000,3.5263218879699707,0.1438254565000534,-0.0046613444574177265,0.570671021938324,-1.8562911748886108,42.616458892822266,0.004148712381720543
4267000000,3.5263209342956543,0.14382433891296387,-0.004667915403842926,0.5706742405891418,-1.8589203357696533,42.59746170043945,0.004148712381720543
4268000000,3.526320695877075,0.14381206035614014,-0.004674444906413555,0.5707108378410339,-1.861677646636963,42.616180419921875,0.004148712381720543
4269000000,3.526319980621338,0.14381109178066254,-0.004680828657001257,0.5707136392593384,-1.8642308712005615,42.59718322753906,0.004148712381720543
4270000000,3.5263195037841797,0.14379894733428955,-0.004687175620347261,0.5707498788833618,-1.8669145107269287,42.615909576416016,0.004148712381720543
4271000000,3.5263187885284424,0.1437980979681015,-0.004693375434726477,0.5707523226737976,-1.869393229484558,42.5969123840332,0.004148712381720543
4272000000,3.526317834854126,0.1437973827123642,-0.00469948211684823,0.57075434923172,-1.871833086013794,42.596614837646484,0.004148712381720543
4273000000,3.5263171195983887,0.14379669725894928,-0.004705493338406086,0.5707563161849976,-1.8742345571517944,42.59652328491211,0.004148712381720543
4274000000,3.5263164043426514,0.14379602670669556,-0.004711409565061331,0.5707581639289856,-1.8765980005264282,42.596431732177734,0.004148712381720543
4275000000,3.526315689086914,0.14379540085792542,-0.004717232193797827,0.5707600116729736,-1.878923773765564,42.596343994140625,0.004148712381720543
4276000000,3.526315212249756,0.14378349483013153,-0.004723029211163521,0.570795476436615,-1.8813869953155518,42.61528396606445,0.004148712381720543
4277000000,3.5263149738311768,0.1437716782093048,-0.004728748928755522,0.5708307027816772,-1.88381826877594,42.6151123046875,0.004148712381720543
4278000000,3.5263147354125977,0.14375996589660645,-0.00473439134657383,0.5708656311035156,-1.8862179517745972,42.61494064331055,0.004148712381720543
4279000000,3.5263142585754395,0.14374835789203644,-0.004739957861602306,0.5709002614021301,-1.8885865211486816,42.614768981933594,0.004148712381720543
4280000000,3.5263140201568604,0.1437368392944336,-0.004745448473840952,0.5709345936775208,-1.890924096107483,42.614601135253906,0.004148712381720543
4281000000,3.526313304901123,0.14373667538166046,-0.004750789608806372,0.5709349513053894,-1.8930529356002808,42.59550094604492,0.004148712381720543
4282000000,3.526312828063965,0.14372527599334717,-0.004756120033562183,0.5709689855575562,-1.8953255414962769,42.614349365234375,0.004148712381720543
4283000000,3.5263121128082275,0.1437252312898636,-0.00476129911839962,0.5709689855575562,-1.8973885774612427,42.59524917602539,0.004148712381720543
4284000000,3.5263118743896484,0.14371395111083984,-0.004766472149640322,0.5710026621818542,-1.8995975255966187,42.61410140991211,0.004148712381720543
4285000000,3.526311159133911,0.1437140256166458,-0.004771493375301361,0.5710023641586304,-1.901596188545227,42.595001220703125,0.004148712381720543
4286000000,3.526310443878174,0.14371421933174133,-0.004776433110237122,0.5710017085075378,-1.903560996055603,42.59471893310547,0.004148712381720543
4287000000,3.5263094902038574,0.14371442794799805,-0.004781289957463741,0.5710009932518005,-1.9054923057556152,42.59463882446289,0.004148712381720543
4288000000,3.52630877494812,0.14371465146541595,-0.0047860643826425076,0.5710002183914185,-1.9073905944824219,42.59456253051758,0.004148712381720543
4289000000,3.526308059692383,0.14371490478515625,-0.004790756851434708,0.5709993839263916,-1.909256100654602,42.594486236572266,0.004148712381720543
4290000000,3.5263073444366455,0.14371515810489655,-0.0047953687608242035,0.57099848985672,-1.9110891819000244,42.59440612792969,0.004148712381720543
4291000000,3.526306629180908,0.14371544122695923,-0.00479990104213357,0.5709975361824036,-1.9128903150558472,42.59433364868164,0.004148712381720543
4292000000,3.526306390762329,0.1437043994665146,-0.00480444123968482,0.5710304975509644,-1.91484534740448,42.613399505615234,0.004148712381720543
4293000000,3.526305913925171,0.14369343221187592,-0.004808785859495401,0.5710631608963013,-1.9167218208312988,42.61467361450195,0.004148712381720543
4294000000,3.526305675506592,0.1436825543642044,-0.004813068080693483,0.5710956454277039,-1.9185725450515747,42.61451721191406,0.004148712381720543
4295000000,3.5263054370880127,0.14367178082466125,-0.004817289300262928,0.5711277723312378,-1.9203978776931763,42.61436080932617,0.004148712381720543
4296000000,3.5263051986694336,0.14366108179092407,-0.004821449052542448,0.5711596608161926,-1.922197937965393,42.61420440673828,0.004148712381720543
4297000000,3.5263049602508545,0.14365047216415405,-0.004825548734515905,0.5711913108825684,-1.9239732027053833,42.614051818847656,0.004148712381720543
4298000000,3.5263047218322754,0.1436399519443512,-0.004829589277505875,0.5712226629257202,-1.925723671913147,42.61389923095703,0.004148712381720543
4299000000,3.5263044834136963,0.1436295360326767,-0.0048335702158510685,0.571253776550293,-1.9274498224258423,42.613746643066406,0.004148712381720543
4300000000,3.526303768157959,0.1436304897069931,-0.004837396088987589,0.5712507963180542,-1.9289612770080566,42.594539642333984,0.004148712381720543
4301000000,3.526303291320801,0.14362017810344696,-0.004841379821300507,0.5712815523147583,-1.9306871891021729,42.61209487915039,0.004148712381720543
4302000000,3.5263025760650635,0.14362123608589172,-0.0048450748436152935,0.5712782740592957,-1.932145357131958,42.594322204589844,0.004148712381720543
4303000000,3.5263023376464844,0.14361101388931274,-0.004848931450396776,0.5713087916374207,-1.9338196516036987,42.611881256103516,0.004148712381720543
4304000000,3.526301622390747,0.14361217617988586,-0.004852498881518841,0.5713052153587341,-1.9352257251739502,42.59410858154297,0.004148712381720543
4305000000,3.5263009071350098,0.14361345767974854,-0.004856131039559841,0.571301281452179,-1.936655879020691,42.5924072265625,0.004148712381720543
4306000000,3.5263001918792725,0.1436147540807724,-0.004859693814069033,0.5712973475456238,-1.9380582571029663,42.592342376708984,0.004148712381720543
4307000000,3.526299476623535,0.14361605048179626,-0.004863058682531118,0.5712934136390686,-1.9393815994262695,42.59371566772461,0.004148712381720543
4308000000,3.526298761367798,0.14361734688282013,-0.004866357427090406,0.5712894201278687,-1.9406784772872925,42.59365463256836,0.004148712381720543
4309000000,3.5262980461120605,0.1436186581850052,-0.004869590513408184,0.5712854266166687,-1.9419491291046143,42.59359359741211,0.004148712381720543
4310000000,3.5262973308563232,0.14361998438835144,-0.004872758872807026,0.5712814331054688,-1.9431939125061035,42.59353256225586,0.004148712381720543
4311000000,3.526296854019165,0.1436213105916977,-0.004875863902270794,0.571277379989624,-1.944413185119629,42.593475341796875,0.004148712381720543
4312000000,3.526296377182007,0.14361125230789185,-0.0048790136352181435,0.571307361125946,-1.945804476737976,42.61267852783203,0.004148712381720543
4313000000,3.5262961387634277,0.14360126852989197,-0.004882114008069038,0.5713371634483337,-1.94717538356781,42.61253356933594,0.004148712381720543
4314000000,3.5262959003448486,0.14359135925769806,-0.004885165952146053,0.5713666677474976,-1.9485259056091309,42.61239242553711,0.004148712381720543
4315000000,3.5262959003448486,0.1435815542936325,-0.0048881699331104755,0.5713959336280823,-1.9498562812805176,42.61225128173828,0.004148712381720543
4316000000,3.5262956619262695,0.14357180893421173,-0.004891126416623592,0.5714249610900879,-1.9511667490005493,42.61211013793945,0.004148712381720543
4317000000,3.5262954235076904,0.14356215298175812,-0.004894035402685404,0.5714537501335144,-1.9524575471878052,42.611968994140625,0.004148712381720543
4318000000,3.5262951850891113,0.14355258643627167,-0.0048968978226184845,0.5714823007583618,-1.9537289142608643,42.6118278503418,0.004148712381720543
4319000000,3.5262949466705322,0.1435430943965912,-0.004899714607745409,0.5715106129646301,-1.9549809694290161,42.611690521240234,0.004148712381720543
4320000000,3.526294231414795,0.1435450315475464,-0.004902368411421776,0.5715047121047974,-1.956012487411499,42.592384338378906,0.004148712381720543
4321000000,3.526293992996216,0.14353561401367188,-0.004905082285404205,0.5715327858924866,-1.957222819328308,42.61150360107422,0.004148712381720543
4322000000,3.5262932777404785,0.14353764057159424,-0.00490763271227479,0.5715266466140747,-1.9582120180130005,42.592193603515625,0.004148712381720543
4323000000,3.5262930393218994,0.1435283124446869,-0.004910246469080448,0.5715544819831848,-1.959381341934204,42.6113166809082,0.004148712381720543
4324000000,3.526292324066162,0.14353042840957642,-0.0049126953817903996,0.5715481042861938,-1.9603291749954224,42.59200668334961,0.004148712381720543
4325000000,3.526291608810425,0.1435326337814331,-0.004915091209113598,0.571541428565979,-1.9612542390823364,42.59175109863281,0.004148712381720543
4326000000,3.5262908935546875,0.1435348391532898,-0.004917431622743607,0.5715347528457642,-1.9621572494506836,42.591705322265625,0.004148712381720543
4327000000,3.52629017829895,0.14353705942630768,-0.004919717554003,0.5715280771255493,-1.9630383253097534,42.59165573120117,0.004148712381720543
4328000000,3.526289701461792,0.14353926479816437,-0.004921949468553066,0.5715214014053345,-1.963897943496704,42.591609954833984,0.004148712381720543
4329000000,3.5262889862060547,0.14354148507118225,-0.004924127832055092,0.5715146660804749,-1.9647361040115356,42.59156036376953,0.004148712381720543
4330000000,3.5262882709503174,0.14354370534420013,-0.004926253575831652,0.57150799036026,-1.9655532836914062,42.591514587402344,0.004148712381720543
4331000000,3.52628755569458,0.14354592561721802,-0.004928326699882746,0.5715012550354004,-1.966349482536316,42.591468811035156,0.004148712381720543
4332000000,3.526287078857422,0.1435481458902359,-0.004930348601192236,0.5714945793151855,-1.9671251773834229,42.59142303466797,0.004148712381720543
4333000000,3.5262868404388428,0.14353890717029572,-0.004932447802275419,0.5715221166610718,-1.9680885076522827,42.610755920410156,0.004148712381720543
4334000000,3.5262866020202637,0.1435297578573227,-0.004934509284794331,0.5715494155883789,-1.9690359830856323,42.610626220703125,0.004148712381720543
4335000000,3.5262863636016846,0.14352066814899445,-0.004936533980071545,0.5715764760971069,-1.9699678421020508,42.610496520996094,0.004148712381720543
4336000000,3.5262861251831055,0.14351166784763336,-0.004938522353768349,0.5716033577919006,-1.9708842039108276,42.61036682128906,0.004148712381720543
4337000000,3.5262858867645264,0.14350274205207825,-0.004940474405884743,0.5716300010681152,-1.9717851877212524,42.61023712158203,0.004148712381720543
4338000000,3.5262856483459473,0.1434938758611679,-0.004942390602082014,0.5716564059257507,-1.9726711511611938,42.610111236572266,0.004148712381720543
4339000000,3.5262856483459473,0.14348508417606354,-0.00494427140802145,0.5716826319694519,-1.9735419750213623,42.6099853515625,0.004148712381720543
4340000000,3.526285409927368,0.14347638189792633,-0.004946117755025625,0.571708619594574,-1.974398136138916,42.609859466552734,0.004148712381720543
4341000000,3.526285171508789,0.1434677392244339,-0.004947929177433252,0.5717343688011169,-1.975239634513855,42.60973358154297,0.004148712381720543
4342000000,3.52628493309021,0.14345915615558624,-0.004949706606566906,0.5717599391937256,-1.9760665893554688,42.6096076965332,0.004148712381720543
4343000000,3.5262842178344727,0.14346206188201904,-0.004951185546815395,0.5717512369155884,-1.9766165018081665,42.59163284301758,0.004148712381720543
4344000000,3.5262842178344727,0.14345355331897736,-0.004952885676175356,0.5717765688896179,-1.9774117469787598,42.60944747924805,0.004148712381720543
4345000000,3.5262835025787354,0.14345651865005493,-0.00495428591966629,0.5717676281929016,-1.9779295921325684,42.59147262573242,0.004148712381720543
4346000000,3.5262832641601562,0.1434480845928192,-0.00495591014623642,0.5717927813529968,-1.9786938428878784,42.609291076660156,0.004148712381720543
4347000000,3.526282548904419,0.14345112442970276,-0.004957234486937523,0.5717836618423462,-1.9791803359985352,42.59131622314453,0.004148712381720543
4348000000,3.526282548904419,0.14344274997711182,-0.004958785139024258,0.5718086361885071,-1.9799144268035889,42.609134674072266,0.004148712381720543
4349000000,3.5262818336486816,0.14344584941864014,-0.004960034508258104,0.5717993378639221,-1.980370283126831,42.59115982055664,0.004148712381720543
4350000000,3.5262815952301025,0.14343753457069397,-0.004961513448506594,0.5718241333961487,-1.9810748100280762,42.608978271484375,0.004148712381720543
4351000000,3.5262808799743652,0.14344069361686707,-0.00496269017457962,0.5718145966529846,-1.9815006256103516,42.591007232666016,0.004148712381720543
4352000000,3.526280403137207,0.14344395697116852,-0.004963954910635948,0.5718047618865967,-1.9819601774215698,42.58932876586914,0.004148712381720543
4353000000,3.5262796878814697,0.14344720542430878,-0.004965177271515131,0.5717949867248535,-1.982403039932251,42.58929443359375,0.004148712381720543
4354000000,3.5262789726257324,0.14345045387744904,-0.004966358188539743,0.5717852115631104,-1.9828293323516846,42.589263916015625,0.004148712381720543
4355000000,3.526278495788574,0.1434537023305893,-0.004967498127371073,0.571775496006012,-1.9832392930984497,42.589229583740234,0.004148712381720543
4356000000,3.526277780532837,0.14345693588256836,-0.004968597088009119,0.5717657208442688,-1.983633041381836,42.58919906616211,0.004148712381720543
4357000000,3.5262770652770996,0.14346015453338623,-0.004969656467437744,0.5717560648918152,-1.984010934829712,42.589168548583984,0.004148712381720543
4358000000,3.5262770652770996,0.14345186948776245,-0.004970824345946312,0.5717807412147522,-1.9845913648605347,42.608638763427734,0.004148712381720543
4359000000,3.5262768268585205,0.14344362914562225,-0.004971839487552643,0.5718052983283997,-1.9851102828979492,42.60995864868164,0.004148712381720543
4360000000,3.5262765884399414,0.14343546330928802,-0.004972829949110746,0.5718296766281128,-1.9856183528900146,42.60984420776367,0.004148712381720543
4361000000,3.5262765884399414,0.14342737197875977,-0.00497379619628191,0.5718538165092468,-1.9861159324645996,42.6097297668457,0.004148712381720543
4362000000,3.5262763500213623,0.14341934025287628,-0.0049747382290661335,0.5718777775764465,-1.986603021621704,42.609615325927734,0.004148712381720543
4363000000,3.526276111602783,0.14341136813163757,-0.004975656513124704,0.5719015598297119,-1.9870797395706177,42.609500885009766,0.004148712381720543
4364000000,3.526276111602783,0.14340347051620483,-0.00497655151411891,0.5719251036643982,-1.9875462055206299,42.60939025878906,0.004148712381720543
4365000000,3.526275873184204,0.14339563250541687,-0.004977422766387463,0.5719485282897949,-1.9880025386810303,42.609275817871094,0.004148712381720543
4366000000,3.526275634765625,0.14338785409927368,-0.004978271666914225,0.5719717144966125,-1.988448977470398,42.60916519165039,0.004148712381720543
4367000000,3.526275634765625,0.14338013529777527,-0.004979097284376621,0.5719947218894958,-1.988885521888733,42.60905456542969,0.004148712381720543
4368000000,3.526275396347046,0.14337249100208282,-0.004979901015758514,0.5720174908638,-1.9893122911453247,42.608943939208984,0.004148712381720543
4369000000,3.526275157928467,0.14336490631103516,-0.004980682395398617,0.5720401406288147,-1.989729404449463,42.60883712768555,0.004148712381720543
4370000000,3.526275157928467,0.14335738122463226,-0.004981442354619503,0.5720625519752502,-1.990136981010437,42.608726501464844,0.004148712381720543
4371000000,3.5262749195098877,0.14334991574287415,-0.004982180427759886,0.5720848441123962,-1.9905352592468262,42.608619689941406,0.004148712381720543
4372000000,3.5262746810913086,0.1433425098657608,-0.00498289754614234,0.5721068978309631,-1.9909241199493408,42.60851287841797,0.004148712381720543
4373000000,3.5262746810913086,0.14333517849445343,-0.0049835932441055775,0.5721287727355957,-1.9913039207458496,42.60840606689453,0.004148712381720543
4374000000,3.5262739658355713,0.1433393657207489,-0.0049841077998280525,0.5721162557601929,-1.9914510250091553,42.58888626098633,0.004148712381720543
4375000000,3.526273727416992,0.14333206415176392,-0.0049847508780658245,0.5721380114555359,-1.9918091297149658,42.608280181884766,0.004148712381720543
4376000000,3.526273250579834,0.14333629608154297,-0.004985211417078972,0.572125256061554,-1.9919341802597046,42.58876419067383,0.004148712381720543
4377000000,3.526273012161255,0.14332905411720276,-0.004985802806913853,0.5721468925476074,-1.9922711849212646,42.608158111572266,0.004148712381720543
4378000000,3.5262722969055176,0.1433333158493042,-0.004986211191862822,0.5721340775489807,-1.9923747777938843,42.58863830566406,0.004148712381720543
4379000000,3.5262722969055176,0.14332611858844757,-0.0049867527559399605,0.5721555352210999,-1.9926910400390625,42.608036041259766,0.004148712381720543
4380000000,3.5262715816497803,0.1433304399251938,-0.0049871099181473255,0.5721426010131836,-1.9927737712860107,42.58851623535156,0.004148712381720543
4381000000,3.526271104812622,0.14333483576774597,-0.004987438675016165,0.5721293687820435,-1.992843747138977,42.588294982910156,0.004148712381720543
4382000000,3.5262703895568848,0.14333921670913696,-0.004987736232578754,0.5721161961555481,-1.9929018020629883,42.588279724121094,0.004148712381720543
4383000000,3.5262699127197266,0.14334358274936676,-0.004988003987818956,0.5721031427383423,-1.9929479360580444,42.58826446533203,0.004148712381720543
4384000000,3.5262691974639893,0.14334793388843536,-0.004988241475075483,0.5720900297164917,-1.9929823875427246,42.5882453918457,0.004148712381720543
4385000000,3.526268720626831,0.14335227012634277,-0.004988450091332197,0.5720770359039307,-1.993005394935608,42.58823013305664,0.004148712381720543
4386000000,3.5262680053710938,0.143356591463089,-0.004988628905266523,0.5720641016960144,-1.9930169582366943,42.58821487426758,0.004148712381720543
4387000000,3.5262675285339355,0.14336088299751282,-0.004988779779523611,0.5720511674880981,-1.993017315864563,42.588199615478516,0.004148712381720543
4388000000,3.5262668132781982,0.14336517453193665,-0.004988901782780886,0.5720383524894714,-1.9930065870285034,42.58818435668945,0.004148712381720543
4389000000,3.52626633644104,0.14336943626403809,-0.004988995846360922,0.5720255374908447,-1.9929848909378052,42.58816909790039,0.004148712381720543
4390000000,3.5262656211853027,0.14337368309497833,-0.004989062435925007,0.5720127820968628,-1.9929524660110474,42.58815383911133,0.004148712381720543
4391000000,3.5262651443481445,0.14337791502475739,-0.004989102017134428,0.5720000863075256,-1.99290931224823,42.588138580322266,0.004148712381720543
4392000000,3.5262644290924072,0.14338213205337524,-0.004989114589989185,0.5719873905181885,-1.9928557872772217,42.5881233215332,0.004148712381720543
4393000000,3.5262644290924072,0.14337477087974548,-0.004989273380488157,0.5720093250274658,-1.9930213689804077,42.607730865478516,0.004148712381720543
4394000000,3.526264190673828,0.1433674693107605,-0.00498941820114851,0.5720311403274536,-1.9931806325912476,42.607627868652344,0.004148712381720543
4395000000,3.526264190673828,0.1433602273464203,-0.004989549517631531,0.5720527172088623,-1.9933336973190308,42.60752868652344,0.004148712381720543
4396000000,3.526263952255249,0.14335304498672485,-0.004989667795598507,0.5720741748809814,-1.9934805631637573,42.607425689697266,0.004148712381720543
4397000000,3.526263952255249,0.1433459222316742,-0.004989772103726864,0.5720953941345215,-1.9936213493347168,42.60732650756836,0.004148712381720543
4398000000,3.52626371383667,0.1433388590812683,-0.0049898638390004635,0.572116494178772,-1.9937561750411987,42.60722732543945,0.004148712381720543
4399000000,3.52626371383667,0.143331840634346,-0.0049899425357580185,0.5721374154090881,-1.9938850402832031,42.60712814331055,0.004148712381720543
4400000000,3.526263475418091,0.14332489669322968,-0.004990008659660816,0.57215815782547,-1.994008183479309,42.607032775878906,0.004148712381720543
4401000000,3.5262632369995117,0.14331799745559692,-0.004990062210708857,0.5721787214279175,-1.9941253662109375,42.60693359375,0.004148712381720543
4402000000,3.5262632369995117,0.14331114292144775,-0.00499010318890214,0.5721991658210754,-1.9942370653152466,42.60683822631836,0.004148712381720543
4403000000,3.5262629985809326,0.14330436289310455,-0.00499013252556324,0.5722193717956543,-1.9943430423736572,42.60674285888672,0.004148712381720543
4404000000,3.5262629985809326,0.14329762756824493,-0.004990149289369583,0.5722394585609436,-1.9944435358047485,42.60664749145508,0.004148712381720543
4405000000,3.5262627601623535,0.1432909518480301,-0.004990154877305031,0.5722594261169434,-1.994538426399231,42.60655212402344,0.004148712381720543
4406000000,3.5262627601623535,0.14328432083129883,-0.0049901483580470085,0.572279155254364,-1.9946280717849731,42.6064567565918,0.004148712381720543
4407000000,3.5262625217437744,0.14327774941921234,-0.004990130662918091,0.5722987651824951,-1.994712471961975,42.60636520385742,0.004148712381720543
4408000000,3.5262625217437744,0.14327122271060944,-0.00499010132625699,0.5723182559013367,-1.9947915077209473,42.60626983642578,0.004148712381720543
4409000000,3.526261806488037,0.14327627420425415,-0.00498987827450037,0.572303056716919,-1.9946321249008179,42.586647033691406,0.004148712381720543
4410000000,3.526261806488037,0.14326979219913483,-0.004989815875887871,0.572322428226471,-1.9946973323822021,42.60617446899414,0.004148712381720543
4411000000,3.5262610912323,0.14327485859394073,-0.00498955836519599,0.5723072290420532,-1.9945238828659058,42.586551666259766,0.004148712381720543
4412000000,3.5262610912323,0.1432684063911438,-0.0049894629046320915,0.5723264813423157,-1.9945757389068604,42.606075286865234,0.004148712381720543
4413000000,3.5262603759765625,0.1432735174894333,-0.0049891723319888115,0.5723111629486084,-1.9943885803222656,42.58645248413086,0.004148712381720543
4414000000,3.5262603759765625,0.14326708018779755,-0.004989045672118664,0.5723303556442261,-1.9944273233413696,42.605979919433594,0.004148712381720543
4415000000,3.526259660720825,0.14327222108840942,-0.004988722503185272,0.5723149180412292,-1.9942268133163452,42.58635711669922,0.004148712381720543
4416000000,3.526259183883667,0.14327743649482727,-0.004988379310816526,0.5722993016242981,-1.9940173625946045,42.58614730834961,0.004148712381720543
4417000000,3.526258707046509,0.14328262209892273,-0.004988015163689852,0.5722837448120117,-1.9937996864318848,42.586143493652344,0.004148712381720543
4418000000,3.5262579917907715,0.1432877779006958,-0.004987629130482674,0.5722682476043701,-1.9935739040374756,42.58613967895508,0.004148712381720543
4419000000,3.5262575149536133,0.14329291880130768,-0.004987223073840141,0.5722528696060181,-1.9933401346206665,42.58613967895508,0.004148712381720543
4420000000,3.526256799697876,0.14329802989959717,-0.004986795596778393,0.5722375512123108,-1.993098497390747,42.58613586425781,0.004148712381720543
4421000000,3.5262563228607178,0.14330312609672546,-0.004986348561942577,0.5722222924232483,-1.9928491115570068,42.58613204956055,0.004148712381720543
4422000000,3.5262558460235596,0.14330819249153137,-0.00498588103801012,0.5722070932388306,-1.9925919771194458,42.58612823486328,0.004148712381720543
4423000000,3.5262551307678223,0.1433132290840149,-0.0049853939563035965,0.5721919536590576,-1.9923274517059326,42.58612823486328,0.004148712381720543
4424000000,3.526254653930664,0.14331825077533722,-0.004984887316823006,0.5721768736839294,-1.9920555353164673,42.586124420166016,0.004148712381720543
4425000000,3.526254177093506,0.14332324266433716,-0.004984361585229635,0.5721619129180908,-1.9917762279510498,42.58612060546875,0.004148712381720543
4426000000,3.5262534618377686,0.1433282196521759,-0.0049838172271847725,0.572147011756897,-1.9914897680282593,42.586116790771484,0.004148712381720543
4427000000,3.5262529850006104,0.14333316683769226,-0.00498325377702713,0.5721321702003479,-1.9911961555480957,42.58611297607422,0.004148712381720543
4428000000,3.526252508163452,0.14333809912204742,-0.004982672166079283,0.5721173882484436,-1.9908956289291382,42.58611297607422,0.004148712381720543
4429000000,3.526251792907715,0.1433430016040802,-0.004982072860002518,0.5721027255058289,-1.9905883073806763,42.58610916137695,0.004148712381720543
4430000000,3.5262513160705566,0.1433478742837906,-0.004981455393135548,0.5720880627632141,-1.9902740716934204,42.58610534667969,0.004148712381720543
4431000000,3.5262508392333984,0.14335273206233978,-0.00498082023113966,0.5720735192298889,-1.9899532794952393,42.58610153198242,0.004148712381720543
4432000000,3.5262503623962402,0.1433575600385666,-0.004980168305337429,0.5720590353012085,-1.9896258115768433,42.586097717285156,0.004148712381720543
4433000000,3.526249647140503,0.1433623731136322,-0.0049794986844062805,0.5720446109771729,-1.989292025566101,42.58609390258789,0.004148712381720543
4434000000,3.526249647140503,0.1433555632829666,-0.00497900927439332,0.5720649361610413,-1.9891910552978516,42.60582733154297,0.004148712381720543
4435000000,3.526249647140503,0.1433487981557846,-0.004978515207767487,0.5720851421356201,-1.9890875816345215,42.60573959350586,0.004148712381720543
4436000000,3.526249408721924,0.14334207773208618,-0.00497801648452878,0.5721051096916199,-1.9889814853668213,42.605648040771484,0.004148712381720543
4437000000,3.526249408721924,0.14333543181419373,-0.004977513570338488,0.5721250176429749,-1.98887300491333,42.605560302734375,0.004148712381720543
4438000000,3.526249408721924,0.14332881569862366,-0.0049770064651966095,0.5721446871757507,-1.9887621402740479,42.60546875,0.004148712381720543
4439000000,3.5262491703033447,0.14332225918769836,-0.004976495169103146,0.5721642971038818,-1.9886490106582642,42.60538101196289,0.004148712381720543
4440000000,3.5262491703033447,0.14331576228141785,-0.004975980147719383,0.5721836686134338,-1.9885333776474,42.60529327392578,0.004148712381720543
4441000000,3.5262491703033447,0.1433093100786209,-0.004975460935384035,0.5722029209136963,-1.9884155988693237,42.60520553588867,0.004148712381720543
4442000000,3.5262489318847656,0.14330290257930756,-0.0049749379977583885,0.5722219944000244,-1.9882954359054565,42.60512161254883,0.004148712381720543
4443000000,3.5262489318847656,0.14329655468463898,-0.0049744113348424435,0.572240948677063,-1.9881731271743774,42.60503387451172,0.004148712381720543
4444000000,3.5262489318847656,0.14329025149345398,-0.0049738809466362,0.572259783744812,-1.988048791885376,42.604949951171875,0.004148712381720543
4445000000,3.5262486934661865,0.14328400790691376,-0.004973347298800945,0.5722784399986267,-1.987922191619873,42.604862213134766,0.004148712381720543
4446000000,3.5262486934661865,0.14327779412269592,-0.004972809925675392,0.5722969174385071,-1.9877935647964478,42.60477828979492,0.004148712381720543
4447000000,3.5262486934661865,0.14327163994312286,-0.0049722688272595406,0.5723152756690979,-1.9876629114151,42.60469436645508,0.004148712381720543
4448000000,3.5262484550476074,0.1432655304670334,-0.004971724934875965,0.5723335146903992,-1.9875303506851196,42.6046142578125,0.004148712381720543
4449000000,3.5262484550476074,0.14325948059558868,-0.0049711777828633785,0.5723515748977661,-1.9873957633972168,42.604530334472656,0.004148712381720543
4450000000,3.5262482166290283,0.14325346052646637,-0.004970627371221781,0.5723695158958435,-1.9872592687606812,42.60444641113281,0.004148712381720543
4451000000,3.5262482166290283,0.14324750006198883,-0.004970074165612459,0.5723873376846313,-1.9871208667755127,42.604366302490234,0.004148712381720543
4452000000,3.5262482166290283,0.14324158430099487,-0.0049695177003741264,0.5724049806594849,-1.986980676651001,42.604286193847656,0.004148712381720543
4453000000,3.526247978210449,0.1432357132434845,-0.004968958906829357,0.5724225044250488,-1.9868385791778564,42.60420608520508,0.004148712381720543
4454000000,3.526247978210449,0.1432298868894577,-0.004968396853655577,0.5724399089813232,-1.9866948127746582,42.6041259765625,0.004148712381720543
4455000000,3.526247501373291,0.14323566854000092,-0.004967625718563795,0.5724225640296936,-1.9863065481185913,42.58439636230469,0.004148712381720543
4456000000,3.526247262954712,0.14322985708713531,-0.004967047367244959,0.5724399089813232,-1.9861559867858887,42.60405349731445,0.004148712381720543
4457000000,3.5262467861175537,0.14323565363883972,-0.00496625853702426,0.5724225044250488,-1.9857605695724487,42.58432388305664,0.004148712381720543
4458000000,3.5262467861175537,0.1432298719882965,-0.004965664353221655,0.5724397897720337,-1.9856033325195312,42.603981018066406,0.004148712381720543
4459000000,3.5262460708618164,0.1432356834411621,-0.0049648592248559,0.5724223852157593,-1.985201120376587,42.584251403808594,0.004148712381720543
4460000000,3.5262460708618164,0.1432299017906189,-0.004964249208569527,0.5724396109580994,-1.9850374460220337,42.60390853881836,0.004148712381720543
4461000000,3.526245594024658,0.1432357281446457,-0.004963428247720003,0.5724221467971802,-1.984628677368164,42.58418273925781,0.004148712381720543
4462000000,3.526245355606079,0.14322997629642487,-0.0049628037959337234,0.5724393129348755,-1.9844589233398438,42.60383987426758,0.004148712381720543
4463000000,3.526244878768921,0.14323581755161285,-0.0049619670026004314,0.5724217891693115,-1.9840437173843384,42.584110260009766,0.004148712381720543
4464000000,3.5262444019317627,0.1432417333126068,-0.004961119033396244,0.5724040865898132,-1.9836230278015137,42.58391189575195,0.004148712381720543
4465000000,3.5262439250946045,0.1432476043701172,-0.004960257560014725,0.5723864436149597,-1.983197569847107,42.58392333984375,0.004148712381720543
4466000000,3.526243209838867,0.14325346052646637,-0.004959383048117161,0.5723689198493958,-1.9827673435211182,42.58393478393555,0.004148712381720543
4467000000,3.526242733001709,0.14325928688049316,-0.0049584959633648396,0.5723515152931213,-1.9823325872421265,42.58394241333008,0.004148712381720543
4468000000,3.526242256164551,0.14326506853103638,-0.004957596771419048,0.5723341703414917,-1.9818931818008423,42.583953857421875,0.004148712381720543
4469000000,3.5262417793273926,0.1432708203792572,-0.0049566850066185,0.5723168849945068,-1.9814493656158447,42.583961486816406,0.004148712381720543
4470000000,3.5262410640716553,0.14327655732631683,-0.004955760668963194,0.5722997188568115,-1.9810012578964233,42.5839729309082,0.004148712381720543
4471000000,3.526240587234497,0.14328224956989288,-0.004954825155436993,0.5722826719284058,-1.9805487394332886,42.583980560302734,0.004148712381720543
4472000000,3.526240110397339,0.14328791201114655,-0.004953877534717321,0.5722656846046448,-1.9800920486450195,42.583988189697266,0.004148712381720543
4473000000,3.5262396335601807,0.143293559551239,-0.0049529182724654675,0.5722488164901733,-1.9796311855316162,42.58399963378906,0.004148712381720543
4474000000,3.5262391567230225,0.1432991623878479,-0.004951948300004005,0.5722320079803467,-1.9791663885116577,42.584007263183594,0.004148712381720543
4475000000,3.5262386798858643,0.1433047354221344,-0.004950966686010361,0.5722153186798096,-1.978697419166565,42.584014892578125,0.004148712381720543
4476000000,3.526237964630127,0.1433102786540985,-0.004949974361807108,0.5721986889839172,-1.9782246351242065,42.58402633666992,0.004148712381720543
4477000000,3.5262374877929688,0.14331579208374023,-0.004948971327394247,0.5721821784973145,-1.9777480363845825,42.58403396606445,0.004148712381720543
4478000000,3.5262370109558105,0.14332129061222076,-0.004947957582771778,0.5721657276153564,-1.9772676229476929,42.584041595458984,0.004148712381720543
4479000000,3.5262365341186523,0.1433267444372177,-0.004946933593600988,0.5721493363380432,-1.9767835140228271,42.584049224853516,0.004148712381720543
4480000000,3.526236057281494,0.14333216845989227,-0.004945899359881878,0.5721330642700195,-1.9762957096099854,42.58405685424805,0.004148712381720543
4481000000,3.526235580444336,0.14333757758140564,-0.004944855347275734,0.5721169114112854,-1.9758044481277466,42.58406448364258,0.004148712381720543
4482000000,3.5262351036071777,0.14334294199943542,-0.004943801090121269,0.572100818157196,-1.9753097295761108,42.584075927734375,0.004148712381720543
4483000000,3.5262346267700195,0.14334829151630402,-0.004942737519741058,0.5720847845077515,-1.9748114347457886,42.584083557128906,0.004148712381720543
4484000000,3.5262339115142822,0.14335361123085022,-0.004941664636135101,0.5720688700675964,-1.9743099212646484,42.58409118652344,0.004148712381720543
4485000000,3.526233434677124,0.14335890114307404,-0.004940582439303398,0.5720530152320862,-1.9738050699234009,42.58409881591797,0.004148712381720543
4486000000,3.526232957839966,0.14336416125297546,-0.004939490929245949,0.5720372796058655,-1.973297119140625,42.5841064453125,0.004148712381720543
4487000000,3.526232957839966,0.14335773885250092,-0.004938610829412937,0.5720564126968384,-1.9730340242385864,42.60396194458008,0.004148712381720543
4488000000,3.526232957839966,0.14335137605667114,-0.004937733523547649,0.5720754265785217,-1.9727715253829956,42.6038818359375,0.004148712381720543
4489000000,3.526232957839966,0.14334505796432495,-0.004936859477311373,0.5720942616462708,-1.9725093841552734,42.60380172729492,0.004148712381720543
4490000000,3.526232957839966,0.14333878457546234,-0.00493598822504282,0.5721129775047302,-1.972247838973999,42.603721618652344,0.004148712381720543
4491000000,3.526232957839966,0.1433325558900833,-0.004935120232403278,0.5721315741539001,-1.9719867706298828,42.60364532470703,0.004148712381720543
4492000000,3.5262327194213867,0.14332637190818787,-0.004934255033731461,0.5721499919891357,-1.9717262983322144,42.60356521606445,0.004148712381720543
4493000000,3.5262327194213867,0.1433202475309372,-0.004933392629027367,0.5721682906150818,-1.971466302871704,42.60348892211914,0.004148712381720543
4494000000,3.5262327194213867,0.1433141529560089,-0.004932533483952284,0.5721864700317383,-1.971206784248352,42.60340881347656,0.004148712381720543
4495000000,3.5262327194213867,0.1433081179857254,-0.004931677598506212,0.5722044706344604,-1.9709479808807373,42.60333251953125,0.004148712381720543
4496000000,3.5262327194213867,0.14330212771892548,-0.0049308245070278645,0.5722224116325378,-1.9706896543502808,42.60325622558594,0.004148712381720543
4497000000,3.5262327194213867,0.14329618215560913,-0.004929974675178528,0.5722401142120361,-1.9704320430755615,42.603179931640625,0.004148712381720543
4498000000,3.5262327194213867,0.14329026639461517,-0.004929127637296915,0.5722577571868896,-1.9701749086380005,42.60310745239258,0.004148712381720543
4499000000,3.5262324810028076,0.143284410238266,-0.004928284324705601,0.5722752213478088,-1.9699184894561768,42.603031158447266,0.004148712381720543
4500000000,3.5262324810028076,0.1432785987854004,-0.00492744380608201,0.5722926259040833,-1.9696626663208008,42.60295486450195,0.004148712381720543
4501000000,3.5262324810028076,0.14327281713485718,-0.004926606081426144,0.5723098516464233,-1.9694074392318726,42.602882385253906,0.004148712381720543
4502000000,3.5262324810028076,0.14326709508895874,-0.0049257720820605755,0.5723268985748291,-1.9691529273986816,42.60280990600586,0.004148712381720543
4503000000,3.5262324810028076,0.14326141774654388,-0.004924940876662731,0.5723438858985901,-1.9688990116119385,42.60273361206055,0.004148712381720543
4504000000,3.5262322425842285,0.14325577020645142,-0.004924113396555185,0.5723606944084167,-1.9686459302902222,42.6026611328125,0.004148712381720543
4505000000,3.5262322425842285,0.14325016736984253,-0.004923288710415363,0.5723774433135986,-1.968393325805664,42.60259246826172,0.004148712381720543
4506000000,3.5262322425842285,0.14324460923671722,-0.00492246774956584,0.5723940134048462,-1.9681415557861328,42.60251998901367,0.004148712381720543
4507000000,3.5262322425842285,0.1432390958070755,-0.00492164958268404,0.5724104642868042,-1.9678905010223389,42.602447509765625,0.004148712381720543
4508000000,3.5262322425842285,0.14323362708091736,-0.0049208346754312515,0.5724267959594727,-1.9676401615142822,42.60237503051758,0.004148712381720543
4509000000,3.5262320041656494,0.1432281881570816,-0.0049200234934687614,0.5724430084228516,-1.9673904180526733,42.6023063659668,0.004148712381720543
4510000000,3.5262320041656494,0.14322279393672943,-0.004919215105473995,0.5724591016769409,-1.9671416282653809,42.602237701416016,0.004148712381720543
4511000000,3.5262320041656494,0.14321744441986084,-0.0049184104427695274,0.5724750757217407,-1.9668934345245361,42.60216522216797,0.004148712381720543
4512000000,3.5262320041656494,0.14321213960647583,-0.004917609039694071,0.572490930557251,-1.9666460752487183,42.60209655761719,0.004148712381720543
4513000000,3.5262320041656494,0.1432068645954132,-0.004916810896247625,0.5725066661834717,-1.9663994312286377,42.602027893066406,0.004148712381720543
4514000000,3.5262317657470703,0.14320163428783417,-0.004916016012430191,0.5725222826004028,-1.966153621673584,42.601959228515625,0.004148712381720543
4515000000,3.5262317657470703,0.14319643378257751,-0.004915224853903055,0.5725377798080444,-1.9659086465835571,42.60189437866211,0.004148712381720543
4516000000,3.5262317657470703,0.14319129288196564,-0.0049144369550049305,0.5725531578063965,-1.9656643867492676,42.60182571411133,0.004148712381720543
4517000000,3.5262317657470703,0.14318616688251495,-0.004913652315735817,0.572568416595459,-1.9654209613800049,42.60175704956055,0.004148712381720543
4518000000,3.526231288909912,0.14319270849227905,-0.00491263996809721,0.5725488066673279,-1.9649267196655273,42.58192443847656,0.004148712381720543
4519000000,3.526231050491333,0.14318759739398956,-0.004911851137876511,0.5725640654563904,-1.9646815061569214,42.60171127319336,0.004148712381720543
4520000000,3.526230573654175,0.14319413900375366,-0.0049108341336250305,0.572544515132904,-1.964185357093811,42.581878662109375,0.004148712381720543
4521000000,3.526230573654175,0.14318902790546417,-0.0049100411124527454,0.5725597739219666,-1.963938593864441,42.60166549682617,0.004148712381720543
4522000000,3.5262300968170166,0.14319556951522827,-0.004909019451588392,0.5725401639938354,-1.9634406566619873,42.58183288574219,0.004148712381720543
4523000000,3.5262300968170166,0.14319045841693878,-0.004908223636448383,0.572555422782898,-1.9631924629211426,42.60162353515625,0.004148712381720543
4524000000,3.5262296199798584,0.14319700002670288,-0.004907197784632444,0.5725358128547668,-1.9626929759979248,42.581787109375,0.004148712381720543
4525000000,3.5262293815612793,0.1431918889284134,-0.004906398244202137,0.5725510716438293,-1.9624433517456055,42.60157775878906,0.004148712381720543
4526000000,3.526228904724121,0.1431984305381775,-0.0049053686670959,0.5725314617156982,-1.961942434310913,42.58174133300781,0.004148712381720543
4527000000,3.526228427886963,0.14320503175258636,-0.004904333036392927,0.5725117325782776,-1.9614381790161133,42.5815544128418,0.004148712381720543
4528000000,3.5262279510498047,0.14321158826351166,-0.004903289955109358,0.5724920630455017,-1.9609315395355225,42.58157730102539,0.004148712381720543
4529000000,3.5262274742126465,0.14321811497211456,-0.004902239888906479,0.5724725127220154,-1.9604226350784302,42.581600189208984,0.004148712381720543
4530000000,3.5262269973754883,0.1432245969772339,-0.004901182372123003,0.5724530816078186,-1.9599113464355469,42.58162307739258,0.004148712381720543
4531000000,3.52622652053833,0.14323104918003082,-0.004900118336081505,0.5724337697029114,-1.9593980312347412,42.58164596557617,0.004148712381720543
4532000000,3.526226043701172,0.14323747158050537,-0.004899047315120697,0.5724145770072937,-1.958882451057434,42.5816650390625,0.004148712381720543
4533000000,3.5262253284454346,0.14324383437633514,-0.00489796930924058,0.5723955035209656,-1.958364725112915,42.581687927246094,0.004148712381720543
4534000000,3.5262248516082764,0.14325018227100372,-0.004896885249763727,0.5723764896392822,-1.9578450918197632,42.58171081542969,0.004148712381720543
4535000000,3.526224374771118,0.14325648546218872,-0.0048957946710288525,0.5723576545715332,-1.9573233127593994,42.581729888916016,0.004148712381720543
4536000000,3.52622389793396,0.14326274394989014,-0.004894698038697243,0.572338879108429,-1.9567996263504028,42.58175277709961,0.004148712381720543
4537000000,3.5262234210968018,0.14326897263526917,-0.004893594887107611,0.5723202228546143,-1.956274151802063,42.58177185058594,0.004148712381720543
4538000000,3.5262229442596436,0.1432751566171646,-0.004892486147582531,0.5723016858100891,-1.9557466506958008,42.581790924072266,0.004148712381720543
4539000000,3.5262224674224854,0.14328131079673767,-0.004891371354460716,0.5722832679748535,-1.9552174806594849,42.58181381225586,0.004148712381720543
4540000000,3.526221990585327,0.14328743517398834,-0.004890250973403454,0.5722649097442627,-1.9546865224838257,42.58183288574219,0.004148712381720543
4541000000,3.526221513748169,0.14329352974891663,-0.004889125004410744,0.5722467303276062,-1.9541538953781128,42.581851959228516,0.004148712381720543
4542000000,3.5262210369110107,0.14329956471920013,-0.004887993447482586,0.5722286105155945,-1.9536195993423462,42.581871032714844,0.004148712381720543
4543000000,3.5262205600738525,0.14330558478832245,-0.004886856768280268,0.5722106099128723,-1.9530837535858154,42.58189010620117,0.004148712381720543
4544000000,3.5262200832366943,0.14331156015396118,-0.004885714966803789,0.5721926689147949,-1.952546238899231,42.5819091796875,0.004148712381720543
4545000000,3.526219606399536,0.14331750571727753,-0.004884567577391863,0.5721748471260071,-1.9520072937011719,42.58192825317383,0.004148712381720543
4546000000,3.526219129562378,0.14332342147827148,-0.004883415997028351,0.5721571445465088,-1.9514669179916382,42.581947326660156,0.004148712381720543
4547000000,3.5262186527252197,0.14332929253578186,-0.004882258828729391,0.5721395611763,-1.9509251117706299,42.581966400146484,0.004148712381720543
4548000000,3.5262181758880615,0.14333513379096985,-0.004881097469478846,0.5721220970153809,-1.950381875038147,42.58198547363281,0.004148712381720543
4549000000,3.5262176990509033,0.14334094524383545,-0.004879931453615427,0.5721046924591064,-1.949837327003479,42.58200454711914,0.004148712381720543
4550000000,3.526217222213745,0.14334671199321747,-0.004878760781139135,0.5720874071121216,-1.949291467666626,42.58202362060547,0.004148712381720543
4552000000,3.526216745376587,0.1433524638414383,-0.004877585917711258,0.5720701813697815,-1.9487444162368774,42.58203887939453,0.004148712381720543
4552000000,3.5262162685394287,0.14335817098617554,-0.004876406863331795,0.5720531344413757,-1.9481961727142334,42.58205795288086,0.004148712381720543
4553000000,3.5262157917022705,0.1433638483285904,-0.004875223618000746,0.57203608751297,-1.9476467370986938,42.58207321166992,0.004148712381720543
4554000000,3.5262155532836914,0.14336948096752167,-0.004874036181718111,0.5720192193984985,-1.9470962285995483,42.58209228515625,0.004148712381720543
4555000000,3.526215076446533,0.14337509870529175,-0.004872845020145178,0.5720024108886719,-1.9465446472167969,42.58210754394531,0.004148712381720543
4556000000,3.526214599609375,0.14338067173957825,-0.004871649667620659,0.5719857215881348,-1.9459919929504395,42.58212661743164,0.004148712381720543
4557000000,3.526214122772217,0.14338621497154236,-0.004870451055467129,0.5719690918922424,-1.9454383850097656,42.5821418762207,0.004148712381720543
4558000000,3.5262136459350586,0.14339172840118408,-0.0048692487180233,0.5719525814056396,-1.9448838233947754,42.58216094970703,0.004148712381720543
4559000000,3.5262131690979004,0.14339721202850342,-0.0048680431209504604,0.5719361901283264,-1.9443284273147583,42.582176208496094,0.004148712381720543
4560000000,3.526212692260742,0.14340265095233917,-0.0048668342642486095,0.571919858455658,-1.9437720775604248,42.582191467285156,0.004148712381720543
4561000000,3.526212215423584,0.14340807497501373,-0.00486562168225646,0.571903645992279,-1.9432148933410645,42.58220672607422,0.004148712381720543
4562000000,3.526211977005005,0.1434134542942047,-0.004864406306296587,0.5718874931335449,-1.9426568746566772,42.58222198486328,0.004148712381720543
4563000000,3.5262115001678467,0.1434188187122345,-0.004863187670707703,0.5718714594841003,-1.9420981407165527,42.58224105834961,0.004148712381720543
4564000000,3.5262115001678467,0.14341245591640472,-0.0048622130416333675,0.5718904733657837,-1.9417952299118042,42.60221862792969,0.004148712381720543
4565000000,3.5262115001678467,0.14340613782405853,-0.004861246794462204,0.5719093084335327,-1.9414951801300049,42.60214614868164,0.004148712381720543
4566000000,3.5262115001678467,0.14339986443519592,-0.004860288929194212,0.5719280242919922,-1.9411977529525757,42.602073669433594,0.004148712381720543
4567000000,3.5262115001678467,0.1433936357498169,-0.004859339911490679,0.5719466209411621,-1.9409030675888062,42.60200119018555,0.004148712381720543
4568000000,3.5262115001678467,0.14338745176792145,-0.00485839881002903,0.5719650983810425,-1.9406111240386963,42.6019287109375,0.004148712381720543
4569000000,3.5262115001678467,0.14338131248950958,-0.0048574660904705524,0.5719833970069885,-1.9403218030929565,42.60186004638672,0.004148712381720543
4570000000,3.5262115001678467,0.1433752179145813,-0.004856541287153959,0.572001576423645,-1.9400352239608765,42.60178756713867,0.004148712381720543
4571000000,3.5262115001678467,0.1433691680431366,-0.004855625331401825,0.5720196962356567,-1.9397512674331665,42.60171890258789,0.004148712381720543
4572000000,3.5262115001678467,0.14336316287517548,-0.004854717291891575,0.5720375776290894,-1.9394699335098267,42.601646423339844,0.004148712381720543
4573000000,3.526211738586426,0.14335720241069794,-0.004853817168623209,0.5720553994178772,-1.9391913414001465,42.60157775878906,0.004148712381720543
4574000000,3.526211738586426,0.14335128664970398,-0.004852925427258015,0.5720731019973755,-1.9389152526855469,42.60150909423828,0.004148712381720543
4575000000,3.526211738586426,0.1433454006910324,-0.004852041602134705,0.5720906257629395,-1.938641905784607,42.6014404296875,0.004148712381720543
4576000000,3.526211738586426,0.14333957433700562,-0.004851165693253279,0.5721080303192139,-1.9383710622787476,42.601375579833984,0.004148712381720543
4577000000,3.526211738586426,0.1433337777853012,-0.004850298166275024,0.5721253752708435,-1.9381028413772583,42.6013069152832,0.004148712381720543
4578000000,3.526211738586426,0.14332802593708038,-0.004849438089877367,0.5721425414085388,-1.9378372430801392,42.60123825073242,0.004148712381720543
4579000000,3.526211738586426,0.14332230389118195,-0.004848585929721594,0.5721595883369446,-1.9375742673873901,42.601173400878906,0.004148712381720543
4580000000,3.526211738586426,0.14331664144992828,-0.004847742151468992,0.5721765160560608,-1.9373137950897217,42.60110855102539,0.004148712381720543
4581000000,3.526211738586426,0.143311008810997,-0.0048469053581357,0.5721933245658875,-1.9370558261871338,42.60103988647461,0.004148712381720543
4582000000,3.526211738586426,0.14330542087554932,-0.00484607694670558,0.5722100138664246,-1.936800479888916,42.600975036621094,0.004148712381720543
4583000000,3.526211738586426,0.143299862742424,-0.004845255985856056,0.5722265839576721,-1.9365476369857788,42.60091018676758,0.004148712381720543
4584000000,3.526211738586426,0.1432943493127823,-0.004844442941248417,0.5722430348396301,-1.9362972974777222,42.60084533691406,0.004148712381720543
4585000000,3.526211738586426,0.14328888058662415,-0.0048436373472213745,0.5722593665122986,-1.936049461364746,42.60078048706055,0.004148712381720543
4586000000,3.526211738586426,0.1432834416627884,-0.004842839669436216,0.5722755789756775,-1.9358041286468506,42.6007194519043,0.004148712381720543
4587000000,3.526211738586426,0.14327804744243622,-0.004842049442231655,0.5722917318344116,-1.9355612993240356,42.60065460205078,0.004148712381720543
4588000000,3.526211738586426,0.14327269792556763,-0.004841266665607691,0.5723077058792114,-1.9353209733963013,42.600589752197266,0.004148712381720543
4589000000,3.526211738586426,0.14326737821102142,-0.004840491339564323,0.5723235607147217,-1.935083031654358,42.600528717041016,0.004148712381720543
4590000000,3.526211738586426,0.1432621031999588,-0.004839723464101553,0.5723393559455872,-1.9348475933074951,42.600467681884766,0.004148712381720543
4591000000,3.526211738586426,0.14325685799121857,-0.004838963504880667,0.5723549723625183,-1.934614658355713,42.60040283203125,0.004148712381720543
4592000000,3.526211738586426,0.14325164258480072,-0.00483821053057909,0.5723705291748047,-1.9343839883804321,42.600341796875,0.004148712381720543
4593000000,3.526211738586426,0.14324648678302765,-0.00483746500685811,0.5723859667778015,-1.9341559410095215,42.60028076171875,0.004148712381720543
4594000000,3.526211738586426,0.14324134588241577,-0.00483672646805644,0.5724012851715088,-1.9339301586151123,42.6002197265625,0.004148712381720543
4595000000,3.526211738586426,0.14323624968528748,-0.004835995379835367,0.5724164843559265,-1.9337068796157837,42.600162506103516,0.004148712381720543
4596000000,3.526211738586426,0.14323119819164276,-0.004835271742194891,0.5724315643310547,-1.9334858655929565,42.600101470947266,0.004148712381720543
4597000000,3.526211738586426,0.14322617650032043,-0.004834555555135012,0.5724465847015381,-1.93326735496521,42.600040435791016,0.004148712381720543
4598000000,3.526211738586426,0.1432211846113205,-0.004833845887333155,0.5724614262580872,-1.9330512285232544,42.59998321533203,0.004148712381720543
4599000000,3.526211738586426,0.14321623742580414,-0.004833143670111895,0.5724762082099915,-1.9328373670578003,42.59992218017578,0.004148712381720543
4600000000,3.526211738586426,0.14321132004261017,-0.0048324489034712315,0.572490930557251,-1.9326258897781372,42.5998649597168,0.004148712381720543
4601000000,3.526211738586426,0.1432064324617386,-0.004831760656088591,0.5725054740905762,-1.9324167966842651,42.59980773925781,0.004148712381720543
4602000000,3.526211738586426,0.14320158958435059,-0.004831079859286547,0.5725199580192566,-1.9322099685668945,42.59974670410156,0.004148712381720543
4603000000,3.526211738586426,0.14319677650928497,-0.004830405581742525,0.5725343227386475,-1.932005524635315,42.59968948364258,0.004148712381720543
4604000000,3.526211738586426,0.14319199323654175,-0.0048297387547791,0.5725485682487488,-1.9318033456802368,42.599632263183594,0.004148712381720543
4605000000,3.5262115001678467,0.1431872546672821,-0.004829078447073698,0.5725627541542053,-1.9316034317016602,42.59957504272461,0.004148712381720543
4606000000,3.5262115001678467,0.14318254590034485,-0.004828425589948893,0.5725768208503723,-1.9314059019088745,42.59952163696289,0.004148712381720543
4607000000,3.5262115001678467,0.14317786693572998,-0.0048277792520821095,0.5725907683372498,-1.9312105178833008,42.599464416503906,0.004148712381720543
4608000000,3.5262115001678467,0.1431732177734375,-0.004827139899134636,0.5726045966148376,-1.931017518043518,42.59940719604492,0.004148712381720543
4609000000,3.5262115001678467,0.1431686133146286,-0.004826507065445185,0.5726183652877808,-1.9308267831802368,42.5993537902832,0.004148712381720543
4610000000,3.5262110233306885,0.14317569136619568,-0.004825623705983162,0.5725972056388855,-1.9303783178329468,42.57940673828125,0.004148712381720543
4611000000,3.5262110233306885,0.14317107200622559,-0.0048249936662614346,0.5726109743118286,-1.930188775062561,42.59933090209961,0.004148712381720543
4612000000,3.5262105464935303,0.14317813515663147,-0.004824112635105848,0.5725898146629333,-1.9297412633895874,42.579383850097656,0.004148712381720543
4613000000,3.5262105464935303,0.14317350089550018,-0.004823485389351845,0.5726036429405212,-1.9295530319213867,42.599308013916016,0.004148712381720543
4614000000,3.526210069656372,0.14318056404590607,-0.004822606686502695,0.5725825428962708,-1.9291067123413086,42.57936477661133,0.004148712381720543
4615000000,3.526210069656372,0.1431759148836136,-0.004821982234716415,0.5725963711738586,-1.9289196729660034,42.59928512573242,0.004148712381720543
4616000000,3.526209592819214,0.14318296313285828,-0.004821105860173702,0.5725752711296082,-1.9284745454788208,42.579341888427734,0.004148712381720543
4617000000,3.526209592819214,0.1431783139705658,-0.004820484668016434,0.5725891590118408,-1.9282889366149902,42.59926223754883,0.004148712381720543
4618000000,3.5262091159820557,0.1431853473186493,-0.004819611087441444,0.5725681185722351,-1.9278450012207031,42.57931900024414,0.004148712381720543
4619000000,3.5262091159820557,0.14318068325519562,-0.004818993154913187,0.5725820660591125,-1.9276607036590576,42.599239349365234,0.004148712381720543
4620000000,3.5262086391448975,0.14318770170211792,-0.0048181223683059216,0.5725610256195068,-1.9272181987762451,42.57929611206055,0.004148712381720543
4621000000,3.5262086391448975,0.14318303763866425,-0.004817507695406675,0.5725749731063843,-1.9270353317260742,42.59921646118164,0.004148712381720543
4622000000,3.5262081623077393,0.14319005608558655,-0.004816639702767134,0.5725539922714233,-1.9265941381454468,42.57927322387695,0.004148712381720543
4623000000,3.526207685470581,0.14319711923599243,-0.004815768916159868,0.5725328326225281,-1.9261510372161865,42.579097747802734,0.004148712381720543
4624000000,3.526207208633423,0.14320415258407593,-0.004814893938601017,0.5725117921829224,-1.9257069826126099,42.579132080078125,0.004148712381720543
4625000000,3.5262067317962646,0.14321112632751465,-0.004814015235751867,0.5724908709526062,-1.9252619743347168,42.579166412353516,0.004148712381720543
4626000000,3.5262062549591064,0.14321807026863098,-0.004813132807612419,0.5724701285362244,-1.9248160123825073,42.57919692993164,0.004148712381720543
4627000000,3.5281617641448975,0.14312979578971863,-0.00471704313531518,0.5729703903198242,-1.8875794410705566,41.3455924987793,0.00404434185475111
4628000000,3.5280089378356934,0.14305874705314636,-0.004686669912189245,0.5731639266014099,-1.876364827156067,42.741455078125,0.0041574095375835896
4629000000,3.5278704166412354,0.1429920196533203,-0.004632098134607077,0.5733462572097778,-1.8553965091705322,42.9605712890625,0.0041748047806322575
4630000000,3.5277318954467773,0.14292602241039276,-0.004577357321977615,0.5735264420509338,-1.8343310356140137,42.96015548706055,0.0041748047806322575
4631000000,3.5275931358337402,0.14286042749881744,-0.004523144569247961,0.5737053751945496,-1.813452124595642,42.95945358276367,0.0041748047806322575
4632000000,3.527456045150757,0.1427835375070572,-0.004469794221222401,0.5739182829856873,-1.7930408716201782,42.975189208984375,0.0041748047806322575
4633000000,3.5273191928863525,0.14270712435245514,-0.004416972864419222,0.5741297602653503,-1.7728135585784912,42.97441482543945,0.0041748047806322575
4634000000,3.5271823406219482,0.1426311880350113,-0.004364675842225552,0.5743398666381836,-1.7527687549591064,42.97364044189453,0.0041748047806322575
4635000000,3.527045488357544,0.14255571365356445,-0.004312898498028517,0.574548602104187,-1.7329050302505493,42.97287368774414,0.0041748047806322575
4636000000,3.5269086360931396,0.14248071610927582,-0.004261635709553957,0.5747559070587158,-1.7132211923599243,42.97211456298828,0.0041748047806322575
4637000000,3.5267717838287354,0.142406165599823,-0.0042108832858502865,0.5749619007110596,-1.6937156915664673,42.97136306762695,0.0041748047806322575
4638000000,3.526634931564331,0.14233209192752838,-0.004160636570304632,0.5751665234565735,-1.6743873357772827,42.970611572265625,0.0041748047806322575
4639000000,3.526498317718506,0.14225846529006958,-0.004110890906304121,0.5753698348999023,-1.6552348136901855,42.969871520996094,0.0041748047806322575
4640000000,3.5263617038726807,0.1421853005886078,-0.00406164163723588,0.5755717754364014,-1.6362566947937012,42.96913528442383,0.0041748047806322575
4641000000,3.5262250900268555,0.1421125829219818,-0.004012884106487036,0.5757724046707153,-1.6174516677856445,42.96840286254883,0.0041748047806322575
4642000000,3.5260884761810303,0.14204031229019165,-0.003964614123106003,0.5759717226028442,-1.5988185405731201,42.96767807006836,0.0041748047806322575
4643000000,3.525951862335205,0.1419684886932373,-0.003916827030479908,0.5761697292327881,-1.5803558826446533,42.96696090698242,0.0041748047806322575
4644000000,3.525815486907959,0.14189709722995758,-0.0038695186376571655,0.5763664245605469,-1.5620626211166382,42.96624755859375,0.0041748047806322575
4645000000,3.525679111480713,0.14182615280151367,-0.0038226847536861897,0.5765618681907654,-1.5439372062683105,42.965538024902344,0.0041748047806322575
4646000000,3.5255424976348877,0.14175564050674438,-0.0037763207219541073,0.5767560005187988,-1.5259785652160645,42.96483612060547,0.0041748047806322575
4647000000,3.5254061222076416,0.1416855752468109,-0.0037304225843399763,0.576948881149292,-1.5081853866577148,42.96413803100586,0.0041748047806322575
4648000000,3.5252699851989746,0.14161591231822968,-0.0036849856842309237,0.5771405100822449,-1.4905563592910767,42.96344757080078,0.0041748047806322575
4649000000,3.5251336097717285,0.14154669642448425,-0.0036400065291672945,0.5773308277130127,-1.4730901718139648,42.96276092529297,0.0041748047806322575
4650000000,3.5249972343444824,0.14147789776325226,-0.003595480229705572,0.577519953250885,-1.455785870552063,42.96207809448242,0.0041748047806322575
4651000000,3.5248610973358154,0.1414095163345337,-0.0035514032933861017,0.577707827091217,-1.438641905784607,42.961402893066406,0.0041748047806322575
4652000000,3.5247249603271484,0.14134155213832855,-0.003507771296426654,0.5778945088386536,-1.4216573238372803,42.96073532104492,0.0041748047806322575
4653000000,3.5245888233184814,0.14127399027347565,-0.0034645802807062864,0.5780799388885498,-1.4048306941986084,42.96006774902344,0.0041748047806322575
4654000000,3.5244526863098145,0.14120686054229736,-0.0034218262881040573,0.5782641768455505,-1.3881609439849854,42.959407806396484,0.0041748047806322575
4655000000,3.5264060497283936,0.14119309186935425,-0.0034894957207143307,0.5785388946533203,-1.415739893913269,36.64268493652344,0.0036616516299545765
4656000000,3.5264055728912354,0.1412200629711151,-0.00343908229842782,0.578458309173584,-1.3950281143188477,42.697669982910156,0.0041574095375835896
4657000000,3.5264081954956055,0.1411566436290741,-0.003400752553716302,0.5786479115486145,-1.3801056146621704,42.57809829711914,0.004148712381720543
4658000000,3.5264105796813965,0.141093447804451,-0.0033628640230745077,0.5788368582725525,-1.3653464317321777,42.580745697021484,0.004148712381720543
4659000000,3.5264132022857666,0.1410306692123413,-0.0033253263682127,0.5790245532989502,-1.3507122993469238,42.58025360107422,0.004148712381720543
4660000000,3.5264151096343994,0.14098043739795685,-0.003287922590970993,0.5791747570037842,-1.3360005617141724,42.55955123901367,0.004144363570958376
4661000000,3.5264177322387695,0.1409183144569397,-0.003251108340919018,0.5793604850769043,-1.3216291666030884,42.58094024658203,0.004148712381720543
4662000000,3.5264196395874023,0.14086884260177612,-0.003214382566511631,0.579508364200592,-1.3071634769439697,42.55866241455078,0.004144363570958376
4663000000,3.5264220237731934,0.14080747961997986,-0.003178236773237586,0.5796918272972107,-1.2930324077606201,42.58007049560547,0.004148712381720543
4664000000,3.5264244079589844,0.14074663817882538,-0.0031423852778971195,0.5798737406730652,-1.2790038585662842,42.57802200317383,0.004148712381720543
4665000000,3.526426315307617,0.14069834351539612,-0.0031066599767655134,0.5800181031227112,-1.264901876449585,42.557308197021484,0.004144363570958376
4666000000,3.526428699493408,0.14063812792301178,-0.00307150068692863,0.5801981091499329,-1.2511261701583862,42.578739166259766,0.004148712381720543
4667000000,3.526431083679199,0.14057843387126923,-0.0030366273131221533,0.5803766250610352,-1.2374507188796997,42.57670211791992,0.004144363570958376
4668000000,3.5264334678649902,0.14051902294158936,-0.0030021187849342823,0.580554187297821,-1.2239094972610474,42.57781219482422,0.004144363570958376
4669000000,3.526435613632202,0.14046001434326172,-0.0029679310973733664,0.5807306170463562,-1.2104841470718384,42.57735061645508,0.004144363570958376
4670000000,3.526437997817993,0.14040140807628632,-0.0029340614564716816,0.5809058547019958,-1.1971737146377563,42.5768928527832,0.004144363570958376
4671000000,3.526440143585205,0.14034318923950195,-0.002900507068261504,0.58107990026474,-1.1839773654937744,42.576438903808594,0.004144363570958376
4672000000,3.526442050933838,0.14029748737812042,-0.0028670679312199354,0.5812165141105652,-1.1707125902175903,42.55581283569336,0.004140014760196209
4673000000,3.52644419670105,0.14023984968662262,-0.0028341631405055523,0.5813888311386108,-1.157755732536316,42.57719802856445,0.004144363570958376
4674000000,3.5264461040496826,0.1401948630809784,-0.00280133169144392,0.5815233588218689,-1.1447147130966187,42.554996490478516,0.004140014760196209
4675000000,3.5264482498168945,0.1401379257440567,-0.0027690259739756584,0.5816935300827026,-1.13197660446167,42.57639694213867,0.004144363570958376
4676000000,3.5264503955841064,0.1400814801454544,-0.002736983122304082,0.5818623304367065,-1.11933171749115,42.57438278198242,0.004144363570958376
4677000000,3.52645206451416,0.14003756642341614,-0.0027050490025430918,0.581993579864502,-1.1066218614578247,42.55374526977539,0.004140014760196209
4678000000,3.526454210281372,0.1399816870689392,-0.0026736280415207148,0.5821606516838074,-1.0942072868347168,42.575172424316406,0.004144363570958376
4679000000,3.526456356048584,0.13992628455162048,-0.0026424629613757133,0.5823262333869934,-1.0818837881088257,42.57316589355469,0.004144363570958376
4680000000,3.526458501815796,0.1398712694644928,-0.002611589152365923,0.5824907422065735,-1.069666862487793,42.57273483276367,0.004144363570958376
4681000000,3.526460647583008,0.13981661200523376,-0.002581004286184907,0.5826541185379028,-1.0575556755065918,42.57230758666992,0.004144363570958376
4682000000,3.5264627933502197,0.13976231217384338,-0.002550705336034298,0.5828164219856262,-1.0455496311187744,42.57188415527344,0.004144363570958376
4683000000,3.5264649391174316,0.13970838487148285,-0.0025206904392689466,0.5829776525497437,-1.0336476564407349,42.57146453857422,0.004144363570958376
4684000000,3.5264668464660645,0.13965483009815216,-0.002490956336259842,0.5831378102302551,-1.0218490362167358,42.571044921875,0.004144363570958376
4685000000,3.5264689922332764,0.13960161805152893,-0.0024615011643618345,0.5832968354225159,-1.0101531744003296,42.57063293457031,0.004144363570958376
4686000000,3.526470899581909,0.13954876363277435,-0.002432321896776557,0.5834548473358154,-0.9985589981079102,42.57021713256836,0.004144363570958376
4687000000,3.526473045349121,0.13949626684188843,-0.00240341667085886,0.583611786365509,-0.987065851688385,42.56980895996094,0.004144363570958376
4688000000,3.526474952697754,0.13944411277770996,-0.002374782459810376,0.5837677121162415,-0.9756730198860168,42.569400787353516,0.004144363570958376
4689000000,3.526477098464966,0.13939231634140015,-0.002346417400985956,0.5839225649833679,-0.964379608631134,42.56899642944336,0.004144363570958376
4690000000,3.5264785289764404,0.13935303688049316,-0.002318143378943205,0.5840399861335754,-0.9530296921730042,42.548439025878906,0.004140014760196209
4691000000,3.5264804363250732,0.13930173218250275,-0.002290331991389394,0.5841933488845825,-0.9419447183609009,42.569862365722656,0.004144363570958376
4692000000,3.526481866836548,0.1392630636692047,-0.002262574154883623,0.584308922290802,-0.9307891130447388,42.54772186279297,0.004140014760196209
4693000000,3.5264837741851807,0.13921236991882324,-0.0022352717351168394,0.5844604969024658,-0.9198940992355347,42.56916046142578,0.004144363570958376
4694000000,3.5264852046966553,0.13917431235313416,-0.0022080212365835905,0.584574282169342,-0.9089298844337463,42.54701232910156,0.004140014760196209
4695000000,3.526487112045288,0.13912421464920044,-0.002181219169870019,0.5847240090370178,-0.8982219099998474,42.56846237182617,0.004144363570958376
4696000000,3.526489019393921,0.13907454907894135,-0.0021546357311308384,0.5848724842071533,-0.8875933885574341,42.566497802734375,0.004144363570958376
4697000000,3.5264904499053955,0.13903743028640747,-0.0021281354129314423,0.5849834084510803,-0.8769124150276184,42.54592514038086,0.004140014760196209
4698000000,3.526492118835449,0.13898824155330658,-0.0021020728163421154,0.5851304531097412,-0.866481363773346,42.56739807128906,0.004144363570958376
4699000000,3.526494026184082,0.1389394998550415,-0.002076223259791732,0.585276186466217,-0.8561278581619263,42.56543731689453,0.004144363570958376
4700000000,3.526495933532715,0.1388910710811615,-0.002050617942586541,0.5854209661483765,-0.8458658456802368,42.565059661865234,0.004144363570958376
4701000000,3.5264976024627686,0.13884298503398895,-0.0020252547692507505,0.5855647325515747,-0.8356945514678955,42.56468200683594,0.004144363570958376
4702000000,3.5264995098114014,0.13879519701004028,-0.002000131644308567,0.5857075452804565,-0.8256133794784546,42.56431198120117,0.004144363570958376
4703000000,3.526501178741455,0.13874775171279907,-0.001975246472284198,0.585849404335022,-0.815621554851532,42.56393814086914,0.004144363570958376
4704000000,3.526503086090088,0.13870060443878174,-0.00195059715770185,0.585990309715271,-0.8057183623313904,42.56357192993164,0.004144363570958376
4705000000,3.5265047550201416,0.13865377008914948,-0.0019261816050857306,0.5861303210258484,-0.7959031462669373,42.56320571899414,0.004144363570958376
4706000000,3.5265064239501953,0.13860724866390228,-0.001901997602544725,0.5862693786621094,-0.7861752510070801,42.562843322753906,0.004140014760196209
4707000000,3.526508331298828,0.1385609209537506,-0.0018780750688165426,0.5864078402519226,-0.7765477895736694,42.564064025878906,0.004144363570958376
4708000000,3.5265095233917236,0.13852722942829132,-0.0018541907193139195,0.586508572101593,-0.766859769821167,42.541996002197266,0.004140014760196209
4709000000,3.526510715484619,0.13849374651908875,-0.0018305544508621097,0.5866086483001709,-0.7572683691978455,42.543094635009766,0.004140014760196209
4710000000,3.526512384414673,0.13844817876815796,-0.0018072837265208364,0.5867449045181274,-0.7478888034820557,42.56317138671875,0.004140014760196209
4711000000,3.5265135765075684,0.13841512799263,-0.0017840798245742917,0.5868436694145203,-0.7384639382362366,42.54267883300781,0.004140014760196209
4712000000,3.526515245437622,0.1383700966835022,-0.0017612380906939507,0.5869783163070679,-0.7292476296424866,42.56255340576172,0.004140014760196209
4713000000,3.5265164375305176,0.13833756744861603,-0.0017384612001478672,0.5870755314826965,-0.7199869751930237,42.54206085205078,0.004140014760196209
4714000000,3.5265181064605713,0.1382930427789688,-0.0017160410061478615,0.5872085690498352,-0.7109313607215881,42.561946868896484,0.004140014760196209
4715000000,3.5265190601348877,0.13826104998588562,-0.0016936837928369641,0.5873042345046997,-0.7018323540687561,42.54145050048828,0.004140014760196209
4716000000,3.5265207290649414,0.1382170468568802,-0.0016716776881366968,0.587435781955719,-0.6929348707199097,42.56134796142578,0.004140014760196209
4717000000,3.526521921157837,0.1381855607032776,-0.0016497325850650668,0.5875298976898193,-0.6839949488639832,42.54084777832031,0.004140014760196209
4718000000,3.5265235900878906,0.13814204931259155,-0.0016281334683299065,0.5876599550247192,-0.67525315284729,42.560752868652344,0.004140014760196209
4719000000,3.5265250205993652,0.1380988359451294,-0.0016067412216216326,0.5877891778945923,-0.6665902733802795,42.56041717529297,0.004140014760196209
4720000000,3.526526689529419,0.13805589079856873,-0.001585553982295096,0.5879175066947937,-0.6580056548118591,42.560081481933594,0.004140014760196209
4721000000,3.5265281200408936,0.13801324367523193,-0.001564570120535791,0.5880449414253235,-0.649498701095581,42.559749603271484,0.004140014760196209
4722000000,3.5265297889709473,0.13797087967395782,-0.0015437875408679247,0.5881716012954712,-0.6410687565803528,42.55942153930664,0.004140014760196209
4723000000,3.526531219482422,0.1379287987947464,-0.0015232047298923135,0.588297426700592,-0.6327152848243713,42.5590934753418,0.004140014760196209
4724000000,3.5265328884124756,0.13788698613643646,-0.0015028197085484862,0.5884223580360413,-0.6244375705718994,42.55876541137695,0.004140014760196209
4725000000,3.52653431892395,0.1378454566001892,-0.0014826309634372592,0.5885465145111084,-0.6162351965904236,42.558441162109375,0.004140014760196209
4726000000,3.526535749435425,0.13780421018600464,-0.0014626365154981613,0.5886698365211487,-0.6081073880195618,42.55812072753906,0.004140014760196209
4727000000,3.5265371799468994,0.13776321709156036,-0.0014428348513320088,0.5887923240661621,-0.6000536680221558,42.55780029296875,0.004140014760196209
4728000000,3.526538848876953,0.13772250711917877,-0.0014232241082936525,0.5889140367507935,-0.592073380947113,42.5574836730957,0.004140014760196209
4729000000,3.5265402793884277,0.13768206536769867,-0.0014038026565685868,0.589034914970398,-0.5841659903526306,42.557167053222656,0.004140014760196209
4730000000,3.5265417098999023,0.13764189183712006,-0.0013845687499269843,0.5891550183296204,-0.5763309001922607,42.556854248046875,0.004140014760196209
4731000000,3.526543140411377,0.13760198652744293,-0.0013655208749696612,0.5892742872238159,-0.5685675144195557,42.55654525756836,0.004140014760196209
4732000000,3.5265445709228516,0.1375623345375061,-0.0013466572854667902,0.5893927812576294,-0.5608752965927124,42.556236267089844,0.004140014760196209
4733000000,3.526546001434326,0.13752295076847076,-0.0013279764680191875,0.5895105004310608,-0.5532536506652832,42.55592727661133,0.004140014760196209
4734000000,3.5265471935272217,0.13748383522033691,-0.0013094765599817038,0.5896274447441101,-0.5457020998001099,42.55562210083008,0.004140014760196209
4735000000,3.5265486240386963,0.13744495809078217,-0.0012911561643704772,0.5897436141967773,-0.5382199883460999,42.555320739746094,0.004140014760196209
4736000000,3.526550054550171,0.1374063491821289,-0.0012730136513710022,0.5898590087890625,-0.5308067798614502,42.55501937866211,0.004140014760196209
4737000000,3.5265510082244873,0.13738027215003967,-0.001254912931472063,0.5899369716644287,-0.5233591198921204,42.53459167480469,0.004140014760196209
4738000000,3.526552200317383,0.13734208047389984,-0.0012371091870591044,0.5900511145591736,-0.5160779356956482,42.554508209228516,0.004140014760196209
4739000000,3.526553153991699,0.13731643557548523,-0.0012193456059321761,0.5901278257369995,-0.5087630152702332,42.534080505371094,0.004140014760196209
4740000000,3.526554584503174,0.13727867603302002,-0.0012018746929243207,0.5902406573295593,-0.5016117095947266,42.55400848388672,0.004140014760196209
4741000000,3.526555299758911,0.13725344836711884,-0.00118444231338799,0.5903160572052002,-0.4944273829460144,42.533573150634766,0.004140014760196209
4742000000,3.5265567302703857,0.13721610605716705,-0.0011672984110191464,0.5904276371002197,-0.48740386962890625,42.55351257324219,0.004140014760196209
4743000000,3.526557445526123,0.1371912956237793,-0.0011501915287226439,0.5905017852783203,-0.4803480803966522,42.533077239990234,0.004140014760196209
4744000000,3.5265586376190186,0.13715437054634094,-0.0011333689326420426,0.5906121730804443,-0.47345030307769775,42.55302429199219,0.004140014760196209
4745000000,3.526559591293335,0.1371299773454666,-0.0011165818432345986,0.5906850695610046,-0.4665209650993347,42.53258514404297,0.004140014760196209
4746000000,3.5265607833862305,0.1370934695005417,-0.001100074965506792,0.5907942056655884,-0.45974695682525635,42.55253982543945,0.004140014760196209
4747000000,3.5265614986419678,0.1370694786310196,-0.001083602081052959,0.5908659100532532,-0.45294204354286194,42.53209686279297,0.004140014760196209
4748000000,3.5265629291534424,0.1370333582162857,-0.0010674054501578212,0.5909738540649414,-0.4462898075580597,42.55206298828125,0.004140014760196209
4749000000,3.5265636444091797,0.13700978457927704,-0.0010512411827221513,0.5910443067550659,-0.43960732221603394,42.531620025634766,0.004140014760196209
4750000000,3.526564836502075,0.13697406649589539,-0.0010353494435548782,0.5911510586738586,-0.43307486176490784,42.55159378051758,0.004140014760196209
4751000000,3.5265655517578125,0.13695088028907776,-0.0010194884380325675,0.5912203788757324,-0.42651283740997314,42.53114700317383,0.004140014760196209
4752000000,3.526566743850708,0.13691554963588715,-0.0010038962354883552,0.5913259387016296,-0.42009827494621277,42.55112838745117,0.004140014760196209
4753000000,3.5265679359436035,0.13688044250011444,-0.000988457933999598,0.5914308428764343,-0.41374415159225464,42.55085372924805,0.004140014760196209
4754000000,3.526569128036499,0.13684557378292084,-0.0009731723694130778,0.5915350914001465,-0.40744999051094055,42.55058288574219,0.004140014760196209
4755000000,3.5265703201293945,0.13681094348430634,-0.0009580380865372717,0.5916386246681213,-0.4012152850627899,42.55031204223633,0.004140014760196209
4756000000,3.52657151222229,0.13677652180194855,-0.0009430538048036397,0.5917415022850037,-0.3950396180152893,42.550045013427734,0.004140014760196209
4757000000,3.5265727043151855,0.13674233853816986,-0.0009282181272283196,0.5918436646461487,-0.38892242312431335,42.54977798461914,0.004140014760196209
4758000000,3.526573896408081,0.13670837879180908,-0.0009135297732427716,0.5919451713562012,-0.382863312959671,42.54951477050781,0.004140014760196209
4759000000,3.5265750885009766,0.1366746425628662,-0.0008989874622784555,0.5920460224151611,-0.3768617510795593,42.549251556396484,0.004140014760196209
4760000000,3.526576280593872,0.13664112985134125,-0.0008845899137668312,0.5921461582183838,-0.37091732025146484,42.548988342285156,0.004140014760196209
4761000000,3.5265774726867676,0.136607825756073,-0.0008703357889316976,0.5922456979751587,-0.36502954363822937,42.548728942871094,0.004140014760196209
4762000000,3.526578426361084,0.13657474517822266,-0.0008562238072045147,0.5923445820808411,-0.3591979444026947,42.5484733581543,0.004140014760196209
4763000000,3.5265796184539795,0.13654188811779022,-0.0008422528044320643,0.5924428105354309,-0.3534221053123474,42.548213958740234,0.004140014760196209
4764000000,3.526580810546875,0.1365092396736145,-0.0008284214418381453,0.5925403833389282,-0.3477015197277069,42.5479621887207,0.004140014760196209
4765000000,3.5265817642211914,0.1364767998456955,-0.0008147284970618784,0.592637300491333,-0.34203577041625977,42.547706604003906,0.004140014760196209
4766000000,3.526582956314087,0.1364445835351944,-0.0008011727477423847,0.5927335619926453,-0.33642444014549255,42.54745864868164,0.004140014760196209
4767000000,3.5265839099884033,0.13641257584095,-0.0007877530297264457,0.5928292274475098,-0.3308670222759247,42.54720687866211,0.004140014760196209
4768000000,3.526585102081299,0.13638077676296234,-0.0007744681206531823,0.5929242968559265,-0.3253631293773651,42.546958923339844,0.004140014760196209
4769000000,3.5265860557556152,0.13634918630123138,-0.0007613167399540544,0.5930187106132507,-0.319912314414978,42.546714782714844,0.004140014760196209
4770000000,3.5265872478485107,0.13631780445575714,-0.0007482978398911655,0.5931125283241272,-0.31451416015625,42.54646682739258,0.004140014760196209
4771000000,3.526588201522827,0.13628661632537842,-0.0007354101398959756,0.5932056903839111,-0.3091681897640228,42.546226501464844,0.004140014760196209
4772000000,3.5265891551971436,0.1362556368112564,-0.0007226525340229273,0.5932982563972473,-0.30387401580810547,42.545982360839844,0.004140014760196209
4773000000,3.526590347290039,0.1362248659133911,-0.0007100237999111414,0.5933902263641357,-0.2986312210559845,42.545745849609375,0.004140014760196209
4774000000,3.5265913009643555,0.13619430363178253,-0.0006975228898227215,0.5934816002845764,-0.2934393584728241,42.54550552368164,0.004140014760196209
4775000000,3.526592254638672,0.13616392016410828,-0.0006851486396044493,0.5935723781585693,-0.2882980406284332,42.54526901245117,0.004140014760196209
4776000000,3.5265932083129883,0.13613374531269073,-0.0006728998851031065,0.5936625599861145,-0.28320685029029846,42.5450325012207,0.004140014760196209
4777000000,3.526594400405884,0.1361037790775299,-0.0006607755785807967,0.5937521457672119,-0.278165340423584,42.5447998046875,0.004140014760196209
4778000000,3.5265953540802,0.1360739916563034,-0.0006487745558843017,0.5938411355018616,-0.27317315340042114,42.5445671081543,0.004140014760196209
4779000000,3.5265963077545166,0.13604441285133362,-0.0006368957692757249,0.5939295887947083,-0.2682298719882965,42.54433822631836,0.004140014760196209
4780000000,3.526597261428833,0.13601501286029816,-0.000625138112809509,0.5940174460411072,-0.26333507895469666,42.54410934448242,0.004140014760196209
4781000000,3.526597738265991,0.13599815964698792,-0.0006133897113613784,0.5940677523612976,-0.2584182024002075,42.52372741699219,0.004140014760196209
4782000000,3.5265986919403076,0.13596907258033752,-0.0006018585409037769,0.5941547155380249,-0.25361451506614685,42.543739318847656,0.004140014760196209
4783000000,3.526599168777466,0.13595253229141235,-0.0005903354613110423,0.5942041873931885,-0.24878917634487152,42.52335739135742,0.004140014760196209
4784000000,3.5266001224517822,0.13592374324798584,-0.0005790269351564348,0.5942901968955994,-0.24407507479190826,42.54338073730469,0.004140014760196209
4785000000,3.5266003608703613,0.13590750098228455,-0.0005677252192981541,0.5943387150764465,-0.23933978378772736,42.52299499511719,0.004140014760196209
4786000000,3.5266013145446777,0.13587899506092072,-0.0005566353793255985,0.5944238901138306,-0.2347138226032257,42.54302215576172,0.004140014760196209
4787000000,3.526601791381836,0.1358630508184433,-0.0005455513019114733,0.5944715142250061,-0.23006710410118103,42.52263641357422,0.004140014760196209
4788000000,3.5266027450561523,0.13583485782146454,-0.0005346763646230102,0.5945557951927185,-0.2255278378725052,42.54267120361328,0.004140014760196209
4789000000,3.5266032218933105,0.1358191967010498,-0.0005238060257397592,0.5946025848388672,-0.22096821665763855,42.522281646728516,0.004140014760196209
4790000000,3.526603937149048,0.13579128682613373,-0.0005131422658450902,0.5946860313415527,-0.2165142446756363,42.542320251464844,0.004140014760196209
4791000000,3.526604413986206,0.13577592372894287,-0.0005024819984100759,0.5947319269180298,-0.21204030513763428,42.52193069458008,0.004140014760196209
4792000000,3.5266053676605225,0.13574829697608948,-0.0004920257488265634,0.5948144793510437,-0.2076702117919922,42.54197692871094,0.004140014760196209
4793000000,3.5266056060791016,0.1357332170009613,-0.0004815719148609787,0.5948595404624939,-0.20328055322170258,42.521583557128906,0.004140014760196209
4794000000,3.526606559753418,0.1357058733701706,-0.0004713195958174765,0.594941258430481,-0.19899298250675201,42.5416374206543,0.004140014760196209
4795000000,3.526606798171997,0.1356910765171051,-0.0004610685573425144,0.5949854850769043,-0.19468621909618378,42.521244049072266,0.004140014760196209
4796000000,3.5266077518463135,0.13566400110721588,-0.00045101658906787634,0.5950663685798645,-0.1904798001050949,42.54130172729492,0.004140014760196209
4797000000,3.5266082286834717,0.13564948737621307,-0.00044096485362388194,0.595109760761261,-0.1862545758485794,42.52090835571289,0.004140014760196209
4798000000,3.526608943939209,0.13562268018722534,-0.0004311097436584532,0.5951898097991943,-0.18212799727916718,42.54097366333008,0.004140014760196209
4799000000,3.526609420776367,0.13560843467712402,-0.0004212538478896022,0.595232367515564,-0.17798295617103577,42.52057647705078,0.004140014760196209
4800000000,3.5266101360321045,0.13558191061019897,-0.00041159222018904984,0.59531170129776,-0.17393489181995392,42.540645599365234,0.004140014760196209
4801000000,3.5266103744506836,0.13556793332099915,-0.00040192872984334826,0.5953534245491028,-0.16986872255802155,42.52024841308594,0.004140014760196209
4802000000,3.526611328125,0.1355416625738144,-0.0003924572083633393,0.595431923866272,-0.1658979058265686,42.54032516479492,0.004140014760196209
4803000000,3.526611566543579,0.13552795350551605,-0.00038298280560411513,0.5954728722572327,-0.1619093120098114,42.51992416381836,0.004140014760196209
4804000000,3.5266125202178955,0.1355019509792328,-0.0003736980725079775,0.5955505967140198,-0.1580144613981247,42.54000473022461,0.004140014760196209
4805000000,3.5266127586364746,0.13548851013183594,-0.0003644094686023891,0.5955907106399536,-0.15410216152668,42.51960372924805,0.004140014760196209
4806000000,3.526613473892212,0.13546276092529297,-0.0003553082933649421,0.5956676602363586,-0.15028202533721924,42.53969192504883,0.004140014760196209
4807000000,3.52661395072937,0.1354495882987976,-0.0003462022286839783,0.5957070589065552,-0.14644476771354675,42.519287109375,0.004140014760196209
4808000000,3.5266146659851074,0.13542409241199493,-0.00033728143898770213,0.5957832336425781,-0.14269812405109406,42.53938293457031,0.004140014760196209
4809000000,3.5266149044036865,0.13541115820407867,-0.0003283547412138432,0.5958218574523926,-0.1389346718788147,42.51897430419922,0.004140014760196209
4810000000,3.526615619659424,0.1353859156370163,-0.000319611222948879,0.5958973169326782,-0.13526029884815216,42.5390739440918,0.004140014760196209
4811000000,3.5266165733337402,0.13536083698272705,-0.00031096150632947683,0.5959722399711609,-0.13162411749362946,42.53887939453125,0.004140014760196209
4812000000,3.5266172885894775,0.13533592224121094,-0.0003024048055522144,0.5960466861724854,-0.12802579998970032,42.5386848449707,0.004140014760196209
4813000000,3.526618003845215,0.13531115651130676,-0.0002939402766060084,0.5961207151412964,-0.12446505576372147,42.53849411010742,0.004140014760196209
4814000000,3.526618719100952,0.13528656959533691,-0.0002855671336874366,0.5961942076683044,-0.12094154953956604,42.538299560546875,0.004140014760196209
4815000000,3.5266194343566895,0.135262131690979,-0.0002772845036815852,0.5962672233581543,-0.11745497584342957,42.538108825683594,0.004140014760196209
4816000000,3.5266201496124268,0.13523784279823303,-0.00026909162988886237,0.596339762210846,-0.11400502175092697,42.53792190551758,0.004140014760196209
4817000000,3.526620864868164,0.1352137178182602,-0.00026098766829818487,0.5964118838310242,-0.11059138923883438,42.5377311706543,0.004140014760196209
4818000000,3.5266215801239014,0.13518975675106049,-0.0002529718622099608,0.5964834690093994,-0.10721377283334732,42.53754425048828,0.004140014760196209
4819000000,3.5266222953796387,0.13516594469547272,-0.0002450434258207679,0.5965546369552612,-0.10387186706066132,42.53736114501953,0.004140014760196209
4820000000,3.526623010635376,0.1351422816514969,-0.00023720158787909895,0.5966253280639648,-0.10056538134813309,42.537174224853516,0.004140014760196209
4821000000,3.5266237258911133,0.1351187825202942,-0.00022944554802961648,0.596695601940155,-0.09729401022195816,42.536991119384766,0.004140014760196209
4822000000,3.5266244411468506,0.13509543240070343,-0.00022177454957272857,0.5967653393745422,-0.09405747056007385,42.53681182861328,0.004140014760196209
4823000000,3.526625156402588,0.1350722312927246,-0.00021418783580884337,0.5968347191810608,-0.09085545688867569,42.53662872314453,0.004140014760196209
4824000000,3.526625871658325,0.13504917919635773,-0.00020668466459028423,0.5969035625457764,-0.08768768608570099,42.53644943237305,0.004140014760196209
4825000000,3.5266265869140625,0.1350262612104416,-0.0001992642937693745,0.5969720482826233,-0.08455387502908707,42.53627014160156,0.004140014760196209
4826000000,3.5266273021698,0.13500350713729858,-0.00019192596664652228,0.597040057182312,-0.08145373314619064,42.536094665527344,0.004140014760196209
4827000000,3.526628017425537,0.13498090207576752,-0.0001846689556259662,0.5971075892448425,-0.07838698476552963,42.53591537475586,0.004140014760196209
4828000000,3.5266284942626953,0.1349584311246872,-0.00017749254766386002,0.5971747040748596,-0.07535333931446075,42.535743713378906,0.004140014760196209
4829000000,3.5266292095184326,0.13493612408638,-0.0001703960297163576,0.5972414016723633,-0.07235252112150192,42.53556823730469,0.004140014760196209
4830000000,3.52662992477417,0.13491393625736237,-0.00016337865963578224,0.5973076820373535,-0.06938425451517105,42.535396575927734,0.004140014760196209
4831000000,3.5266306400299072,0.13489191234111786,-0.00015643975348211825,0.5973735451698303,-0.06644827127456665,42.535221099853516,0.004140014760196209
4832000000,3.5266311168670654,0.1348700225353241,-0.00014957861276343465,0.5974389314651489,-0.06354429572820663,42.53505325317383,0.004140014760196209
4833000000,3.5266318321228027,0.13484826683998108,-0.00014279453898780048,0.5975039601325989,-0.06067205220460892,42.534881591796875,0.004140014760196209
4834000000,3.526632308959961,0.13482666015625,-0.00013608683366328478,0.5975685119628906,-0.057831279933452606,42.53471374511719,0.004140014760196209
4835000000,3.5266330242156982,0.13480518758296967,-0.00012945481284987181,0.597632646560669,-0.05502171441912651,42.5345458984375,0.004140014760196209
4836000000,3.5266337394714355,0.13478384912014008,-0.0001228978217113763,0.5976964235305786,-0.05224308744072914,42.53438186645508,0.004140014760196209
4837000000,3.5266342163085938,0.13476265966892242,-0.00011641517630778253,0.5977597236633301,-0.049495141953229904,42.53421401977539,0.004140014760196209
4838000000,3.526634931564331,0.13474158942699432,-0.0001100062218029052,0.5978226661682129,-0.04677761718630791,42.53404998779297,0.004140014760196209
4839000000,3.5266354084014893,0.13472066819667816,-0.0001036702815326862,0.5978851914405823,-0.044090256094932556,42.53388595581055,0.004140014760196209
4840000000,3.5266361236572266,0.13469988107681274,-9.74067224888131e-05,0.5979472994804382,-0.04143280163407326,42.53372573852539,0.004140014760196209
4841000000,3.5266366004943848,0.13467921316623688,-9.121488255914301e-05,0.5980090498924255,-0.038805000483989716,42.533565521240234,0.004140014760196209
4842000000,3.526637315750122,0.13465869426727295,-8.50941360113211e-05,0.5980703830718994,-0.036206603050231934,42.53340530395508,0.004140014760196209
4843000000,3.5266377925872803,0.13463829457759857,-7.904383528511971e-05,0.5981312990188599,-0.03363736346364021,42.53324508666992,0.004140014760196209
4844000000,3.5266382694244385,0.13461804389953613,-7.306334737222642e-05,0.5981918573379517,-0.031097030267119408,42.533084869384766,0.004140014760196209
4845000000,3.526638984680176,0.13459791243076324,-6.715206109220162e-05,0.59825199842453,-0.02858535759150982,42.532928466796875,0.004140014760196209
4846000000,3.526639461517334,0.1345779001712799,-6.130934343673289e-05,0.5983117818832397,-0.026102105155587196,42.532772064208984,0.004140014760196209
4847000000,3.526639938354492,0.13455802202224731,-5.553459413931705e-05,0.598371148109436,-0.02364702895283699,42.53261947631836,0.004140014760196209
4848000000,3.5266406536102295,0.13453827798366547,-4.98271947435569e-05,0.5984301567077637,-0.02121989242732525,42.53246307373047,0.004140014760196209
4849000000,3.5266411304473877,0.13451865315437317,-4.418654862092808e-05,0.5984888076782227,-0.01882045716047287,42.532310485839844,0.004140014760196209
4850000000,3.526641607284546,0.13449916243553162,-3.8612051866948605e-05,0.5985470414161682,-0.0164484865963459,42.53215789794922,0.004140014760196209
4851000000,3.526642084121704,0.13447979092597961,-3.310311876703054e-05,0.5986049771308899,-0.014103746972978115,42.53200912475586,0.004140014760196209
4852000000,3.5266427993774414,0.13446053862571716,-2.765915633062832e-05,0.5986624360084534,-0.011786007322371006,42.531856536865234,0.004140014760196209
4853000000,3.5266432762145996,0.13444142043590546,-2.2279586119111627e-05,0.598719596862793,-0.00949503667652607,42.531707763671875,0.004140014760196209
4854000000,3.526643753051758,0.1344224065542221,-1.6963827874860726e-05,0.5987764000892639,-0.007230608258396387,42.531558990478516,0.004140014760196209
4855000000,3.526644229888916,0.1344035267829895,-1.1711314073181711e-05,0.5988327860832214,-0.004992494359612465,42.53141403198242,0.004140014760196209
4856000000,3.526644706726074,0.13438476622104645,-6.521474915643921e-06,0.5988888740539551,-0.0027804712299257517,42.53126525878906,0.004140014760196209
4857000000,3.5266451835632324,0.13436612486839294,-1.393748561895336e-06,0.5989445447921753,-0.000594315817579627,42.53112030029297,0.004140014760196209
4858000000,3.5266456604003906,0.134347602725029,3.672421598821529e-06,0.5989999175071716,0.0015661928337067366,42.530975341796875,0.004140014760196209
4859000000,3.526646137237549,0.1343291997909546,8.677588084538002e-06,0.5990548729896545,0.0037012738175690174,42.53083419799805,0.004140014760196209
4860000000,3.526646614074707,0.13431091606616974,1.3622297956317198e-05,0.5991095304489136,0.005811144597828388,42.53068923950195,0.004140014760196209
4861000000,3.5266470909118652,0.13429275155067444,1.8507093045627698e-05,0.599163830280304,0.007896021008491516,42.530548095703125,0.004140014760196209
4862000000,3.5266475677490234,0.1342746913433075,2.3332513592322357e-05,0.5992177724838257,0.009956116788089275,42.5304069519043,0.004140014760196209
4863000000,3.5266480445861816,0.1342567503452301,2.8099089831812307e-05,0.5992713570594788,0.011991644278168678,42.530269622802734,0.004140014760196209
4864000000,3.52664852142334,0.13423892855644226,3.280735109001398e-05,0.5993245840072632,0.014002813957631588,42.530128479003906,0.004140014760196209
4865000000,3.526648998260498,0.13422121107578278,3.7457823054865e-05,0.5993775129318237,0.01598983444273472,42.529991149902344,0.004140014760196209
4866000000,3.5266494750976562,0.13420361280441284,4.205102231935598e-05,0.5994300842285156,0.01795291341841221,42.52985382080078,0.004140014760196209
4867000000,3.5266499519348145,0.13418613374233246,4.658746547647752e-05,0.5994823575019836,0.01989225670695305,42.52971649169922,0.004140014760196209
4868000000,3.5266504287719727,0.13416874408721924,5.106766184326261e-05,0.599534273147583,0.021808067336678505,42.529579162597656,0.004140014760196209
4869000000,3.526650905609131,0.13415148854255676,5.549211346078664e-05,0.5995858311653137,0.023700548335909843,42.52944564819336,0.004140014760196209
4870000000,3.526651382446289,0.13413432240486145,5.9861329646082595e-05,0.5996370911598206,0.025569899007678032,42.52931213378906,0.004140014760196209
4871000000,3.526651620864868,0.1341172754764557,6.417580152628943e-05,0.5996880531311035,0.027416320517659187,42.529178619384766,0.004140014760196209
4872000000,3.5266520977020264,0.13410034775733948,6.843602750450373e-05,0.5997386574745178,0.02924000658094883,42.529048919677734,0.004140014760196209
4873000000,3.5266525745391846,0.13408350944519043,7.26424841559492e-05,0.5997889041900635,0.031041156500577927,42.52891540527344,0.004140014760196209
4874000000,3.5266530513763428,0.13406679034233093,7.679566624574363e-05,0.59983891248703,0.032819963991642,42.528785705566406,0.004140014760196209
4875000000,3.526653289794922,0.1340501755475998,8.089604671113193e-05,0.5998885631561279,0.03457661718130112,42.528656005859375,0.004140014760196209
4876000000,3.52665376663208,0.13403365015983582,8.494410576531664e-05,0.5999378561973572,0.0363113135099411,42.528526306152344,0.004140014760196209
4877000000,3.5266542434692383,0.1340172439813614,8.894031634554267e-05,0.5999869108200073,0.03802424296736717,42.52839660644531,0.004140014760196209
4878000000,3.5266547203063965,0.13400094211101532,9.288514411309734e-05,0.6000356078147888,0.03971558436751366,42.52827072143555,0.004140014760196209
4879000000,3.5266549587249756,0.1339847445487976,9.677904745331034e-05,0.6000840067863464,0.04138553515076637,42.52814483642578,0.004140014760196209
4880000000,3.526655435562134,0.13396863639354706,0.00010062248475151137,0.6001321077346802,0.04303427040576935,42.528018951416016,0.004140014760196209
4881000000,3.526655912399292,0.13395264744758606,0.00010441592166898772,0.60017991065979,0.044661980122327805,42.52789306640625,0.004140014760196209
4882000000,3.526656150817871,0.13393674790859222,0.00010815980203915387,0.600227415561676,0.04626884683966637,42.52777099609375,0.004140014760196209
4883000000,3.5266566276550293,0.13392095267772675,0.00011185456969542429,0.6002745628356934,0.04785504564642906,42.527645111083984,0.004140014760196209
4884000000,3.5266568660736084,0.13390526175498962,0.00011550067574717104,0.6003214716911316,0.049420759081840515,42.527523040771484,0.004140014760196209
4885000000,3.5266573429107666,0.13388966023921967,0.00011909855675185099,0.600368082523346,0.05096616595983505,42.527400970458984,0.004140014760196209
4886000000,3.5266575813293457,0.13387416303157806,0.00012264864926692098,0.6004143953323364,0.0524914413690567,42.52728271484375,0.004140014760196209
4887000000,3.526658058166504,0.13385875523090363,0.00012615136802196503,0.600460410118103,0.05399675667285919,42.52716064453125,0.004140014760196209
4888000000,3.526658296585083,0.13384345173835754,0.00012960717140231282,0.6005061268806458,0.05548229068517685,42.527042388916016,0.004140014760196209
4889000000,3.526658773422241,0.13382825255393982,0.00013301646686159074,0.6005515456199646,0.056948211044073105,42.52692413330078,0.004140014760196209
4890000000,3.5266590118408203,0.13381314277648926,0.0001363796618534252,0.6005966663360596,0.05839468911290169,42.52680587768555,0.004140014760196209
4891000000,3.5266594886779785,0.13379812240600586,0.00013969720748718828,0.6006415486335754,0.05982189625501633,42.52668762207031,0.004140014760196209
4892000000,3.5266597270965576,0.13378320634365082,0.0001429694821126759,0.6006861329078674,0.061229996383190155,42.52656936645508,0.004140014760196209
4893000000,3.526660203933716,0.13376837968826294,0.00014619692228734493,0.6007304191589355,0.0626191571354866,42.52645492553711,0.004140014760196209
4894000000,3.526660442352295,0.13375364243984222,0.0001493799063609913,0.6007744073867798,0.0639895424246788,42.52634048461914,0.004140014760196209
4895000000,3.526660919189453,0.13373899459838867,0.00015251885633915663,0.6008181571960449,0.06534132361412048,42.52622604370117,0.004140014760196209
4896000000,3.5266611576080322,0.13372445106506348,0.0001556141796754673,0.6008616089820862,0.06667465716600418,42.5261116027832,0.004140014760196209
4897000000,3.5266613960266113,0.13370999693870544,0.00015866624016780406,0.6009048223495483,0.06798969954252243,42.5260009765625,0.004140014760196209
4898000000,3.5266618728637695,0.13369563221931458,0.0001616754598217085,0.6009477376937866,0.06928661465644836,42.52588653564453,0.004140014760196209
4899000000,3.5266621112823486,0.13368135690689087,0.00016464221698697656,0.600990355014801,0.07056555896997452,42.52577590942383,0.004140014760196209
4900000000,3.5266623497009277,0.13366715610027313,0.0001675668900134042,0.6010327339172363,0.07182669639587402,42.525665283203125,0.004140014760196209
4901000000,3.526662826538086,0.13365305960178375,0.00017044987180270255,0.6010748744010925,0.07307017594575882,42.52555465698242,0.004140014760196209
4902000000,3.526663064956665,0.13363905251026154,0.00017329152615275234,0.6011167168617249,0.07429615408182144,42.52544403076172,0.004140014760196209
4903000000,3.526663303375244,0.13362513482570648,0.00017609224596526474,0.6011583209037781,0.07550477981567383,42.52533721923828,0.004140014760196209
4904000000,3.5266635417938232,0.1336112916469574,0.00017885238048620522,0.6011996269226074,0.07669620960950851,42.52522659301758,0.004140014760196209
4905000000,3.5266640186309814,0.13359755277633667,0.00018157232261728495,0.6012406945228577,0.07787059992551804,42.52511978149414,0.004140014760196209
4906000000,3.5266642570495605,0.1335838884115219,0.00018425242160446942,0.6012815237045288,0.07902809232473373,42.5250129699707,0.004140014760196209
4907000000,3.5266644954681396,0.13357031345367432,0.00018689305579755455,0.6013220548629761,0.08016883581876755,42.524906158447266,0.004140014760196209
4909000000,3.5266647338867188,0.1335568130016327,0.0001894945598905906,0.601362407207489,0.08129297196865082,42.524803161621094,0.004140014760196209
4909000000,3.526664972305298,0.13354341685771942,0.00019205731223337352,0.6014024019241333,0.08240065723657608,42.524696350097656,0.004140014760196209
4910000000,3.526665449142456,0.13353009521961212,0.00019458164751995355,0.6014422178268433,0.08349203318357468,42.524593353271484,0.004140014760196209
4911000000,3.526665687561035,0.1335168480873108,0.0001970679295482114,0.6014817953109741,0.08456724882125854,42.52449035644531,0.004140014760196209
4912000000,3.5266659259796143,0.13350369036197662,0.00019951649301219732,0.6015210747718811,0.08562643080949783,42.52438735961914,0.004140014760196209
4913000000,3.5266661643981934,0.13349062204360962,0.0002019276871578768,0.601560115814209,0.08666972815990448,42.52428436279297,0.004140014760196209
4914000000,3.5266664028167725,0.13347762823104858,0.0002043018612312153,0.6015989780426025,0.08769728243350983,42.5241813659668,0.004140014760196209
4915000000,3.5266666412353516,0.13346470892429352,0.00020663933537434787,0.6016375422477722,0.08870923519134521,42.52408218383789,0.004140014760196209
4916000000,3.5266668796539307,0.13345187902450562,0.00020894045883323997,0.6016758680343628,0.08970572054386139,42.523983001708984,0.004140014760196209
4917000000,3.5266671180725098,0.13343912363052368,0.00021120555175002664,0.6017139554023743,0.0906868726015091,42.52388381958008,0.004140014760196209
4918000000,3.526667356491089,0.1334264576435089,0.00021343496337067336,0.6017518043518066,0.09165283292531967,42.52378463745117,0.004140014760196209
4919000000,3.526667594909668,0.13341385126113892,0.00021562898473348469,0.6017894148826599,0.09260372817516327,42.523685455322266,0.004140014760196209
4920000000,3.526667833328247,0.13340134918689728,0.00021778797963634133,0.6018267869949341,0.09353969246149063,42.52358627319336,0.004140014760196209
4921000000,3.526668071746826,0.13338890671730042,0.00021991222456563264,0.6018639802932739,0.0944608673453331,42.52349090576172,0.004140014760196209
4922000000,3.5266683101654053,0.13337653875350952,0.0002220020687673241,0.6019008755683899,0.09536737203598022,42.52339172363281,0.004140014760196209
4923000000,3.5266685485839844,0.1333642601966858,0.0002240578323835507,0.6019375920295715,0.09625934064388275,42.52329635620117,0.004140014760196209
4924000000,3.5266687870025635,0.13335205614566803,0.00022607979190070182,0.6019740104675293,0.09713690727949142,42.52320098876953,0.004140014760196209
4925000000,3.5266690254211426,0.13333992660045624,0.0002280682820128277,0.6020102500915527,0.0980001911520958,42.52310562133789,0.004140014760196209
4926000000,3.5266692638397217,0.13332785665988922,0.00023002360831014812,0.6020462512969971,0.0988493263721466,42.52301025390625,0.004140014760196209
4927000000,3.526669502258301,0.13331587612628937,0.0002319460763828829,0.6020820736885071,0.09968443214893341,42.522918701171875,0.004140014760196209
4928000000,3.52666974067688,0.13330397009849548,0.00023383596271742135,0.602117657661438,0.10050563514232635,42.522823333740234,0.004140014760196209
4929000000,3.526669979095459,0.13329213857650757,0.00023569360200781375,0.6021530032157898,0.10131306201219559,42.52273178100586,0.004140014760196209
4930000000,3.526670217514038,0.13328038156032562,0.00023751927074044943,0.6021881103515625,0.10210683196783066,42.522640228271484,0.004140014760196209
4931000000,3.526670455932617,0.13326869904994965,0.00023931324540171772,0.6022230386734009,0.10288706421852112,42.52254867553711,0.004140014760196209
4932000000,3.5266706943511963,0.13325707614421844,0.00024107584613375366,0.6022577285766602,0.10365388542413712,42.522457122802734,0.004140014760196209
4933000000,3.5266709327697754,0.1332455277442932,0.0002428073639748618,0.6022921800613403,0.1044074147939682,42.522369384765625,0.004140014760196209
4934000000,3.5266709327697754,0.13323405385017395,0.00024450806085951626,0.6023264527320862,0.10514776408672333,42.52227783203125,0.004140014760196209
4935000000,3.5266711711883545,0.13322265446186066,0.0002461782132741064,0.6023604869842529,0.10587505996227264,42.52219009399414,0.004140014760196209
4936000000,3.5266714096069336,0.13321132957935333,0.00024781812680885196,0.6023943424224854,0.1065894067287445,42.522098541259766,0.004140014760196209
4937000000,3.5266716480255127,0.13320006430149078,0.0002494280633982271,0.6024279594421387,0.10729093104600906,42.522010803222656,0.004140014760196209
4938000000,3.526671886444092,0.1331888735294342,0.00025100831408053637,0.6024613976478577,0.10797974467277527,42.52192306518555,0.004140014760196209
4939000000,3.526671886444092,0.1331777572631836,0.0002525591407902539,0.6024945974349976,0.10865595936775208,42.52183532714844,0.004140014760196209
4940000000,3.526672124862671,0.13316670060157776,0.0002540808345656842,0.6025276184082031,0.10931968688964844,42.521751403808594,0.004140014760196209
4941000000,3.52667236328125,0.1331557184457779,0.000255573628237471,0.6025604605674744,0.10997103899717331,42.521663665771484,0.004140014760196209
4942000000,3.526672601699829,0.1331447958946228,0.0002570378128439188,0.6025930643081665,0.11061013489961624,42.52157974243164,0.004140014760196209
4943000000,3.526672601699829,0.13313394784927368,0.00025847365031950176,0.6026254892349243,0.111237071454525,42.52149200439453,0.004140014760196209
4944000000,3.526672840118408,0.13312315940856934,0.0002598813734948635,0.602657675743103,0.11185196787118912,42.52140808105469,0.004140014760196209
4945000000,3.5266730785369873,0.13311244547367096,0.0002612612734083086,0.6026896834373474,0.11245492845773697,42.521324157714844,0.004140014760196209
4946000000,3.5266733169555664,0.13310179114341736,0.0002626136119943112,0.6027215123176575,0.1130460575222969,42.521240234375,0.004140014760196209
4947000000,3.5266733169555664,0.13309119641780853,0.00026393862208351493,0.6027531027793884,0.11362546682357788,42.52116012573242,0.004140014760196209
4948000000,3.5266735553741455,0.13308067619800568,0.0002652365656103939,0.6027845740318298,0.11419325321912766,42.52107620239258,0.004140014760196209
4949000000,3.5266737937927246,0.1330702155828476,0.0002665077045094222,0.6028157472610474,0.11474953591823578,42.52099609375,0.004140014760196209
4950000000,3.5266737937927246,0.13305982947349548,0.00026775224250741303,0.6028468012809753,0.11529440432786942,42.520912170410156,0.004140014760196209
4951000000,3.5266740322113037,0.13304950296878815,0.00026897049974650145,0.602877676486969,0.11582797020673752,42.52083206176758,0.004140014760196209
4952000000,3.526674270629883,0.13303923606872559,0.00027016265084967017,0.6029083132743835,0.11635033041238785,42.520751953125,0.004140014760196209
4953000000,3.526674270629883,0.1330290287733078,0.0002713289577513933,0.6029387712478638,0.11686158180236816,42.52067184448242,0.004140014760196209
4954000000,3.526674509048462,0.1330188810825348,0.000272469682386145,0.6029691100120544,0.11736183613538742,42.520591735839844,0.004140014760196209
4955000000,3.526674509048462,0.13300880789756775,0.0002735850284807384,0.602999210357666,0.11785118281841278,42.520511627197266,0.004140014760196209
4956000000,3.526674747467041,0.13299879431724548,0.00027467525796964765,0.6030291318893433,0.1183297336101532,42.52043533325195,0.004140014760196209
4957000000,3.52667498588562,0.1329888254404068,0.0002757406036835164,0.6030588150024414,0.11879757046699524,42.520355224609375,0.004140014760196209
4958000000,3.52667498588562,0.13297893106937408,0.0002767812693491578,0.60308837890625,0.11925479769706726,42.52027893066406,0.004140014760196209
4959000000,3.526675224304199,0.13296909630298615,0.00027779751690104604,0.6031177639961243,0.11970150470733643,42.52020263671875,0.004140014760196209
4960000000,3.526675224304199,0.13295932114124298,0.00027878955006599426,0.6031469702720642,0.12013780325651169,42.52012634277344,0.004140014760196209
4961000000,3.5266754627227783,0.1329496055841446,0.00027975760167464614,0.6031759977340698,0.12056376785039902,42.520050048828125,0.004140014760196209
4962000000,3.5266754627227783,0.13293994963169098,0.00028070187545381486,0.6032047867774963,0.12097950279712677,42.51997375488281,0.004140014760196209
4963000000,3.5266757011413574,0.13293035328388214,0.00028162263333797455,0.6032334566116333,0.1213851049542427,42.5198974609375,0.004140014760196209
4964000000,3.5266757011413574,0.13292081654071808,0.0002825200790539384,0.6032619476318359,0.12178065627813339,42.51982116699219,0.004140014760196209
4965000000,3.5266759395599365,0.1329113245010376,0.0002833944163285196,0.6032902598381042,0.12216626107692719,42.51974868774414,0.004140014760196209
4966000000,3.5266759395599365,0.13290190696716309,0.0002842458779923618,0.6033183932304382,0.12254199385643005,42.51967239379883,0.004140014760196209
4967000000,3.5266761779785156,0.13289253413677216,0.0002850746677722782,0.6033464074134827,0.12290795147418976,42.51959991455078,0.004140014760196209
4968000000,3.5266761779785156,0.1328832358121872,0.000285880989395082,0.603374183177948,0.12326423078775406,42.519527435302734,0.004140014760196209
4969000000,3.5266764163970947,0.13287398219108582,0.0002866650465875864,0.6034018397331238,0.12361090630292892,42.51945495605469,0.004140014760196209
4970000000,3.5266764163970947,0.13286477327346802,0.0002874271012842655,0.6034292578697205,0.12394807487726212,42.51938247680664,0.004140014760196209
4971000000,3.526676654815674,0.1328556388616562,0.0002881672990042716,0.6034565567970276,0.1242758259177208,42.519309997558594,0.004140014760196209
4972000000,3.526676654815674,0.13284654915332794,0.0002888858434744179,0.6034837365150452,0.12459423393011093,42.51924133300781,0.004140014760196209
4973000000,3.526676893234253,0.13283751904964447,0.00028958296752534807,0.6035106778144836,0.12490338832139969,42.519168853759766,0.004140014760196209
4974000000,3.526676893234253,0.13282853364944458,0.00029025887488387525,0.6035374999046326,0.12520338594913483,42.51909637451172,0.004140014760196209
4975000000,3.526676893234253,0.13281962275505066,0.00029091376927681267,0.6035641431808472,0.12549428641796112,42.51902770996094,0.004140014760196209
4976000000,3.526677131652832,0.13281074166297913,0.0002915477962233126,0.6035906076431274,0.12577620148658752,42.518959045410156,0.004140014760196209
4977000000,3.526677131652832,0.13280193507671356,0.00029216118855401874,0.6036169528961182,0.1260491907596588,42.518890380859375,0.004140014760196209
4978000000,3.526677131652832,0.13279317319393158,0.00029275414999574423,0.6036431193351746,0.12631335854530334,42.518821716308594,0.004140014760196209
4979000000,3.526677370071411,0.13278445601463318,0.00029332685517147183,0.6036691069602966,0.1265687495470047,42.51875305175781,0.004140014760196209
4980000000,3.526677370071411,0.13277579843997955,0.00029387950780801475,0.6036949753761292,0.12681548297405243,42.51868438720703,0.004140014760196209
4981000000,3.5266776084899902,0.1327672004699707,0.0002944122825283557,0.6037206649780273,0.1270536184310913,42.51861572265625,0.004140014760196209
4982000000,3.5266776084899902,0.13275864720344543,0.0002949253539554775,0.6037461757659912,0.1272832453250885,42.51854705810547,0.004140014760196209
4983000000,3.5266776084899902,0.13275013864040375,0.0002954189549200237,0.6037715673446655,0.12750442326068878,42.51848220825195,0.004140014760196209
4984000000,3.5266778469085693,0.13274168968200684,0.0002958932309411466,0.6037967801094055,0.1277172565460205,42.51841354370117,0.004140014760196209
4985000000,3.5266778469085693,0.1327333003282547,0.000296348356641829,0.603821873664856,0.12792180478572845,42.518348693847656,0.004140014760196209
4986000000,3.5266778469085693,0.13272494077682495,0.0002967845357488841,0.6038467884063721,0.1281181424856186,42.51828384399414,0.004140014760196209
4987000000,3.5266778469085693,0.13271664083003998,0.00029720194288529456,0.6038715839385986,0.1283063441514969,42.518218994140625,0.004140014760196209
4988000000,3.5266780853271484,0.13270840048789978,0.0002976007526740432,0.6038962006568909,0.1284864991903305,42.51815414428711,0.004140014760196209
4989000000,3.5266780853271484,0.13270018994808197,0.00029798111063428223,0.6039206981658936,0.12865868210792542,42.518089294433594,0.004140014760196209
4990000000,3.5266780853271484,0.13269203901290894,0.00029834324959665537,0.6039450168609619,0.1288229525089264,42.51802444458008,0.004140014760196209
4991000000,3.5266783237457275,0.13268394768238068,0.0002986873150803149,0.6039692163467407,0.1289793848991394,42.51795959472656,0.004140014760196209
4992000000,3.5266783237457275,0.1326758861541748,0.00029901345260441303,0.60399329662323,0.12912805378437042,42.51789855957031,0.004140014760196209
4993000000,3.5266783237457275,0.1326678842306137,0.00029932186589576304,0.6040171980857849,0.1292690485715866,42.5178337097168,0.004140014760196209
4994000000,3.5266783237457275,0.1326599270105362,0.00029961272957734764,0.6040409207344055,0.12940241396427155,42.51777267456055,0.004140014760196209
4995000000,3.5266785621643066,0.13265201449394226,0.0002998861891683191,0.6040645837783813,0.1295282542705536,42.51770782470703,0.004140014760196209
4996000000,3.5266785621643066,0.1326441466808319,0.00030014239018782973,0.6040880084037781,0.12964659929275513,42.51764678955078,0.004140014760196209
4997000000,3.5266785621643066,0.13263633847236633,0.0003003815363626927,0.60411137342453,0.12975753843784332,42.51758575439453,0.004140014760196209
4998000000,3.5266785621643066,0.13262856006622314,0.00030060377321206033,0.6041345596313477,0.12986114621162415,42.51752471923828,0.004140014760196209
4999000000,3.5266785621643066,0.13262084126472473,0.00030080924625508487,0.6041576266288757,0.12995748221874237,42.51746368408203,0.004140014760196209
5000000000,3.5266788005828857,0.1326131671667099,0.0003009981301147491,0.6041805148124695,0.13004662096500397,42.51740264892578,0.004140014760196209
5001000000,3.5266788005828857,0.13260553777217865,0.0003011705994140357,0.6042033433914185,0.1301286220550537,42.51734161376953,0.004140014760196209
5002000000,3.5266788005828857,0.1325979381799698,0.00030132679967209697,0.6042259931564331,0.13020355999469757,42.51728439331055,0.004140014760196209
5003000000,3.5266788005828857,0.1325903981924057,0.0003014668764080852,0.6042484641075134,0.13027149438858032,42.5172233581543,0.004140014760196209
5004000000,3.5266788005828857,0.1325829029083252,0.00030159097514115274,0.604270875453949,0.13033248484134674,42.51716232299805,0.004140014760196209
5005000000,3.5266788005828857,0.13257545232772827,0.00030169927049428225,0.6042931079864502,0.1303866058588028,42.51710510253906,0.004140014760196209
5006000000,3.526679039001465,0.13256804645061493,0.00030179187888279557,0.6043152213096619,0.13043393194675446,42.51704788208008,0.004140014760196209
5007000000,3.526679039001465,0.13256068527698517,0.0003018690040335059,0.604337215423584,0.1304745078086853,42.51698684692383,0.004140014760196209
5008000000,3.531322479248047,0.13244421780109406,0.00012525302008725703,0.6052046418190002,0.05418482795357704,28.496488571166992,0.002970199566334486
5009000000,3.5313236713409424,0.1325291395187378,0.00013442960334941745,0.6049516797065735,0.05811738222837448,42.42081832885742,0.004131317138671875
5010000000,3.5313234329223633,0.13251738250255585,0.0001382066257065162,0.6049866676330566,0.05975557863712311,42.51345443725586,0.004140014760196209
5011000000,3.531323194503784,0.13251838088035583,0.0001426765084033832,0.6049836874008179,0.061687733978033066,42.493682861328125,0.004135665949434042
5012000000,3.531323194503784,0.13251933455467224,0.00014707270020153373,0.6049808263778687,0.06358801573514938,42.495086669921875,0.004135665949434042
5013000000,3.531322956085205,0.13252028822898865,0.00015141944459173828,0.6049779653549194,0.06546689569950104,42.495094299316406,0.004135665949434042
5014000000,3.531322717666626,0.13250844180583954,0.00015561383042950183,0.6050132513046265,0.06728636473417282,42.51791000366211,0.004140014760196209
5015000000,3.531322479248047,0.13249681890010834,0.00015976732538547367,0.605047881603241,0.06908836215734482,42.516178131103516,0.004140014760196209
5016000000,3.531322479248047,0.13249792158603668,0.0001639648253330961,0.6050445437431335,0.07090290635824203,42.493507385253906,0.004135665949434042
5017000000,3.531322479248047,0.13249897956848145,0.00016809128283057362,0.6050414443016052,0.07268672436475754,42.49491500854492,0.004135665949434042
5018000000,3.5313220024108887,0.1324872523546219,0.0001720688451314345,0.6050763726234436,0.07441329956054688,42.51773452758789,0.004140014760196209
5019000000,3.5313217639923096,0.13247573375701904,0.00017600739374756813,0.6051106452941895,0.0761231854557991,42.51600646972656,0.004140014760196209
5020000000,3.5313217639923096,0.13246428966522217,0.00017988674517255276,0.605144739151001,0.0778077244758606,42.51591110229492,0.004140014760196209
5021000000,3.5313215255737305,0.13245289027690887,0.0001837074669310823,0.6051786541938782,0.07946716248989105,42.51581954956055,0.004140014760196209
5022000000,3.5313212871551514,0.13244158029556274,0.00018747012654785067,0.605212390422821,0.08110172301530838,42.51572799682617,0.004140014760196209
5023000000,3.5313210487365723,0.1324303150177002,0.0001911752624437213,0.6052458882331848,0.08271162956953049,42.5156364440918,0.004140014760196209
5024000000,3.531320810317993,0.13241912424564362,0.00019482342759147286,0.605279266834259,0.08429712802171707,42.51554489135742,0.004140014760196209
5025000000,3.531320571899414,0.132408007979393,0.00019841517496388406,0.6053124070167542,0.08585842698812485,42.51545715332031,0.004140014760196209
5026000000,3.531320333480835,0.13239693641662598,0.00020195101387798786,0.6053453683853149,0.08739576488733292,42.5153694152832,0.004140014760196209
5027000000,3.531320095062256,0.13238593935966492,0.00020543149730656296,0.6053780913352966,0.08890935778617859,42.51527786254883,0.004140014760196209
5028000000,3.5313198566436768,0.13237500190734863,0.0002088571636704728,0.6054106950759888,0.09039942175149918,42.51519012451172,0.004140014760196209
5029000000,3.5313198566436768,0.13236412405967712,0.00021222850773483515,0.6054431200027466,0.09186618775129318,42.51510238647461,0.004140014760196209
5030000000,3.5313196182250977,0.1323533058166504,0.00021554605336859822,0.6054753065109253,0.09330985695123672,42.515018463134766,0.004140014760196209
5031000000,3.5313193798065186,0.13234256207942963,0.00021881032444071025,0.6055073738098145,0.09473065286874771,42.514930725097656,0.004140014760196209
5032000000,3.5313191413879395,0.13233186304569244,0.0002220218302682042,0.6055392026901245,0.09612879157066345,42.51484298706055,0.004140014760196209
5033000000,3.5313189029693604,0.13232123851776123,0.0002251810801681131,0.6055708527565002,0.09750447422266006,42.5147590637207,0.004140014760196209
5034000000,3.5313189029693604,0.1323106586933136,0.00022828853980172426,0.6056023836135864,0.09885792434215546,42.51467514038086,0.004140014760196209
5035000000,3.5313186645507812,0.13230015337467194,0.0002313447475899011,0.6056336760520935,0.10018933564424515,42.514591217041016,0.004140014760196209
5036000000,3.531318426132202,0.13228970766067505,0.00023435016919393092,0.6056647896766663,0.10149891674518585,42.51450729370117,0.004140014760196209
5037000000,3.531318426132202,0.13227930665016174,0.00023730529937893152,0.6056957840919495,0.10278687626123428,42.51442337036133,0.004140014760196209
5038000000,3.531318187713623,0.1322689801454544,0.0002402106038061902,0.6057265400886536,0.10405341535806656,42.51434326171875,0.004140014760196209
5039000000,3.531317949295044,0.13225869834423065,0.0002430665772408247,0.6057571768760681,0.1052987277507782,42.514259338378906,0.004140014760196209
5040000000,3.531317949295044,0.13224849104881287,0.0002458736998960376,0.6057875752449036,0.10652302950620651,42.51417922973633,0.004140014760196209
5041000000,3.531317710876465,0.13223832845687866,0.0002486324228812009,0.6058178544044495,0.10772649198770523,42.51409912109375,0.004140014760196209
5042000000,3.531317710876465,0.13222822546958923,0.000251343211857602,0.605847954750061,0.10890933126211166,42.51401901245117,0.004140014760196209
5043000000,3.5313174724578857,0.13221818208694458,0.00025400653248652816,0.6058778762817383,0.11007173359394073,42.513938903808594,0.004140014760196209
5044000000,3.5313172340393066,0.1322081983089447,0.0002566228504292667,0.6059076189994812,0.11121389269828796,42.513858795166016,0.004140014760196209
5045000000,3.5313172340393066,0.1321982592344284,0.00025919260224327445,0.6059372425079346,0.11233599483966827,42.5137825012207,0.004140014760196209
5046000000,3.5313169956207275,0.13218837976455688,0.00026171625358983874,0.6059666275978088,0.11343823373317719,42.513702392578125,0.004140014760196209
5047000000,3.5313169956207275,0.13217855989933014,0.00026419421192258596,0.6059958934783936,0.11452078819274902,42.51362609863281,0.004140014760196209
5048000000,3.5313167572021484,0.13216879963874817,0.0002666269720066339,0.606024980545044,0.1155838593840599,42.5135498046875,0.004140014760196209
5049000000,3.5313167572021484,0.13215908408164978,0.0002690149412956089,0.6060539484024048,0.11662761121988297,42.51347351074219,0.004140014760196209
5050000000,3.5313165187835693,0.13214942812919617,0.00027135852724313736,0.6060827374458313,0.11765223741531372,42.513397216796875,0.004140014760196209
5051000000,3.5313165187835693,0.13213983178138733,0.00027365819551050663,0.6061113476753235,0.1186579167842865,42.51332092285156,0.004140014760196209
5052000000,3.5313165187835693,0.13213028013706207,0.0002759143535513431,0.6061397790908813,0.11964482814073563,42.513248443603516,0.004140014760196209
5053000000,3.5313162803649902,0.1321207880973816,0.00027812743792310357,0.6061680316925049,0.12061315029859543,42.5131721496582,0.004140014760196209
5054000000,3.5313162803649902,0.1321113556623459,0.0002802978560794145,0.6061961650848389,0.12156305462121964,42.513099670410156,0.004140014760196209
5055000000,3.531316041946411,0.13210196793079376,0.00028242598637007177,0.6062241792678833,0.12249471992254257,42.513023376464844,0.004140014760196209
5056000000,3.531316041946411,0.13209262490272522,0.0002845122944563627,0.6062520146369934,0.12340831756591797,42.5129508972168,0.004140014760196209
5057000000,3.531316041946411,0.13208334147930145,0.0002865571586880833,0.6062796711921692,0.12430401891469955,42.51287841796875,0.004140014760196209
5058000000,3.531315803527832,0.13207410275936127,0.00028856098651885986,0.6063071489334106,0.12518200278282166,42.5128059387207,0.004140014760196209
5059000000,3.531315803527832,0.13206492364406586,0.00029052418540231884,0.6063345074653625,0.1260424107313156,42.51273727416992,0.004140014760196209
5060000000,3.531315803527832,0.13205580413341522,0.00029244713368825614,0.6063617467880249,0.12688544392585754,42.512664794921875,0.004140014760196209
5062000000,3.531315565109253,0.13204671442508698,0.00029433020972646773,0.6063887476921082,0.1277112364768982,42.512596130371094,0.004140014760196209
5062000000,3.531315565109253,0.1320376992225647,0.00029617382097058,0.6064156889915466,0.12851998209953308,42.51252365112305,0.004140014760196209
5063000000,3.531315565109253,0.1320287138223648,0.0002979783748742193,0.6064424514770508,0.12931182980537415,42.512454986572266,0.004140014760196209
5064000000,3.531315565109253,0.1320197880268097,0.0002997441915795207,0.6064690351486206,0.13008692860603333,42.512386322021484,0.004140014760196209
5065000000,3.531315326690674,0.13201090693473816,0.00030147170764394104,0.6064954996109009,0.13084544241428375,42.5123176574707,0.004140014760196209
5066000000,3.531315326690674,0.1320020854473114,0.0003031612723134458,0.6065217852592468,0.13158755004405975,42.51224899291992,0.004140014760196209
5067000000,3.531315326690674,0.13199329376220703,0.0003048132639378309,0.6065479516983032,0.13231340050697327,42.51218032836914,0.004140014760196209
5068000000,3.531315326690674,0.13198456168174744,0.0003064280317630619,0.6065739989280701,0.13302312791347504,42.51211166381836,0.004140014760196209
5069000000,3.531315326690674,0.13197588920593262,0.00030800592503510416,0.6065998673439026,0.1337169110774994,42.512046813964844,0.004140014760196209
5070000000,3.5313150882720947,0.13196724653244019,0.00030954735120758414,0.6066256165504456,0.13439489901065826,42.51197814941406,0.004140014760196209
5071000000,3.5313150882720947,0.13195866346359253,0.0003110526595264673,0.6066511869430542,0.1350572258234024,42.51191329956055,0.004140014760196209
5072000000,3.5313150882720947,0.13195012509822845,0.0003125221701338887,0.6066766381263733,0.13570407032966614,42.51184844970703,0.004140014760196209
5073000000,3.5313150882720947,0.13194163143634796,0.0003139562613796443,0.6067019701004028,0.136335551738739,42.511783599853516,0.004140014760196209
5074000000,3.5313150882720947,0.13193318247795105,0.00031535528250969946,0.606727123260498,0.13695183396339417,42.51171875,0.004140014760196209
5075000000,3.5313150882720947,0.1319247931241989,0.0003167195536661893,0.6067521572113037,0.13755306601524353,42.511653900146484,0.004140014760196209
5076000000,3.5313150882720947,0.13191643357276917,0.0003180494240950793,0.6067770719528198,0.13813938200473785,42.51158905029297,0.004140014760196209
5077000000,3.5313148498535156,0.131908118724823,0.00031934527214616537,0.6068018078804016,0.13871094584465027,42.51152801513672,0.004140014760196209
5078000000,3.5313148498535156,0.1318998634815216,0.00032060735975392163,0.6068264245986938,0.13926786184310913,42.5114631652832,0.004140014760196209
5079000000,3.5313148498535156,0.1318916529417038,0.00032183609437197447,0.6068509221076965,0.13981030881404877,42.51140213012695,0.004140014760196209
5080000000,3.5313148498535156,0.13188347220420837,0.000323031737934798,0.6068753004074097,0.14033842086791992,42.51133728027344,0.004140014760196209
5081000000,3.5263960361480713,0.13181398808956146,0.0003601054777391255,0.6065343618392944,0.15652717649936676,0.0,0.004140014760196209
5082000000,3.5259485244750977,0.13203418254852295,0.00022794581309426576,0.6058270335197449,0.0989162027835846,0.0,0.004140014760196209
5083000000,3.5255517959594727,0.13226710259914398,8.755437011132017e-05,0.6050872802734375,0.03792700543999672,0.0,0.004140014760196209
5084000000,3.525156259536743,0.1324976235628128,-4.9838850827654824e-05,0.6043546199798584,-0.02155175246298313,0.0,0.004140014760196209
25036000000,0.05365075170993805,0.0049535660073161125,0.0015451748622581363,0.02810683287680149,17.32436180114746,326.3594055175781,0.02383117750287056
25037000000,0.04512361064553261,-0.0092226043343544,-0.011010007001459599,-1.4648083448410034,50.048553466796875,45.35403060913086,0.004435730166733265
25038000000,0.03606478497385979,-0.009266519919037819,-0.008712721057236195,-1.369734764099121,43.23572540283203,50.671512603759766,0.004853210411965847
25039000000,0.02692849189043045,-0.009156902320683002,-0.006218946073204279,-1.2793747186660767,34.18254089355469,50.5489387512207,0.0048271180130541325
25040000000,0.0177566260099411,-0.008873002603650093,-0.003976901993155479,-1.1901136636734009,24.14204216003418,50.305233001708984,0.004792327992618084
25041000000,0.008860208094120026,-0.008669786155223846,-0.0015308097936213017,-1.0970865488052368,10.013412475585938,51.118587493896484,0.004835815634578466
25042000000,7.303607708308846e-05,0.008273947052657604,-0.0002800042275339365,-0.999161422252655,-1.9382452964782715,50.667327880859375,0.0050445557571947575
25043000000,0.00899538118392229,0.00559841375797987,0.0014532591449096799,-0.8473565578460693,14.551894187927246,48.647708892822266,0.004861908033490181
25044000000,0.018051447346806526,0.002864082343876362,-0.0005095361266285181,-0.4012436270713806,-10.08769416809082,50.250728607177734,0.004922790452837944
25045000000,0.026721393689513206,0.0014052742626518011,-0.00041294877883046865,0.4464225471019745,-16.37575912475586,50.31488037109375,0.004779281560331583
25046000000,0.0349237322807312,0.0018102233298122883,-0.00014530295447912067,0.454382985830307,-4.589176654815674,51.659751892089844,0.0048836516216397285
25047000000,0.04312906786799431,0.00219855853356421,-0.00015030377835500985,0.46340781450271606,-3.9109232425689697,51.79653549194336,0.0048966980539262295
25048000000,0.05133049190044403,0.002599982777610421,-0.00017023873806465417,0.46682295203208923,-3.7462005615234375,51.81664276123047,0.0048966980539262295
25049000000,0.05953071638941765,0.003007114864885807,-0.000193668034626171,0.4682771563529968,-3.6849465370178223,51.82249069213867,0.0048966980539262295
25050000000,0.06773044168949127,0.003417078871279955,-0.0002183837495977059,0.4689352214336395,-3.656770706176758,51.82495880126953,0.0048966980539262295
25051000000,0.07592994719743729,0.003828743938356638,-0.0002437432121951133,0.4692138135433197,-3.6426141262054443,51.826133728027344,0.0048966980539262295
25052000000,0.08412939310073853,0.004241619259119034,-0.00026951453764922917,0.4692862331867218,-3.635713577270508,51.826698303222656,0.0048966980539262295
25053000000,0.09232883900403976,0.004655483178794384,-0.00029560859547927976,0.4692331850528717,-3.6332249641418457,51.82693862915039,0.0048966980539262295
25054000000,0.10052834451198578,0.005070238374173641,-0.00032199546694755554,0.4690956771373749,-3.633801221847534,51.826969146728516,0.0048966980539262295
25055000000,0.10872793197631836,0.005485853645950556,-0.0003486728819552809,0.46889612078666687,-3.636744737625122,51.82686233520508,0.0048966980539262295
25056000000,0.1169276237487793,0.005902331322431564,-0.00037565280217677355,0.4686473608016968,-3.641667604446411,51.82665252685547,0.0048966980539262295
25057000000,0.12512744963169098,0.006319694686681032,-0.00040295496000908315,0.4683572053909302,-3.648341655731201,51.826351165771484,0.0048966980539262295
25058000000,0.1333273947238922,0.006737979594618082,-0.0004306036571506411,0.46803057193756104,-3.656625270843506,51.82597732543945,0.0048966980539262295
25059000000,0.14152750372886658,0.007157228887081146,-0.0004586259601637721,0.46767061948776245,-3.666426658630371,51.825538635253906,0.0048966980539262295
25060000000,0.14972777664661407,0.0075774905271828175,-0.00048705065273679793,0.46727946400642395,-3.6776835918426514,51.82503890991211,0.0048966980539262295
25061000000,0.1579282134771347,0.007998816668987274,-0.000515907711815089,0.4668585956096649,-3.690351963043213,51.82448196411133,0.0048966980539262295
25062000000,0.16612882912158966,0.008421259932219982,-0.000545227900147438,0.46640902757644653,-3.704399824142456,51.82386779785156,0.0048966980539262295
25063000000,0.052771735936403275,0.012751256115734577,0.001022947602905333,-0.6068375706672668,4.58663272857666,0.0,0.0048966980539262295
25064000000,0.052899472415447235,0.08315552026033401,0.021738262847065926,-0.9395656585693359,14.650235176086426,0.0,0.0048966980539262295
25065000000,0.043999459594488144,-0.08153180032968521,-0.02211606130003929,-1.0512677431106567,15.176674842834473,0.0,0.0048966980539262295
25066000000,0.0348888635635376,0.08004719018936157,0.022099429741501808,-0.9585939049720764,15.433764457702637,0.0,0.0048966980539262295
25126000000,0.0023639907594770193,-0.019093062728643417,5.668857193086296e-05,-1.0117623805999756,-0.17011448740959167,177.58474731445312,0.013515930622816086
25127000000,0.0010449497494846582,0.018130285665392876,0.0007671287748962641,-0.9945245981216431,2.42285418510437,32.93769836425781,0.0034920501057058573
25128000000,0.000836505030747503,0.01480906829237938,-0.0021383496932685375,-0.9946338534355164,-8.216412544250488,35.26126480102539,0.003687744028866291
25129000000,0.0006660859216935933,0.010666318237781525,0.00013949743879493326,-0.9940674901008606,0.749289333820343,31.117374420166016,0.003335495013743639
25130000000,0.0004350545350462198,0.007162921130657196,-0.002723305718973279,-0.9942299723625183,-20.816545486450195,35.02566909790039,0.0036616516299545765
25131000000,0.00024218324688263237,0.0037874551489949226,-0.0022299890406429768,-0.9939253926277161,-30.488853454589844,32.2933464050293,0.003409423865377903
25132000000,6.652837328147143e-05,0.0007908781408332288,-0.0018093454418703914,-0.992008626461029,-66.38951110839844,33.57526397705078,0.003487701527774334
25133000000,5.98861079197377e-05,0.00128333386965096,0.0007281664293259382,-0.9955668449401855,29.57067108154297,34.45494842529297,0.0036051177885383368
25134000000,0.00025994848692789674,0.0037899704184383154,0.00350503483787179,-0.9934840798377991,42.763221740722656,40.617069244384766,0.004131317138671875
25135000000,3.206757173757069e-05,0.0007140106754377484,-0.001686077332124114,-0.995733380317688,-67.048583984375,35.730403900146484,0.0036746978294104338
25136000000,4.768758572026854e-06,-0.0015273012686520815,0.003218113910406828,-1.0002965927124023,-64.61121368408203,33.72618103027344,0.0034355162642896175
25137000000,0.013142626732587814,-0.001135237980633974,-0.0019008942181244493,1.909245491027832,59.1538200378418,0.0,0.0034355162642896175
25138000000,0.013219454325735569,9.591441630618647e-05,0.000507150951307267,0.9236257672309875,79.29048156738281,0.0,0.0034355162642896175
25139000000,0.012179600074887276,-0.0008435941999778152,0.004308127798140049,1.7290829420089722,-78.92083740234375,0.0,0.0034355162642896175
25140000000,0.01356723066419363,0.0004735538677778095,0.003581786761060357,0.6325869560241699,82.46851348876953,0.0,0.0034355162642896175
25141000000,0.012043225578963757,-0.0004711408691946417,0.004157897550612688,1.411798119544983,-83.5352554321289,0.0,0.0034355162642896175
