timestamp,_header_stamp_sec,_header_stamp_nanosec,_header_frame_id,_child_frame_id,_pose_pose_position_x,_pose_pose_position_y,_pose_pose_position_z,_pose_pose_orientation_x,_pose_pose_orientation_y,_pose_pose_orientation_z,_pose_pose_orientation_w,_pose_covariance_0,_pose_covariance_1,_pose_covariance_2,_pose_covariance_3,_pose_covariance_4,_pose_covariance_5,_pose_covariance_6,_pose_covariance_7,_pose_covariance_8,_pose_covariance_9,_pose_covariance_10,_pose_covariance_11,_pose_covariance_12,_pose_covariance_13,_pose_covariance_14,_pose_covariance_15,_pose_covariance_16,_pose_covariance_17,_pose_covariance_18,_pose_covariance_19,_pose_covariance_20,_pose_covariance_21,_pose_covariance_22,_pose_covariance_23,_pose_covariance_24,_pose_covariance_25,_pose_covariance_26,_pose_covariance_27,_pose_covariance_28,_pose_covariance_29,_pose_covariance_30,_pose_covariance_31,_pose_covariance_32,_pose_covariance_33,_pose_covariance_34,_pose_covariance_35,_twist_twist_linear_x,_twist_twist_linear_y,_twist_twist_linear_z,_twist_twist_angular_x,_twist_twist_angular_y,_twist_twist_angular_z,_twist_covariance_0,_twist_covariance_1,_twist_covariance_2,_twist_covariance_3,_twist_covariance_4,_twist_covariance_5,_twist_covariance_6,_twist_covariance_7,_twist_covariance_8,_twist_covariance_9,_twist_covariance_10,_twist_covariance_11,_twist_covariance_12,_twist_covariance_13,_twist_covariance_14,_twist_covariance_15,_twist_covariance_16,_twist_covariance_17,_twist_covariance_18,_twist_covariance_19,_twist_covariance_20,_twist_covariance_21,_twist_covariance_22,_twist_covariance_23,_twist_covariance_24,_twist_covariance_25,_twist_covariance_26,_twist_covariance_27,_twist_covariance_28,_twist_covariance_29,_twist_covariance_30,_twist_covariance_31,_twist_covariance_32,_twist_covariance_33,_twist_covariance_34,_twist_covariance_35
100000000,0,100000000,Archimede_odom,Archimede_base_link,-5.792391014457524,11.705691774383794,346.0990495163312,-0.11893750455411911,0.17472528360583983,0.976883418049249,0.03199582503568065,0.0,0.0,0.0,0.0,0.0,0.0,0.0,0.0,0.0,0.0,0.0,0.0,0.0,0.0,0.0,0.0,0.0,0.0,0.0,0.0,0.0,0.0,0.0,0.0,0.0,0.0,0.0,0.0,0.0,0.0,0.0,0.0,0.0,0.0,0.0,0.0,0.1877024477197216,-0.1746943850202147,0.00819125365664829,-0.1340804050057777,-0.09041482999791409,0.016934221896526467,0.0,0.0,0.0,0.0,0.0,0.0,0.0,0.0,0.0,0.0,0.0,0.0,0.0,0.0,0.0,0.0,0.0,0.0,0.0,0.0,0.0,0.0,0.0,0.0,0.0,0.0,0.0,0.0,0.0,0.0,0.0,0.0,0.0,0.0,0.0,0.0
200000000,0,200000000,Archimede_odom,Archimede_base_link,-5.816359124507283,11.729641932812383,346.0852762888149,-0.11519244141390014,0.16953703386756655,0.9782638176771955,0.03142926362693516,0.0,0.0,0.0,0.0,0.0,0.0,0.0,0.0,0.0,0.0,0.0,0.0,0.0,0.0,0.0,0.0,0.0,0.0,0.0,0.0,0.0,0.0,0.0,0.0,0.0,0.0,0.0,0.0,0.0,0.0,0.0,0.0,0.0,0.0,0.0,0.0,0.32290296074750635,-0.29230245715226993,0.008755689468719366,-0.07674828704926497,-0.06076703629821506,0.009268175080463978,0.0,0.0,0.0,0.0,0.0,0.0,0.0,0.0,0.0,0.0,0.0,0.0,0.0,0.0,0.0,0.0,0.0,0.0,0.0,0.0,0.0,0.0,0.0,0.0,0.0,0.0,0.0,0.0,0.0,0.0,0.0,0.0,0.0,0.0,0.0,0.0
300000000,0,300000000,Archimede_odom,Archimede_base_link,-5.848247405689172,11.76211141701435,346.0669152231447,-0.11357223701764797,0.16787712272630193,0.9787442825472707,0.03127695677289384,0.0,0.0,0.0,0.0,0.0,0.0,0.0,0.0,0.0,0.0,0.0,0.0,0.0,0.0,0.0,0.0,0.0,0.0,0.0,0.0,0.0,0.0,0.0,0.0,0.0,0.0,0.0,0.0,0.0,0.0,0.0,0.0,0.0,0.0,0.0,0.0,0.38525012787669766,-0.3621560003528944,0.008536573449828782,0.004909050551845212,-0.010518858927742836,0.0020603933275473866,0.0,0.0,0.0,0.0,0.0,0.0,0.0,0.0,0.0,0.0,0.0,0.0,0.0,0.0,0.0,0.0,0.0,0.0,0.0,0.0,0.0,0.0,0.0,0.0,0.0,0.0,0.0,0.0,0.0,0.0,0.0,0.0,0.0,0.0,0.0,0.0
400000000,0,400000000,Archimede_odom,Archimede_base_link,-5.884103114276985,11.800069086469133,346.0457314526225,-0.11447787141553428,0.1706234359320171,0.9781571504907415,0.03148093090672261,0.0,0.0,0.0,0.0,0.0,0.0,0.0,0.0,0.0,0.0,0.0,0.0,0.0,0.0,0.0,0.0,0.0,0.0,0.0,0.0,0.0,0.0,0.0,0.0,0.0,0.0,0.0,0.0,0.0,0.0,0.0,0.0,0.0,0.0,0.0,0.0,0.4217817550994457,-0.4101949206297698,0.01207050965995941,0.09827839508542721,0.045904501173701526,-0.003810190592101721,0.0,0.0,0.0,0.0,0.0,0.0,0.0,0.0,0.0,0.0,0.0,0.0,0.0,0.0,0.0,0.0,0.0,0.0,0.0,0.0,0.0,0.0,0.0,0.0,0.0,0.0,0.0,0.0,0.0,0.0,0.0,0.0,0.0,0.0,0.0,0.0
500000000,0,500000000,Archimede_odom,Archimede_base_link,-5.921830174917837,11.841141678554466,346.0226602974991,-0.11848644380153234,0.17818725205274882,0.9763279523131108,0.03152769216489868,0.0,0.0,0.0,0.0,0.0,0.0,0.0,0.0,0.0,0.0,0.0,0.0,0.0,0.0,0.0,0.0,0.0,0.0,0.0,0.0,0.0,0.0,0.0,0.0,0.0,0.0,0.0,0.0,0.0,0.0,0.0,0.0,0.0,0.0,0.0,0.0,0.4396269817472228,-0.439063946640478,0.0186062551091258,0.1965332422391594,0.11648755275952719,-0.002577124452759416,0.0,0.0,0.0,0.0,0.0,0.0,0.0,0.0,0.0,0.0,0.0,0.0,0.0,0.0,0.0,0.0,0.0,0.0,0.0,0.0,0.0,0.0,0.0,0.0,0.0,0.0,0.0,0.0,0.0,0.0,0.0,0.0,0.0,0.0,0.0,0.0
600000000,0,600000000,Archimede_odom,Archimede_base_link,-5.959603983557126,11.883873940130067,345.99997343251687,-0.12188268529448698,0.18661660898731974,0.9743099961880717,0.03223171735230352,0.0,0.0,0.0,0.0,0.0,0.0,0.0,0.0,0.0,0.0,0.0,0.0,0.0,0.0,0.0,0.0,0.0,0.0,0.0,0.0,0.0,0.0,0.0,0.0,0.0,0.0,0.0,0.0,0.0,0.0,0.0,0.0,0.0,0.0,0.0,0.0,0.4187489977141059,-0.42157899478861144,0.02904731118498042,0.006148378157522495,0.0014390091742508043,-0.022036581202573985,0.0,0.0,0.0,0.0,0.0,0.0,0.0,0.0,0.0,0.0,0.0,0.0,0.0,0.0,0.0,0.0,0.0,0.0,0.0,0.0,0.0,0.0,0.0,0.0,0.0,0.0,0.0,0.0,0.0,0.0,0.0,0.0,0.0,0.0,0.0,0.0
700000000,0,700000000,Archimede_odom,Archimede_base_link,-5.995607062372955,11.924256512382097,345.9768111518437,-0.11996446079263746,0.18146995021624768,0.9755062820850471,0.03262941813537469,0.0,0.0,0.0,0.0,0.0,0.0,0.0,0.0,0.0,0.0,0.0,0.0,0.0,0.0,0.0,0.0,0.0,0.0,0.0,0.0,0.0,0.0,0.0,0.0,0.0,0.0,0.0,0.0,0.0,0.0,0.0,0.0,0.0,0.0,0.0,0.0,0.40894249973482444,-0.4223182649044121,0.026314920730578638,-0.06839936731812266,-0.04996007141019631,-0.000685538047734312,0.0,0.0,0.0,0.0,0.0,0.0,0.0,0.0,0.0,0.0,0.0,0.0,0.0,0.0,0.0,0.0,0.0,0.0,0.0,0.0,0.0,0.0,0.0,0.0,0.0,0.0,0.0,0.0,0.0,0.0,0.0,0.0,0.0,0.0,0.0,0.0
800000000,0,800000000,Archimede_odom,Archimede_base_link,-6.032167150368452,11.967015046491726,345.95368296840263,-0.11929042585663481,0.18084441237038992,0.9756944759363317,0.032945142899647624,0.0,0.0,0.0,0.0,0.0,0.0,0.0,0.0,0.0,0.0,0.0,0.0,0.0,0.0,0.0,0.0,0.0,0.0,0.0,0.0,0.0,0.0,0.0,0.0,0.0,0.0,0.0,0.0,0.0,0.0,0.0,0.0,0.0,0.0,0.0,0.0,0.42828514012504143,-0.45227084483888175,0.02568511865148313,0.03509240329920909,0.013472731913915962,-0.008671950917166809,0.0,0.0,0.0,0.0,0.0,0.0,0.0,0.0,0.0,0.0,0.0,0.0,0.0,0.0,0.0,0.0,0.0,0.0,0.0,0.0,0.0,0.0,0.0,0.0,0.0,0.0,0.0,0.0,0.0,0.0,0.0,0.0,0.0,0.0,0.0,0.0
900000000,0,900000000,Archimede_odom,Archimede_base_link,-6.069287880505215,12.011464398606902,345.93031459690246,-0.1201712413879336,0.18395818773826714,0.9749782948048477,0.03369840599741645,0.0,0.0,0.0,0.0,0.0,0.0,0.0,0.0,0.0,0.0,0.0,0.0,0.0,0.0,0.0,0.0,0.0,0.0,0.0,0.0,0.0,0.0,0.0,0.0,0.0,0.0,0.0,0.0,0.0,0.0,0.0,0.0,0.0,0.0,0.0,0.0,0.4040396300302297,-0.4293982002897129,0.03698419077425641,-0.019284174972663704,-0.03871881482817295,-0.01515130380898851,0.0,0.0,0.0,0.0,0.0,0.0,0.0,0.0,0.0,0.0,0.0,0.0,0.0,0.0,0.0,0.0,0.0,0.0,0.0,0.0,0.0,0.0,0.0,0.0,0.0,0.0,0.0,0.0,0.0,0.0,0.0,0.0,0.0,0.0,0.0,0.0
1000000000,1,0,Archimede_odom,Archimede_base_link,-6.104354478998438,12.052542886278111,345.9076533303418,-0.11710032887079931,0.17739435741601006,0.9765468310545157,0.034278881147065315,0.0,0.0,0.0,0.0,0.0,0.0,0.0,0.0,0.0,0.0,0.0,0.0,0.0,0.0,0.0,0.0,0.0,0.0,0.0,0.0,0.0,0.0,0.0,0.0,0.0,0.0,0.0,0.0,0.0,0.0,0.0,0.0,0.0,0.0,0.0,0.0,0.40663392799508874,-0.4269859422837011,0.020919942810127556,-0.09887497707940651,-0.06514562256543491,-0.009493211978932303,0.0,0.0,0.0,0.0,0.0,0.0,0.0,0.0,0.0,0.0,0.0,0.0,0.0,0.0,0.0,0.0,0.0,0.0,0.0,0.0,0.0,0.0,0.0,0.0,0.0,0.0,0.0,0.0,0.0,0.0,0.0,0.0,0.0,0.0,0.0,0.0
1100000000,1,100000000,Archimede_odom,Archimede_base_link,-6.140576952030376,12.095593863045224,345.8845282694719,-0.1157742153272037,0.17523788051599584,0.9770699200307279,0.03496266106546712,0.0,0.0,0.0,0.0,0.0,0.0,0.0,0.0,0.0,0.0,0.0,0.0,0.0,0.0,0.0,0.0,0.0,0.0,0.0,0.0,0.0,0.0,0.0,0.0,0.0,0.0,0.0,0.0,0.0,0.0,0.0,0.0,0.0,0.0,0.0,0.0,0.4274900352734964,-0.45205149797618677,0.01762171196470525,0.0057215227718844745,-0.002840865294285634,-0.016483946233486466,0.0,0.0,0.0,0.0,0.0,0.0,0.0,0.0,0.0,0.0,0.0,0.0,0.0,0.0,0.0,0.0,0.0,0.0,0.0,0.0,0.0,0.0,0.0,0.0,0.0,0.0,0.0,0.0,0.0,0.0,0.0,0.0,0.0,0.0,0.0,0.0
1201000000,1,200000000,Archimede_odom,Archimede_base_link,-6.177041506627135,12.138868452440816,345.86155681124296,-0.11467754098755042,0.17417089360585158,0.9773575115300484,0.03585883530427593,0.0,0.0,0.0,0.0,0.0,0.0,0.0,0.0,0.0,0.0,0.0,0.0,0.0,0.0,0.0,0.0,0.0,0.0,0.0,0.0,0.0,0.0,0.0,0.0,0.0,0.0,0.0,0.0,0.0,0.0,0.0,0.0,0.0,0.0,0.0,0.0,0.4103808197107761,-0.4247111069958135,0.0190667261658507,-0.08045884883662381,-0.06540516667829849,-0.010325730385954471,0.0,0.0,0.0,0.0,0.0,0.0,0.0,0.0,0.0,0.0,0.0,0.0,0.0,0.0,0.0,0.0,0.0,0.0,0.0,0.0,0.0,0.0,0.0,0.0,0.0,0.0,0.0,0.0,0.0,0.0,0.0,0.0,0.0,0.0,0.0,0.0
1300000000,1,300000000,Archimede_odom,Archimede_base_link,-6.213428051808801,12.181546820204721,345.8389636515481,-0.11316358714335237,0.1728119323521804,0.9777503319268374,0.03652844095377924,0.0,0.0,0.0,0.0,0.0,0.0,0.0,0.0,0.0,0.0,0.0,0.0,0.0,0.0,0.0,0.0,0.0,0.0,0.0,0.0,0.0,0.0,0.0,0.0,0.0,0.0,0.0,0.0,0.0,0.0,0.0,0.0,0.0,0.0,0.0,0.0,0.41972942525703305,-0.43416868638977435,0.02153932565462218,0.002049370724295272,-0.030602055954758144,-0.00909886639441082,0.0,0.0,0.0,0.0,0.0,0.0,0.0,0.0,0.0,0.0,0.0,0.0,0.0,0.0,0.0,0.0,0.0,0.0,0.0,0.0,0.0,0.0,0.0,0.0,0.0,0.0,0.0,0.0,0.0,0.0,0.0,0.0,0.0,0.0,0.0,0.0
1400000000,1,400000000,Archimede_odom,Archimede_base_link,-6.249593067596595,12.223512336813204,345.81675284419345,-0.11128772905192268,0.17105878578389905,0.9782548354363538,0.037032554786243524,0.0,0.0,0.0,0.0,0.0,0.0,0.0,0.0,0.0,0.0,0.0,0.0,0.0,0.0,0.0,0.0,0.0,0.0,0.0,0.0,0.0,0.0,0.0,0.0,0.0,0.0,0.0,0.0,0.0,0.0,0.0,0.0,0.0,0.0,0.0,0.0,0.4156835548219515,-0.43165220150213335,0.023958459009584133,0.008863709382340719,-0.04033714451165138,0.0007766476572381596,0.0,0.0,0.0,0.0,0.0,0.0,0.0,0.0,0.0,0.0,0.0,0.0,0.0,0.0,0.0,0.0,0.0,0.0,0.0,0.0,0.0,0.0,0.0,0.0,0.0,0.0,0.0,0.0,0.0,0.0,0.0,0.0,0.0,0.0,0.0,0.0
1500000000,1,500000000,Archimede_odom,Archimede_base_link,-6.285772846477419,12.267388020129257,345.7948686742672,-0.10930714594125303,0.17135290882674178,0.978413157489764,0.03738745422868694,0.0,0.0,0.0,0.0,0.0,0.0,0.0,0.0,0.0,0.0,0.0,0.0,0.0,0.0,0.0,0.0,0.0,0.0,0.0,0.0,0.0,0.0,0.0,0.0,0.0,0.0,0.0,0.0,0.0,0.0,0.0,0.0,0.0,0.0,0.0,0.0,0.4186509090182146,-0.45156605512434,0.02286017887723554,0.006510137277544348,-0.0399395848954152,0.0004088623530194986,0.0,0.0,0.0,0.0,0.0,0.0,0.0,0.0,0.0,0.0,0.0,0.0,0.0,0.0,0.0,0.0,0.0,0.0,0.0,0.0,0.0,0.0,0.0,0.0,0.0,0.0,0.0,0.0,0.0,0.0,0.0,0.0,0.0,0.0,0.0,0.0
1600000000,1,600000000,Archimede_odom,Archimede_base_link,-6.320621216642,12.310756761033526,345.7734457475149,-0.10610835099018728,0.16917112110668955,0.9791414140698182,0.03747320225181916,0.0,0.0,0.0,0.0,0.0,0.0,0.0,0.0,0.0,0.0,0.0,0.0,0.0,0.0,0.0,0.0,0.0,0.0,0.0,0.0,0.0,0.0,0.0,0.0,0.0,0.0,0.0,0.0,0.0,0.0,0.0,0.0,0.0,0.0,0.0,0.0,0.3898159814931123,-0.42160055025400844,0.02041300316744571,-0.06733955325848812,-0.06978922682287958,0.01488138462441036,0.0,0.0,0.0,0.0,0.0,0.0,0.0,0.0,0.0,0.0,0.0,0.0,0.0,0.0,0.0,0.0,0.0,0.0,0.0,0.0,0.0,0.0,0.0,0.0,0.0,0.0,0.0,0.0,0.0,0.0,0.0,0.0,0.0,0.0,0.0,0.0
1700000000,1,700000000,Archimede_odom,Archimede_base_link,-6.354627281725777,12.352679209720698,345.75302589745235,-0.10289355482682438,0.16634515875949143,0.9799875550760088,0.03696750503517487,0.0,0.0,0.0,0.0,0.0,0.0,0.0,0.0,0.0,0.0,0.0,0.0,0.0,0.0,0.0,0.0,0.0,0.0,0.0,0.0,0.0,0.0,0.0,0.0,0.0,0.0,0.0,0.0,0.0,0.0,0.0,0.0,0.0,0.0,0.0,0.0,0.3963652067482124,-0.4281263864840931,0.016057255625371355,-0.05796623966473634,-0.06639062353567585,0.01267231745930612,0.0,0.0,0.0,0.0,0.0,0.0,0.0,0.0,0.0,0.0,0.0,0.0,0.0,0.0,0.0,0.0,0.0,0.0,0.0,0.0,0.0,0.0,0.0,0.0,0.0,0.0,0.0,0.0,0.0,0.0,0.0,0.0,0.0,0.0,0.0,0.0
1800000000,1,800000000,Archimede_odom,Archimede_base_link,-6.389397447517361,12.395502686987873,345.7321513272432,-0.09963166534656027,0.16340024620681287,0.980827341202922,0.03676435160084657,0.0,0.0,0.0,0.0,0.0,0.0,0.0,0.0,0.0,0.0,0.0,0.0,0.0,0.0,0.0,0.0,0.0,0.0,0.0,0.0,0.0,0.0,0.0,0.0,0.0,0.0,0.0,0.0,0.0,0.0,0.0,0.0,0.0,0.0,0.0,0.0,0.40283664358246807,-0.4364409695624582,0.01100280495834945,-0.05893952616090749,-0.06767035895773983,0.006878407615207731,0.0,0.0,0.0,0.0,0.0,0.0,0.0,0.0,0.0,0.0,0.0,0.0,0.0,0.0,0.0,0.0,0.0,0.0,0.0,0.0,0.0,0.0,0.0,0.0,0.0,0.0,0.0,0.0,0.0,0.0,0.0,0.0,0.0,0.0,0.0,0.0
1900000000,1,900000000,Archimede_odom,Archimede_base_link,-6.423676663481391,12.437693891454078,345.7126384100685,-0.09657307503119324,0.162347526894095,0.9813309574289749,0.03614517508495255,0.0,0.0,0.0,0.0,0.0,0.0,0.0,0.0,0.0,0.0,0.0,0.0,0.0,0.0,0.0,0.0,0.0,0.0,0.0,0.0,0.0,0.0,0.0,0.0,0.0,0.0,0.0,0.0,0.0,0.0,0.0,0.0,0.0,0.0,0.0,0.0,0.37944095740868744,-0.4066165932268218,0.022061474918123138,-0.010503902938485715,-0.04069332294227814,0.029530372437275586,0.0,0.0,0.0,0.0,0.0,0.0,0.0,0.0,0.0,0.0,0.0,0.0,0.0,0.0,0.0,0.0,0.0,0.0,0.0,0.0,0.0,0.0,0.0,0.0,0.0,0.0,0.0,0.0,0.0,0.0,0.0,0.0,0.0,0.0,0.0,0.0
2000000000,2,0,Archimede_odom,Archimede_base_link,-6.4569433231608775,12.478440832342695,345.69433405622334,-0.09418900252226929,0.16154580144077021,0.9817360551652162,0.03501005326129436,0.0,0.0,0.0,0.0,0.0,0.0,0.0,0.0,0.0,0.0,0.0,0.0,0.0,0.0,0.0,0.0,0.0,0.0,0.0,0.0,0.0,0.0,0.0,0.0,0.0,0.0,0.0,0.0,0.0,0.0,0.0,0.0,0.0,0.0,0.0,0.0,0.3779430148006246,-0.4115098694219773,0.019598220266968402,-0.017763215929078383,-0.04457679194039542,0.027125169185833187,0.0,0.0,0.0,0.0,0.0,0.0,0.0,0.0,0.0,0.0,0.0,0.0,0.0,0.0,0.0,0.0,0.0,0.0,0.0,0.0,0.0,0.0,0.0,0.0,0.0,0.0,0.0,0.0,0.0,0.0,0.0,0.0,0.0,0.0,0.0,0.0
2100000000,2,100000000,Archimede_odom,Archimede_base_link,-6.4902397008643735,12.519629863509385,345.6758779266118,-0.09182193777747298,0.16070560457443156,0.9821321842168834,0.03404134437019386,0.0,0.0,0.0,0.0,0.0,0.0,0.0,0.0,0.0,0.0,0.0,0.0,0.0,0.0,0.0,0.0,0.0,0.0,0.0,0.0,0.0,0.0,0.0,0.0,0.0,0.0,0.0,0.0,0.0,0.0,0.0,0.0,0.0,0.0,0.0,0.0,0.37755272947203455,-0.41610644629623267,0.01721885324467075,-0.01806259298191926,-0.04475719135712914,0.02405571331255795,0.0,0.0,0.0,0.0,0.0,0.0,0.0,0.0,0.0,0.0,0.0,0.0,0.0,0.0,0.0,0.0,0.0,0.0,0.0,0.0,0.0,0.0,0.0,0.0,0.0,0.0,0.0,0.0,0.0,0.0,0.0,0.0,0.0,0.0,0.0,0.0
2200000000,2,200000000,Archimede_odom,Archimede_base_link,-6.523556222816205,12.561083690254295,345.6573301563578,-0.08946817718912144,0.15984195837693224,0.9825190309178196,0.033201618891126015,0.0,0.0,0.0,0.0,0.0,0.0,0.0,0.0,0.0,0.0,0.0,0.0,0.0,0.0,0.0,0.0,0.0,0.0,0.0,0.0,0.0,0.0,0.0,0.0,0.0,0.0,0.0,0.0,0.0,0.0,0.0,0.0,0.0,0.0,0.0,0.0,0.37706964369694124,-0.41919863717885286,0.014791388129139594,-0.01820073494104152,-0.04488997112433292,0.021751820149274133,0.0,0.0,0.0,0.0,0.0,0.0,0.0,0.0,0.0,0.0,0.0,0.0,0.0,0.0,0.0,0.0,0.0,0.0,0.0,0.0,0.0,0.0,0.0,0.0,0.0,0.0,0.0,0.0,0.0,0.0,0.0,0.0,0.0,0.0,0.0,0.0
2300000000,2,300000000,Archimede_odom,Archimede_base_link,-6.556378177112828,12.602202207857477,345.6392482560851,-0.08744007380301132,0.1597844038626124,0.9827420225674082,0.03226910063378478,0.0,0.0,0.0,0.0,0.0,0.0,0.0,0.0,0.0,0.0,0.0,0.0,0.0,0.0,0.0,0.0,0.0,0.0,0.0,0.0,0.0,0.0,0.0,0.0,0.0,0.0,0.0,0.0,0.0,0.0,0.0,0.0,0.0,0.0,0.0,0.0,0.35962230638903864,-0.39949145324455493,0.02430112313052496,0.003088584095771225,-0.015486213392883849,0.02710167069718921,0.0,0.0,0.0,0.0,0.0,0.0,0.0,0.0,0.0,0.0,0.0,0.0,0.0,0.0,0.0,0.0,0.0,0.0,0.0,0.0,0.0,0.0,0.0,0.0,0.0,0.0,0.0,0.0,0.0,0.0,0.0,0.0,0.0,0.0,0.0,0.0
2400000000,2,400000000,Archimede_odom,Archimede_base_link,-6.588400231767638,12.641037667788641,345.6231830624358,-0.08678360215818241,0.16008224556007125,0.9827763528675463,0.03151065371044293,0.0,0.0,0.0,0.0,0.0,0.0,0.0,0.0,0.0,0.0,0.0,0.0,0.0,0.0,0.0,0.0,0.0,0.0,0.0,0.0,0.0,0.0,0.0,0.0,0.0,0.0,0.0,0.0,0.0,0.0,0.0,0.0,0.0,0.0,0.0,0.0,0.3515166270194926,-0.3738324004370239,0.02515377760191127,-0.015088267225828983,-0.023739460438876564,0.016842184416697527,0.0,0.0,0.0,0.0,0.0,0.0,0.0,0.0,0.0,0.0,0.0,0.0,0.0,0.0,0.0,0.0,0.0,0.0,0.0,0.0,0.0,0.0,0.0,0.0,0.0,0.0,0.0,0.0,0.0,0.0,0.0,0.0,0.0,0.0,0.0,0.0
2500000000,2,500000000,Archimede_odom,Archimede_base_link,-6.620084658046869,12.678196453042881,345.6076694333026,-0.08564091782319047,0.15955247775494008,0.9829718972408624,0.03122321686438265,0.0,0.0,0.0,0.0,0.0,0.0,0.0,0.0,0.0,0.0,0.0,0.0,0.0,0.0,0.0,0.0,0.0,0.0,0.0,0.0,0.0,0.0,0.0,0.0,0.0,0.0,0.0,0.0,0.0,0.0,0.0,0.0,0.0,0.0,0.0,0.0,0.35372953009121594,-0.3716069655492801,0.023827232412195604,-0.011064207174165093,-0.023183028036700366,0.0007086868816930051,0.0,0.0,0.0,0.0,0.0,0.0,0.0,0.0,0.0,0.0,0.0,0.0,0.0,0.0,0.0,0.0,0.0,0.0,0.0,0.0,0.0,0.0,0.0,0.0,0.0,0.0,0.0,0.0,0.0,0.0,0.0,0.0,0.0,0.0,0.0,0.0
2600000000,2,600000000,Archimede_odom,Archimede_base_link,-6.6520605209964465,12.715325234530205,345.5921868127736,-0.08454579166372865,0.1591227023904228,0.9831208228731162,0.031708395248091735,0.0,0.0,0.0,0.0,0.0,0.0,0.0,0.0,0.0,0.0,0.0,0.0,0.0,0.0,0.0,0.0,0.0,0.0,0.0,0.0,0.0,0.0,0.0,0.0,0.0,0.0,0.0,0.0,0.0,0.0,0.0,0.0,0.0,0.0,0.0,0.0,0.35517837301721855,-0.36942382676971625,0.024127779653099056,-0.003183649523959148,-0.023911024325158643,-0.011333916673658911,0.0,0.0,0.0,0.0,0.0,0.0,0.0,0.0,0.0,0.0,0.0,0.0,0.0,0.0,0.0,0.0,0.0,0.0,0.0,0.0,0.0,0.0,0.0,0.0,0.0,0.0,0.0,0.0,0.0,0.0,0.0,0.0,0.0,0.0,0.0,0.0
2700000000,2,700000000,Archimede_odom,Archimede_base_link,-6.684189500460567,12.752278738715152,345.57681868859623,-0.0834914109812724,0.15887725514533094,0.9832173219805219,0.032724606144192266,0.0,0.0,0.0,0.0,0.0,0.0,0.0,0.0,0.0,0.0,0.0,0.0,0.0,0.0,0.0,0.0,0.0,0.0,0.0,0.0,0.0,0.0,0.0,0.0,0.0,0.0,0.0,0.0,0.0,0.0,0.0,0.0,0.0,0.0,0.0,0.0,0.35755406910923726,-0.36755942402410724,0.02312357156391897,-0.002442478523700568,-0.024544052930167072,-0.021270188969747517,0.0,0.0,0.0,0.0,0.0,0.0,0.0,0.0,0.0,0.0,0.0,0.0,0.0,0.0,0.0,0.0,0.0,0.0,0.0,0.0,0.0,0.0,0.0,0.0,0.0,0.0,0.0,0.0,0.0,0.0,0.0,0.0,0.0,0.0,0.0,0.0
2800000000,2,800000000,Archimede_odom,Archimede_base_link,-6.7163051615355895,12.78885958827242,345.5616179658207,-0.08254936563905707,0.15863219717432137,0.9832897931572526,0.034097080886843156,0.0,0.0,0.0,0.0,0.0,0.0,0.0,0.0,0.0,0.0,0.0,0.0,0.0,0.0,0.0,0.0,0.0,0.0,0.0,0.0,0.0,0.0,0.0,0.0,0.0,0.0,0.0,0.0,0.0,0.0,0.0,0.0,0.0,0.0,0.0,0.0,0.35480272071908714,-0.3588084022436517,0.02425461578428269,-0.0017924375541009622,-0.017992739627401118,-0.027015906660547824,0.0,0.0,0.0,0.0,0.0,0.0,0.0,0.0,0.0,0.0,0.0,0.0,0.0,0.0,0.0,0.0,0.0,0.0,0.0,0.0,0.0,0.0,0.0,0.0,0.0,0.0,0.0,0.0,0.0,0.0,0.0,0.0,0.0,0.0,0.0,0.0
2900000000,2,900000000,Archimede_odom,Archimede_base_link,-6.748132048755799,12.825228849564384,345.54671434209877,-0.08193231184056321,0.15837566721441856,0.9833210468828023,0.03583243039703137,0.0,0.0,0.0,0.0,0.0,0.0,0.0,0.0,0.0,0.0,0.0,0.0,0.0,0.0,0.0,0.0,0.0,0.0,0.0,0.0,0.0,0.0,0.0,0.0,0.0,0.0,0.0,0.0,0.0,0.0,0.0,0.0,0.0,0.0,0.0,0.0,0.35440077391564495,-0.36063787814052617,0.023560647962583687,-0.001890532447836172,-0.017799716604974952,-0.036790629669043104,0.0,0.0,0.0,0.0,0.0,0.0,0.0,0.0,0.0,0.0,0.0,0.0,0.0,0.0,0.0,0.0,0.0,0.0,0.0,0.0,0.0,0.0,0.0,0.0,0.0,0.0,0.0,0.0,0.0,0.0,0.0,0.0,0.0,0.0,0.0,0.0
3000000000,3,0,Archimede_odom,Archimede_base_link,-6.779835555006149,12.861810911854542,345.5317588690551,-0.08138851740545502,0.15808118144306305,0.9833323811383499,0.03799575651162131,0.0,0.0,0.0,0.0,0.0,0.0,0.0,0.0,0.0,0.0,0.0,0.0,0.0,0.0,0.0,0.0,0.0,0.0,0.0,0.0,0.0,0.0,0.0,0.0,0.0,0.0,0.0,0.0,0.0,0.0,0.0,0.0,0.0,0.0,0.0,0.0,0.3552659075499658,-0.3610595083335408,0.022865446651140108,-0.0018892560562719413,-0.01777359319366744,-0.04477423758711394,0.0,0.0,0.0,0.0,0.0,0.0,0.0,0.0,0.0,0.0,0.0,0.0,0.0,0.0,0.0,0.0,0.0,0.0,0.0,0.0,0.0,0.0,0.0,0.0,0.0,0.0,0.0,0.0,0.0,0.0,0.0,0.0,0.0,0.0,0.0,0.0
3100000000,3,100000000,Archimede_odom,Archimede_base_link,-6.8114429693013,12.898489083537983,345.5167816014467,-0.08101157482073582,0.15796433385758696,0.9832828673069874,0.040486995869568186,0.0,0.0,0.0,0.0,0.0,0.0,0.0,0.0,0.0,0.0,0.0,0.0,0.0,0.0,0.0,0.0,0.0,0.0,0.0,0.0,0.0,0.0,0.0,0.0,0.0,0.0,0.0,0.0,0.0,0.0,0.0,0.0,0.0,0.0,0.0,0.0,0.3563830626820808,-0.36030960101592197,0.022345102649059406,0.0033552063882206933,-0.014633679277683064,-0.050889720271888664,0.0,0.0,0.0,0.0,0.0,0.0,0.0,0.0,0.0,0.0,0.0,0.0,0.0,0.0,0.0,0.0,0.0,0.0,0.0,0.0,0.0,0.0,0.0,0.0,0.0,0.0,0.0,0.0,0.0,0.0,0.0,0.0,0.0,0.0,0.0,0.0
3200000000,3,200000000,Archimede_odom,Archimede_base_link,-6.842844745494095,12.934992653533909,345.50181080953007,-0.08058370366865117,0.15792699707889712,0.983207683975867,0.043220139605243506,0.0,0.0,0.0,0.0,0.0,0.0,0.0,0.0,0.0,0.0,0.0,0.0,0.0,0.0,0.0,0.0,0.0,0.0,0.0,0.0,0.0,0.0,0.0,0.0,0.0,0.0,0.0,0.0,0.0,0.0,0.0,0.0,0.0,0.0,0.0,0.0,0.35602080328843744,-0.35787881342124095,0.021336301652930337,0.005677260270001008,-0.01720769495494342,-0.05357580278200078,0.0,0.0,0.0,0.0,0.0,0.0,0.0,0.0,0.0,0.0,0.0,0.0,0.0,0.0,0.0,0.0,0.0,0.0,0.0,0.0,0.0,0.0,0.0,0.0,0.0,0.0,0.0,0.0,0.0,0.0,0.0,0.0,0.0,0.0,0.0,0.0
3300000000,3,300000000,Archimede_odom,Archimede_base_link,-6.874234009029037,12.971904922168992,345.4867378081508,-0.0801678019763902,0.15793700930105184,0.9831093829212196,0.04609735167634381,0.0,0.0,0.0,0.0,0.0,0.0,0.0,0.0,0.0,0.0,0.0,0.0,0.0,0.0,0.0,0.0,0.0,0.0,0.0,0.0,0.0,0.0,0.0,0.0,0.0,0.0,0.0,0.0,0.0,0.0,0.0,0.0,0.0,0.0,0.0,0.0,0.3588198559517713,-0.36038266823511433,0.02106756352154434,0.005380188895444527,-0.01702910078411552,-0.0567628759178896,0.0,0.0,0.0,0.0,0.0,0.0,0.0,0.0,0.0,0.0,0.0,0.0,0.0,0.0,0.0,0.0,0.0,0.0,0.0,0.0,0.0,0.0,0.0,0.0,0.0,0.0,0.0,0.0,0.0,0.0,0.0,0.0,0.0,0.0,0.0,0.0
3400000000,3,400000000,Archimede_odom,Archimede_base_link,-6.905494191586959,13.0088871485298,345.4715667152332,-0.0800809098448033,0.1583086419499319,0.9829176857859242,0.04897187694626026,0.0,0.0,0.0,0.0,0.0,0.0,0.0,0.0,0.0,0.0,0.0,0.0,0.0,0.0,0.0,0.0,0.0,0.0,0.0,0.0,0.0,0.0,0.0,0.0,0.0,0.0,0.0,0.0,0.0,0.0,0.0,0.0,0.0,0.0,0.0,0.0,0.35854098022185843,-0.3565267122242334,0.019577510137929372,0.017098907425135063,-0.005899252407455729,-0.054339422230334014,0.0,0.0,0.0,0.0,0.0,0.0,0.0,0.0,0.0,0.0,0.0,0.0,0.0,0.0,0.0,0.0,0.0,0.0,0.0,0.0,0.0,0.0,0.0,0.0,0.0,0.0,0.0,0.0,0.0,0.0,0.0,0.0,0.0,0.0,0.0,0.0
3500000000,3,500000000,Archimede_odom,Archimede_base_link,-6.9368722012150945,13.046134655684792,345.4562404313201,-0.08019926448742376,0.15890439064138023,0.9826614863063245,0.051902561986988276,0.0,0.0,0.0,0.0,0.0,0.0,0.0,0.0,0.0,0.0,0.0,0.0,0.0,0.0,0.0,0.0,0.0,0.0,0.0,0.0,0.0,0.0,0.0,0.0,0.0,0.0,0.0,0.0,0.0,0.0,0.0,0.0,0.0,0.0,0.0,0.0,0.36480339527261235,-0.3610409964837325,0.020245739008081732,0.017081733366724094,-0.006012495440951987,-0.059610050081746635,0.0,0.0,0.0,0.0,0.0,0.0,0.0,0.0,0.0,0.0,0.0,0.0,0.0,0.0,0.0,0.0,0.0,0.0,0.0,0.0,0.0,0.0,0.0,0.0,0.0,0.0,0.0,0.0,0.0,0.0,0.0,0.0,0.0,0.0,0.0,0.0
3600000000,3,600000000,Archimede_odom,Archimede_base_link,-6.968436001828198,13.083796664974065,345.4407575449433,-0.08034478115474528,0.15947608210350456,0.9823841285040423,0.05507739501343046,0.0,0.0,0.0,0.0,0.0,0.0,0.0,0.0,0.0,0.0,0.0,0.0,0.0,0.0,0.0,0.0,0.0,0.0,0.0,0.0,0.0,0.0,0.0,0.0,0.0,0.0,0.0,0.0,0.0,0.0,0.0,0.0,0.0,0.0,0.0,0.0,0.36590715178145594,-0.3569305763555111,0.020531810097287433,0.017133594660143338,-0.0062599528547062355,-0.06391956671781099,0.0,0.0,0.0,0.0,0.0,0.0,0.0,0.0,0.0,0.0,0.0,0.0,0.0,0.0,0.0,0.0,0.0,0.0,0.0,0.0,0.0,0.0,0.0,0.0,0.0,0.0,0.0,0.0,0.0,0.0,0.0,0.0,0.0,0.0,0.0,0.0
3700000000,3,700000000,Archimede_odom,Archimede_base_link,-6.999980630668388,13.121434933154852,345.42528461784565,-0.08051459071848721,0.16002882022948983,0.9820850015433904,0.05845705364548206,0.0,0.0,0.0,0.0,0.0,0.0,0.0,0.0,0.0,0.0,0.0,0.0,0.0,0.0,0.0,0.0,0.0,0.0,0.0,0.0,0.0,0.0,0.0,0.0,0.0,0.0,0.0,0.0,0.0,0.0,0.0,0.0,0.0,0.0,0.0,0.0,0.37107588920656714,-0.359588042972739,0.02109368289824748,0.016989530844269973,-0.006429744386415472,-0.06835915483321013,0.0,0.0,0.0,0.0,0.0,0.0,0.0,0.0,0.0,0.0,0.0,0.0,0.0,0.0,0.0,0.0,0.0,0.0,0.0,0.0,0.0,0.0,0.0,0.0,0.0,0.0,0.0,0.0,0.0,0.0,0.0,0.0,0.0,0.0,0.0,0.0
3800000000,3,800000000,Archimede_odom,Archimede_base_link,-7.031576832746746,13.15942333379489,345.4098372434612,-0.08091432760716501,0.16057835114085306,0.9817415802812252,0.06205589641354054,0.0,0.0,0.0,0.0,0.0,0.0,0.0,0.0,0.0,0.0,0.0,0.0,0.0,0.0,0.0,0.0,0.0,0.0,0.0,0.0,0.0,0.0,0.0,0.0,0.0,0.0,0.0,0.0,0.0,0.0,0.0,0.0,0.0,0.0,0.0,0.0,0.3711273541041829,-0.3584341290201657,0.02436321021171973,0.020489743531128056,0.003883137194560445,-0.07434584466379011,0.0,0.0,0.0,0.0,0.0,0.0,0.0,0.0,0.0,0.0,0.0,0.0,0.0,0.0,0.0,0.0,0.0,0.0,0.0,0.0,0.0,0.0,0.0,0.0,0.0,0.0,0.0,0.0,0.0,0.0,0.0,0.0,0.0,0.0,0.0,0.0
3900000000,3,900000000,Archimede_odom,Archimede_base_link,-7.062415735815459,13.197509750303169,345.3945794648839,-0.08278515864790162,0.16343952168311285,0.9808721455153036,0.06575693432515094,0.0,0.0,0.0,0.0,0.0,0.0,0.0,0.0,0.0,0.0,0.0,0.0,0.0,0.0,0.0,0.0,0.0,0.0,0.0,0.0,0.0,0.0,0.0,0.0,0.0,0.0,0.0,0.0,0.0,0.0,0.0,0.0,0.0,0.0,0.0,0.0,0.3616133310995457,-0.34887447290288753,0.025633991971380297,0.05424756568306148,0.02761589635976927,-0.07465207645956166,0.0,0.0,0.0,0.0,0.0,0.0,0.0,0.0,0.0,0.0,0.0,0.0,0.0,0.0,0.0,0.0,0.0,0.0,0.0,0.0,0.0,0.0,0.0,0.0,0.0,0.0,0.0,0.0,0.0,0.0,0.0,0.0,0.0,0.0,0.0,0.0
4000000000,4,0,Archimede_odom,Archimede_base_link,-7.092324119288726,13.234177138932512,345.37993904991384,-0.08457842102857188,0.16610132216400533,0.9800364709924502,0.06917627480825668,0.0,0.0,0.0,0.0,0.0,0.0,0.0,0.0,0.0,0.0,0.0,0.0,0.0,0.0,0.0,0.0,0.0,0.0,0.0,0.0,0.0,0.0,0.0,0.0,0.0,0.0,0.0,0.0,0.0,0.0,0.0,0.0,0.0,0.0,0.0,0.0,0.35677031513276475,-0.33448234493055384,0.03212563788868984,0.05829926017965239,0.03494289314115412,-0.06852561786372367,0.0,0.0,0.0,0.0,0.0,0.0,0.0,0.0,0.0,0.0,0.0,0.0,0.0,0.0,0.0,0.0,0.0,0.0,0.0,0.0,0.0,0.0,0.0,0.0,0.0,0.0,0.0,0.0,0.0,0.0,0.0,0.0,0.0,0.0,0.0,0.0
4100000000,4,100000000,Archimede_odom,Archimede_base_link,-7.122600222557043,13.270880310053704,345.36546524849473,-0.08672218494010732,0.16875594479532782,0.9791221077143898,0.07294238767946312,0.0,0.0,0.0,0.0,0.0,0.0,0.0,0.0,0.0,0.0,0.0,0.0,0.0,0.0,0.0,0.0,0.0,0.0,0.0,0.0,0.0,0.0,0.0,0.0,0.0,0.0,0.0,0.0,0.0,0.0,0.0,0.0,0.0,0.0,0.0,0.0,0.36886442205079806,-0.33665132936880365,0.03242441899371264,0.04441111068267397,0.03379922464991155,-0.08371240893708683,0.0,0.0,0.0,0.0,0.0,0.0,0.0,0.0,0.0,0.0,0.0,0.0,0.0,0.0,0.0,0.0,0.0,0.0,0.0,0.0,0.0,0.0,0.0,0.0,0.0,0.0,0.0,0.0,0.0,0.0,0.0,0.0,0.0,0.0,0.0,0.0
4200000000,4,200000000,Archimede_odom,Archimede_base_link,-7.154262763648875,13.30726225464789,345.349699363809,-0.08911592988984857,0.16894752745432054,0.9785298080902677,0.07742414794986727,0.0,0.0,0.0,0.0,0.0,0.0,0.0,0.0,0.0,0.0,0.0,0.0,0.0,0.0,0.0,0.0,0.0,0.0,0.0,0.0,0.0,0.0,0.0,0.0,0.0,0.0,0.0,0.0,0.0,0.0,0.0,0.0,0.0,0.0,0.0,0.0,0.393322737378103,-0.33560380493770425,0.02598626727017376,0.00955149352656489,0.03249544774521652,-0.10841537874759417,0.0,0.0,0.0,0.0,0.0,0.0,0.0,0.0,0.0,0.0,0.0,0.0,0.0,0.0,0.0,0.0,0.0,0.0,0.0,0.0,0.0,0.0,0.0,0.0,0.0,0.0,0.0,0.0,0.0,0.0,0.0,0.0,0.0,0.0,0.0,0.0
4300000000,4,300000000,Archimede_odom,Archimede_base_link,-7.187409694899058,13.344493761204632,345.3333747668689,-0.09165350905707004,0.16903102066795295,0.9778113132649443,0.08314555899481937,0.0,0.0,0.0,0.0,0.0,0.0,0.0,0.0,0.0,0.0,0.0,0.0,0.0,0.0,0.0,0.0,0.0,0.0,0.0,0.0,0.0,0.0,0.0,0.0,0.0,0.0,0.0,0.0,0.0,0.0,0.0,0.0,0.0,0.0,0.0,0.0,0.4072077371469372,-0.33361759225682996,0.02750657641992978,0.010918312513392715,0.031089676278960206,-0.13138661312056893,0.0,0.0,0.0,0.0,0.0,0.0,0.0,0.0,0.0,0.0,0.0,0.0,0.0,0.0,0.0,0.0,0.0,0.0,0.0,0.0,0.0,0.0,0.0,0.0,0.0,0.0,0.0,0.0,0.0,0.0,0.0,0.0,0.0,0.0,0.0,0.0
4400000000,4,400000000,Archimede_odom,Archimede_base_link,-7.221241861115725,13.382234302897764,345.31674992316243,-0.09436155765416157,0.16917592615874663,0.9769326400098584,0.08987780220265364,0.0,0.0,0.0,0.0,0.0,0.0,0.0,0.0,0.0,0.0,0.0,0.0,0.0,0.0,0.0,0.0,0.0,0.0,0.0,0.0,0.0,0.0,0.0,0.0,0.0,0.0,0.0,0.0,0.0,0.0,0.0,0.0,0.0,0.0,0.0,0.0,0.4178990176340818,-0.33319646099932065,0.029206714946455724,0.024773807397296312,0.03819980721560319,-0.1485038033941644,0.0,0.0,0.0,0.0,0.0,0.0,0.0,0.0,0.0,0.0,0.0,0.0,0.0,0.0,0.0,0.0,0.0,0.0,0.0,0.0,0.0,0.0,0.0,0.0,0.0,0.0,0.0,0.0,0.0,0.0,0.0,0.0,0.0,0.0,0.0,0.0
4500000000,4,500000000,Archimede_odom,Archimede_base_link,-7.255296590059492,13.420105157454891,345.30001710173457,-0.09728416610230872,0.16966421357997047,0.9758609602196563,0.09718658330880334,0.0,0.0,0.0,0.0,0.0,0.0,0.0,0.0,0.0,0.0,0.0,0.0,0.0,0.0,0.0,0.0,0.0,0.0,0.0,0.0,0.0,0.0,0.0,0.0,0.0,0.0,0.0,0.0,0.0,0.0,0.0,0.0,0.0,0.0,0.0,0.0,0.42756624718597447,-0.3304435528658941,0.03155416795728412,0.022292812639186813,0.035191415951582816,-0.16118465513868224,0.0,0.0,0.0,0.0,0.0,0.0,0.0,0.0,0.0,0.0,0.0,0.0,0.0,0.0,0.0,0.0,0.0,0.0,0.0,0.0,0.0,0.0,0.0,0.0,0.0,0.0,0.0,0.0,0.0,0.0,0.0,0.0,0.0,0.0,0.0,0.0
4601000000,4,600000000,Archimede_odom,Archimede_base_link,-7.289798341325765,13.458809697260477,345.2829285307597,-0.10025441108431328,0.16999317973150546,0.9746637048336065,0.10527124195590344,0.0,0.0,0.0,0.0,0.0,0.0,0.0,0.0,0.0,0.0,0.0,0.0,0.0,0.0,0.0,0.0,0.0,0.0,0.0,0.0,0.0,0.0,0.0,0.0,0.0,0.0,0.0,0.0,0.0,0.0,0.0,0.0,0.0,0.0,0.0,0.0,0.4378498669889212,-0.32962054658135104,0.0339440139015931,0.018123890651336787,0.03161768675837976,-0.17598063283374657,0.0,0.0,0.0,0.0,0.0,0.0,0.0,0.0,0.0,0.0,0.0,0.0,0.0,0.0,0.0,0.0,0.0,0.0,0.0,0.0,0.0,0.0,0.0,0.0,0.0,0.0,0.0,0.0,0.0,0.0,0.0,0.0,0.0,0.0,0.0,0.0
4700000000,4,700000000,Archimede_odom,Archimede_base_link,-7.324370343703709,13.497794641182743,345.26570859483513,-0.103211447669079,0.17013903871806546,0.9733461511530674,0.11400602883030232,0.0,0.0,0.0,0.0,0.0,0.0,0.0,0.0,0.0,0.0,0.0,0.0,0.0,0.0,0.0,0.0,0.0,0.0,0.0,0.0,0.0,0.0,0.0,0.0,0.0,0.0,0.0,0.0,0.0,0.0,0.0,0.0,0.0,0.0,0.0,0.0,0.44333643206643336,-0.32250908624205,0.03565133839117367,0.019037229693737882,0.030595646367603684,-0.18800770963226693,0.0,0.0,0.0,0.0,0.0,0.0,0.0,0.0,0.0,0.0,0.0,0.0,0.0,0.0,0.0,0.0,0.0,0.0,0.0,0.0,0.0,0.0,0.0,0.0,0.0,0.0,0.0,0.0,0.0,0.0,0.0,0.0,0.0,0.0,0.0,0.0
4800000000,4,800000000,Archimede_odom,Archimede_base_link,-7.358966199388976,13.53686066632908,345.24825180762184,-0.10602009359949312,0.17015105592624816,0.9719173973370595,0.12322715071725815,0.0,0.0,0.0,0.0,0.0,0.0,0.0,0.0,0.0,0.0,0.0,0.0,0.0,0.0,0.0,0.0,0.0,0.0,0.0,0.0,0.0,0.0,0.0,0.0,0.0,0.0,0.0,0.0,0.0,0.0,0.0,0.0,0.0,0.0,0.0,0.0,0.4520079418907209,-0.3138621787296684,0.03186546413177321,0.002185444320404602,0.023871608760422585,-0.195203723181429,0.0,0.0,0.0,0.0,0.0,0.0,0.0,0.0,0.0,0.0,0.0,0.0,0.0,0.0,0.0,0.0,0.0,0.0,0.0,0.0,0.0,0.0,0.0,0.0,0.0,0.0,0.0,0.0,0.0,0.0,0.0,0.0,0.0,0.0,0.0,0.0
4900000000,4,900000000,Archimede_odom,Archimede_base_link,-7.393553948464613,13.575550592561772,345.23033423064624,-0.10880772354789792,0.1688745471591245,0.9705968658409155,0.13260464033327302,0.0,0.0,0.0,0.0,0.0,0.0,0.0,0.0,0.0,0.0,0.0,0.0,0.0,0.0,0.0,0.0,0.0,0.0,0.0,0.0,0.0,0.0,0.0,0.0,0.0,0.0,0.0,0.0,0.0,0.0,0.0,0.0,0.0,0.0,0.0,0.0,0.45652186188570354,-0.3036874816541618,0.030502016345582146,-0.013851350345502667,0.016975041331202832,-0.19950826849059441,0.0,0.0,0.0,0.0,0.0,0.0,0.0,0.0,0.0,0.0,0.0,0.0,0.0,0.0,0.0,0.0,0.0,0.0,0.0,0.0,0.0,0.0,0.0,0.0,0.0,0.0,0.0,0.0,0.0,0.0,0.0,0.0,0.0,0.0,0.0,0.0
5000000000,5,0,Archimede_odom,Archimede_base_link,-7.4270660175041625,13.613798093588468,345.21259918902786,-0.11085845620851507,0.16773919551572175,0.9691471004871567,0.14257581348931578,0.0,0.0,0.0,0.0,0.0,0.0,0.0,0.0,0.0,0.0,0.0,0.0,0.0,0.0,0.0,0.0,0.0,0.0,0.0,0.0,0.0,0.0,0.0,0.0,0.0,0.0,0.0,0.0,0.0,0.0,0.0,0.0,0.0,0.0,0.0,0.0,0.44568544500179896,-0.29809518451473266,0.03228975169315628,0.011928894987755323,0.00800041504581989,-0.19777259650782034,0.0,0.0,0.0,0.0,0.0,0.0,0.0,0.0,0.0,0.0,0.0,0.0,0.0,0.0,0.0,0.0,0.0,0.0,0.0,0.0,0.0,0.0,0.0,0.0,0.0,0.0,0.0,0.0,0.0,0.0,0.0,0.0,0.0,0.0,0.0,0.0
5100000000,5,100000000,Archimede_odom,Archimede_base_link,-7.4597785240805825,13.653079265408076,345.1949390718,-0.11280815574264559,0.16715058239032224,0.9675984629553557,0.15194807432459392,0.0,0.0,0.0,0.0,0.0,0.0,0.0,0.0,0.0,0.0,0.0,0.0,0.0,0.0,0.0,0.0,0.0,0.0,0.0,0.0,0.0,0.0,0.0,0.0,0.0,0.0,0.0,0.0,0.0,0.0,0.0,0.0,0.0,0.0,0.0,0.0,0.45588584312164615,-0.3054623554438879,0.03368297861403953,0.007760753230000498,0.008965663200629293,-0.19426226931222484,0.0,0.0,0.0,0.0,0.0,0.0,0.0,0.0,0.0,0.0,0.0,0.0,0.0,0.0,0.0,0.0,0.0,0.0,0.0,0.0,0.0,0.0,0.0,0.0,0.0,0.0,0.0,0.0,0.0,0.0,0.0,0.0,0.0,0.0,0.0,0.0
5200000000,5,200000000,Archimede_odom,Archimede_base_link,-7.492679324135507,13.694446233209286,345.17656668854573,-0.11485762814034428,0.1664269427330341,0.9659568828827313,0.16136015122076167,0.0,0.0,0.0,0.0,0.0,0.0,0.0,0.0,0.0,0.0,0.0,0.0,0.0,0.0,0.0,0.0,0.0,0.0,0.0,0.0,0.0,0.0,0.0,0.0,0.0,0.0,0.0,0.0,0.0,0.0,0.0,0.0,0.0,0.0,0.0,0.0,0.47019230256814926,-0.3141174296590683,0.03537296397148101,0.00556845930353228,0.01019821379127706,-0.19691384901512432,0.0,0.0,0.0,0.0,0.0,0.0,0.0,0.0,0.0,0.0,0.0,0.0,0.0,0.0,0.0,0.0,0.0,0.0,0.0,0.0,0.0,0.0,0.0,0.0,0.0,0.0,0.0,0.0,0.0,0.0,0.0,0.0,0.0,0.0,0.0,0.0
5300000000,5,300000000,Archimede_odom,Archimede_base_link,-7.525367279485885,13.736060130002913,345.15815383326094,-0.11653200328562603,0.16475220508766572,0.9644779146654215,0.17046804759728512,0.0,0.0,0.0,0.0,0.0,0.0,0.0,0.0,0.0,0.0,0.0,0.0,0.0,0.0,0.0,0.0,0.0,0.0,0.0,0.0,0.0,0.0,0.0,0.0,0.0,0.0,0.0,0.0,0.0,0.0,0.0,0.0,0.0,0.0,0.0,0.0,0.47128727368618656,-0.30310072907384483,0.03489680686383152,-0.016952426125958053,-0.0022513354702353655,-0.18846194369093955,0.0,0.0,0.0,0.0,0.0,0.0,0.0,0.0,0.0,0.0,0.0,0.0,0.0,0.0,0.0,0.0,0.0,0.0,0.0,0.0,0.0,0.0,0.0,0.0,0.0,0.0,0.0,0.0,0.0,0.0,0.0,0.0,0.0,0.0,0.0,0.0
5400000000,5,400000000,Archimede_odom,Archimede_base_link,-7.5580484241434345,13.77858896848956,345.1394366155022,-0.11816695913005502,0.1627345121920728,0.962967472652857,0.1795764319840811,0.0,0.0,0.0,0.0,0.0,0.0,0.0,0.0,0.0,0.0,0.0,0.0,0.0,0.0,0.0,0.0,0.0,0.0,0.0,0.0,0.0,0.0,0.0,0.0,0.0,0.0,0.0,0.0,0.0,0.0,0.0,0.0,0.0,0.0,0.0,0.0,0.4831472658790708,-0.3058132303033419,0.03485416845703768,-0.01929854831027415,-0.001520280651201629,-0.19294055403434096,0.0,0.0,0.0,0.0,0.0,0.0,0.0,0.0,0.0,0.0,0.0,0.0,0.0,0.0,0.0,0.0,0.0,0.0,0.0,0.0,0.0,0.0,0.0,0.0,0.0,0.0,0.0,0.0,0.0,0.0,0.0,0.0,0.0,0.0,0.0,0.0
5500000000,5,500000000,Archimede_odom,Archimede_base_link,-7.590042931572929,13.821094728519576,345.12152347629046,-0.11927262437938826,0.16150928745868737,0.9613331293658991,0.18848714948719383,0.0,0.0,0.0,0.0,0.0,0.0,0.0,0.0,0.0,0.0,0.0,0.0,0.0,0.0,0.0,0.0,0.0,0.0,0.0,0.0,0.0,0.0,0.0,0.0,0.0,0.0,0.0,0.0,0.0,0.0,0.0,0.0,0.0,0.0,0.0,0.0,0.4618615890737242,-0.27456042673142567,0.03651071635827503,-0.05488535505430925,-0.03478336686654916,-0.18022461771203788,0.0,0.0,0.0,0.0,0.0,0.0,0.0,0.0,0.0,0.0,0.0,0.0,0.0,0.0,0.0,0.0,0.0,0.0,0.0,0.0,0.0,0.0,0.0,0.0,0.0,0.0,0.0,0.0,0.0,0.0,0.0,0.0,0.0,0.0,0.0,0.0
5600000000,5,600000000,Archimede_odom,Archimede_base_link,-7.620639043165068,13.860890051611698,345.1048589128594,-0.1196688186017747,0.15935188765837058,0.9600323943280568,0.19653028162323558,0.0,0.0,0.0,0.0,0.0,0.0,0.0,0.0,0.0,0.0,0.0,0.0,0.0,0.0,0.0,0.0,0.0,0.0,0.0,0.0,0.0,0.0,0.0,0.0,0.0,0.0,0.0,0.0,0.0,0.0,0.0,0.0,0.0,0.0,0.0,0.0,0.448603032758544,-0.2550704407846059,0.037542251948463334,-0.026172984101150466,-0.026822497279366836,-0.1556067454924539,0.0,0.0,0.0,0.0,0.0,0.0,0.0,0.0,0.0,0.0,0.0,0.0,0.0,0.0,0.0,0.0,0.0,0.0,0.0,0.0,0.0,0.0,0.0,0.0,0.0,0.0,0.0,0.0,0.0,0.0,0.0,0.0,0.0,0.0,0.0,0.0
5700000000,5,700000000,Archimede_odom,Archimede_base_link,-7.650904206187551,13.900147983064278,345.088392519906,-0.12000270857640137,0.15732245541797424,0.9587957541360012,0.203861955269647,0.0,0.0,0.0,0.0,0.0,0.0,0.0,0.0,0.0,0.0,0.0,0.0,0.0,0.0,0.0,0.0,0.0,0.0,0.0,0.0,0.0,0.0,0.0,0.0,0.0,0.0,0.0,0.0,0.0,0.0,0.0,0.0,0.0,0.0,0.0,0.0,0.4595709353817237,-0.2570168432197336,0.034275254846214256,-0.021286865758814513,-0.029133446528291158,-0.15115281177584622,0.0,0.0,0.0,0.0,0.0,0.0,0.0,0.0,0.0,0.0,0.0,0.0,0.0,0.0,0.0,0.0,0.0,0.0,0.0,0.0,0.0,0.0,0.0,0.0,0.0,0.0,0.0,0.0,0.0,0.0,0.0,0.0,0.0,0.0,0.0,0.0
5800000000,5,800000000,Archimede_odom,Archimede_base_link,-7.681608126641463,13.93886122456179,345.0709466993442,-0.11892004962554657,0.15490428196444972,0.9576891785259379,0.21140984499414855,0.0,0.0,0.0,0.0,0.0,0.0,0.0,0.0,0.0,0.0,0.0,0.0,0.0,0.0,0.0,0.0,0.0,0.0,0.0,0.0,0.0,0.0,0.0,0.0,0.0,0.0,0.0,0.0,0.0,0.0,0.0,0.0,0.0,0.0,0.0,0.0,0.4740741807617808,-0.2403705797962748,0.02307884582622367,-0.020661913163403912,-0.05399306274272686,-0.1483257928004771,0.0,0.0,0.0,0.0,0.0,0.0,0.0,0.0,0.0,0.0,0.0,0.0,0.0,0.0,0.0,0.0,0.0,0.0,0.0,0.0,0.0,0.0,0.0,0.0,0.0,0.0,0.0,0.0,0.0,0.0,0.0,0.0,0.0,0.0,0.0,0.0
5900000000,5,900000000,Archimede_odom,Archimede_base_link,-7.7135554355007905,13.978413429014257,345.0529886595293,-0.11731574362251221,0.15288121543541536,0.9565870792376819,0.2186447120348627,0.0,0.0,0.0,0.0,0.0,0.0,0.0,0.0,0.0,0.0,0.0,0.0,0.0,0.0,0.0,0.0,0.0,0.0,0.0,0.0,0.0,0.0,0.0,0.0,0.0,0.0,0.0,0.0,0.0,0.0,0.0,0.0,0.0,0.0,0.0,0.0,0.4858448067842559,-0.24274360351662141,0.02210711065497154,0.004698851818490922,-0.053046092008957824,-0.13528095936877424,0.0,0.0,0.0,0.0,0.0,0.0,0.0,0.0,0.0,0.0,0.0,0.0,0.0,0.0,0.0,0.0,0.0,0.0,0.0,0.0,0.0,0.0,0.0,0.0,0.0,0.0,0.0,0.0,0.0,0.0,0.0,0.0,0.0,0.0,0.0,0.0
6000000000,6,0,Archimede_odom,Archimede_base_link,-7.745297937857193,14.018682806637008,345.03501284259556,-0.11598122192353061,0.1524932540852354,0.9553109215432629,0.22511154301763872,0.0,0.0,0.0,0.0,0.0,0.0,0.0,0.0,0.0,0.0,0.0,0.0,0.0,0.0,0.0,0.0,0.0,0.0,0.0,0.0,0.0,0.0,0.0,0.0,0.0,0.0,0.0,0.0,0.0,0.0,0.0,0.0,0.0,0.0,0.0,0.0,0.4904060288363084,-0.24176273264083625,0.0206404296356203,0.014427666144127266,-0.045388320162467105,-0.12224150899879824,0.0,0.0,0.0,0.0,0.0,0.0,0.0,0.0,0.0,0.0,0.0,0.0,0.0,0.0,0.0,0.0,0.0,0.0,0.0,0.0,0.0,0.0,0.0,0.0,0.0,0.0,0.0,0.0,0.0,0.0,0.0,0.0,0.0,0.0,0.0,0.0
6100000000,6,100000000,Archimede_odom,Archimede_base_link,-7.777350856436492,14.060271401670596,345.0168235456143,-0.1144225501762127,0.15238810283467744,0.954040494050742,0.23128355288916694,0.0,0.0,0.0,0.0,0.0,0.0,0.0,0.0,0.0,0.0,0.0,0.0,0.0,0.0,0.0,0.0,0.0,0.0,0.0,0.0,0.0,0.0,0.0,0.0,0.0,0.0,0.0,0.0,0.0,0.0,0.0,0.0,0.0,0.0,0.0,0.0,0.49849999599627565,-0.24533738253021126,0.025446861910560236,0.049026168579102726,-0.03973976630200353,-0.11107643651450336,0.0,0.0,0.0,0.0,0.0,0.0,0.0,0.0,0.0,0.0,0.0,0.0,0.0,0.0,0.0,0.0,0.0,0.0,0.0,0.0,0.0,0.0,0.0,0.0,0.0,0.0,0.0,0.0,0.0,0.0,0.0,0.0,0.0,0.0,0.0,0.0
6200000000,6,200000000,Archimede_odom,Archimede_base_link,-7.809129380019299,14.101610039396224,344.99914594764,-0.11262379733358416,0.1532358536329492,0.9527844299829018,0.23672026406225172,0.0,0.0,0.0,0.0,0.0,0.0,0.0,0.0,0.0,0.0,0.0,0.0,0.0,0.0,0.0,0.0,0.0,0.0,0.0,0.0,0.0,0.0,0.0,0.0,0.0,0.0,0.0,0.0,0.0,0.0,0.0,0.0,0.0,0.0,0.0,0.0,0.50107217168899,-0.23825955929295556,0.024178487755929064,0.039116742555313104,-0.045278400450721436,-0.09942802485744415,0.0,0.0,0.0,0.0,0.0,0.0,0.0,0.0,0.0,0.0,0.0,0.0,0.0,0.0,0.0,0.0,0.0,0.0,0.0,0.0,0.0,0.0,0.0,0.0,0.0,0.0,0.0,0.0,0.0,0.0,0.0,0.0,0.0,0.0,0.0,0.0
6300000000,6,300000000,Archimede_odom,Archimede_base_link,-7.8412233993831055,14.143557788548083,344.981225750107,-0.11074787821124213,0.1539908776720877,0.9515594443430075,0.2419841749931487,0.0,0.0,0.0,0.0,0.0,0.0,0.0,0.0,0.0,0.0,0.0,0.0,0.0,0.0,0.0,0.0,0.0,0.0,0.0,0.0,0.0,0.0,0.0,0.0,0.0,0.0,0.0,0.0,0.0,0.0,0.0,0.0,0.0,0.0,0.0,0.0,0.5089266347788446,-0.23780900031478985,0.023153757801811375,0.03880547258829899,-0.04565873663801602,-0.09753041392987469,0.0,0.0,0.0,0.0,0.0,0.0,0.0,0.0,0.0,0.0,0.0,0.0,0.0,0.0,0.0,0.0,0.0,0.0,0.0,0.0,0.0,0.0,0.0,0.0,0.0,0.0,0.0,0.0,0.0,0.0,0.0,0.0,0.0,0.0,0.0,0.0
6400000000,6,400000000,Archimede_odom,Archimede_base_link,-7.873642605125656,14.186392232484579,344.96298286948957,-0.10883857892961976,0.15473753749752195,0.9503326456786686,0.2471402856338196,0.0,0.0,0.0,0.0,0.0,0.0,0.0,0.0,0.0,0.0,0.0,0.0,0.0,0.0,0.0,0.0,0.0,0.0,0.0,0.0,0.0,0.0,0.0,0.0,0.0,0.0,0.0,0.0,0.0,0.0,0.0,0.0,0.0,0.0,0.0,0.0,0.5180791282939856,-0.23908751678967954,0.02217915474540973,0.03850886541025675,-0.046040099391141245,-0.09592370068705888,0.0,0.0,0.0,0.0,0.0,0.0,0.0,0.0,0.0,0.0,0.0,0.0,0.0,0.0,0.0,0.0,0.0,0.0,0.0,0.0,0.0,0.0,0.0,0.0,0.0,0.0,0.0,0.0,0.0,0.0,0.0,0.0,0.0,0.0,0.0,0.0
6500000000,6,500000000,Archimede_odom,Archimede_base_link,-7.906409383815047,14.229766037381816,344.9445540462185,-0.10694447608357985,0.1554729115861189,0.9490639675516539,0.25232645183027624,0.0,0.0,0.0,0.0,0.0,0.0,0.0,0.0,0.0,0.0,0.0,0.0,0.0,0.0,0.0,0.0,0.0,0.0,0.0,0.0,0.0,0.0,0.0,0.0,0.0,0.0,0.0,0.0,0.0,0.0,0.0,0.0,0.0,0.0,0.0,0.0,0.5265035451660023,-0.23190007536771134,0.021144978632691304,0.038887063899729415,-0.0462209990155642,-0.1008432819122678,0.0,0.0,0.0,0.0,0.0,0.0,0.0,0.0,0.0,0.0,0.0,0.0,0.0,0.0,0.0,0.0,0.0,0.0,0.0,0.0,0.0,0.0,0.0,0.0,0.0,0.0,0.0,0.0,0.0,0.0,0.0,0.0,0.0,0.0,0.0,0.0
6600000000,6,600000000,Archimede_odom,Archimede_base_link,-7.939453584499772,14.271938456948234,344.92644186754933,-0.10480012732121015,0.15545316746490914,0.9478633392425376,0.25769426877323265,0.0,0.0,0.0,0.0,0.0,0.0,0.0,0.0,0.0,0.0,0.0,0.0,0.0,0.0,0.0,0.0,0.0,0.0,0.0,0.0,0.0,0.0,0.0,0.0,0.0,0.0,0.0,0.0,0.0,0.0,0.0,0.0,0.0,0.0,0.0,0.0,0.5092134513962523,-0.20456747280725124,0.016870253563844133,0.009085366660756974,-0.06463494073906108,-0.09803041741014884,0.0,0.0,0.0,0.0,0.0,0.0,0.0,0.0,0.0,0.0,0.0,0.0,0.0,0.0,0.0,0.0,0.0,0.0,0.0,0.0,0.0,0.0,0.0,0.0,0.0,0.0,0.0,0.0,0.0,0.0,0.0,0.0,0.0,0.0,0.0,0.0
6700000000,6,700000000,Archimede_odom,Archimede_base_link,-7.972109751965439,14.31242552843578,344.90961296713607,-0.10332424110641537,0.1546836306494197,0.9466565087918152,0.26313215305429516,0.0,0.0,0.0,0.0,0.0,0.0,0.0,0.0,0.0,0.0,0.0,0.0,0.0,0.0,0.0,0.0,0.0,0.0,0.0,0.0,0.0,0.0,0.0,0.0,0.0,0.0,0.0,0.0,0.0,0.0,0.0,0.0,0.0,0.0,0.0,0.0,0.5004418325631443,-0.19448642006213718,0.026046697784090543,0.007258383282163173,-0.03185626349205081,-0.11165666799335705,0.0,0.0,0.0,0.0,0.0,0.0,0.0,0.0,0.0,0.0,0.0,0.0,0.0,0.0,0.0,0.0,0.0,0.0,0.0,0.0,0.0,0.0,0.0,0.0,0.0,0.0,0.0,0.0,0.0,0.0,0.0,0.0,0.0,0.0,0.0,0.0
6800000000,6,800000000,Archimede_odom,Archimede_base_link,-8.003602972053999,14.352121627173993,344.893181812112,-0.10295723947256032,0.15284844476494602,0.9453655765826788,0.268925800892414,0.0,0.0,0.0,0.0,0.0,0.0,0.0,0.0,0.0,0.0,0.0,0.0,0.0,0.0,0.0,0.0,0.0,0.0,0.0,0.0,0.0,0.0,0.0,0.0,0.0,0.0,0.0,0.0,0.0,0.0,0.0,0.0,0.0,0.0,0.0,0.0,0.49918681534646475,-0.19630403463159976,0.01948408689857362,-0.0183869326430596,-0.03208250879443955,-0.12713079283974452,0.0,0.0,0.0,0.0,0.0,0.0,0.0,0.0,0.0,0.0,0.0,0.0,0.0,0.0,0.0,0.0,0.0,0.0,0.0,0.0,0.0,0.0,0.0,0.0,0.0,0.0,0.0,0.0,0.0,0.0,0.0,0.0,0.0,0.0,0.0,0.0
6900000000,6,900000000,Archimede_odom,Archimede_base_link,-8.034793221357697,14.393175146713237,344.87636174287803,-0.1027405687639175,0.15073337063011596,0.9438281332828511,0.27552183458368484,0.0,0.0,0.0,0.0,0.0,0.0,0.0,0.0,0.0,0.0,0.0,0.0,0.0,0.0,0.0,0.0,0.0,0.0,0.0,0.0,0.0,0.0,0.0,0.0,0.0,0.0,0.0,0.0,0.0,0.0,0.0,0.0,0.0,0.0,0.0,0.0,0.5076633340333052,-0.20111280659838773,0.01788078671842945,-0.02213570533152739,-0.032793826841295934,-0.14403320314268508,0.0,0.0,0.0,0.0,0.0,0.0,0.0,0.0,0.0,0.0,0.0,0.0,0.0,0.0,0.0,0.0,0.0,0.0,0.0,0.0,0.0,0.0,0.0,0.0,0.0,0.0,0.0,0.0,0.0,0.0,0.0,0.0,0.0,0.0,0.0,0.0
7000000000,7,0,Archimede_odom,Archimede_base_link,-8.06574626536797,14.434891811967876,344.8593366260276,-0.10263714856502733,0.14839462168545736,0.9420682999787825,0.2827577941708365,0.0,0.0,0.0,0.0,0.0,0.0,0.0,0.0,0.0,0.0,0.0,0.0,0.0,0.0,0.0,0.0,0.0,0.0,0.0,0.0,0.0,0.0,0.0,0.0,0.0,0.0,0.0,0.0,0.0,0.0,0.0,0.0,0.0,0.0,0.0,0.0,0.5095818879816858,-0.19746083364696987,0.015616044884806234,-0.02426546467084132,-0.03320412089481663,-0.15584195095424325,0.0,0.0,0.0,0.0,0.0,0.0,0.0,0.0,0.0,0.0,0.0,0.0,0.0,0.0,0.0,0.0,0.0,0.0,0.0,0.0,0.0,0.0,0.0,0.0,0.0,0.0,0.0,0.0,0.0,0.0,0.0,0.0,0.0,0.0,0.0,0.0
7100000000,7,100000000,Archimede_odom,Archimede_base_link,-8.09656755946472,14.477218630188283,344.8421119782339,-0.10263096503008182,0.14586220528558988,0.9400964117595088,0.29053371350518814,0.0,0.0,0.0,0.0,0.0,0.0,0.0,0.0,0.0,0.0,0.0,0.0,0.0,0.0,0.0,0.0,0.0,0.0,0.0,0.0,0.0,0.0,0.0,0.0,0.0,0.0,0.0,0.0,0.0,0.0,0.0,0.0,0.0,0.0,0.0,0.0,0.5182523465085762,-0.1968802861723762,0.0135392184542678,-0.027122717713217486,-0.033650682592489496,-0.16824213159944362,0.0,0.0,0.0,0.0,0.0,0.0,0.0,0.0,0.0,0.0,0.0,0.0,0.0,0.0,0.0,0.0,0.0,0.0,0.0,0.0,0.0,0.0,0.0,0.0,0.0,0.0,0.0,0.0,0.0,0.0,0.0,0.0,0.0,0.0,0.0,0.0
7201000000,7,200000000,Archimede_odom,Archimede_base_link,-8.12738009827617,14.520339024269742,344.82461483359185,-0.10272343869450115,0.14312978221630615,0.9379097973372893,0.2988092579626917,0.0,0.0,0.0,0.0,0.0,0.0,0.0,0.0,0.0,0.0,0.0,0.0,0.0,0.0,0.0,0.0,0.0,0.0,0.0,0.0,0.0,0.0,0.0,0.0,0.0,0.0,0.0,0.0,0.0,0.0,0.0,0.0,0.0,0.0,0.0,0.0,0.5260577542010458,-0.1942534521841715,0.011270330185392368,-0.02971596151268508,-0.03387890886854414,-0.17882959947599572,0.0,0.0,0.0,0.0,0.0,0.0,0.0,0.0,0.0,0.0,0.0,0.0,0.0,0.0,0.0,0.0,0.0,0.0,0.0,0.0,0.0,0.0,0.0,0.0,0.0,0.0,0.0,0.0,0.0,0.0,0.0,0.0,0.0,0.0,0.0,0.0
7300000000,7,300000000,Archimede_odom,Archimede_base_link,-8.15784105644718,14.562879960376442,344.8073171539036,-0.10267159773778402,0.13951148752777678,0.9357349521788348,0.30723799754690373,0.0,0.0,0.0,0.0,0.0,0.0,0.0,0.0,0.0,0.0,0.0,0.0,0.0,0.0,0.0,0.0,0.0,0.0,0.0,0.0,0.0,0.0,0.0,0.0,0.0,0.0,0.0,0.0,0.0,0.0,0.0,0.0,0.0,0.0,0.0,0.0,0.520796313698775,-0.18052838337306518,0.007871948524875803,-0.047934979232597735,-0.043945181887521154,-0.1807088602570909,0.0,0.0,0.0,0.0,0.0,0.0,0.0,0.0,0.0,0.0,0.0,0.0,0.0,0.0,0.0,0.0,0.0,0.0,0.0,0.0,0.0,0.0,0.0,0.0,0.0,0.0,0.0,0.0,0.0,0.0,0.0,0.0,0.0,0.0,0.0,0.0
7400000000,7,400000000,Archimede_odom,Archimede_base_link,-8.188205765848299,14.606016992568167,344.7898684135464,-0.10265080589276739,0.1356285884349003,0.9334098894861934,0.3159330249563888,0.0,0.0,0.0,0.0,0.0,0.0,0.0,0.0,0.0,0.0,0.0,0.0,0.0,0.0,0.0,0.0,0.0,0.0,0.0,0.0,0.0,0.0,0.0,0.0,0.0,0.0,0.0,0.0,0.0,0.0,0.0,0.0,0.0,0.0,0.0,0.0,0.5299101104664213,-0.17837684585503008,0.005217114406258936,-0.04924968784238651,-0.04355370791972808,-0.18832686035607568,0.0,0.0,0.0,0.0,0.0,0.0,0.0,0.0,0.0,0.0,0.0,0.0,0.0,0.0,0.0,0.0,0.0,0.0,0.0,0.0,0.0,0.0,0.0,0.0,0.0,0.0,0.0,0.0,0.0,0.0,0.0,0.0,0.0,0.0,0.0,0.0
7500000000,7,500000000,Archimede_odom,Archimede_base_link,-8.218573618015094,14.649760660702547,344.7725181606258,-0.10311238555137622,0.1317067199974147,0.9308018962153902,0.32500616279581634,0.0,0.0,0.0,0.0,0.0,0.0,0.0,0.0,0.0,0.0,0.0,0.0,0.0,0.0,0.0,0.0,0.0,0.0,0.0,0.0,0.0,0.0,0.0,0.0,0.0,0.0,0.0,0.0,0.0,0.0,0.0,0.0,0.0,0.0,0.0,0.0,0.5307654785270269,-0.16665864337341116,0.008592858577587771,-0.05089723062779615,-0.02528655676572144,-0.20432896329872868,0.0,0.0,0.0,0.0,0.0,0.0,0.0,0.0,0.0,0.0,0.0,0.0,0.0,0.0,0.0,0.0,0.0,0.0,0.0,0.0,0.0,0.0,0.0,0.0,0.0,0.0,0.0,0.0,0.0,0.0,0.0,0.0,0.0,0.0,0.0,0.0
7600000000,7,600000000,Archimede_odom,Archimede_base_link,-8.24879391011858,14.692628169484024,344.7557463511795,-0.10410448648212449,0.1278058625686563,0.9277542461368681,0.33481334525730394,0.0,0.0,0.0,0.0,0.0,0.0,0.0,0.0,0.0,0.0,0.0,0.0,0.0,0.0,0.0,0.0,0.0,0.0,0.0,0.0,0.0,0.0,0.0,0.0,0.0,0.0,0.0,0.0,0.0,0.0,0.0,0.0,0.0,0.0,0.0,0.0,0.5277551317488051,-0.15037786720922935,0.004126304131788563,-0.05127580765050412,-0.029639738091407897,-0.2206054627986301,0.0,0.0,0.0,0.0,0.0,0.0,0.0,0.0,0.0,0.0,0.0,0.0,0.0,0.0,0.0,0.0,0.0,0.0,0.0,0.0,0.0,0.0,0.0,0.0,0.0,0.0,0.0,0.0,0.0,0.0,0.0,0.0,0.0,0.0,0.0,0.0
7700000000,7,700000000,Archimede_odom,Archimede_base_link,-8.279104776445418,14.735300795795958,344.73873267002404,-0.10492062477179476,0.12363434042437701,0.9243546474388149,0.3453616917430043,0.0,0.0,0.0,0.0,0.0,0.0,0.0,0.0,0.0,0.0,0.0,0.0,0.0,0.0,0.0,0.0,0.0,0.0,0.0,0.0,0.0,0.0,0.0,0.0,0.0,0.0,0.0,0.0,0.0,0.0,0.0,0.0,0.0,0.0,0.0,0.0,0.5368492182951664,-0.139020125704131,1.5621276604339373e-05,-0.05349976993320171,-0.03294449452343856,-0.23619150480947831,0.0,0.0,0.0,0.0,0.0,0.0,0.0,0.0,0.0,0.0,0.0,0.0,0.0,0.0,0.0,0.0,0.0,0.0,0.0,0.0,0.0,0.0,0.0,0.0,0.0,0.0,0.0,0.0,0.0,0.0,0.0,0.0,0.0,0.0,0.0,0.0
7800000000,7,800000000,Archimede_odom,Archimede_base_link,-8.30963354620315,14.777532145908005,344.72145764515017,-0.10599048835424475,0.11877231752549906,0.9207164298112035,0.3562869754057284,0.0,0.0,0.0,0.0,0.0,0.0,0.0,0.0,0.0,0.0,0.0,0.0,0.0,0.0,0.0,0.0,0.0,0.0,0.0,0.0,0.0,0.0,0.0,0.0,0.0,0.0,0.0,0.0,0.0,0.0,0.0,0.0,0.0,0.0,0.0,0.0,0.5297776855137258,-0.11014854156070068,-0.010826634127793649,-0.08349090767298742,-0.03398416496454545,-0.2397500370422415,0.0,0.0,0.0,0.0,0.0,0.0,0.0,0.0,0.0,0.0,0.0,0.0,0.0,0.0,0.0,0.0,0.0,0.0,0.0,0.0,0.0,0.0,0.0,0.0,0.0,0.0,0.0,0.0,0.0,0.0,0.0,0.0,0.0,0.0,0.0,0.0
7900000000,7,900000000,Archimede_odom,Archimede_base_link,-8.341414586896462,14.819612077430483,344.7035143896434,-0.10743622041415082,0.11318795168186938,0.9169078862829853,0.36732257514241207,0.0,0.0,0.0,0.0,0.0,0.0,0.0,0.0,0.0,0.0,0.0,0.0,0.0,0.0,0.0,0.0,0.0,0.0,0.0,0.0,0.0,0.0,0.0,0.0,0.0,0.0,0.0,0.0,0.0,0.0,0.0,0.0,0.0,0.0,0.0,0.0,0.5578271691577281,-0.10051334292682808,-0.01353994827925148,-0.0670355598619185,-0.023729982239016786,-0.24942761387131399,0.0,0.0,0.0,0.0,0.0,0.0,0.0,0.0,0.0,0.0,0.0,0.0,0.0,0.0,0.0,0.0,0.0,0.0,0.0,0.0,0.0,0.0,0.0,0.0,0.0,0.0,0.0,0.0,0.0,0.0,0.0,0.0,0.0,0.0,0.0,0.0
8000000000,8,0,Archimede_odom,Archimede_base_link,-8.37399903133998,14.863036076737886,344.6851992671985,-0.10911889683027336,0.10976560735115878,0.9125230456153623,0.37861097318783377,0.0,0.0,0.0,0.0,0.0,0.0,0.0,0.0,0.0,0.0,0.0,0.0,0.0,0.0,0.0,0.0,0.0,0.0,0.0,0.0,0.0,0.0,0.0,0.0,0.0,0.0,0.0,0.0,0.0,0.0,0.0,0.0,0.0,0.0,0.0,0.0,0.5729420838957675,-0.09122305271177915,-0.013879896222891083,-0.02157916861713463,0.0018609958744270501,-0.2534388810744551,0.0,0.0,0.0,0.0,0.0,0.0,0.0,0.0,0.0,0.0,0.0,0.0,0.0,0.0,0.0,0.0,0.0,0.0,0.0,0.0,0.0,0.0,0.0,0.0,0.0,0.0,0.0,0.0,0.0,0.0,0.0,0.0,0.0,0.0,0.0,0.0
8100000000,8,100000000,Archimede_odom,Archimede_base_link,-8.407279708757489,14.906272047148091,344.66694030225926,-0.11059451905605656,0.10648951246524797,0.9079180139441563,0.39001758427713523,0.0,0.0,0.0,0.0,0.0,0.0,0.0,0.0,0.0,0.0,0.0,0.0,0.0,0.0,0.0,0.0,0.0,0.0,0.0,0.0,0.0,0.0,0.0,0.0,0.0,0.0,0.0,0.0,0.0,0.0,0.0,0.0,0.0,0.0,0.0,0.0,0.5689435114720681,-0.06005202224182606,-0.013085536095201886,-0.04527387525454367,-0.022888635386557044,-0.2515363658255363,0.0,0.0,0.0,0.0,0.0,0.0,0.0,0.0,0.0,0.0,0.0,0.0,0.0,0.0,0.0,0.0,0.0,0.0,0.0,0.0,0.0,0.0,0.0,0.0,0.0,0.0,0.0,0.0,0.0,0.0,0.0,0.0,0.0,0.0,0.0,0.0
8200000000,8,200000000,Archimede_odom,Archimede_base_link,-8.440361112751747,14.949206481801564,344.6495697394822,-0.11153908927624613,0.10471690308370468,0.903470109219234,0.40041873522522536,0.0,0.0,0.0,0.0,0.0,0.0,0.0,0.0,0.0,0.0,0.0,0.0,0.0,0.0,0.0,0.0,0.0,0.0,0.0,0.0,0.0,0.0,0.0,0.0,0.0,0.0,0.0,0.0,0.0,0.0,0.0,0.0,0.0,0.0,0.0,0.0,0.5589717399702627,-0.06143386186711086,0.0007954496944755269,0.017920291479130566,-0.006695444855039631,-0.18074688532485012,0.0,0.0,0.0,0.0,0.0,0.0,0.0,0.0,0.0,0.0,0.0,0.0,0.0,0.0,0.0,0.0,0.0,0.0,0.0,0.0,0.0,0.0,0.0,0.0,0.0,0.0,0.0,0.0,0.0,0.0,0.0,0.0,0.0,0.0,0.0,0.0
8300000000,8,300000000,Archimede_odom,Archimede_base_link,-8.472378356338078,14.993718245930642,344.6324559602567,-0.1120115211682693,0.1044043311650963,0.9010043461620555,0.40588708153453956,0.0,0.0,0.0,0.0,0.0,0.0,0.0,0.0,0.0,0.0,0.0,0.0,0.0,0.0,0.0,0.0,0.0,0.0,0.0,0.0,0.0,0.0,0.0,0.0,0.0,0.0,0.0,0.0,0.0,0.0,0.0,0.0,0.0,0.0,0.0,0.0,0.571440393651959,-0.06667342174946103,-0.0024942134675617843,-0.0041410397741414836,0.009175452717071389,-0.08263683115130258,0.0,0.0,0.0,0.0,0.0,0.0,0.0,0.0,0.0,0.0,0.0,0.0,0.0,0.0,0.0,0.0,0.0,0.0,0.0,0.0,0.0,0.0,0.0,0.0,0.0,0.0,0.0,0.0,0.0,0.0,0.0,0.0,0.0,0.0,0.0,0.0
8401000000,8,400000000,Archimede_odom,Archimede_base_link,-8.504121723574599,15.038439807908803,344.61506806767824,-0.11376108584379706,0.10355099716405185,0.9001106300378382,0.40759840532913866,0.0,0.0,0.0,0.0,0.0,0.0,0.0,0.0,0.0,0.0,0.0,0.0,0.0,0.0,0.0,0.0,0.0,0.0,0.0,0.0,0.0,0.0,0.0,0.0,0.0,0.0,0.0,0.0,0.0,0.0,0.0,0.0,0.0,0.0,0.0,0.0,0.5780457660248837,-0.06828434275042754,-0.0037063069377925987,-0.032949030293778124,0.030266052579914583,-0.00871248145143096,0.0,0.0,0.0,0.0,0.0,0.0,0.0,0.0,0.0,0.0,0.0,0.0,0.0,0.0,0.0,0.0,0.0,0.0,0.0,0.0,0.0,0.0,0.0,0.0,0.0,0.0,0.0,0.0,0.0,0.0,0.0,0.0,0.0,0.0,0.0,0.0
8500000000,8,500000000,Archimede_odom,Archimede_base_link,-8.536346293234178,15.08468163414521,344.5968975538347,-0.11615182500082419,0.10255602311519804,0.9007450338521361,0.4057701315554005,0.0,0.0,0.0,0.0,0.0,0.0,0.0,0.0,0.0,0.0,0.0,0.0,0.0,0.0,0.0,0.0,0.0,0.0,0.0,0.0,0.0,0.0,0.0,0.0,0.0,0.0,0.0,0.0,0.0,0.0,0.0,0.0,0.0,0.0,0.0,0.0,0.591041492769114,-0.07126300114968306,-0.004604098305967268,-0.06997249945117585,0.054531443822692406,0.05544248377000534,0.0,0.0,0.0,0.0,0.0,0.0,0.0,0.0,0.0,0.0,0.0,0.0,0.0,0.0,0.0,0.0,0.0,0.0,0.0,0.0,0.0,0.0,0.0,0.0,0.0,0.0,0.0,0.0,0.0,0.0,0.0,0.0,0.0,0.0,0.0,0.0
8600000000,8,600000000,Archimede_odom,Archimede_base_link,-8.564310439122043,15.125555457771288,344.58029184232726,-0.12002850892330169,0.10319529378768899,0.9007538987671524,0.404458035204514,0.0,0.0,0.0,0.0,0.0,0.0,0.0,0.0,0.0,0.0,0.0,0.0,0.0,0.0,0.0,0.0,0.0,0.0,0.0,0.0,0.0,0.0,0.0,0.0,0.0,0.0,0.0,0.0,0.0,0.0,0.0,0.0,0.0,0.0,0.0,0.0,0.5213103418248675,-0.07254477413011286,-0.004267171802335738,0.005258128172879928,0.0873070648777686,-0.02338213408379932,0.0,0.0,0.0,0.0,0.0,0.0,0.0,0.0,0.0,0.0,0.0,0.0,0.0,0.0,0.0,0.0,0.0,0.0,0.0,0.0,0.0,0.0,0.0,0.0,0.0,0.0,0.0,0.0,0.0,0.0,0.0,0.0,0.0,0.0,0.0,0.0
8701000000,8,700000000,Archimede_odom,Archimede_base_link,-8.593735810392209,15.168333961478814,344.5627675153428,-0.12422041850703462,0.10455489728264271,0.8989059723014647,0.40694669680550494,0.0,0.0,0.0,0.0,0.0,0.0,0.0,0.0,0.0,0.0,0.0,0.0,0.0,0.0,0.0,0.0,0.0,0.0,0.0,0.0,0.0,0.0,0.0,0.0,0.0,0.0,0.0,0.0,0.0,0.0,0.0,0.0,0.0,0.0,0.0,0.0,0.559326276390852,-0.07000390178143923,-0.0034343385561322755,-0.0029273314342539406,0.08484953405400227,-0.09684367166768373,0.0,0.0,0.0,0.0,0.0,0.0,0.0,0.0,0.0,0.0,0.0,0.0,0.0,0.0,0.0,0.0,0.0,0.0,0.0,0.0,0.0,0.0,0.0,0.0,0.0,0.0,0.0,0.0,0.0,0.0,0.0,0.0,0.0,0.0,0.0,0.0
8800000000,8,800000000,Archimede_odom,Archimede_base_link,-8.62547310279626,15.21394706427833,344.543678367858,-0.12880473770146386,0.1044771815047152,0.8958330279931289,0.41228272344005623,0.0,0.0,0.0,0.0,0.0,0.0,0.0,0.0,0.0,0.0,0.0,0.0,0.0,0.0,0.0,0.0,0.0,0.0,0.0,0.0,0.0,0.0,0.0,0.0,0.0,0.0,0.0,0.0,0.0,0.0,0.0,0.0,0.0,0.0,0.0,0.0,0.60018216733984,-0.06420163032348784,-0.004426786802202415,-0.03299639000692657,0.07778071969637763,-0.15646774545894362,0.0,0.0,0.0,0.0,0.0,0.0,0.0,0.0,0.0,0.0,0.0,0.0,0.0,0.0,0.0,0.0,0.0,0.0,0.0,0.0,0.0,0.0,0.0,0.0,0.0,0.0,0.0,0.0,0.0,0.0,0.0,0.0,0.0,0.0,0.0,0.0
8900000000,8,900000000,Archimede_odom,Archimede_base_link,-8.659465675695705,15.262065789989917,344.52291467042465,-0.134013720563764,0.10312958621570438,0.8916982663697752,0.4198557048567665,0.0,0.0,0.0,0.0,0.0,0.0,0.0,0.0,0.0,0.0,0.0,0.0,0.0,0.0,0.0,0.0,0.0,0.0,0.0,0.0,0.0,0.0,0.0,0.0,0.0,0.0,0.0,0.0,0.0,0.0,0.0,0.0,0.0,0.0,0.0,0.0,0.640909965574467,-0.05371732754739322,-0.002355489448078768,-0.041759514033192224,0.07739995974388485,-0.20588530444321798,0.0,0.0,0.0,0.0,0.0,0.0,0.0,0.0,0.0,0.0,0.0,0.0,0.0,0.0,0.0,0.0,0.0,0.0,0.0,0.0,0.0,0.0,0.0,0.0,0.0,0.0,0.0,0.0,0.0,0.0,0.0,0.0,0.0,0.0,0.0,0.0
9000000000,9,0,Archimede_odom,Archimede_base_link,-8.695506667797055,15.312984232442153,344.50075282567497,-0.1395990937923767,0.1012238803061754,0.8865072368141463,0.42938413820756755,0.0,0.0,0.0,0.0,0.0,0.0,0.0,0.0,0.0,0.0,0.0,0.0,0.0,0.0,0.0,0.0,0.0,0.0,0.0,0.0,0.0,0.0,0.0,0.0,0.0,0.0,0.0,0.0,0.0,0.0,0.0,0.0,0.0,0.0,0.0,0.0,0.674364964472556,-0.04157882697704869,0.0009999194332199377,-0.04618536647042168,0.07851023542851285,-0.249225676888612,0.0,0.0,0.0,0.0,0.0,0.0,0.0,0.0,0.0,0.0,0.0,0.0,0.0,0.0,0.0,0.0,0.0,0.0,0.0,0.0,0.0,0.0,0.0,0.0,0.0,0.0,0.0,0.0,0.0,0.0,0.0,0.0,0.0,0.0,0.0,0.0
9100000000,9,100000000,Archimede_odom,Archimede_base_link,-8.730091519916677,15.363934723855744,344.47936485594954,-0.14552381384990062,0.0997345596486587,0.8810431140214595,0.4389064461244985,0.0,0.0,0.0,0.0,0.0,0.0,0.0,0.0,0.0,0.0,0.0,0.0,0.0,0.0,0.0,0.0,0.0,0.0,0.0,0.0,0.0,0.0,0.0,0.0,0.0,0.0,0.0,0.0,0.0,0.0,0.0,0.0,0.0,0.0,0.0,0.0,0.6524045502943734,-0.046328468013582244,0.015549960273396262,-0.0436892614928353,0.10289914397043265,-0.1877988668493556,0.0,0.0,0.0,0.0,0.0,0.0,0.0,0.0,0.0,0.0,0.0,0.0,0.0,0.0,0.0,0.0,0.0,0.0,0.0,0.0,0.0,0.0,0.0,0.0,0.0,0.0,0.0,0.0,0.0,0.0,0.0,0.0,0.0,0.0,0.0,0.0
9200000000,9,200000000,Archimede_odom,Archimede_base_link,-8.762301985545554,15.41445833430585,344.4589782960286,-0.14838932360348966,0.0994345651877192,0.8780295960305304,0.444024103378287,0.0,0.0,0.0,0.0,0.0,0.0,0.0,0.0,0.0,0.0,0.0,0.0,0.0,0.0,0.0,0.0,0.0,0.0,0.0,0.0,0.0,0.0,0.0,0.0,0.0,0.0,0.0,0.0,0.0,0.0,0.0,0.0,0.0,0.0,0.0,0.0,0.6066825493347568,-0.03749351857749979,0.020183527864824278,-0.028997080914380597,0.01977044926974366,-0.07665088918396663,0.0,0.0,0.0,0.0,0.0,0.0,0.0,0.0,0.0,0.0,0.0,0.0,0.0,0.0,0.0,0.0,0.0,0.0,0.0,0.0,0.0,0.0,0.0,0.0,0.0,0.0,0.0,0.0,0.0,0.0,0.0,0.0,0.0,0.0,0.0,0.0
9300000000,9,300000000,Archimede_odom,Archimede_base_link,-8.795462571638193,15.463935232976505,344.43878296349595,-0.1508442044552391,0.09793350837789673,0.8770122000844621,0.44553861204397743,0.0,0.0,0.0,0.0,0.0,0.0,0.0,0.0,0.0,0.0,0.0,0.0,0.0,0.0,0.0,0.0,0.0,0.0,0.0,0.0,0.0,0.0,0.0,0.0,0.0,0.0,0.0,0.0,0.0,0.0,0.0,0.0,0.0,0.0,0.0,0.0,0.6444265615699296,-0.02280167806355438,0.02096462094322564,-0.0526052159708625,0.037906519045570686,-0.020642100312383622,0.0,0.0,0.0,0.0,0.0,0.0,0.0,0.0,0.0,0.0,0.0,0.0,0.0,0.0,0.0,0.0,0.0,0.0,0.0,0.0,0.0,0.0,0.0,0.0,0.0,0.0,0.0,0.0,0.0,0.0,0.0,0.0,0.0,0.0,0.0,0.0
9400000000,9,400000000,Archimede_odom,Archimede_base_link,-8.831851843293503,15.514733331580647,344.41770755460817,-0.15424343612491118,0.09594742715758034,0.8772739885003874,0.44428977338539244,0.0,0.0,0.0,0.0,0.0,0.0,0.0,0.0,0.0,0.0,0.0,0.0,0.0,0.0,0.0,0.0,0.0,0.0,0.0,0.0,0.0,0.0,0.0,0.0,0.0,0.0,0.0,0.0,0.0,0.0,0.0,0.0,0.0,0.0,0.0,0.0,0.6700600328279999,0.005563845145810867,0.02522834621368908,-0.08116134897276324,0.052533331067151856,0.04161154584027374,0.0,0.0,0.0,0.0,0.0,0.0,0.0,0.0,0.0,0.0,0.0,0.0,0.0,0.0,0.0,0.0,0.0,0.0,0.0,0.0,0.0,0.0,0.0,0.0,0.0,0.0,0.0,0.0,0.0,0.0,0.0,0.0,0.0,0.0,0.0,0.0
9500000000,9,500000000,Archimede_odom,Archimede_base_link,-8.871288041433548,15.56534779539502,344.39584619018103,-0.1576748245774331,0.09454182585922534,0.8789267140638802,0.4401003569216338,0.0,0.0,0.0,0.0,0.0,0.0,0.0,0.0,0.0,0.0,0.0,0.0,0.0,0.0,0.0,0.0,0.0,0.0,0.0,0.0,0.0,0.0,0.0,0.0,0.0,0.0,0.0,0.0,0.0,0.0,0.0,0.0,0.0,0.0,0.0,0.0,0.6685581016701172,0.0053038348818641385,0.025453914881818817,-0.00973740671665437,0.013915100360790389,0.10890879322335008,0.0,0.0,0.0,0.0,0.0,0.0,0.0,0.0,0.0,0.0,0.0,0.0,0.0,0.0,0.0,0.0,0.0,0.0,0.0,0.0,0.0,0.0,0.0,0.0,0.0,0.0,0.0,0.0,0.0,0.0,0.0,0.0,0.0,0.0,0.0,0.0
9600000000,9,600000000,Archimede_odom,Archimede_base_link,-8.910946807951973,15.614770455506823,344.3735444224678,-0.15851569850895292,0.0947683317225985,0.8819527571300777,0.43364855680537945,0.0,0.0,0.0,0.0,0.0,0.0,0.0,0.0,0.0,0.0,0.0,0.0,0.0,0.0,0.0,0.0,0.0,0.0,0.0,0.0,0.0,0.0,0.0,0.0,0.0,0.0,0.0,0.0,0.0,0.0,0.0,0.0,0.0,0.0,0.0,0.0,0.6384338760417421,0.022257828957864732,0.004796273885916606,-0.05894634860109238,0.006294060605533403,0.17605316567186002,0.0,0.0,0.0,0.0,0.0,0.0,0.0,0.0,0.0,0.0,0.0,0.0,0.0,0.0,0.0,0.0,0.0,0.0,0.0,0.0,0.0,0.0,0.0,0.0,0.0,0.0,0.0,0.0,0.0,0.0,0.0,0.0,0.0,0.0,0.0,0.0
9700000000,9,700000000,Archimede_odom,Archimede_base_link,-8.948809254839555,15.662091350673773,344.3505110467736,-0.1564794820533007,0.09537242769407453,0.8865022940943852,0.42489052036667213,0.0,0.0,0.0,0.0,0.0,0.0,0.0,0.0,0.0,0.0,0.0,0.0,0.0,0.0,0.0,0.0,0.0,0.0,0.0,0.0,0.0,0.0,0.0,0.0,0.0,0.0,0.0,0.0,0.0,0.0,0.0,0.0,0.0,0.0,0.0,0.0,0.6660793658964005,-0.0043521729908261465,0.0019552483439718438,-0.014428222321236186,-0.025132266800022895,0.21730091059031736,0.0,0.0,0.0,0.0,0.0,0.0,0.0,0.0,0.0,0.0,0.0,0.0,0.0,0.0,0.0,0.0,0.0,0.0,0.0,0.0,0.0,0.0,0.0,0.0,0.0,0.0,0.0,0.0,0.0,0.0,0.0,0.0,0.0,0.0,0.0,0.0
9800000000,9,800000000,Archimede_odom,Archimede_base_link,-8.985093612043991,15.710175142722154,344.32788151853646,-0.1493523262344951,0.09877191836691224,0.8919678550189282,0.4151280963791745,0.0,0.0,0.0,0.0,0.0,0.0,0.0,0.0,0.0,0.0,0.0,0.0,0.0,0.0,0.0,0.0,0.0,0.0,0.0,0.0,0.0,0.0,0.0,0.0,0.0,0.0,0.0,0.0,0.0,0.0,0.0,0.0,0.0,0.0,0.0,0.0,0.6393991588703702,-0.033097011302370125,0.0036311136829014915,0.09804050694499383,-0.11612717669971491,0.261195682360131,0.0,0.0,0.0,0.0,0.0,0.0,0.0,0.0,0.0,0.0,0.0,0.0,0.0,0.0,0.0,0.0,0.0,0.0,0.0,0.0,0.0,0.0,0.0,0.0,0.0,0.0,0.0,0.0,0.0,0.0,0.0,0.0,0.0,0.0,0.0,0.0
9900000000,9,900000000,Archimede_odom,Archimede_base_link,-9.022110559959394,15.756340594292077,344.3072180227718,-0.1437621808791967,0.09945712810495641,0.8976215589681231,0.4046186499577198,0.0,0.0,0.0,0.0,0.0,0.0,0.0,0.0,0.0,0.0,0.0,0.0,0.0,0.0,0.0,0.0,0.0,0.0,0.0,0.0,0.0,0.0,0.0,0.0,0.0,0.0,0.0,0.0,0.0,0.0,0.0,0.0,0.0,0.0,0.0,0.0,0.6223944434464226,-0.022421418256202866,0.007910852325720464,-0.05762537915352557,-0.04112758684461779,0.23675376540685905,0.0,0.0,0.0,0.0,0.0,0.0,0.0,0.0,0.0,0.0,0.0,0.0,0.0,0.0,0.0,0.0,0.0,0.0,0.0,0.0,0.0,0.0,0.0,0.0,0.0,0.0,0.0,0.0,0.0,0.0,0.0,0.0,0.0,0.0,0.0,0.0
10000000000,10,0,Archimede_odom,Archimede_base_link,-9.058820557728843,15.80173502756554,344.28676804531665,-0.13997391827964287,0.09906774618511809,0.9032269752518131,0.39341316074161203,0.0,0.0,0.0,0.0,0.0,0.0,0.0,0.0,0.0,0.0,0.0,0.0,0.0,0.0,0.0,0.0,0.0,0.0,0.0,0.0,0.0,0.0,0.0,0.0,0.0,0.0,0.0,0.0,0.0,0.0,0.0,0.0,0.0,0.0,0.0,0.0,0.6020645932224066,-0.05933920083744446,0.0026440686801155228,0.05060045208530635,-0.10881212449803235,0.26922759192249524,0.0,0.0,0.0,0.0,0.0,0.0,0.0,0.0,0.0,0.0,0.0,0.0,0.0,0.0,0.0,0.0,0.0,0.0,0.0,0.0,0.0,0.0,0.0,0.0,0.0,0.0,0.0,0.0,0.0,0.0,0.0,0.0,0.0,0.0,0.0,0.0
10100000000,10,100000000,Archimede_odom,Archimede_base_link,-9.09497520130535,15.84584283784092,344.26681193358945,-0.13533334022066687,0.09935683755178984,0.9088796264377728,0.3817734020368088,0.0,0.0,0.0,0.0,0.0,0.0,0.0,0.0,0.0,0.0,0.0,0.0,0.0,0.0,0.0,0.0,0.0,0.0,0.0,0.0,0.0,0.0,0.0,0.0,0.0,0.0,0.0,0.0,0.0,0.0,0.0,0.0,0.0,0.0,0.0,0.0,0.5772675242139795,-0.0374789192553001,0.00910019285960054,-0.06709383935098355,-0.05224132007099056,0.25922187807166985,0.0,0.0,0.0,0.0,0.0,0.0,0.0,0.0,0.0,0.0,0.0,0.0,0.0,0.0,0.0,0.0,0.0,0.0,0.0,0.0,0.0,0.0,0.0,0.0,0.0,0.0,0.0,0.0,0.0,0.0,0.0,0.0,0.0,0.0,0.0,0.0
10200000000,10,200000000,Archimede_odom,Archimede_base_link,-9.129507335816273,15.885805515482362,344.2495178969864,-0.1318242445362126,0.10122490078357296,0.9138434098665607,0.37049441326053734,0.0,0.0,0.0,0.0,0.0,0.0,0.0,0.0,0.0,0.0,0.0,0.0,0.0,0.0,0.0,0.0,0.0,0.0,0.0,0.0,0.0,0.0,0.0,0.0,0.0,0.0,0.0,0.0,0.0,0.0,0.0,0.0,0.0,0.0,0.0,0.0,0.5583332214163295,-0.040921978985706764,0.009799528107829794,0.006918994561140507,-0.04213368268998837,0.23134830962914466,0.0,0.0,0.0,0.0,0.0,0.0,0.0,0.0,0.0,0.0,0.0,0.0,0.0,0.0,0.0,0.0,0.0,0.0,0.0,0.0,0.0,0.0,0.0,0.0,0.0,0.0,0.0,0.0,0.0,0.0,0.0,0.0,0.0,0.0,0.0,0.0
10300000000,10,300000000,Archimede_odom,Archimede_base_link,-9.166684814340616,15.925550399155382,344.2323634975387,-0.12891612000088043,0.10229337619416193,0.9178301691256191,0.36125403780934506,0.0,0.0,0.0,0.0,0.0,0.0,0.0,0.0,0.0,0.0,0.0,0.0,0.0,0.0,0.0,0.0,0.0,0.0,0.0,0.0,0.0,0.0,0.0,0.0,0.0,0.0,0.0,0.0,0.0,0.0,0.0,0.0,0.0,0.0,0.0,0.0,0.5700411790706124,-0.04130152239609581,0.013627100621440092,0.009533148836927149,-0.027015286774838117,0.18976519300048605,0.0,0.0,0.0,0.0,0.0,0.0,0.0,0.0,0.0,0.0,0.0,0.0,0.0,0.0,0.0,0.0,0.0,0.0,0.0,0.0,0.0,0.0,0.0,0.0,0.0,0.0,0.0,0.0,0.0,0.0,0.0,0.0,0.0,0.0,0.0,0.0
10400000000,10,400000000,Archimede_odom,Archimede_base_link,-9.204679031748922,15.965481932312727,344.2153425685968,-0.126509774252641,0.10335338825847577,0.921080634720601,0.3534456372580282,0.0,0.0,0.0,0.0,0.0,0.0,0.0,0.0,0.0,0.0,0.0,0.0,0.0,0.0,0.0,0.0,0.0,0.0,0.0,0.0,0.0,0.0,0.0,0.0,0.0,0.0,0.0,0.0,0.0,0.0,0.0,0.0,0.0,0.0,0.0,0.0,0.5780967171435883,-0.049494100728367824,0.011059938759630355,0.010538136589155995,-0.030349994078512077,0.16340388913819218,0.0,0.0,0.0,0.0,0.0,0.0,0.0,0.0,0.0,0.0,0.0,0.0,0.0,0.0,0.0,0.0,0.0,0.0,0.0,0.0,0.0,0.0,0.0,0.0,0.0,0.0,0.0,0.0,0.0,0.0,0.0,0.0,0.0,0.0,0.0,0.0
10500000000,10,500000000,Archimede_odom,Archimede_base_link,-9.241536465520891,16.00227042797363,344.1975886320145,-0.12566460260577175,0.10261475241559748,0.9241929205418514,0.345754343224987,0.0,0.0,0.0,0.0,0.0,0.0,0.0,0.0,0.0,0.0,0.0,0.0,0.0,0.0,0.0,0.0,0.0,0.0,0.0,0.0,0.0,0.0,0.0,0.0,0.0,0.0,0.0,0.0,0.0,0.0,0.0,0.0,0.0,0.0,0.0,0.0,0.5559810000231282,-0.03240118037271142,-0.013492253421623468,-0.03670495430554256,-0.004458858669381194,0.15985082094483435,0.0,0.0,0.0,0.0,0.0,0.0,0.0,0.0,0.0,0.0,0.0,0.0,0.0,0.0,0.0,0.0,0.0,0.0,0.0,0.0,0.0,0.0,0.0,0.0,0.0,0.0,0.0,0.0,0.0,0.0,0.0,0.0,0.0,0.0,0.0,0.0
10600000000,10,600000000,Archimede_odom,Archimede_base_link,-9.282028756501788,16.03923986656177,344.1782354987318,-0.12547652836101805,0.1032968040750349,0.9268002142517224,0.3385657601726908,0.0,0.0,0.0,0.0,0.0,0.0,0.0,0.0,0.0,0.0,0.0,0.0,0.0,0.0,0.0,0.0,0.0,0.0,0.0,0.0,0.0,0.0,0.0,0.0,0.0,0.0,0.0,0.0,0.0,0.0,0.0,0.0,0.0,0.0,0.0,0.0,0.5982632009040673,-0.02758895930134752,-0.0168789159650932,0.012670294561729056,0.021161098560178743,0.14763864345017855,0.0,0.0,0.0,0.0,0.0,0.0,0.0,0.0,0.0,0.0,0.0,0.0,0.0,0.0,0.0,0.0,0.0,0.0,0.0,0.0,0.0,0.0,0.0,0.0,0.0,0.0,0.0,0.0,0.0,0.0,0.0,0.0,0.0,0.0,0.0,0.0
10700000000,10,700000000,Archimede_odom,Archimede_base_link,-9.318971532083975,16.073059405900935,344.1597018956264,-0.12693798547667043,0.10761461078724407,0.92917297273785,0.3300657966553657,0.0,0.0,0.0,0.0,0.0,0.0,0.0,0.0,0.0,0.0,0.0,0.0,0.0,0.0,0.0,0.0,0.0,0.0,0.0,0.0,0.0,0.0,0.0,0.0,0.0,0.0,0.0,0.0,0.0,0.0,0.0,0.0,0.0,0.0,0.0,0.0,0.5549055696778934,-0.04675653438538056,-0.020377204449484265,0.06480330654808722,0.08436378279416291,0.169642294968122,0.0,0.0,0.0,0.0,0.0,0.0,0.0,0.0,0.0,0.0,0.0,0.0,0.0,0.0,0.0,0.0,0.0,0.0,0.0,0.0,0.0,0.0,0.0,0.0,0.0,0.0,0.0,0.0,0.0,0.0,0.0,0.0,0.0,0.0,0.0,0.0
10800000000,10,800000000,Archimede_odom,Archimede_base_link,-9.358601737339619,16.10987665842302,344.1393957676274,-0.1281384995333326,0.108178376394353,0.9312852348922855,0.32339724038656925,0.0,0.0,0.0,0.0,0.0,0.0,0.0,0.0,0.0,0.0,0.0,0.0,0.0,0.0,0.0,0.0,0.0,0.0,0.0,0.0,0.0,0.0,0.0,0.0,0.0,0.0,0.0,0.0,0.0,0.0,0.0,0.0,0.0,0.0,0.0,0.0,0.6013157308616358,-0.058746320201603065,-0.02192608897473524,-0.009485396165606483,0.04121591381463737,0.1208749629191707,0.0,0.0,0.0,0.0,0.0,0.0,0.0,0.0,0.0,0.0,0.0,0.0,0.0,0.0,0.0,0.0,0.0,0.0,0.0,0.0,0.0,0.0,0.0,0.0,0.0,0.0,0.0,0.0,0.0,0.0,0.0,0.0,0.0,0.0,0.0,0.0
10900000000,10,900000000,Archimede_odom,Archimede_base_link,-9.40202104956633,16.149637105992806,344.11768741098473,-0.1305575370633687,0.11028542431997744,0.9324063306070769,0.31844982233054553,0.0,0.0,0.0,0.0,0.0,0.0,0.0,0.0,0.0,0.0,0.0,0.0,0.0,0.0,0.0,0.0,0.0,0.0,0.0,0.0,0.0,0.0,0.0,0.0,0.0,0.0,0.0,0.0,0.0,0.0,0.0,0.0,0.0,0.0,0.0,0.0,0.6327673627914681,-0.059545174805649304,-0.014846383819721542,-0.01903489193335068,0.06018579735034614,0.07766243256113173,0.0,0.0,0.0,0.0,0.0,0.0,0.0,0.0,0.0,0.0,0.0,0.0,0.0,0.0,0.0,0.0,0.0,0.0,0.0,0.0,0.0,0.0,0.0,0.0,0.0,0.0,0.0,0.0,0.0,0.0,0.0,0.0,0.0,0.0,0.0,0.0
11000000000,11,0,Archimede_odom,Archimede_base_link,-9.447205925655336,16.18978366042141,344.0955019256789,-0.13314556187120796,0.1111123680441065,0.932986092096239,0.3153779525848621,0.0,0.0,0.0,0.0,0.0,0.0,0.0,0.0,0.0,0.0,0.0,0.0,0.0,0.0,0.0,0.0,0.0,0.0,0.0,0.0,0.0,0.0,0.0,0.0,0.0,0.0,0.0,0.0,0.0,0.0,0.0,0.0,0.0,0.0,0.0,0.0,0.6428164410406314,-0.05634068166631079,-0.012200490320841402,-0.010318760447223211,0.05696074450889037,0.04267162332670002,0.0,0.0,0.0,0.0,0.0,0.0,0.0,0.0,0.0,0.0,0.0,0.0,0.0,0.0,0.0,0.0,0.0,0.0,0.0,0.0,0.0,0.0,0.0,0.0,0.0,0.0,0.0,0.0,0.0,0.0,0.0,0.0,0.0,0.0,0.0,0.0
11100000000,11,100000000,Archimede_odom,Archimede_base_link,-9.493182702868737,16.230212015960493,344.07387310227665,-0.1369827540702352,0.11204837619962725,0.9328472850686008,0.31381018023400814,0.0,0.0,0.0,0.0,0.0,0.0,0.0,0.0,0.0,0.0,0.0,0.0,0.0,0.0,0.0,0.0,0.0,0.0,0.0,0.0,0.0,0.0,0.0,0.0,0.0,0.0,0.0,0.0,0.0,0.0,0.0,0.0,0.0,0.0,0.0,0.0,0.649457270272708,-0.06036843254485341,0.0027477073997723414,-0.005548434078769124,0.08883733714563403,0.010298077791300507,0.0,0.0,0.0,0.0,0.0,0.0,0.0,0.0,0.0,0.0,0.0,0.0,0.0,0.0,0.0,0.0,0.0,0.0,0.0,0.0,0.0,0.0,0.0,0.0,0.0,0.0,0.0,0.0,0.0,0.0,0.0,0.0,0.0,0.0,0.0,0.0
11200000000,11,200000000,Archimede_odom,Archimede_base_link,-9.537116903301401,16.26917980685684,344.05249108058143,-0.1422141811569473,0.11517344983306936,0.9322035718965338,0.31226063420603023,0.0,0.0,0.0,0.0,0.0,0.0,0.0,0.0,0.0,0.0,0.0,0.0,0.0,0.0,0.0,0.0,0.0,0.0,0.0,0.0,0.0,0.0,0.0,0.0,0.0,0.0,0.0,0.0,0.0,0.0,0.0,0.0,0.0,0.0,0.0,0.0,0.5671039363857753,-0.04994426191622925,-0.0011407344397801197,0.030126614558903024,0.13265717454781595,0.05330027926962087,0.0,0.0,0.0,0.0,0.0,0.0,0.0,0.0,0.0,0.0,0.0,0.0,0.0,0.0,0.0,0.0,0.0,0.0,0.0,0.0,0.0,0.0,0.0,0.0,0.0,0.0,0.0,0.0,0.0,0.0,0.0,0.0,0.0,0.0,0.0,0.0
11300000000,11,300000000,Archimede_odom,Archimede_base_link,-9.580046596704593,16.304806005979422,344.03078853918856,-0.14772321879536474,0.11340474802449327,0.9323658200121756,0.3098567272583597,0.0,0.0,0.0,0.0,0.0,0.0,0.0,0.0,0.0,0.0,0.0,0.0,0.0,0.0,0.0,0.0,0.0,0.0,0.0,0.0,0.0,0.0,0.0,0.0,0.0,0.0,0.0,0.0,0.0,0.0,0.0,0.0,0.0,0.0,0.0,0.0,0.6251843643890501,-0.03777893046253058,-0.006931918437749327,-0.06098705671468476,0.10666760702399322,0.017827918242903393,0.0,0.0,0.0,0.0,0.0,0.0,0.0,0.0,0.0,0.0,0.0,0.0,0.0,0.0,0.0,0.0,0.0,0.0,0.0,0.0,0.0,0.0,0.0,0.0,0.0,0.0,0.0,0.0,0.0,0.0,0.0,0.0,0.0,0.0,0.0,0.0
11400000000,11,400000000,Archimede_odom,Archimede_base_link,-9.627707590300924,16.342962768131127,344.00698093891316,-0.15413716871511077,0.11379215274640059,0.9316987183704016,0.30859451936283727,0.0,0.0,0.0,0.0,0.0,0.0,0.0,0.0,0.0,0.0,0.0,0.0,0.0,0.0,0.0,0.0,0.0,0.0,0.0,0.0,0.0,0.0,0.0,0.0,0.0,0.0,0.0,0.0,0.0,0.0,0.0,0.0,0.0,0.0,0.0,0.0,0.6757072290270597,-0.035107243646249287,-0.0012216995431268076,-0.01281592963950797,0.1432062083113919,-0.0031870986271804553,0.0,0.0,0.0,0.0,0.0,0.0,0.0,0.0,0.0,0.0,0.0,0.0,0.0,0.0,0.0,0.0,0.0,0.0,0.0,0.0,0.0,0.0,0.0,0.0,0.0,0.0,0.0,0.0,0.0,0.0,0.0,0.0,0.0,0.0,0.0,0.0
11500000000,11,500000000,Archimede_odom,Archimede_base_link,-9.67680055577282,16.381645458672025,343.9827294961426,-0.16033743257049338,0.11178282360582795,0.9310158951147312,0.30823028908127587,0.0,0.0,0.0,0.0,0.0,0.0,0.0,0.0,0.0,0.0,0.0,0.0,0.0,0.0,0.0,0.0,0.0,0.0,0.0,0.0,0.0,0.0,0.0,0.0,0.0,0.0,0.0,0.0,0.0,0.0,0.0,0.0,0.0,0.0,0.0,0.0,0.6496583626558258,-0.04427241373134762,0.011203543180141122,0.02723129134284663,0.15971166834807402,0.012460729179388303,0.0,0.0,0.0,0.0,0.0,0.0,0.0,0.0,0.0,0.0,0.0,0.0,0.0,0.0,0.0,0.0,0.0,0.0,0.0,0.0,0.0,0.0,0.0,0.0,0.0,0.0,0.0,0.0,0.0,0.0,0.0,0.0,0.0,0.0,0.0,0.0
11600000000,11,600000000,Archimede_odom,Archimede_base_link,-9.720710068414887,16.422532118186346,343.96125030388225,-0.16492881247068258,0.11467755155777364,0.9308230147478807,0.3053130544234745,0.0,0.0,0.0,0.0,0.0,0.0,0.0,0.0,0.0,0.0,0.0,0.0,0.0,0.0,0.0,0.0,0.0,0.0,0.0,0.0,0.0,0.0,0.0,0.0,0.0,0.0,0.0,0.0,0.0,0.0,0.0,0.0,0.0,0.0,0.0,0.0,0.6396431890289244,-0.10512998561714407,0.0350635480231473,-0.0023883346736017484,0.11905290837138822,0.07923111822462822,0.0,0.0,0.0,0.0,0.0,0.0,0.0,0.0,0.0,0.0,0.0,0.0,0.0,0.0,0.0,0.0,0.0,0.0,0.0,0.0,0.0,0.0,0.0,0.0,0.0,0.0,0.0,0.0,0.0,0.0,0.0,0.0,0.0,0.0,0.0,0.0
11700000000,11,700000000,Archimede_odom,Archimede_base_link,-9.763170235998398,16.468180690962374,343.93835838824526,-0.17005708329915495,0.11688247278000095,0.9315374960579915,0.29942773654861055,0.0,0.0,0.0,0.0,0.0,0.0,0.0,0.0,0.0,0.0,0.0,0.0,0.0,0.0,0.0,0.0,0.0,0.0,0.0,0.0,0.0,0.0,0.0,0.0,0.0,0.0,0.0,0.0,0.0,0.0,0.0,0.0,0.0,0.0,0.0,0.0,0.64230403302898,-0.14395643182044543,0.028249946918649,-0.03176211874738884,0.09741510580893739,0.13406218453101293,0.0,0.0,0.0,0.0,0.0,0.0,0.0,0.0,0.0,0.0,0.0,0.0,0.0,0.0,0.0,0.0,0.0,0.0,0.0,0.0,0.0,0.0,0.0,0.0,0.0,0.0,0.0,0.0,0.0,0.0,0.0,0.0,0.0,0.0,0.0,0.0
11800000000,11,800000000,Archimede_odom,Archimede_base_link,-9.799985731431889,16.509501582158762,343.91582074183316,-0.1733110611583417,0.1169215850279087,0.9337484613807625,0.2905278470367164,0.0,0.0,0.0,0.0,0.0,0.0,0.0,0.0,0.0,0.0,0.0,0.0,0.0,0.0,0.0,0.0,0.0,0.0,0.0,0.0,0.0,0.0,0.0,0.0,0.0,0.0,0.0,0.0,0.0,0.0,0.0,0.0,0.0,0.0,0.0,0.0,0.500362818482983,-0.11179547783558556,0.009663653843308596,-0.075465915956451,0.05080786320721181,0.19934508061222384,0.0,0.0,0.0,0.0,0.0,0.0,0.0,0.0,0.0,0.0,0.0,0.0,0.0,0.0,0.0,0.0,0.0,0.0,0.0,0.0,0.0,0.0,0.0,0.0,0.0,0.0,0.0,0.0,0.0,0.0,0.0,0.0,0.0,0.0,0.0,0.0
11900000000,11,900000000,Archimede_odom,Archimede_base_link,-9.83662139777324,16.54887593211381,343.8929908702527,-0.17556310412466403,0.11588283640507152,0.9365168879913967,0.2805082587086123,0.0,0.0,0.0,0.0,0.0,0.0,0.0,0.0,0.0,0.0,0.0,0.0,0.0,0.0,0.0,0.0,0.0,0.0,0.0,0.0,0.0,0.0,0.0,0.0,0.0,0.0,0.0,0.0,0.0,0.0,0.0,0.0,0.0,0.0,0.0,0.0,0.6163385779827816,-0.15455821728579844,0.013735445322043887,-0.072973125536042,0.04948653582712751,0.18960197869992862,0.0,0.0,0.0,0.0,0.0,0.0,0.0,0.0,0.0,0.0,0.0,0.0,0.0,0.0,0.0,0.0,0.0,0.0,0.0,0.0,0.0,0.0,0.0,0.0,0.0,0.0,0.0,0.0,0.0,0.0,0.0,0.0,0.0,0.0,0.0,0.0
12000000000,12,0,Archimede_odom,Archimede_base_link,-9.879255519110139,16.595396542116173,343.8661647414867,-0.17783556918113227,0.11475332570424583,0.9390250828721091,0.27099460937602976,0.0,0.0,0.0,0.0,0.0,0.0,0.0,0.0,0.0,0.0,0.0,0.0,0.0,0.0,0.0,0.0,0.0,0.0,0.0,0.0,0.0,0.0,0.0,0.0,0.0,0.0,0.0,0.0,0.0,0.0,0.0,0.0,0.0,0.0,0.0,0.0,0.6960818875663095,-0.19353616759312592,0.017128993842418512,-0.07377521718685467,0.04896912021461895,0.17753643326958354,0.0,0.0,0.0,0.0,0.0,0.0,0.0,0.0,0.0,0.0,0.0,0.0,0.0,0.0,0.0,0.0,0.0,0.0,0.0,0.0,0.0,0.0,0.0,0.0,0.0,0.0,0.0,0.0,0.0,0.0,0.0,0.0,0.0,0.0,0.0,0.0
12100000000,12,100000000,Archimede_odom,Archimede_base_link,-9.925483661543018,16.646690184429353,343.8367920438495,-0.17916614620512686,0.11445011870516968,0.9413840941355881,0.2619096212262808,0.0,0.0,0.0,0.0,0.0,0.0,0.0,0.0,0.0,0.0,0.0,0.0,0.0,0.0,0.0,0.0,0.0,0.0,0.0,0.0,0.0,0.0,0.0,0.0,0.0,0.0,0.0,0.0,0.0,0.0,0.0,0.0,0.0,0.0,0.0,0.0,0.7235940055869767,-0.2241851996874668,0.019965137384777728,0.0021651741922883404,0.0025171164377318315,0.19423024198613978,0.0,0.0,0.0,0.0,0.0,0.0,0.0,0.0,0.0,0.0,0.0,0.0,0.0,0.0,0.0,0.0,0.0,0.0,0.0,0.0,0.0,0.0,0.0,0.0,0.0,0.0,0.0,0.0,0.0,0.0,0.0,0.0,0.0,0.0,0.0,0.0
12200000000,12,200000000,Archimede_odom,Archimede_base_link,-9.973548499295802,16.700932985433816,343.8062485395072,-0.1779913778787149,0.11606505620496511,0.9437872346141064,0.25320669009414504,0.0,0.0,0.0,0.0,0.0,0.0,0.0,0.0,0.0,0.0,0.0,0.0,0.0,0.0,0.0,0.0,0.0,0.0,0.0,0.0,0.0,0.0,0.0,0.0,0.0,0.0,0.0,0.0,0.0,0.0,0.0,0.0,0.0,0.0,0.0,0.0,0.7673341860715153,-0.2550170640486351,0.02385170417240447,0.00031827399205095196,-0.0024669042752075185,0.17812371300768212,0.0,0.0,0.0,0.0,0.0,0.0,0.0,0.0,0.0,0.0,0.0,0.0,0.0,0.0,0.0,0.0,0.0,0.0,0.0,0.0,0.0,0.0,0.0,0.0,0.0,0.0,0.0,0.0,0.0,0.0,0.0,0.0,0.0,0.0,0.0,0.0
12300000000,12,300000000,Archimede_odom,Archimede_base_link,-10.023951039277996,16.75792524766856,343.77376736953437,-0.17653135572351783,0.11729964174698367,0.9460315084960838,0.24515680578982535,0.0,0.0,0.0,0.0,0.0,0.0,0.0,0.0,0.0,0.0,0.0,0.0,0.0,0.0,0.0,0.0,0.0,0.0,0.0,0.0,0.0,0.0,0.0,0.0,0.0,0.0,0.0,0.0,0.0,0.0,0.0,0.0,0.0,0.0,0.0,0.0,0.7776251477732905,-0.27348731963872874,0.00770496097708782,-0.01635135475191945,-0.03514434800467157,0.16792119867509292,0.0,0.0,0.0,0.0,0.0,0.0,0.0,0.0,0.0,0.0,0.0,0.0,0.0,0.0,0.0,0.0,0.0,0.0,0.0,0.0,0.0,0.0,0.0,0.0,0.0,0.0,0.0,0.0,0.0,0.0,0.0,0.0,0.0,0.0,0.0,0.0
12400000000,12,400000000,Archimede_odom,Archimede_base_link,-10.075082053094269,16.816836938494976,343.7391353444774,-0.17391097325281593,0.11757343944072109,0.9484687316945599,0.23735737763560324,0.0,0.0,0.0,0.0,0.0,0.0,0.0,0.0,0.0,0.0,0.0,0.0,0.0,0.0,0.0,0.0,0.0,0.0,0.0,0.0,0.0,0.0,0.0,0.0,0.0,0.0,0.0,0.0,0.0,0.0,0.0,0.0,0.0,0.0,0.0,0.0,0.8161310842853245,-0.31602980733561886,0.004872678307006037,-0.013937568524026514,-0.04173187760708082,0.16547648730539957,0.0,0.0,0.0,0.0,0.0,0.0,0.0,0.0,0.0,0.0,0.0,0.0,0.0,0.0,0.0,0.0,0.0,0.0,0.0,0.0,0.0,0.0,0.0,0.0,0.0,0.0,0.0,0.0,0.0,0.0,0.0,0.0,0.0,0.0,0.0,0.0
12501000000,12,500000000,Archimede_odom,Archimede_base_link,-10.128086823103684,16.87950722309535,343.7027037973657,-0.17093635465632778,0.11796631576438169,0.9508355451355361,0.22973131503691924,0.0,0.0,0.0,0.0,0.0,0.0,0.0,0.0,0.0,0.0,0.0,0.0,0.0,0.0,0.0,0.0,0.0,0.0,0.0,0.0,0.0,0.0,0.0,0.0,0.0,0.0,0.0,0.0,0.0,0.0,0.0,0.0,0.0,0.0,0.0,0.0,0.844555436610632,-0.35249428391059967,0.0005374720210090262,-0.007265114665710258,-0.0476087309972754,0.16337854562784998,0.0,0.0,0.0,0.0,0.0,0.0,0.0,0.0,0.0,0.0,0.0,0.0,0.0,0.0,0.0,0.0,0.0,0.0,0.0,0.0,0.0,0.0,0.0,0.0,0.0,0.0,0.0,0.0,0.0,0.0,0.0,0.0,0.0,0.0,0.0,0.0
12600000000,12,600000000,Archimede_odom,Archimede_base_link,-10.180453649982248,16.94293062875404,343.6656659498562,-0.16437650580211394,0.12123282537578621,0.9534500769343257,0.22184660733403166,0.0,0.0,0.0,0.0,0.0,0.0,0.0,0.0,0.0,0.0,0.0,0.0,0.0,0.0,0.0,0.0,0.0,0.0,0.0,0.0,0.0,0.0,0.0,0.0,0.0,0.0,0.0,0.0,0.0,0.0,0.0,0.0,0.0,0.0,0.0,0.0,0.8197129271365468,-0.3698923548942722,-0.012136572506018824,0.1014579972945571,-0.13025012893884297,0.2003264852203186,0.0,0.0,0.0,0.0,0.0,0.0,0.0,0.0,0.0,0.0,0.0,0.0,0.0,0.0,0.0,0.0,0.0,0.0,0.0,0.0,0.0,0.0,0.0,0.0,0.0,0.0,0.0,0.0,0.0,0.0,0.0,0.0,0.0,0.0,0.0,0.0
12700000000,12,700000000,Archimede_odom,Archimede_base_link,-10.23241259345136,17.006115346353493,343.62860838182166,-0.15709551738604624,0.12645731841721883,0.955628945641772,0.21471577326207708,0.0,0.0,0.0,0.0,0.0,0.0,0.0,0.0,0.0,0.0,0.0,0.0,0.0,0.0,0.0,0.0,0.0,0.0,0.0,0.0,0.0,0.0,0.0,0.0,0.0,0.0,0.0,0.0,0.0,0.0,0.0,0.0,0.0,0.0,0.0,0.0,0.7817038309169114,-0.3578358912831193,-0.002341281999857712,0.03387290302401675,0.005143430263821231,0.12423540726295945,0.0,0.0,0.0,0.0,0.0,0.0,0.0,0.0,0.0,0.0,0.0,0.0,0.0,0.0,0.0,0.0,0.0,0.0,0.0,0.0,0.0,0.0,0.0,0.0,0.0,0.0,0.0,0.0,0.0,0.0,0.0,0.0,0.0,0.0,0.0,0.0
12800000000,12,800000000,Archimede_odom,Archimede_base_link,-10.281442052416715,17.06356000072306,343.5962150262771,-0.15465877682278956,0.12653101910987022,0.9576502824585681,0.20730774337134916,0.0,0.0,0.0,0.0,0.0,0.0,0.0,0.0,0.0,0.0,0.0,0.0,0.0,0.0,0.0,0.0,0.0,0.0,0.0,0.0,0.0,0.0,0.0,0.0,0.0,0.0,0.0,0.0,0.0,0.0,0.0,0.0,0.0,0.0,0.0,0.0,0.7198190271140856,-0.3334349140186803,0.0070103874000040835,0.08807440465795466,0.00319813180530817,0.20134436183749985,0.0,0.0,0.0,0.0,0.0,0.0,0.0,0.0,0.0,0.0,0.0,0.0,0.0,0.0,0.0,0.0,0.0,0.0,0.0,0.0,0.0,0.0,0.0,0.0,0.0,0.0,0.0,0.0,0.0,0.0,0.0,0.0,0.0,0.0,0.0,0.0
12900000000,12,900000000,Archimede_odom,Archimede_base_link,-10.329106926119422,17.118122159241132,343.5665654733062,-0.15243069916004956,0.13369968391861806,0.959208930804833,0.19699620183620076,0.0,0.0,0.0,0.0,0.0,0.0,0.0,0.0,0.0,0.0,0.0,0.0,0.0,0.0,0.0,0.0,0.0,0.0,0.0,0.0,0.0,0.0,0.0,0.0,0.0,0.0,0.0,0.0,0.0,0.0,0.0,0.0,0.0,0.0,0.0,0.0,0.6656439814850394,-0.32799296892728713,0.017204233326964295,0.012538646314648271,-0.05360076044710682,0.2201675842991146,0.0,0.0,0.0,0.0,0.0,0.0,0.0,0.0,0.0,0.0,0.0,0.0,0.0,0.0,0.0,0.0,0.0,0.0,0.0,0.0,0.0,0.0,0.0,0.0,0.0,0.0,0.0,0.0,0.0,0.0,0.0,0.0,0.0,0.0,0.0,0.0
13000000000,13,0,Archimede_odom,Archimede_base_link,-10.373841287346902,17.169354742422637,343.5380494725444,-0.14825176322898145,0.13031303440282624,0.9624977624439109,0.18611282882888738,0.0,0.0,0.0,0.0,0.0,0.0,0.0,0.0,0.0,0.0,0.0,0.0,0.0,0.0,0.0,0.0,0.0,0.0,0.0,0.0,0.0,0.0,0.0,0.0,0.0,0.0,0.0,0.0,0.0,0.0,0.0,0.0,0.0,0.0,0.0,0.0,0.6466317896620911,-0.3243348655324432,0.010822609894493553,-0.016483964016559,-0.027366419493612043,0.24924809386555036,0.0,0.0,0.0,0.0,0.0,0.0,0.0,0.0,0.0,0.0,0.0,0.0,0.0,0.0,0.0,0.0,0.0,0.0,0.0,0.0,0.0,0.0,0.0,0.0,0.0,0.0,0.0,0.0,0.0,0.0,0.0,0.0,0.0,0.0,0.0,0.0
13100000000,13,100000000,Archimede_odom,Archimede_base_link,-10.417833748645235,17.21857291863599,343.5108684175436,-0.1452957498878581,0.1328093279478814,0.9649214809418333,0.17371632937515222,0.0,0.0,0.0,0.0,0.0,0.0,0.0,0.0,0.0,0.0,0.0,0.0,0.0,0.0,0.0,0.0,0.0,0.0,0.0,0.0,0.0,0.0,0.0,0.0,0.0,0.0,0.0,0.0,0.0,0.0,0.0,0.0,0.0,0.0,0.0,0.0,0.6094718108266328,-0.3329119070129038,-0.0059730148743219035,-0.07757114460285418,-0.10577568486239616,0.25986774606575835,0.0,0.0,0.0,0.0,0.0,0.0,0.0,0.0,0.0,0.0,0.0,0.0,0.0,0.0,0.0,0.0,0.0,0.0,0.0,0.0,0.0,0.0,0.0,0.0,0.0,0.0,0.0,0.0,0.0,0.0,0.0,0.0,0.0,0.0,0.0,0.0
13200000000,13,200000000,Archimede_odom,Archimede_base_link,-10.45580373895307,17.261931200260182,343.48766217412066,-0.1401762778504026,0.1364253409220757,0.9672187775155295,0.1619462068208662,0.0,0.0,0.0,0.0,0.0,0.0,0.0,0.0,0.0,0.0,0.0,0.0,0.0,0.0,0.0,0.0,0.0,0.0,0.0,0.0,0.0,0.0,0.0,0.0,0.0,0.0,0.0,0.0,0.0,0.0,0.0,0.0,0.0,0.0,0.0,0.0,0.5081932598198283,-0.29434598128814693,0.008345791805815492,0.05041377354128174,-0.06209353867136995,0.25276377928538274,0.0,0.0,0.0,0.0,0.0,0.0,0.0,0.0,0.0,0.0,0.0,0.0,0.0,0.0,0.0,0.0,0.0,0.0,0.0,0.0,0.0,0.0,0.0,0.0,0.0,0.0,0.0,0.0,0.0,0.0,0.0,0.0,0.0,0.0,0.0,0.0
13300000000,13,300000000,Archimede_odom,Archimede_base_link,-10.491745539739423,17.302538177297382,343.4659828648662,-0.13521982739390476,0.13980861771151526,0.9692042053682731,0.1510376012442346,0.0,0.0,0.0,0.0,0.0,0.0,0.0,0.0,0.0,0.0,0.0,0.0,0.0,0.0,0.0,0.0,0.0,0.0,0.0,0.0,0.0,0.0,0.0,0.0,0.0,0.0,0.0,0.0,0.0,0.0,0.0,0.0,0.0,0.0,0.0,0.0,0.5138351064871893,-0.31628244890580615,0.0054063672116220745,0.047655309781080346,-0.06240589824317379,0.25981133707654847,0.0,0.0,0.0,0.0,0.0,0.0,0.0,0.0,0.0,0.0,0.0,0.0,0.0,0.0,0.0,0.0,0.0,0.0,0.0,0.0,0.0,0.0,0.0,0.0,0.0,0.0,0.0,0.0,0.0,0.0,0.0,0.0,0.0,0.0,0.0,0.0
13400000000,13,400000000,Archimede_odom,Archimede_base_link,-10.528379222345388,17.344892609433256,343.444196775602,-0.1291795995558631,0.14323702597563048,0.9712974716247058,0.13920131846967906,0.0,0.0,0.0,0.0,0.0,0.0,0.0,0.0,0.0,0.0,0.0,0.0,0.0,0.0,0.0,0.0,0.0,0.0,0.0,0.0,0.0,0.0,0.0,0.0,0.0,0.0,0.0,0.0,0.0,0.0,0.0,0.0,0.0,0.0,0.0,0.0,0.5135287613856839,-0.33639517778653266,0.010670381516082895,0.054420035012733535,-0.08065516596895446,0.24569146870463845,0.0,0.0,0.0,0.0,0.0,0.0,0.0,0.0,0.0,0.0,0.0,0.0,0.0,0.0,0.0,0.0,0.0,0.0,0.0,0.0,0.0,0.0,0.0,0.0,0.0,0.0,0.0,0.0,0.0,0.0,0.0,0.0,0.0,0.0,0.0,0.0
13500000000,13,500000000,Archimede_odom,Archimede_base_link,-10.567002507938765,17.390080151256267,343.42157992562943,-0.12270429915393062,0.14679013967310592,0.9729957861017318,0.12913369077109893,0.0,0.0,0.0,0.0,0.0,0.0,0.0,0.0,0.0,0.0,0.0,0.0,0.0,0.0,0.0,0.0,0.0,0.0,0.0,0.0,0.0,0.0,0.0,0.0,0.0,0.0,0.0,0.0,0.0,0.0,0.0,0.0,0.0,0.0,0.0,0.0,0.5253947600810249,-0.3730691044098566,0.01695813287418769,0.06340434103560409,-0.1103012660228273,0.21219996662393031,0.0,0.0,0.0,0.0,0.0,0.0,0.0,0.0,0.0,0.0,0.0,0.0,0.0,0.0,0.0,0.0,0.0,0.0,0.0,0.0,0.0,0.0,0.0,0.0,0.0,0.0,0.0,0.0,0.0,0.0,0.0,0.0,0.0,0.0,0.0,0.0
13600000000,13,600000000,Archimede_odom,Archimede_base_link,-10.60587491341158,17.4371658332768,343.39879969014584,-0.11591773087082867,0.1499347289981198,0.974375766776906,0.1211384407524508,0.0,0.0,0.0,0.0,0.0,0.0,0.0,0.0,0.0,0.0,0.0,0.0,0.0,0.0,0.0,0.0,0.0,0.0,0.0,0.0,0.0,0.0,0.0,0.0,0.0,0.0,0.0,0.0,0.0,0.0,0.0,0.0,0.0,0.0,0.0,0.0,0.5251408533428592,-0.3958704474449618,0.012913162519924632,0.048500184301062295,-0.09915835728953813,0.16743081398054838,0.0,0.0,0.0,0.0,0.0,0.0,0.0,0.0,0.0,0.0,0.0,0.0,0.0,0.0,0.0,0.0,0.0,0.0,0.0,0.0,0.0,0.0,0.0,0.0,0.0,0.0,0.0,0.0,0.0,0.0,0.0,0.0,0.0,0.0,0.0,0.0
13700000000,13,700000000,Archimede_odom,Archimede_base_link,-10.645315171548809,17.48583543310058,343.37533842525016,-0.1096485717360171,0.1526321814145239,0.9754579479589193,0.11472750183225353,0.0,0.0,0.0,0.0,0.0,0.0,0.0,0.0,0.0,0.0,0.0,0.0,0.0,0.0,0.0,0.0,0.0,0.0,0.0,0.0,0.0,0.0,0.0,0.0,0.0,0.0,0.0,0.0,0.0,0.0,0.0,0.0,0.0,0.0,0.0,0.0,0.5241652099973393,-0.411185527618421,0.011800229848742776,0.029195700763675596,-0.07830348832126856,0.13397952037410515,0.0,0.0,0.0,0.0,0.0,0.0,0.0,0.0,0.0,0.0,0.0,0.0,0.0,0.0,0.0,0.0,0.0,0.0,0.0,0.0,0.0,0.0,0.0,0.0,0.0,0.0,0.0,0.0,0.0,0.0,0.0,0.0,0.0,0.0,0.0,0.0
13800000000,13,800000000,Archimede_odom,Archimede_base_link,-10.684674542808512,17.534372603426167,343.35180728194473,-0.10504215234025925,0.15330449582376382,0.9764252708795719,0.10980695870345483,0.0,0.0,0.0,0.0,0.0,0.0,0.0,0.0,0.0,0.0,0.0,0.0,0.0,0.0,0.0,0.0,0.0,0.0,0.0,0.0,0.0,0.0,0.0,0.0,0.0,0.0,0.0,0.0,0.0,0.0,0.0,0.0,0.0,0.0,0.0,0.0,0.5216820817326734,-0.42426415364713294,0.005316346064651658,0.03342397493031651,-0.08888709069153673,0.1069934354601815,0.0,0.0,0.0,0.0,0.0,0.0,0.0,0.0,0.0,0.0,0.0,0.0,0.0,0.0,0.0,0.0,0.0,0.0,0.0,0.0,0.0,0.0,0.0,0.0,0.0,0.0,0.0,0.0,0.0,0.0,0.0,0.0,0.0,0.0,0.0,0.0
13900000000,13,900000000,Archimede_odom,Archimede_base_link,-10.723583510816573,17.582648995522376,343.3282914361789,-0.10043124696140748,0.15396258700502885,0.9771993296432581,0.10625703073802878,0.0,0.0,0.0,0.0,0.0,0.0,0.0,0.0,0.0,0.0,0.0,0.0,0.0,0.0,0.0,0.0,0.0,0.0,0.0,0.0,0.0,0.0,0.0,0.0,0.0,0.0,0.0,0.0,0.0,0.0,0.0,0.0,0.0,0.0,0.0,0.0,0.4876986492341649,-0.3955385490282593,-0.0066385284480245665,-0.03191469311169661,-0.0664562578722572,0.06308465990326198,0.0,0.0,0.0,0.0,0.0,0.0,0.0,0.0,0.0,0.0,0.0,0.0,0.0,0.0,0.0,0.0,0.0,0.0,0.0,0.0,0.0,0.0,0.0,0.0,0.0,0.0,0.0,0.0,0.0,0.0,0.0,0.0,0.0,0.0,0.0,0.0
14000000000,14,0,Archimede_odom,Archimede_base_link,-10.761123949379552,17.62913068302151,343.3051145462152,-0.09643600945989328,0.1532498361384795,0.9779702939836362,0.10386860877349405,0.0,0.0,0.0,0.0,0.0,0.0,0.0,0.0,0.0,0.0,0.0,0.0,0.0,0.0,0.0,0.0,0.0,0.0,0.0,0.0,0.0,0.0,0.0,0.0,0.0,0.0,0.0,0.0,0.0,0.0,0.0,0.0,0.0,0.0,0.0,0.0,0.495429846531494,-0.4147460814819306,-0.009025368773820966,-0.01704710690758348,-0.07165365134487973,0.0514896530407626,0.0,0.0,0.0,0.0,0.0,0.0,0.0,0.0,0.0,0.0,0.0,0.0,0.0,0.0,0.0,0.0,0.0,0.0,0.0,0.0,0.0,0.0,0.0,0.0,0.0,0.0,0.0,0.0,0.0,0.0,0.0,0.0,0.0,0.0,0.0,0.0
14100000000,14,100000000,Archimede_odom,Archimede_base_link,-10.799329588942188,17.676965795063143,343.2818101613276,-0.09176110580219889,0.1524875640198704,0.978762591877545,0.10174099971198383,0.0,0.0,0.0,0.0,0.0,0.0,0.0,0.0,0.0,0.0,0.0,0.0,0.0,0.0,0.0,0.0,0.0,0.0,0.0,0.0,0.0,0.0,0.0,0.0,0.0,0.0,0.0,0.0,0.0,0.0,0.0,0.0,0.0,0.0,0.0,0.0,0.5072961081519457,-0.4324110892998677,-0.009755680229927724,-0.012589247792724198,-0.08900172637179157,0.059530641844436606,0.0,0.0,0.0,0.0,0.0,0.0,0.0,0.0,0.0,0.0,0.0,0.0,0.0,0.0,0.0,0.0,0.0,0.0,0.0,0.0,0.0,0.0,0.0,0.0,0.0,0.0,0.0,0.0,0.0,0.0,0.0,0.0,0.0,0.0,0.0,0.0
14200000000,14,200000000,Archimede_odom,Archimede_base_link,-10.838682930961381,17.726627051229954,343.25801523503867,-0.08702513913408329,0.15194704081100832,0.9795355784819099,0.09924098163350237,0.0,0.0,0.0,0.0,0.0,0.0,0.0,0.0,0.0,0.0,0.0,0.0,0.0,0.0,0.0,0.0,0.0,0.0,0.0,0.0,0.0,0.0,0.0,0.0,0.0,0.0,0.0,0.0,0.0,0.0,0.0,0.0,0.0,0.0,0.0,0.0,0.5069203176146381,-0.44528738134268214,0.00015098832635948752,0.013642336247346154,-0.07126728423467328,0.06733739615741095,0.0,0.0,0.0,0.0,0.0,0.0,0.0,0.0,0.0,0.0,0.0,0.0,0.0,0.0,0.0,0.0,0.0,0.0,0.0,0.0,0.0,0.0,0.0,0.0,0.0,0.0,0.0,0.0,0.0,0.0,0.0,0.0,0.0,0.0,0.0,0.0
14300000000,14,300000000,Archimede_odom,Archimede_base_link,-10.876292497652472,17.777022953944847,343.2355202167545,-0.08192167888848259,0.15400926586930228,0.9799559898986434,0.09620936761179161,0.0,0.0,0.0,0.0,0.0,0.0,0.0,0.0,0.0,0.0,0.0,0.0,0.0,0.0,0.0,0.0,0.0,0.0,0.0,0.0,0.0,0.0,0.0,0.0,0.0,0.0,0.0,0.0,0.0,0.0,0.0,0.0,0.0,0.0,0.0,0.0,0.47737998555207606,-0.44937427279896697,0.001854848745214896,0.047518587400443124,-0.0775427587533736,0.081200665866611,0.0,0.0,0.0,0.0,0.0,0.0,0.0,0.0,0.0,0.0,0.0,0.0,0.0,0.0,0.0,0.0,0.0,0.0,0.0,0.0,0.0,0.0,0.0,0.0,0.0,0.0,0.0,0.0,0.0,0.0,0.0,0.0,0.0,0.0,0.0,0.0
14400000000,14,400000000,Archimede_odom,Archimede_base_link,-10.912310217387633,17.826075181313318,343.21362016017684,-0.07783963340555844,0.15472350929080603,0.9804807633027993,0.09305428489428257,0.0,0.0,0.0,0.0,0.0,0.0,0.0,0.0,0.0,0.0,0.0,0.0,0.0,0.0,0.0,0.0,0.0,0.0,0.0,0.0,0.0,0.0,0.0,0.0,0.0,0.0,0.0,0.0,0.0,0.0,0.0,0.0,0.0,0.0,0.0,0.0,0.46077823963067094,-0.45091848772414195,-0.004780340685351143,0.043099691123260564,-0.08506587134187285,0.08520817084623349,0.0,0.0,0.0,0.0,0.0,0.0,0.0,0.0,0.0,0.0,0.0,0.0,0.0,0.0,0.0,0.0,0.0,0.0,0.0,0.0,0.0,0.0,0.0,0.0,0.0,0.0,0.0,0.0,0.0,0.0,0.0,0.0,0.0,0.0,0.0,0.0
14500000000,14,500000000,Archimede_odom,Archimede_base_link,-10.947060745466276,17.872966832739706,343.19286126039367,-0.07636923457180603,0.1525946353267241,0.981205986480944,0.09009677782461586,0.0,0.0,0.0,0.0,0.0,0.0,0.0,0.0,0.0,0.0,0.0,0.0,0.0,0.0,0.0,0.0,0.0,0.0,0.0,0.0,0.0,0.0,0.0,0.0,0.0,0.0,0.0,0.0,0.0,0.0,0.0,0.0,0.0,0.0,0.0,0.0,0.43806921149322536,-0.41445193231753236,0.0016755193780245686,-0.0826718130872665,0.01884792058645835,0.047621008200443404,0.0,0.0,0.0,0.0,0.0,0.0,0.0,0.0,0.0,0.0,0.0,0.0,0.0,0.0,0.0,0.0,0.0,0.0,0.0,0.0,0.0,0.0,0.0,0.0,0.0,0.0,0.0,0.0,0.0,0.0,0.0,0.0,0.0,0.0,0.0,0.0
14600000000,14,600000000,Archimede_odom,Archimede_base_link,-10.98128710660224,17.918788899649282,343.17333625680754,-0.07604055077400887,0.15046398757266677,0.9818220044703075,0.08720077189810616,0.0,0.0,0.0,0.0,0.0,0.0,0.0,0.0,0.0,0.0,0.0,0.0,0.0,0.0,0.0,0.0,0.0,0.0,0.0,0.0,0.0,0.0,0.0,0.0,0.0,0.0,0.0,0.0,0.0,0.0,0.0,0.0,0.0,0.0,0.0,0.0,0.4347914774944518,-0.4205952325394284,-0.0005126386835836358,-0.018657693976852095,-0.019861765640818034,0.06162447863626219,0.0,0.0,0.0,0.0,0.0,0.0,0.0,0.0,0.0,0.0,0.0,0.0,0.0,0.0,0.0,0.0,0.0,0.0,0.0,0.0,0.0,0.0,0.0,0.0,0.0,0.0,0.0,0.0,0.0,0.0,0.0,0.0,0.0,0.0,0.0,0.0
14700000000,14,700000000,Archimede_odom,Archimede_base_link,-11.015112674198711,17.964431505686342,343.15440775022336,-0.07295234167853985,0.15112948491931624,0.9822208892372543,0.08414249448178479,0.0,0.0,0.0,0.0,0.0,0.0,0.0,0.0,0.0,0.0,0.0,0.0,0.0,0.0,0.0,0.0,0.0,0.0,0.0,0.0,0.0,0.0,0.0,0.0,0.0,0.0,0.0,0.0,0.0,0.0,0.0,0.0,0.0,0.0,0.0,0.0,0.42344544983024657,-0.4136423961715896,0.00463727211937843,0.04003304518979693,-0.07309844697973514,0.0800516376144704,0.0,0.0,0.0,0.0,0.0,0.0,0.0,0.0,0.0,0.0,0.0,0.0,0.0,0.0,0.0,0.0,0.0,0.0,0.0,0.0,0.0,0.0,0.0,0.0,0.0,0.0,0.0,0.0,0.0,0.0,0.0,0.0,0.0,0.0,0.0,0.0
14800000000,14,800000000,Archimede_odom,Archimede_base_link,-11.048465303494318,18.007563697040226,343.13655543089095,-0.07088060542998012,0.15007212342881313,0.9828060706177798,0.08091059943101567,0.0,0.0,0.0,0.0,0.0,0.0,0.0,0.0,0.0,0.0,0.0,0.0,0.0,0.0,0.0,0.0,0.0,0.0,0.0,0.0,0.0,0.0,0.0,0.0,0.0,0.0,0.0,0.0,0.0,0.0,0.0,0.0,0.0,0.0,0.0,0.0,0.41290739687067585,-0.38912869770542813,0.0019075682508795822,-0.03298607414908651,-0.027139813447579753,0.06999849508980277,0.0,0.0,0.0,0.0,0.0,0.0,0.0,0.0,0.0,0.0,0.0,0.0,0.0,0.0,0.0,0.0,0.0,0.0,0.0,0.0,0.0,0.0,0.0,0.0,0.0,0.0,0.0,0.0,0.0,0.0,0.0,0.0,0.0,0.0,0.0,0.0
14900000000,14,900000000,Archimede_odom,Archimede_base_link,-11.081706113288943,18.049576864943912,343.11910437563523,-0.06852072532685818,0.14957668194356183,0.9833358657758393,0.07734533921521067,0.0,0.0,0.0,0.0,0.0,0.0,0.0,0.0,0.0,0.0,0.0,0.0,0.0,0.0,0.0,0.0,0.0,0.0,0.0,0.0,0.0,0.0,0.0,0.0,0.0,0.0,0.0,0.0,0.0,0.0,0.0,0.0,0.0,0.0,0.0,0.0,0.40404112554943533,-0.3720857727432391,-0.00413717991434802,-0.07680797155699715,-0.009696226791985554,0.06786770246663142,0.0,0.0,0.0,0.0,0.0,0.0,0.0,0.0,0.0,0.0,0.0,0.0,0.0,0.0,0.0,0.0,0.0,0.0,0.0,0.0,0.0,0.0,0.0,0.0,0.0,0.0,0.0,0.0,0.0,0.0,0.0,0.0,0.0,0.0,0.0,0.0
15000000000,15,0,Archimede_odom,Archimede_base_link,-11.115032482310937,18.089397800425363,343.10196275672155,-0.06870125096278795,0.1458518237280208,0.9841665711532576,0.07364471369893637,0.0,0.0,0.0,0.0,0.0,0.0,0.0,0.0,0.0,0.0,0.0,0.0,0.0,0.0,0.0,0.0,0.0,0.0,0.0,0.0,0.0,0.0,0.0,0.0,0.0,0.0,0.0,0.0,0.0,0.0,0.0,0.0,0.0,0.0,0.0,0.0,0.4082739665758515,-0.37177141420025167,-0.008267932022564473,-0.04918754492046172,-0.003137441363856388,0.08017677557841521,0.0,0.0,0.0,0.0,0.0,0.0,0.0,0.0,0.0,0.0,0.0,0.0,0.0,0.0,0.0,0.0,0.0,0.0,0.0,0.0,0.0,0.0,0.0,0.0,0.0,0.0,0.0,0.0,0.0,0.0,0.0,0.0,0.0,0.0,0.0,0.0
15100000000,15,100000000,Archimede_odom,Archimede_base_link,-11.148556548081896,18.12831419922021,343.0849151495281,-0.06808326944858192,0.1439615673092756,0.9847851111009257,0.06955588050615188,0.0,0.0,0.0,0.0,0.0,0.0,0.0,0.0,0.0,0.0,0.0,0.0,0.0,0.0,0.0,0.0,0.0,0.0,0.0,0.0,0.0,0.0,0.0,0.0,0.0,0.0,0.0,0.0,0.0,0.0,0.0,0.0,0.0,0.0,0.0,0.0,0.38978073028778437,-0.3402990407220908,-0.003965443277482986,-0.06782755353614009,0.026046337276069736,0.06417746107378217,0.0,0.0,0.0,0.0,0.0,0.0,0.0,0.0,0.0,0.0,0.0,0.0,0.0,0.0,0.0,0.0,0.0,0.0,0.0,0.0,0.0,0.0,0.0,0.0,0.0,0.0,0.0,0.0,0.0,0.0,0.0,0.0,0.0,0.0,0.0,0.0
15200000000,15,200000000,Archimede_odom,Archimede_base_link,-11.181035622726958,18.16498498768099,343.0694287405257,-0.06797255993775936,0.14286779153967222,0.98521171375054,0.06577540820708398,0.0,0.0,0.0,0.0,0.0,0.0,0.0,0.0,0.0,0.0,0.0,0.0,0.0,0.0,0.0,0.0,0.0,0.0,0.0,0.0,0.0,0.0,0.0,0.0,0.0,0.0,0.0,0.0,0.0,0.0,0.0,0.0,0.0,0.0,0.0,0.0,0.3795705539120925,-0.33989112825639545,-0.0012841817253715405,0.005980451390683053,-0.00807660675237938,0.0795513817912687,0.0,0.0,0.0,0.0,0.0,0.0,0.0,0.0,0.0,0.0,0.0,0.0,0.0,0.0,0.0,0.0,0.0,0.0,0.0,0.0,0.0,0.0,0.0,0.0,0.0,0.0,0.0,0.0,0.0,0.0,0.0,0.0,0.0,0.0,0.0,0.0
15300000000,15,300000000,Archimede_odom,Archimede_base_link,-11.212692654125542,18.20013278242197,343.05469950719544,-0.06739025006715652,0.14288426072544488,0.9854782601860201,0.06225143318482044,0.0,0.0,0.0,0.0,0.0,0.0,0.0,0.0,0.0,0.0,0.0,0.0,0.0,0.0,0.0,0.0,0.0,0.0,0.0,0.0,0.0,0.0,0.0,0.0,0.0,0.0,0.0,0.0,0.0,0.0,0.0,0.0,0.0,0.0,0.0,0.0,0.3658806908598379,-0.32029649863089515,-0.0014949810037116246,-0.013889084930284281,0.004214140792778773,0.06421264624447792,0.0,0.0,0.0,0.0,0.0,0.0,0.0,0.0,0.0,0.0,0.0,0.0,0.0,0.0,0.0,0.0,0.0,0.0,0.0,0.0,0.0,0.0,0.0,0.0,0.0,0.0,0.0,0.0,0.0,0.0,0.0,0.0,0.0,0.0,0.0,0.0
15400000000,15,400000000,Archimede_odom,Archimede_base_link,-11.243877638056345,18.233433598413555,343.04059752492367,-0.06761979525120639,0.14185831582040606,0.985785990050473,0.059411811477110124,0.0,0.0,0.0,0.0,0.0,0.0,0.0,0.0,0.0,0.0,0.0,0.0,0.0,0.0,0.0,0.0,0.0,0.0,0.0,0.0,0.0,0.0,0.0,0.0,0.0,0.0,0.0,0.0,0.0,0.0,0.0,0.0,0.0,0.0,0.0,0.0,0.3606397257457731,-0.30881409808091925,-0.0019675857532988903,-0.029924813316946335,0.013625852869096951,0.048748443361192675,0.0,0.0,0.0,0.0,0.0,0.0,0.0,0.0,0.0,0.0,0.0,0.0,0.0,0.0,0.0,0.0,0.0,0.0,0.0,0.0,0.0,0.0,0.0,0.0,0.0,0.0,0.0,0.0,0.0,0.0,0.0,0.0,0.0,0.0,0.0,0.0
15500000000,15,500000000,Archimede_odom,Archimede_base_link,-11.27542762685809,18.266398173160013,343.02695519659295,-0.0674534394288974,0.14057028337824362,0.986152329817761,0.056512045929819725,0.0,0.0,0.0,0.0,0.0,0.0,0.0,0.0,0.0,0.0,0.0,0.0,0.0,0.0,0.0,0.0,0.0,0.0,0.0,0.0,0.0,0.0,0.0,0.0,0.0,0.0,0.0,0.0,0.0,0.0,0.0,0.0,0.0,0.0,0.0,0.0,0.35740391005140293,-0.29828932476453585,0.003222720875654902,-0.02863384996555009,-0.0028548361831332884,0.0583278446218642,0.0,0.0,0.0,0.0,0.0,0.0,0.0,0.0,0.0,0.0,0.0,0.0,0.0,0.0,0.0,0.0,0.0,0.0,0.0,0.0,0.0,0.0,0.0,0.0,0.0,0.0,0.0,0.0,0.0,0.0,0.0,0.0,0.0,0.0,0.0,0.0
15600000000,15,600000000,Archimede_odom,Archimede_base_link,-11.304807305833586,18.293597541090328,343.01543454300577,-0.067213500438988,0.13938223516426676,0.9864298083680445,0.05487413819217644,0.0,0.0,0.0,0.0,0.0,0.0,0.0,0.0,0.0,0.0,0.0,0.0,0.0,0.0,0.0,0.0,0.0,0.0,0.0,0.0,0.0,0.0,0.0,0.0,0.0,0.0,0.0,0.0,0.0,0.0,0.0,0.0,0.0,0.0,0.0,0.0,0.31942592587967555,-0.22959041680163522,0.0012729574404197756,-0.023143018800373068,-0.00206133990272318,0.01768022584107051,0.0,0.0,0.0,0.0,0.0,0.0,0.0,0.0,0.0,0.0,0.0,0.0,0.0,0.0,0.0,0.0,0.0,0.0,0.0,0.0,0.0,0.0,0.0,0.0,0.0,0.0,0.0,0.0,0.0,0.0,0.0,0.0,0.0,0.0,0.0,0.0
15700000000,15,700000000,Archimede_odom,Archimede_base_link,-11.334158475774027,18.318546626512973,343.0045421503921,-0.06806044227912475,0.136809162779952,0.9867872183216034,0.05387035300915372,0.0,0.0,0.0,0.0,0.0,0.0,0.0,0.0,0.0,0.0,0.0,0.0,0.0,0.0,0.0,0.0,0.0,0.0,0.0,0.0,0.0,0.0,0.0,0.0,0.0,0.0,0.0,0.0,0.0,0.0,0.0,0.0,0.0,0.0,0.0,0.0,0.33181927655764,-0.2225907867236569,0.0007036428407318888,-0.12331719987717146,0.058139326461314075,0.0011975768993677197,0.0,0.0,0.0,0.0,0.0,0.0,0.0,0.0,0.0,0.0,0.0,0.0,0.0,0.0,0.0,0.0,0.0,0.0,0.0,0.0,0.0,0.0,0.0,0.0,0.0,0.0,0.0,0.0,0.0,0.0,0.0,0.0,0.0,0.0,0.0,0.0
15800000000,15,800000000,Archimede_odom,Archimede_base_link,-11.365056689170286,18.344738643411787,342.99310578981925,-0.0700635446602883,0.13243757192785996,0.9873315354594482,0.052228616090961306,0.0,0.0,0.0,0.0,0.0,0.0,0.0,0.0,0.0,0.0,0.0,0.0,0.0,0.0,0.0,0.0,0.0,0.0,0.0,0.0,0.0,0.0,0.0,0.0,0.0,0.0,0.0,0.0,0.0,0.0,0.0,0.0,0.0,0.0,0.0,0.0,0.3509277347388009,-0.25551492630055783,4.9292737430365986e-05,-0.06730358461982439,0.024283115710478514,0.0367127570933645,0.0,0.0,0.0,0.0,0.0,0.0,0.0,0.0,0.0,0.0,0.0,0.0,0.0,0.0,0.0,0.0,0.0,0.0,0.0,0.0,0.0,0.0,0.0,0.0,0.0,0.0,0.0,0.0,0.0,0.0,0.0,0.0,0.0,0.0,0.0,0.0
15900000000,15,900000000,Archimede_odom,Archimede_base_link,-11.396423245901884,18.371322527616567,342.98127379028654,-0.07250419406208132,0.12768433238943153,0.9878885878825098,0.050159655473040576,0.0,0.0,0.0,0.0,0.0,0.0,0.0,0.0,0.0,0.0,0.0,0.0,0.0,0.0,0.0,0.0,0.0,0.0,0.0,0.0,0.0,0.0,0.0,0.0,0.0,0.0,0.0,0.0,0.0,0.0,0.0,0.0,0.0,0.0,0.0,0.0,0.34891522181741447,-0.24429171887144147,-0.012329504144277654,-0.09841653487538794,0.07154897609527468,0.02467427451302511,0.0,0.0,0.0,0.0,0.0,0.0,0.0,0.0,0.0,0.0,0.0,0.0,0.0,0.0,0.0,0.0,0.0,0.0,0.0,0.0,0.0,0.0,0.0,0.0,0.0,0.0,0.0,0.0,0.0,0.0,0.0,0.0,0.0,0.0,0.0,0.0
16000000000,16,0,Archimede_odom,Archimede_base_link,-11.430063110226493,18.39859848448109,342.9678407180472,-0.07636960525693581,0.12277911598435574,0.9883678222354302,0.04713830757030546,0.0,0.0,0.0,0.0,0.0,0.0,0.0,0.0,0.0,0.0,0.0,0.0,0.0,0.0,0.0,0.0,0.0,0.0,0.0,0.0,0.0,0.0,0.0,0.0,0.0,0.0,0.0,0.0,0.0,0.0,0.0,0.0,0.0,0.0,0.0,0.0,0.3893935471409623,-0.2653621041037787,-0.0146259274234255,-0.11188152838052597,0.08268203139837745,0.05766099061319072,0.0,0.0,0.0,0.0,0.0,0.0,0.0,0.0,0.0,0.0,0.0,0.0,0.0,0.0,0.0,0.0,0.0,0.0,0.0,0.0,0.0,0.0,0.0,0.0,0.0,0.0,0.0,0.0,0.0,0.0,0.0,0.0,0.0,0.0,0.0,0.0
16100000000,16,100000000,Archimede_odom,Archimede_base_link,-11.46599272337568,18.427097451627244,342.9536127876645,-0.08040445223173825,0.11760271646944112,0.9888756919507633,0.04277371867422253,0.0,0.0,0.0,0.0,0.0,0.0,0.0,0.0,0.0,0.0,0.0,0.0,0.0,0.0,0.0,0.0,0.0,0.0,0.0,0.0,0.0,0.0,0.0,0.0,0.0,0.0,0.0,0.0,0.0,0.0,0.0,0.0,0.0,0.0,0.0,0.0,0.40313843905467744,-0.2756347205148296,-0.01454735754409701,-0.11415740089283635,0.08681026961975927,0.08046491766318471,0.0,0.0,0.0,0.0,0.0,0.0,0.0,0.0,0.0,0.0,0.0,0.0,0.0,0.0,0.0,0.0,0.0,0.0,0.0,0.0,0.0,0.0,0.0,0.0,0.0,0.0,0.0,0.0,0.0,0.0,0.0,0.0,0.0,0.0,0.0,0.0
16200000000,16,200000000,Archimede_odom,Archimede_base_link,-11.501342632706294,18.454414324820227,342.94200278753624,-0.08317114564049276,0.11577158314282669,0.9890100048115885,0.03922641268371208,0.0,0.0,0.0,0.0,0.0,0.0,0.0,0.0,0.0,0.0,0.0,0.0,0.0,0.0,0.0,0.0,0.0,0.0,0.0,0.0,0.0,0.0,0.0,0.0,0.0,0.0,0.0,0.0,0.0,0.0,0.0,0.0,0.0,0.0,0.0,0.0,0.38250109458878645,-0.24930362919144528,0.007549819015472618,-0.008583417464089903,0.07807003364737247,0.02866846750425568,0.0,0.0,0.0,0.0,0.0,0.0,0.0,0.0,0.0,0.0,0.0,0.0,0.0,0.0,0.0,0.0,0.0,0.0,0.0,0.0,0.0,0.0,0.0,0.0,0.0,0.0,0.0,0.0,0.0,0.0,0.0,0.0,0.0,0.0,0.0,0.0
16300000000,16,300000000,Archimede_odom,Archimede_base_link,-11.536874474335804,18.48018562760431,342.93011421707496,-0.08712941135238181,0.1168336384823994,0.9885538905154463,0.03898168984442088,0.0,0.0,0.0,0.0,0.0,0.0,0.0,0.0,0.0,0.0,0.0,0.0,0.0,0.0,0.0,0.0,0.0,0.0,0.0,0.0,0.0,0.0,0.0,0.0,0.0,0.0,0.0,0.0,0.0,0.0,0.0,0.0,0.0,0.0,0.0,0.0,0.384044616204097,-0.2265779393886851,-0.002289785396684421,-0.051871817182040356,0.05362825522816085,-0.023288949414445086,0.0,0.0,0.0,0.0,0.0,0.0,0.0,0.0,0.0,0.0,0.0,0.0,0.0,0.0,0.0,0.0,0.0,0.0,0.0,0.0,0.0,0.0,0.0,0.0,0.0,0.0,0.0,0.0,0.0,0.0,0.0,0.0,0.0,0.0,0.0,0.0
16400000000,16,400000000,Archimede_odom,Archimede_base_link,-11.572419058529908,18.504086876999793,342.9185244877014,-0.09006343573851444,0.11582095060213395,0.9883447240902316,0.04060531132249496,0.0,0.0,0.0,0.0,0.0,0.0,0.0,0.0,0.0,0.0,0.0,0.0,0.0,0.0,0.0,0.0,0.0,0.0,0.0,0.0,0.0,0.0,0.0,0.0,0.0,0.0,0.0,0.0,0.0,0.0,0.0,0.0,0.0,0.0,0.0,0.0,0.38921554439165085,-0.22458816733665987,0.00488778314489246,0.011064263282271997,0.07193888535771988,-0.059385680097577206,0.0,0.0,0.0,0.0,0.0,0.0,0.0,0.0,0.0,0.0,0.0,0.0,0.0,0.0,0.0,0.0,0.0,0.0,0.0,0.0,0.0,0.0,0.0,0.0,0.0,0.0,0.0,0.0,0.0,0.0,0.0,0.0,0.0,0.0,0.0,0.0
16500000000,16,500000000,Archimede_odom,Archimede_base_link,-11.608250454175657,18.52753840992179,342.9068947502338,-0.09337520281292619,0.11515586766182855,0.9879810176727454,0.04374592965091463,0.0,0.0,0.0,0.0,0.0,0.0,0.0,0.0,0.0,0.0,0.0,0.0,0.0,0.0,0.0,0.0,0.0,0.0,0.0,0.0,0.0,0.0,0.0,0.0,0.0,0.0,0.0,0.0,0.0,0.0,0.0,0.0,0.0,0.0,0.0,0.0,0.38727001310605924,-0.2102002795919764,0.006125196118125653,-0.01923078714294233,0.05171153701394672,-0.0791994355439251,0.0,0.0,0.0,0.0,0.0,0.0,0.0,0.0,0.0,0.0,0.0,0.0,0.0,0.0,0.0,0.0,0.0,0.0,0.0,0.0,0.0,0.0,0.0,0.0,0.0,0.0,0.0,0.0,0.0,0.0,0.0,0.0,0.0,0.0,0.0,0.0
16600000000,16,600000000,Archimede_odom,Archimede_base_link,-11.644232343349438,18.55061455299882,342.8952709515457,-0.09644096893242808,0.1138367792052125,0.9876508492167656,0.047813463093150065,0.0,0.0,0.0,0.0,0.0,0.0,0.0,0.0,0.0,0.0,0.0,0.0,0.0,0.0,0.0,0.0,0.0,0.0,0.0,0.0,0.0,0.0,0.0,0.0,0.0,0.0,0.0,0.0,0.0,0.0,0.0,0.0,0.0,0.0,0.0,0.0,0.3921290976504691,-0.20525971132750093,0.007349151804097544,-0.03229392630999904,0.04320457075547749,-0.09695120522224492,0.0,0.0,0.0,0.0,0.0,0.0,0.0,0.0,0.0,0.0,0.0,0.0,0.0,0.0,0.0,0.0,0.0,0.0,0.0,0.0,0.0,0.0,0.0,0.0,0.0,0.0,0.0,0.0,0.0,0.0,0.0,0.0,0.0,0.0,0.0,0.0
16700000000,16,700000000,Archimede_odom,Archimede_base_link,-11.680760056359018,18.57305210039022,342.88292976941705,-0.09931047096917067,0.110223406422285,0.9875438504875034,0.05239632045158448,0.0,0.0,0.0,0.0,0.0,0.0,0.0,0.0,0.0,0.0,0.0,0.0,0.0,0.0,0.0,0.0,0.0,0.0,0.0,0.0,0.0,0.0,0.0,0.0,0.0,0.0,0.0,0.0,0.0,0.0,0.0,0.0,0.0,0.0,0.0,0.0,0.41035827949725945,-0.20203015233910668,-0.000747426482191558,-0.0722760918327787,0.043673637387589205,-0.11645952383563699,0.0,0.0,0.0,0.0,0.0,0.0,0.0,0.0,0.0,0.0,0.0,0.0,0.0,0.0,0.0,0.0,0.0,0.0,0.0,0.0,0.0,0.0,0.0,0.0,0.0,0.0,0.0,0.0,0.0,0.0,0.0,0.0,0.0,0.0,0.0,0.0
16800000000,16,800000000,Archimede_odom,Archimede_base_link,-11.719045687551098,18.59665600135551,342.8697872295049,-0.10252159450053679,0.10617430192322605,0.9873297382086015,0.05827802605714887,0.0,0.0,0.0,0.0,0.0,0.0,0.0,0.0,0.0,0.0,0.0,0.0,0.0,0.0,0.0,0.0,0.0,0.0,0.0,0.0,0.0,0.0,0.0,0.0,0.0,0.0,0.0,0.0,0.0,0.0,0.0,0.0,0.0,0.0,0.0,0.0,0.42681839121173065,-0.20758407097213735,-0.00128754685144492,-0.05737565881463158,0.057041498978427044,-0.14219294093952145,0.0,0.0,0.0,0.0,0.0,0.0,0.0,0.0,0.0,0.0,0.0,0.0,0.0,0.0,0.0,0.0,0.0,0.0,0.0,0.0,0.0,0.0,0.0,0.0,0.0,0.0,0.0,0.0,0.0,0.0,0.0,0.0,0.0,0.0,0.0,0.0
16900000000,16,900000000,Archimede_odom,Archimede_base_link,-11.757627649962105,18.619829883548427,342.85698329084914,-0.10692449584664364,0.10322474131578926,0.9867326209768764,0.06534936624278281,0.0,0.0,0.0,0.0,0.0,0.0,0.0,0.0,0.0,0.0,0.0,0.0,0.0,0.0,0.0,0.0,0.0,0.0,0.0,0.0,0.0,0.0,0.0,0.0,0.0,0.0,0.0,0.0,0.0,0.0,0.0,0.0,0.0,0.0,0.0,0.0,0.42860814170117045,-0.18563029653876967,0.003813860101849154,-0.05112770578150381,0.06721068501561647,-0.16686962917120987,0.0,0.0,0.0,0.0,0.0,0.0,0.0,0.0,0.0,0.0,0.0,0.0,0.0,0.0,0.0,0.0,0.0,0.0,0.0,0.0,0.0,0.0,0.0,0.0,0.0,0.0,0.0,0.0,0.0,0.0,0.0,0.0,0.0,0.0,0.0,0.0
17000000000,17,0,Archimede_odom,Archimede_base_link,-11.797044508044166,18.642803999399344,342.84396627519044,-0.1113631022631364,0.09986221585512774,0.9859951520871354,0.0737519990203705,0.0,0.0,0.0,0.0,0.0,0.0,0.0,0.0,0.0,0.0,0.0,0.0,0.0,0.0,0.0,0.0,0.0,0.0,0.0,0.0,0.0,0.0,0.0,0.0,0.0,0.0,0.0,0.0,0.0,0.0,0.0,0.0,0.0,0.0,0.0,0.0,0.44335674226407074,-0.18288460346623658,0.00502417322905314,-0.053761603107963796,0.0676387944831108,-0.19537218830574507,0.0,0.0,0.0,0.0,0.0,0.0,0.0,0.0,0.0,0.0,0.0,0.0,0.0,0.0,0.0,0.0,0.0,0.0,0.0,0.0,0.0,0.0,0.0,0.0,0.0,0.0,0.0,0.0,0.0,0.0,0.0,0.0,0.0,0.0,0.0,0.0
17100000000,17,100000000,Archimede_odom,Archimede_base_link,-11.836273194728554,18.665513485051562,342.8306389526073,-0.11493898404540372,0.09686323270833742,0.9851190866547633,0.08334824055962878,0.0,0.0,0.0,0.0,0.0,0.0,0.0,0.0,0.0,0.0,0.0,0.0,0.0,0.0,0.0,0.0,0.0,0.0,0.0,0.0,0.0,0.0,0.0,0.0,0.0,0.0,0.0,0.0,0.0,0.0,0.0,0.0,0.0,0.0,0.0,0.0,0.4259604596522787,-0.15304010653554634,-0.006225641231550888,-0.034258061065832915,0.014430961029333755,-0.20477144971726716,0.0,0.0,0.0,0.0,0.0,0.0,0.0,0.0,0.0,0.0,0.0,0.0,0.0,0.0,0.0,0.0,0.0,0.0,0.0,0.0,0.0,0.0,0.0,0.0,0.0,0.0,0.0,0.0,0.0,0.0,0.0,0.0,0.0,0.0,0.0,0.0
17200000000,17,200000000,Archimede_odom,Archimede_base_link,-11.876302327830235,18.686710403448327,342.8164812368871,-0.11702813380280215,0.09451177886493482,0.9842507179846821,0.0928572221265362,0.0,0.0,0.0,0.0,0.0,0.0,0.0,0.0,0.0,0.0,0.0,0.0,0.0,0.0,0.0,0.0,0.0,0.0,0.0,0.0,0.0,0.0,0.0,0.0,0.0,0.0,0.0,0.0,0.0,0.0,0.0,0.0,0.0,0.0,0.0,0.0,0.4683069257005261,-0.1491499020392631,-0.006075420505498316,-0.0276726653659433,0.021437006184778507,-0.19462130939878886,0.0,0.0,0.0,0.0,0.0,0.0,0.0,0.0,0.0,0.0,0.0,0.0,0.0,0.0,0.0,0.0,0.0,0.0,0.0,0.0,0.0,0.0,0.0,0.0,0.0,0.0,0.0,0.0,0.0,0.0,0.0,0.0,0.0,0.0,0.0,0.0
17300000000,17,300000000,Archimede_odom,Archimede_base_link,-11.91705667902796,18.710240962856375,342.8027516769643,-0.11969657388226154,0.09341527938220658,0.983354951423005,0.09979656953348735,0.0,0.0,0.0,0.0,0.0,0.0,0.0,0.0,0.0,0.0,0.0,0.0,0.0,0.0,0.0,0.0,0.0,0.0,0.0,0.0,0.0,0.0,0.0,0.0,0.0,0.0,0.0,0.0,0.0,0.0,0.0,0.0,0.0,0.0,0.0,0.0,0.4641059120741781,-0.17658454647853605,0.005935102590721393,-0.001070290452105267,0.03531037124397095,-0.10244010803818626,0.0,0.0,0.0,0.0,0.0,0.0,0.0,0.0,0.0,0.0,0.0,0.0,0.0,0.0,0.0,0.0,0.0,0.0,0.0,0.0,0.0,0.0,0.0,0.0,0.0,0.0,0.0,0.0,0.0,0.0,0.0,0.0,0.0,0.0,0.0,0.0
17400000000,17,400000000,Archimede_odom,Archimede_base_link,-11.957133491192755,18.736471728883643,342.7884322512238,-0.12162037725481883,0.09313032773711255,0.9828451077822445,0.10271669776857895,0.0,0.0,0.0,0.0,0.0,0.0,0.0,0.0,0.0,0.0,0.0,0.0,0.0,0.0,0.0,0.0,0.0,0.0,0.0,0.0,0.0,0.0,0.0,0.0,0.0,0.0,0.0,0.0,0.0,0.0,0.0,0.0,0.0,0.0,0.0,0.0,0.45806349952512704,-0.18365258186004754,0.005608192322024759,-0.03703809404373011,0.05311878072223426,-0.04699690125162741,0.0,0.0,0.0,0.0,0.0,0.0,0.0,0.0,0.0,0.0,0.0,0.0,0.0,0.0,0.0,0.0,0.0,0.0,0.0,0.0,0.0,0.0,0.0,0.0,0.0,0.0,0.0,0.0,0.0,0.0,0.0,0.0,0.0,0.0,0.0,0.0
17500000000,17,500000000,Archimede_odom,Archimede_base_link,-11.996673264166859,18.763399873312366,342.7739223516834,-0.12396868779807357,0.09206964721639083,0.9826264165896414,0.10295761228424813,0.0,0.0,0.0,0.0,0.0,0.0,0.0,0.0,0.0,0.0,0.0,0.0,0.0,0.0,0.0,0.0,0.0,0.0,0.0,0.0,0.0,0.0,0.0,0.0,0.0,0.0,0.0,0.0,0.0,0.0,0.0,0.0,0.0,0.0,0.0,0.0,0.463040053268266,-0.19888489666929127,0.005636616851686091,-0.014978356903975832,0.03741358741143557,0.013487168519227367,0.0,0.0,0.0,0.0,0.0,0.0,0.0,0.0,0.0,0.0,0.0,0.0,0.0,0.0,0.0,0.0,0.0,0.0,0.0,0.0,0.0,0.0,0.0,0.0,0.0,0.0,0.0,0.0,0.0,0.0,0.0,0.0,0.0,0.0,0.0,0.0
17600000000,17,600000000,Archimede_odom,Archimede_base_link,-12.03557457465044,18.789923220626413,342.75993761621027,-0.12630747570974843,0.09144669029087338,0.9825408008208266,0.10147659403549797,0.0,0.0,0.0,0.0,0.0,0.0,0.0,0.0,0.0,0.0,0.0,0.0,0.0,0.0,0.0,0.0,0.0,0.0,0.0,0.0,0.0,0.0,0.0,0.0,0.0,0.0,0.0,0.0,0.0,0.0,0.0,0.0,0.0,0.0,0.0,0.0,0.44163764905267894,-0.18306317899289912,-0.0005329120630971982,-0.021274691592735366,0.01615372673521846,0.0348587983744535,0.0,0.0,0.0,0.0,0.0,0.0,0.0,0.0,0.0,0.0,0.0,0.0,0.0,0.0,0.0,0.0,0.0,0.0,0.0,0.0,0.0,0.0,0.0,0.0,0.0,0.0,0.0,0.0,0.0,0.0,0.0,0.0,0.0,0.0,0.0,0.0
17700000000,17,700000000,Archimede_odom,Archimede_base_link,-12.07433311901383,18.8139102362105,342.74494882414945,-0.12949435660124456,0.08838581188994044,0.9825937339524072,0.09964293182384659,0.0,0.0,0.0,0.0,0.0,0.0,0.0,0.0,0.0,0.0,0.0,0.0,0.0,0.0,0.0,0.0,0.0,0.0,0.0,0.0,0.0,0.0,0.0,0.0,0.0,0.0,0.0,0.0,0.0,0.0,0.0,0.0,0.0,0.0,0.0,0.0,0.4675775835447163,-0.16773029993982425,-0.0026632881380829836,-0.07228080590556293,0.059890582172841614,0.028960553518253412,0.0,0.0,0.0,0.0,0.0,0.0,0.0,0.0,0.0,0.0,0.0,0.0,0.0,0.0,0.0,0.0,0.0,0.0,0.0,0.0,0.0,0.0,0.0,0.0,0.0,0.0,0.0,0.0,0.0,0.0,0.0,0.0,0.0,0.0,0.0,0.0
17800000000,17,800000000,Archimede_odom,Archimede_base_link,-12.116100257898625,18.838530081210298,342.7291484239471,-0.13207762222310093,0.08627607033337366,0.9826952855703378,0.09706656022315066,0.0,0.0,0.0,0.0,0.0,0.0,0.0,0.0,0.0,0.0,0.0,0.0,0.0,0.0,0.0,0.0,0.0,0.0,0.0,0.0,0.0,0.0,0.0,0.0,0.0,0.0,0.0,0.0,0.0,0.0,0.0,0.0,0.0,0.0,0.0,0.0,0.471012875686211,-0.16372610877502733,0.004307448340271825,-0.04486188390792915,0.05530061751061044,0.04336262624139219,0.0,0.0,0.0,0.0,0.0,0.0,0.0,0.0,0.0,0.0,0.0,0.0,0.0,0.0,0.0,0.0,0.0,0.0,0.0,0.0,0.0,0.0,0.0,0.0,0.0,0.0,0.0,0.0,0.0,0.0,0.0,0.0,0.0,0.0,0.0,0.0
17900000000,17,900000000,Archimede_odom,Archimede_base_link,-12.157149830212505,18.862056112717415,342.71379824748385,-0.13365899595496294,0.08544973496948066,0.9826960667432769,0.09561409938523588,0.0,0.0,0.0,0.0,0.0,0.0,0.0,0.0,0.0,0.0,0.0,0.0,0.0,0.0,0.0,0.0,0.0,0.0,0.0,0.0,0.0,0.0,0.0,0.0,0.0,0.0,0.0,0.0,0.0,0.0,0.0,0.0,0.0,0.0,0.0,0.0,0.47440186005586976,-0.15899300183399528,-0.003143741968287843,-0.0267019403085103,0.019644029555240954,0.010409187697321834,0.0,0.0,0.0,0.0,0.0,0.0,0.0,0.0,0.0,0.0,0.0,0.0,0.0,0.0,0.0,0.0,0.0,0.0,0.0,0.0,0.0,0.0,0.0,0.0,0.0,0.0,0.0,0.0,0.0,0.0,0.0,0.0,0.0,0.0,0.0,0.0
18000000000,18,0,Archimede_odom,Archimede_base_link,-12.198119262512929,18.88535519352928,342.69852073549436,-0.1346578650927391,0.08562890232885453,0.9826435822754895,0.09458615473426715,0.0,0.0,0.0,0.0,0.0,0.0,0.0,0.0,0.0,0.0,0.0,0.0,0.0,0.0,0.0,0.0,0.0,0.0,0.0,0.0,0.0,0.0,0.0,0.0,0.0,0.0,0.0,0.0,0.0,0.0,0.0,0.0,0.0,0.0,0.0,0.0,0.47839432516090447,-0.17024742215440708,0.0020095096149531826,0.004750469981640611,0.01720201499990392,0.032322627258697334,0.0,0.0,0.0,0.0,0.0,0.0,0.0,0.0,0.0,0.0,0.0,0.0,0.0,0.0,0.0,0.0,0.0,0.0,0.0,0.0,0.0,0.0,0.0,0.0,0.0,0.0,0.0,0.0,0.0,0.0,0.0,0.0,0.0,0.0,0.0,0.0
18100000000,18,100000000,Archimede_odom,Archimede_base_link,-12.240766577473916,18.91054217616424,342.68240823430716,-0.13555870010536764,0.08587464689531181,0.9827143290697451,0.09231430705665138,0.0,0.0,0.0,0.0,0.0,0.0,0.0,0.0,0.0,0.0,0.0,0.0,0.0,0.0,0.0,0.0,0.0,0.0,0.0,0.0,0.0,0.0,0.0,0.0,0.0,0.0,0.0,0.0,0.0,0.0,0.0,0.0,0.0,0.0,0.0,0.0,0.497714689571623,-0.1858049171489976,0.002632770413946862,-0.005544664621717705,0.02320527960872909,0.05398871634894503,0.0,0.0,0.0,0.0,0.0,0.0,0.0,0.0,0.0,0.0,0.0,0.0,0.0,0.0,0.0,0.0,0.0,0.0,0.0,0.0,0.0,0.0,0.0,0.0,0.0,0.0,0.0,0.0,0.0,0.0,0.0,0.0,0.0,0.0,0.0,0.0
18200000000,18,200000000,Archimede_odom,Archimede_base_link,-12.284618940921908,18.93707151382743,342.6656661448702,-0.1363844380103719,0.0862149055094332,0.9828732277091514,0.08903085638804706,0.0,0.0,0.0,0.0,0.0,0.0,0.0,0.0,0.0,0.0,0.0,0.0,0.0,0.0,0.0,0.0,0.0,0.0,0.0,0.0,0.0,0.0,0.0,0.0,0.0,0.0,0.0,0.0,0.0,0.0,0.0,0.0,0.0,0.0,0.0,0.0,0.5069815328149502,-0.19758017200420794,0.003369298963938927,-0.003161784870847123,0.021372486025552064,0.07158313222414484,0.0,0.0,0.0,0.0,0.0,0.0,0.0,0.0,0.0,0.0,0.0,0.0,0.0,0.0,0.0,0.0,0.0,0.0,0.0,0.0,0.0,0.0,0.0,0.0,0.0,0.0,0.0,0.0,0.0,0.0,0.0,0.0,0.0,0.0,0.0,0.0
18300000000,18,300000000,Archimede_odom,Archimede_base_link,-12.32899821406516,18.964219651745957,342.6486321583157,-0.13713422306283707,0.08664030188307695,0.9830817437270958,0.08507613122994093,0.0,0.0,0.0,0.0,0.0,0.0,0.0,0.0,0.0,0.0,0.0,0.0,0.0,0.0,0.0,0.0,0.0,0.0,0.0,0.0,0.0,0.0,0.0,0.0,0.0,0.0,0.0,0.0,0.0,0.0,0.0,0.0,0.0,0.0,0.0,0.0,0.5073048879869498,-0.20354934024053567,0.004220847544301058,-0.001589100630819021,0.020090367407915553,0.08151177585554738,0.0,0.0,0.0,0.0,0.0,0.0,0.0,0.0,0.0,0.0,0.0,0.0,0.0,0.0,0.0,0.0,0.0,0.0,0.0,0.0,0.0,0.0,0.0,0.0,0.0,0.0,0.0,0.0,0.0,0.0,0.0,0.0,0.0,0.0,0.0,0.0
18400000000,18,400000000,Archimede_odom,Archimede_base_link,-12.372893550885538,18.990856621084244,342.6317962792903,-0.13729811351744367,0.08588918004350862,0.9834688965527071,0.08100127338138524,0.0,0.0,0.0,0.0,0.0,0.0,0.0,0.0,0.0,0.0,0.0,0.0,0.0,0.0,0.0,0.0,0.0,0.0,0.0,0.0,0.0,0.0,0.0,0.0,0.0,0.0,0.0,0.0,0.0,0.0,0.0,0.0,0.0,0.0,0.0,0.0,0.5024686106339273,-0.20241720243817407,0.0025488666228536227,-0.03753823330209531,0.005532802542038399,0.07545112569460506,0.0,0.0,0.0,0.0,0.0,0.0,0.0,0.0,0.0,0.0,0.0,0.0,0.0,0.0,0.0,0.0,0.0,0.0,0.0,0.0,0.0,0.0,0.0,0.0,0.0,0.0,0.0,0.0,0.0,0.0,0.0,0.0,0.0,0.0,0.0,0.0
18500000000,18,500000000,Archimede_odom,Archimede_base_link,-12.417413644640519,19.017700796777717,342.6146151951667,-0.13739283694789167,0.0845646633733082,0.9838888299973327,0.07703762892540689,0.0,0.0,0.0,0.0,0.0,0.0,0.0,0.0,0.0,0.0,0.0,0.0,0.0,0.0,0.0,0.0,0.0,0.0,0.0,0.0,0.0,0.0,0.0,0.0,0.0,0.0,0.0,0.0,0.0,0.0,0.0,0.0,0.0,0.0,0.0,0.0,0.5101120176837844,-0.20999645477830736,0.00208561798728728,-0.03804321173870827,0.0052540813597652565,0.07464924942608799,0.0,0.0,0.0,0.0,0.0,0.0,0.0,0.0,0.0,0.0,0.0,0.0,0.0,0.0,0.0,0.0,0.0,0.0,0.0,0.0,0.0,0.0,0.0,0.0,0.0,0.0,0.0,0.0,0.0,0.0,0.0,0.0,0.0,0.0,0.0,0.0
18600000000,18,600000000,Archimede_odom,Archimede_base_link,-12.462355970372252,19.044848485215248,342.59730812362113,-0.13728695299554305,0.08357276635373556,0.9842855372405271,0.07314278119069688,0.0,0.0,0.0,0.0,0.0,0.0,0.0,0.0,0.0,0.0,0.0,0.0,0.0,0.0,0.0,0.0,0.0,0.0,0.0,0.0,0.0,0.0,0.0,0.0,0.0,0.0,0.0,0.0,0.0,0.0,0.0,0.0,0.0,0.0,0.0,0.0,0.5080369551675183,-0.21382382189808355,0.005968207284205637,-0.016689923574836174,0.004347559198009129,0.07478167868675334,0.0,0.0,0.0,0.0,0.0,0.0,0.0,0.0,0.0,0.0,0.0,0.0,0.0,0.0,0.0,0.0,0.0,0.0,0.0,0.0,0.0,0.0,0.0,0.0,0.0,0.0,0.0,0.0,0.0,0.0,0.0,0.0,0.0,0.0,0.0,0.0
18700000000,18,700000000,Archimede_odom,Archimede_base_link,-12.507226052721618,19.071389377702932,342.58061684628643,-0.13693037825787924,0.08383774334180319,0.9845636070573225,0.06968362763075978,0.0,0.0,0.0,0.0,0.0,0.0,0.0,0.0,0.0,0.0,0.0,0.0,0.0,0.0,0.0,0.0,0.0,0.0,0.0,0.0,0.0,0.0,0.0,0.0,0.0,0.0,0.0,0.0,0.0,0.0,0.0,0.0,0.0,0.0,0.0,0.0,0.5037832931235284,-0.2077404377436501,0.006348475800934973,0.005230721776913176,-0.007185928560791394,0.06603882817878523,0.0,0.0,0.0,0.0,0.0,0.0,0.0,0.0,0.0,0.0,0.0,0.0,0.0,0.0,0.0,0.0,0.0,0.0,0.0,0.0,0.0,0.0,0.0,0.0,0.0,0.0,0.0,0.0,0.0,0.0,0.0,0.0,0.0,0.0,0.0,0.0
18800000000,18,800000000,Archimede_odom,Archimede_base_link,-12.551962759023441,19.09725121768104,342.56409759952345,-0.135933643532816,0.0850268668423341,0.9847996435917648,0.0667992399088653,0.0,0.0,0.0,0.0,0.0,0.0,0.0,0.0,0.0,0.0,0.0,0.0,0.0,0.0,0.0,0.0,0.0,0.0,0.0,0.0,0.0,0.0,0.0,0.0,0.0,0.0,0.0,0.0,0.0,0.0,0.0,0.0,0.0,0.0,0.0,0.0,0.4998261252276774,-0.20593126604297224,0.006027764765170373,0.025668799803924048,-0.019155881040118932,0.05903804683912667,0.0,0.0,0.0,0.0,0.0,0.0,0.0,0.0,0.0,0.0,0.0,0.0,0.0,0.0,0.0,0.0,0.0,0.0,0.0,0.0,0.0,0.0,0.0,0.0,0.0,0.0,0.0,0.0,0.0,0.0,0.0,0.0,0.0,0.0,0.0,0.0
18900000000,18,900000000,Archimede_odom,Archimede_base_link,-12.596023921125989,19.121864971182678,342.5480375364435,-0.13545074794562956,0.08543320245676936,0.9849794554781499,0.06457348592818735,0.0,0.0,0.0,0.0,0.0,0.0,0.0,0.0,0.0,0.0,0.0,0.0,0.0,0.0,0.0,0.0,0.0,0.0,0.0,0.0,0.0,0.0,0.0,0.0,0.0,0.0,0.0,0.0,0.0,0.0,0.0,0.0,0.0,0.0,0.0,0.0,0.4887317060350814,-0.19495777723763447,0.009562901217680182,0.000413864845327489,-0.0136248505403432,0.04302387626520135,0.0,0.0,0.0,0.0,0.0,0.0,0.0,0.0,0.0,0.0,0.0,0.0,0.0,0.0,0.0,0.0,0.0,0.0,0.0,0.0,0.0,0.0,0.0,0.0,0.0,0.0,0.0,0.0,0.0,0.0,0.0,0.0,0.0,0.0,0.0,0.0
19000000000,19,0,Archimede_odom,Archimede_base_link,-12.639066261087292,19.144100644362787,342.5343612401696,-0.13301973881606324,0.0855101573907088,0.9854603222617228,0.06214270122986328,0.0,0.0,0.0,0.0,0.0,0.0,0.0,0.0,0.0,0.0,0.0,0.0,0.0,0.0,0.0,0.0,0.0,0.0,0.0,0.0,0.0,0.0,0.0,0.0,0.0,0.0,0.0,0.0,0.0,0.0,0.0,0.0,0.0,0.0,0.0,0.0,0.45170033358925715,-0.1614288188750968,0.02800154967962585,-0.004176808849099897,-0.06700760151425408,0.055640477043202276,0.0,0.0,0.0,0.0,0.0,0.0,0.0,0.0,0.0,0.0,0.0,0.0,0.0,0.0,0.0,0.0,0.0,0.0,0.0,0.0,0.0,0.0,0.0,0.0,0.0,0.0,0.0,0.0,0.0,0.0,0.0,0.0,0.0,0.0,0.0,0.0
19100000000,19,100000000,Archimede_odom,Archimede_base_link,-12.679606930137432,19.163284191689385,342.522098430175,-0.12915556211817525,0.08604391385801245,0.9860909658461625,0.05949699772690757,0.0,0.0,0.0,0.0,0.0,0.0,0.0,0.0,0.0,0.0,0.0,0.0,0.0,0.0,0.0,0.0,0.0,0.0,0.0,0.0,0.0,0.0,0.0,0.0,0.0,0.0,0.0,0.0,0.0,0.0,0.0,0.0,0.0,0.0,0.0,0.0,0.43553876095430144,-0.1397415275309015,0.013930082480155231,0.01327166250368357,-0.08101949715989096,0.06342143539690823,0.0,0.0,0.0,0.0,0.0,0.0,0.0,0.0,0.0,0.0,0.0,0.0,0.0,0.0,0.0,0.0,0.0,0.0,0.0,0.0,0.0,0.0,0.0,0.0,0.0,0.0,0.0,0.0,0.0,0.0,0.0,0.0,0.0,0.0,0.0,0.0
19200000000,19,200000000,Archimede_odom,Archimede_base_link,-12.719742077854681,19.180051022592313,342.5099258773964,-0.12640825392685937,0.0847314752761605,0.9867138367027147,0.05689758251539774,0.0,0.0,0.0,0.0,0.0,0.0,0.0,0.0,0.0,0.0,0.0,0.0,0.0,0.0,0.0,0.0,0.0,0.0,0.0,0.0,0.0,0.0,0.0,0.0,0.0,0.0,0.0,0.0,0.0,0.0,0.0,0.0,0.0,0.0,0.0,0.0,0.4356811991252905,-0.1260953707625036,0.01059795811114591,-0.025972352877577588,-0.05529280503028455,0.05508468880756153,0.0,0.0,0.0,0.0,0.0,0.0,0.0,0.0,0.0,0.0,0.0,0.0,0.0,0.0,0.0,0.0,0.0,0.0,0.0,0.0,0.0,0.0,0.0,0.0,0.0,0.0,0.0,0.0,0.0,0.0,0.0,0.0,0.0,0.0,0.0,0.0
19300000000,19,300000000,Archimede_odom,Archimede_base_link,-12.76045153743185,19.19645464564913,342.4976521388205,-0.12327000629179354,0.08401085032086177,0.9873245515882185,0.05419328748387684,0.0,0.0,0.0,0.0,0.0,0.0,0.0,0.0,0.0,0.0,0.0,0.0,0.0,0.0,0.0,0.0,0.0,0.0,0.0,0.0,0.0,0.0,0.0,0.0,0.0,0.0,0.0,0.0,0.0,0.0,0.0,0.0,0.0,0.0,0.0,0.0,0.43903566869339733,-0.12673368965957657,0.007563874704458196,-0.012534651364509394,-0.06326432266712276,0.059339811041772175,0.0,0.0,0.0,0.0,0.0,0.0,0.0,0.0,0.0,0.0,0.0,0.0,0.0,0.0,0.0,0.0,0.0,0.0,0.0,0.0,0.0,0.0,0.0,0.0,0.0,0.0,0.0,0.0,0.0,0.0,0.0,0.0,0.0,0.0,0.0,0.0
19400000000,19,400000000,Archimede_odom,Archimede_base_link,-12.801208483813792,19.2124189224315,342.48542406822764,-0.1203163995521146,0.08306757408833476,0.9879130840906332,0.051492527772761525,0.0,0.0,0.0,0.0,0.0,0.0,0.0,0.0,0.0,0.0,0.0,0.0,0.0,0.0,0.0,0.0,0.0,0.0,0.0,0.0,0.0,0.0,0.0,0.0,0.0,0.0,0.0,0.0,0.0,0.0,0.0,0.0,0.0,0.0,0.0,0.0,0.4354224992255441,-0.12185701079234798,0.004574383818766443,-0.035519879277709096,-0.04807770195370467,0.05351749102920276,0.0,0.0,0.0,0.0,0.0,0.0,0.0,0.0,0.0,0.0,0.0,0.0,0.0,0.0,0.0,0.0,0.0,0.0,0.0,0.0,0.0,0.0,0.0,0.0,0.0,0.0,0.0,0.0,0.0,0.0,0.0,0.0,0.0,0.0,0.0,0.0
19500000000,19,500000000,Archimede_odom,Archimede_base_link,-12.842118200751525,19.228161972506836,342.4731889090032,-0.11754808721671157,0.08186953029196363,0.9884855411030274,0.04874589451144146,0.0,0.0,0.0,0.0,0.0,0.0,0.0,0.0,0.0,0.0,0.0,0.0,0.0,0.0,0.0,0.0,0.0,0.0,0.0,0.0,0.0,0.0,0.0,0.0,0.0,0.0,0.0,0.0,0.0,0.0,0.0,0.0,0.0,0.0,0.0,0.0,0.43902292445518964,-0.12645274356731362,0.0018396204845773077,-0.022471309255452213,-0.05652019920365257,0.05881297968749908,0.0,0.0,0.0,0.0,0.0,0.0,0.0,0.0,0.0,0.0,0.0,0.0,0.0,0.0,0.0,0.0,0.0,0.0,0.0,0.0,0.0,0.0,0.0,0.0,0.0,0.0,0.0,0.0,0.0,0.0,0.0,0.0,0.0,0.0,0.0,0.0
19600000000,19,600000000,Archimede_odom,Archimede_base_link,-12.882898693405487,19.24375115350197,342.4609960937549,-0.11465710694571951,0.08088985188282463,0.9890379046731498,0.045984810633053236,0.0,0.0,0.0,0.0,0.0,0.0,0.0,0.0,0.0,0.0,0.0,0.0,0.0,0.0,0.0,0.0,0.0,0.0,0.0,0.0,0.0,0.0,0.0,0.0,0.0,0.0,0.0,0.0,0.0,0.0,0.0,0.0,0.0,0.0,0.0,0.0,0.43342852834926715,-0.12461349160002078,-0.0009594792096146436,-0.026715869886510764,-0.05280404769515505,0.05604092177767635,0.0,0.0,0.0,0.0,0.0,0.0,0.0,0.0,0.0,0.0,0.0,0.0,0.0,0.0,0.0,0.0,0.0,0.0,0.0,0.0,0.0,0.0,0.0,0.0,0.0,0.0,0.0,0.0,0.0,0.0,0.0,0.0,0.0,0.0,0.0,0.0
19700000000,19,700000000,Archimede_odom,Archimede_base_link,-12.923208091539516,19.259137709575047,342.4495091756945,-0.11126515203689188,0.07962366739074762,0.9896492241258097,0.043296082047199445,0.0,0.0,0.0,0.0,0.0,0.0,0.0,0.0,0.0,0.0,0.0,0.0,0.0,0.0,0.0,0.0,0.0,0.0,0.0,0.0,0.0,0.0,0.0,0.0,0.0,0.0,0.0,0.0,0.0,0.0,0.0,0.0,0.0,0.0,0.0,0.0,0.4203113688784927,-0.1262318967737613,0.005229819655147695,-0.02848084328975286,-0.07514796753033307,0.05463673979492071,0.0,0.0,0.0,0.0,0.0,0.0,0.0,0.0,0.0,0.0,0.0,0.0,0.0,0.0,0.0,0.0,0.0,0.0,0.0,0.0,0.0,0.0,0.0,0.0,0.0,0.0,0.0,0.0,0.0,0.0,0.0,0.0,0.0,0.0,0.0,0.0
19800000000,19,800000000,Archimede_odom,Archimede_base_link,-12.962174159281066,19.27437705325508,342.4387413862684,-0.10729252079315224,0.07860289996577005,0.9902703993378849,0.04091986429606247,0.0,0.0,0.0,0.0,0.0,0.0,0.0,0.0,0.0,0.0,0.0,0.0,0.0,0.0,0.0,0.0,0.0,0.0,0.0,0.0,0.0,0.0,0.0,0.0,0.0,0.0,0.0,0.0,0.0,0.0,0.0,0.0,0.0,0.0,0.0,0.0,0.40530472031721143,-0.12363391570043256,0.0016002081725178144,-0.02813072972100314,-0.07214092449587961,0.04588221264593564,0.0,0.0,0.0,0.0,0.0,0.0,0.0,0.0,0.0,0.0,0.0,0.0,0.0,0.0,0.0,0.0,0.0,0.0,0.0,0.0,0.0,0.0,0.0,0.0,0.0,0.0,0.0,0.0,0.0,0.0,0.0,0.0,0.0,0.0,0.0,0.0
19900000000,19,900000000,Archimede_odom,Archimede_base_link,-13.000407693327684,19.28918956189495,342.4281460542644,-0.10346459968880786,0.07741121976353135,0.9908549914975979,0.03884540500821465,0.0,0.0,0.0,0.0,0.0,0.0,0.0,0.0,0.0,0.0,0.0,0.0,0.0,0.0,0.0,0.0,0.0,0.0,0.0,0.0,0.0,0.0,0.0,0.0,0.0,0.0,0.0,0.0,0.0,0.0,0.0,0.0,0.0,0.0,0.0,0.0,0.40544299315063564,-0.12580638726895227,-0.0024890937606217387,-0.027603994611571515,-0.0744490605402011,0.04428573451627039,0.0,0.0,0.0,0.0,0.0,0.0,0.0,0.0,0.0,0.0,0.0,0.0,0.0,0.0,0.0,0.0,0.0,0.0,0.0,0.0,0.0,0.0,0.0,0.0,0.0,0.0,0.0,0.0,0.0,0.0,0.0,0.0,0.0,0.0,0.0,0.0
20000000000,20,0,Archimede_odom,Archimede_base_link,-13.038335449571825,19.303204638708536,342.41772049659085,-0.1012491917030033,0.07383968130816519,0.9914282945940028,0.03696267471685503,0.0,0.0,0.0,0.0,0.0,0.0,0.0,0.0,0.0,0.0,0.0,0.0,0.0,0.0,0.0,0.0,0.0,0.0,0.0,0.0,0.0,0.0,0.0,0.0,0.0,0.0,0.0,0.0,0.0,0.0,0.0,0.0,0.0,0.0,0.0,0.0,0.3994829450874346,-0.11553343592936702,-0.0051970441177873975,-0.0955597635996043,-0.0313179262950106,0.02931851921083775,0.0,0.0,0.0,0.0,0.0,0.0,0.0,0.0,0.0,0.0,0.0,0.0,0.0,0.0,0.0,0.0,0.0,0.0,0.0,0.0,0.0,0.0,0.0,0.0,0.0,0.0,0.0,0.0,0.0,0.0,0.0,0.0,0.0,0.0,0.0,0.0
20100000000,20,100000000,Archimede_odom,Archimede_base_link,-13.076571689682748,19.317076346765674,342.4073114850276,-0.09944712255466408,0.06973707295124375,0.9919765768546048,0.035063962177866594,0.0,0.0,0.0,0.0,0.0,0.0,0.0,0.0,0.0,0.0,0.0,0.0,0.0,0.0,0.0,0.0,0.0,0.0,0.0,0.0,0.0,0.0,0.0,0.0,0.0,0.0,0.0,0.0,0.0,0.0,0.0,0.0,0.0,0.0,0.0,0.0,0.40438670620044503,-0.11784872167311702,-0.004174147301382181,-0.07242544063210996,-0.036059757728511346,0.03286982836749347,0.0,0.0,0.0,0.0,0.0,0.0,0.0,0.0,0.0,0.0,0.0,0.0,0.0,0.0,0.0,0.0,0.0,0.0,0.0,0.0,0.0,0.0,0.0,0.0,0.0,0.0,0.0,0.0,0.0,0.0,0.0,0.0,0.0,0.0,0.0,0.0
20200000000,20,200000000,Archimede_odom,Archimede_base_link,-13.115132370518515,19.330322178251624,342.39725622446025,-0.09735184300814945,0.0666475301384408,0.9924472412271993,0.03360355293541992,0.0,0.0,0.0,0.0,0.0,0.0,0.0,0.0,0.0,0.0,0.0,0.0,0.0,0.0,0.0,0.0,0.0,0.0,0.0,0.0,0.0,0.0,0.0,0.0,0.0,0.0,0.0,0.0,0.0,0.0,0.0,0.0,0.0,0.0,0.0,0.0,0.40452005207127106,-0.10938188979438021,-0.006615559559498531,-0.056109726146044356,-0.047047156681816436,0.02091602821256865,0.0,0.0,0.0,0.0,0.0,0.0,0.0,0.0,0.0,0.0,0.0,0.0,0.0,0.0,0.0,0.0,0.0,0.0,0.0,0.0,0.0,0.0,0.0,0.0,0.0,0.0,0.0,0.0,0.0,0.0,0.0,0.0,0.0,0.0,0.0,0.0
20300000000,20,300000000,Archimede_odom,Archimede_base_link,-13.153644173240343,19.34295656124214,342.3872686113241,-0.09480073174787004,0.06426393274664326,0.9928796572600723,0.032755982768413246,0.0,0.0,0.0,0.0,0.0,0.0,0.0,0.0,0.0,0.0,0.0,0.0,0.0,0.0,0.0,0.0,0.0,0.0,0.0,0.0,0.0,0.0,0.0,0.0,0.0,0.0,0.0,0.0,0.0,0.0,0.0,0.0,0.0,0.0,0.0,0.0,0.4027490918876275,-0.10595642230388216,-0.009374670150766592,-0.04122862411179481,-0.05577830255807764,0.012125352511786085,0.0,0.0,0.0,0.0,0.0,0.0,0.0,0.0,0.0,0.0,0.0,0.0,0.0,0.0,0.0,0.0,0.0,0.0,0.0,0.0,0.0,0.0,0.0,0.0,0.0,0.0,0.0,0.0,0.0,0.0,0.0,0.0,0.0,0.0,0.0,0.0
20400000000,20,400000000,Archimede_odom,Archimede_base_link,-13.191916766099162,19.35515637097415,342.377396242431,-0.0923512359698601,0.06172633116624295,0.993283305317479,0.03239420678421852,0.0,0.0,0.0,0.0,0.0,0.0,0.0,0.0,0.0,0.0,0.0,0.0,0.0,0.0,0.0,0.0,0.0,0.0,0.0,0.0,0.0,0.0,0.0,0.0,0.0,0.0,0.0,0.0,0.0,0.0,0.0,0.0,0.0,0.0,0.0,0.0,0.39659587483575687,-0.09898694607727541,-0.011039282080016503,-0.0722537822626864,-0.038087886254373066,-0.0015735006474004616,0.0,0.0,0.0,0.0,0.0,0.0,0.0,0.0,0.0,0.0,0.0,0.0,0.0,0.0,0.0,0.0,0.0,0.0,0.0,0.0,0.0,0.0,0.0,0.0,0.0,0.0,0.0,0.0,0.0,0.0,0.0,0.0,0.0,0.0,0.0,0.0
20500000000,20,500000000,Archimede_odom,Archimede_base_link,-13.230065257274845,19.367004969375955,342.36765950020526,-0.09032643584579984,0.058416173874189875,0.9936699994574806,0.03238236858949446,0.0,0.0,0.0,0.0,0.0,0.0,0.0,0.0,0.0,0.0,0.0,0.0,0.0,0.0,0.0,0.0,0.0,0.0,0.0,0.0,0.0,0.0,0.0,0.0,0.0,0.0,0.0,0.0,0.0,0.0,0.0,0.0,0.0,0.0,0.0,0.0,0.3998340308645632,-0.10027419044558876,-0.013605089383703093,-0.059059782272890826,-0.04696916180366027,-0.004344933121562615,0.0,0.0,0.0,0.0,0.0,0.0,0.0,0.0,0.0,0.0,0.0,0.0,0.0,0.0,0.0,0.0,0.0,0.0,0.0,0.0,0.0,0.0,0.0,0.0,0.0,0.0,0.0,0.0,0.0,0.0,0.0,0.0,0.0,0.0,0.0,0.0
20600000000,20,600000000,Archimede_odom,Archimede_base_link,-13.267517918827254,19.37914056189189,342.3580219241024,-0.08679129255819676,0.05750244536892023,0.9940344612094801,0.03249969600858382,0.0,0.0,0.0,0.0,0.0,0.0,0.0,0.0,0.0,0.0,0.0,0.0,0.0,0.0,0.0,0.0,0.0,0.0,0.0,0.0,0.0,0.0,0.0,0.0,0.0,0.0,0.0,0.0,0.0,0.0,0.0,0.0,0.0,0.0,0.0,0.0,0.382255039820275,-0.10509248034689204,-0.01600623088057654,0.03343637321434908,-0.10006491689172996,0.006262736642336677,0.0,0.0,0.0,0.0,0.0,0.0,0.0,0.0,0.0,0.0,0.0,0.0,0.0,0.0,0.0,0.0,0.0,0.0,0.0,0.0,0.0,0.0,0.0,0.0,0.0,0.0,0.0,0.0,0.0,0.0,0.0,0.0,0.0,0.0,0.0,0.0
20700000000,20,700000000,Archimede_odom,Archimede_base_link,-13.302451850015917,19.39053996085706,342.35015807327375,-0.08446523508730858,0.05756846338113832,0.9942296901388282,0.0325395041761527,0.0,0.0,0.0,0.0,0.0,0.0,0.0,0.0,0.0,0.0,0.0,0.0,0.0,0.0,0.0,0.0,0.0,0.0,0.0,0.0,0.0,0.0,0.0,0.0,0.0,0.0,0.0,0.0,0.0,0.0,0.0,0.0,0.0,0.0,0.0,0.0,0.3545001659484373,-0.0984231340646999,-0.0024836950264085795,0.03383170635871505,-0.05587731163783274,0.01097269903290796,0.0,0.0,0.0,0.0,0.0,0.0,0.0,0.0,0.0,0.0,0.0,0.0,0.0,0.0,0.0,0.0,0.0,0.0,0.0,0.0,0.0,0.0,0.0,0.0,0.0,0.0,0.0,0.0,0.0,0.0,0.0,0.0,0.0,0.0,0.0,0.0
20800000000,20,800000000,Archimede_odom,Archimede_base_link,-13.336263595600832,19.401669881913,342.3428624663768,-0.0831657139342769,0.056834487850308764,0.9943913745389782,0.032235062572868435,0.0,0.0,0.0,0.0,0.0,0.0,0.0,0.0,0.0,0.0,0.0,0.0,0.0,0.0,0.0,0.0,0.0,0.0,0.0,0.0,0.0,0.0,0.0,0.0,0.0,0.0,0.0,0.0,0.0,0.0,0.0,0.0,0.0,0.0,0.0,0.0,0.3431815083569233,-0.09653783825761732,-0.0074953037947433545,0.017905620622991825,-0.034055009010734875,0.011081362556208042,0.0,0.0,0.0,0.0,0.0,0.0,0.0,0.0,0.0,0.0,0.0,0.0,0.0,0.0,0.0,0.0,0.0,0.0,0.0,0.0,0.0,0.0,0.0,0.0,0.0,0.0,0.0,0.0,0.0,0.0,0.0,0.0,0.0,0.0,0.0,0.0
20900000000,20,900000000,Archimede_odom,Archimede_base_link,-13.368285936093546,19.41290185819717,342.3363391161186,-0.08178385133063691,0.05609168892953693,0.9945558938365829,0.0319952829253938,0.0,0.0,0.0,0.0,0.0,0.0,0.0,0.0,0.0,0.0,0.0,0.0,0.0,0.0,0.0,0.0,0.0,0.0,0.0,0.0,0.0,0.0,0.0,0.0,0.0,0.0,0.0,0.0,0.0,0.0,0.0,0.0,0.0,0.0,0.0,0.0,0.33301935595826243,-0.10513783210257133,0.0016053762722781195,-0.009887215754918922,-0.019039722585524305,-0.002627989121815272,0.0,0.0,0.0,0.0,0.0,0.0,0.0,0.0,0.0,0.0,0.0,0.0,0.0,0.0,0.0,0.0,0.0,0.0,0.0,0.0,0.0,0.0,0.0,0.0,0.0,0.0,0.0,0.0,0.0,0.0,0.0,0.0,0.0,0.0,0.0,0.0
21000000000,21,0,Archimede_odom,Archimede_base_link,-13.400541971282838,19.42601151275955,342.3296768161621,-0.08121831350936629,0.05604906878950289,0.9945865600766174,0.03255244927014124,0.0,0.0,0.0,0.0,0.0,0.0,0.0,0.0,0.0,0.0,0.0,0.0,0.0,0.0,0.0,0.0,0.0,0.0,0.0,0.0,0.0,0.0,0.0,0.0,0.0,0.0,0.0,0.0,0.0,0.0,0.0,0.0,0.0,0.0,0.0,0.0,0.33186290275484875,-0.10468674546841132,-0.001569648135918647,-0.048055656582532094,-0.03439308589377329,-0.012901986977341018,0.0,0.0,0.0,0.0,0.0,0.0,0.0,0.0,0.0,0.0,0.0,0.0,0.0,0.0,0.0,0.0,0.0,0.0,0.0,0.0,0.0,0.0,0.0,0.0,0.0,0.0,0.0,0.0,0.0,0.0,0.0,0.0,0.0,0.0,0.0,0.0
21100000000,21,100000000,Archimede_odom,Archimede_base_link,-13.432420990252458,19.438954316039897,342.3230801765117,-0.07977390495650843,0.054328840965447996,0.9947710671968425,0.03339198998856106,0.0,0.0,0.0,0.0,0.0,0.0,0.0,0.0,0.0,0.0,0.0,0.0,0.0,0.0,0.0,0.0,0.0,0.0,0.0,0.0,0.0,0.0,0.0,0.0,0.0,0.0,0.0,0.0,0.0,0.0,0.0,0.0,0.0,0.0,0.0,0.0,0.33549226572768814,-0.11840872799217969,-0.0007842158415012117,-0.015710563251074915,-0.020480015053127208,-0.022807040783372697,0.0,0.0,0.0,0.0,0.0,0.0,0.0,0.0,0.0,0.0,0.0,0.0,0.0,0.0,0.0,0.0,0.0,0.0,0.0,0.0,0.0,0.0,0.0,0.0,0.0,0.0,0.0,0.0,0.0,0.0,0.0,0.0,0.0,0.0,0.0,0.0
21200000000,21,200000000,Archimede_odom,Archimede_base_link,-13.464382475017045,19.451834283653042,342.31603287134664,-0.07857305007083197,0.051966028905885524,0.9949586464609441,0.034396213089888474,0.0,0.0,0.0,0.0,0.0,0.0,0.0,0.0,0.0,0.0,0.0,0.0,0.0,0.0,0.0,0.0,0.0,0.0,0.0,0.0,0.0,0.0,0.0,0.0,0.0,0.0,0.0,0.0,0.0,0.0,0.0,0.0,0.0,0.0,0.0,0.0,0.33865692266626707,-0.10869828028278876,-0.009449018867551373,-0.05680684150771777,-0.025827477878271794,-0.0254942218387746,0.0,0.0,0.0,0.0,0.0,0.0,0.0,0.0,0.0,0.0,0.0,0.0,0.0,0.0,0.0,0.0,0.0,0.0,0.0,0.0,0.0,0.0,0.0,0.0,0.0,0.0,0.0,0.0,0.0,0.0,0.0,0.0,0.0,0.0,0.0,0.0
21300000000,21,300000000,Archimede_odom,Archimede_base_link,-13.497651283729818,19.464914639852037,342.30839969298887,-0.07731235319015146,0.0486205256826775,0.9951750044535657,0.03585463759943776,0.0,0.0,0.0,0.0,0.0,0.0,0.0,0.0,0.0,0.0,0.0,0.0,0.0,0.0,0.0,0.0,0.0,0.0,0.0,0.0,0.0,0.0,0.0,0.0,0.0,0.0,0.0,0.0,0.0,0.0,0.0,0.0,0.0,0.0,0.0,0.0,0.3544470325585496,-0.11356121554109333,-0.011910632056479156,-0.0655092631869312,-0.029684802329612646,-0.038819621759039566,0.0,0.0,0.0,0.0,0.0,0.0,0.0,0.0,0.0,0.0,0.0,0.0,0.0,0.0,0.0,0.0,0.0,0.0,0.0,0.0,0.0,0.0,0.0,0.0,0.0,0.0,0.0,0.0,0.0,0.0,0.0,0.0,0.0,0.0,0.0,0.0
21400000000,21,400000000,Archimede_odom,Archimede_base_link,-13.532028681920334,19.477954291359552,342.3008131033695,-0.07643247042579762,0.04508413001111177,0.9953190617651323,0.03828137892928518,0.0,0.0,0.0,0.0,0.0,0.0,0.0,0.0,0.0,0.0,0.0,0.0,0.0,0.0,0.0,0.0,0.0,0.0,0.0,0.0,0.0,0.0,0.0,0.0,0.0,0.0,0.0,0.0,0.0,0.0,0.0,0.0,0.0,0.0,0.0,0.0,0.3625671747310296,-0.10231177251968901,-0.010753266909966305,-0.0662739289911051,-0.021569765184687232,-0.06542279553762412,0.0,0.0,0.0,0.0,0.0,0.0,0.0,0.0,0.0,0.0,0.0,0.0,0.0,0.0,0.0,0.0,0.0,0.0,0.0,0.0,0.0,0.0,0.0,0.0,0.0,0.0,0.0,0.0,0.0,0.0,0.0,0.0,0.0,0.0,0.0,0.0
21500000000,21,500000000,Archimede_odom,Archimede_base_link,-13.566809649696847,19.489578885812477,342.2934359782554,-0.0757535624695814,0.041793479142747975,0.9953931277096786,0.041318569465259004,0.0,0.0,0.0,0.0,0.0,0.0,0.0,0.0,0.0,0.0,0.0,0.0,0.0,0.0,0.0,0.0,0.0,0.0,0.0,0.0,0.0,0.0,0.0,0.0,0.0,0.0,0.0,0.0,0.0,0.0,0.0,0.0,0.0,0.0,0.0,0.0,0.36297074099368565,-0.077120015851273,-0.010935826501678205,-0.05017946601616572,-0.016549896819473536,-0.046265323808677025,0.0,0.0,0.0,0.0,0.0,0.0,0.0,0.0,0.0,0.0,0.0,0.0,0.0,0.0,0.0,0.0,0.0,0.0,0.0,0.0,0.0,0.0,0.0,0.0,0.0,0.0,0.0,0.0,0.0,0.0,0.0,0.0,0.0,0.0,0.0,0.0
21600000000,21,600000000,Archimede_odom,Archimede_base_link,-13.601350724688123,19.499071972731443,342.2872718773223,-0.07596245775229266,0.040303272386686496,0.9954181406619924,0.04181000464215967,0.0,0.0,0.0,0.0,0.0,0.0,0.0,0.0,0.0,0.0,0.0,0.0,0.0,0.0,0.0,0.0,0.0,0.0,0.0,0.0,0.0,0.0,0.0,0.0,0.0,0.0,0.0,0.0,0.0,0.0,0.0,0.0,0.0,0.0,0.0,0.0,0.35408813700434016,-0.06286424786189299,-0.001997162664591562,-0.02249887681671375,0.00026303092322035746,0.011738282818213906,0.0,0.0,0.0,0.0,0.0,0.0,0.0,0.0,0.0,0.0,0.0,0.0,0.0,0.0,0.0,0.0,0.0,0.0,0.0,0.0,0.0,0.0,0.0,0.0,0.0,0.0,0.0,0.0,0.0,0.0,0.0,0.0,0.0,0.0,0.0,0.0
21701000000,21,700000000,Archimede_odom,Archimede_base_link,-13.635444974876,19.50772028370127,342.28113114499695,-0.07577240819722687,0.039665918743390025,0.9955298362319828,0.040068718698720765,0.0,0.0,0.0,0.0,0.0,0.0,0.0,0.0,0.0,0.0,0.0,0.0,0.0,0.0,0.0,0.0,0.0,0.0,0.0,0.0,0.0,0.0,0.0,0.0,0.0,0.0,0.0,0.0,0.0,0.0,0.0,0.0,0.0,0.0,0.0,0.0,0.350428806032656,-0.05952027498956571,-0.003202779793115909,-0.009464363127563293,-0.005968462942191578,0.0497666590385086,0.0,0.0,0.0,0.0,0.0,0.0,0.0,0.0,0.0,0.0,0.0,0.0,0.0,0.0,0.0,0.0,0.0,0.0,0.0,0.0,0.0,0.0,0.0,0.0,0.0,0.0,0.0,0.0,0.0,0.0,0.0,0.0,0.0,0.0,0.0,0.0
21800000000,21,800000000,Archimede_odom,Archimede_base_link,-13.669179576476427,19.515814950552997,342.27501789109976,-0.07563887693946635,0.039068619100410845,0.9956841435725129,0.036952530836130544,0.0,0.0,0.0,0.0,0.0,0.0,0.0,0.0,0.0,0.0,0.0,0.0,0.0,0.0,0.0,0.0,0.0,0.0,0.0,0.0,0.0,0.0,0.0,0.0,0.0,0.0,0.0,0.0,0.0,0.0,0.0,0.0,0.0,0.0,0.0,0.0,0.34542994527257853,-0.054252340006361276,-0.0038324779710139324,-0.02923254798906643,0.007356849999646179,0.06805854673423686,0.0,0.0,0.0,0.0,0.0,0.0,0.0,0.0,0.0,0.0,0.0,0.0,0.0,0.0,0.0,0.0,0.0,0.0,0.0,0.0,0.0,0.0,0.0,0.0,0.0,0.0,0.0,0.0,0.0,0.0,0.0,0.0,0.0,0.0,0.0,0.0
21900000000,21,900000000,Archimede_odom,Archimede_base_link,-13.702899036985663,19.523665661216306,342.26887883713295,-0.07567807846086391,0.03826209211020118,0.9958547245985174,0.03289693363571427,0.0,0.0,0.0,0.0,0.0,0.0,0.0,0.0,0.0,0.0,0.0,0.0,0.0,0.0,0.0,0.0,0.0,0.0,0.0,0.0,0.0,0.0,0.0,0.0,0.0,0.0,0.0,0.0,0.0,0.0,0.0,0.0,0.0,0.0,0.0,0.0,0.34759938680950164,-0.05883568635244346,-0.004425667413788156,-0.01852292130172268,0.0005949218149115034,0.08777734050695676,0.0,0.0,0.0,0.0,0.0,0.0,0.0,0.0,0.0,0.0,0.0,0.0,0.0,0.0,0.0,0.0,0.0,0.0,0.0,0.0,0.0,0.0,0.0,0.0,0.0,0.0,0.0,0.0,0.0,0.0,0.0,0.0,0.0,0.0,0.0,0.0
22000000000,22,0,Archimede_odom,Archimede_base_link,-13.736594349931398,19.531310395207452,342.26272787793727,-0.07582145835083837,0.03732510057952327,0.9960228518690735,0.028220947448276457,0.0,0.0,0.0,0.0,0.0,0.0,0.0,0.0,0.0,0.0,0.0,0.0,0.0,0.0,0.0,0.0,0.0,0.0,0.0,0.0,0.0,0.0,0.0,0.0,0.0,0.0,0.0,0.0,0.0,0.0,0.0,0.0,0.0,0.0,0.0,0.0,0.34811251720080577,-0.06004610770162498,-0.00461031748932284,-0.026727940613096135,0.005841617004110544,0.09774173327031269,0.0,0.0,0.0,0.0,0.0,0.0,0.0,0.0,0.0,0.0,0.0,0.0,0.0,0.0,0.0,0.0,0.0,0.0,0.0,0.0,0.0,0.0,0.0,0.0,0.0,0.0,0.0,0.0,0.0,0.0,0.0,0.0,0.0,0.0,0.0,0.0
22100000000,22,100000000,Archimede_odom,Archimede_base_link,-13.770674269506888,19.539059335328503,342.256474835792,-0.07596812671130122,0.03636238333067346,0.9961832009695187,0.02292707806529572,0.0,0.0,0.0,0.0,0.0,0.0,0.0,0.0,0.0,0.0,0.0,0.0,0.0,0.0,0.0,0.0,0.0,0.0,0.0,0.0,0.0,0.0,0.0,0.0,0.0,0.0,0.0,0.0,0.0,0.0,0.0,0.0,0.0,0.0,0.0,0.0,0.3502776408984306,-0.063861178301916,-0.004879377831069797,-0.027851620831580416,0.006246179902494956,0.10853747796736002,0.0,0.0,0.0,0.0,0.0,0.0,0.0,0.0,0.0,0.0,0.0,0.0,0.0,0.0,0.0,0.0,0.0,0.0,0.0,0.0,0.0,0.0,0.0,0.0,0.0,0.0,0.0,0.0,0.0,0.0,0.0,0.0,0.0,0.0,0.0,0.0
22200000000,22,200000000,Archimede_odom,Archimede_base_link,-13.804939335119247,19.546533313413484,342.2496497006728,-0.07684097020271793,0.03543538267097479,0.9962631653996609,0.017306190254203643,0.0,0.0,0.0,0.0,0.0,0.0,0.0,0.0,0.0,0.0,0.0,0.0,0.0,0.0,0.0,0.0,0.0,0.0,0.0,0.0,0.0,0.0,0.0,0.0,0.0,0.0,0.0,0.0,0.0,0.0,0.0,0.0,0.0,0.0,0.0,0.0,0.3579961427606098,-0.06516407930647909,-0.011077753312711817,-0.028109516108176514,0.024187865474953538,0.1158641457417486,0.0,0.0,0.0,0.0,0.0,0.0,0.0,0.0,0.0,0.0,0.0,0.0,0.0,0.0,0.0,0.0,0.0,0.0,0.0,0.0,0.0,0.0,0.0,0.0,0.0,0.0,0.0,0.0,0.0,0.0,0.0,0.0,0.0,0.0,0.0,0.0
22300000000,22,300000000,Archimede_odom,Archimede_base_link,-13.84018065603587,19.553878266884354,342.24255526924117,-0.07789302752113812,0.03453124675676247,0.9963014611465492,0.011120601524454807,0.0,0.0,0.0,0.0,0.0,0.0,0.0,0.0,0.0,0.0,0.0,0.0,0.0,0.0,0.0,0.0,0.0,0.0,0.0,0.0,0.0,0.0,0.0,0.0,0.0,0.0,0.0,0.0,0.0,0.0,0.0,0.0,0.0,0.0,0.0,0.0,0.362853056515036,-0.06870857585657739,-0.008772051305598475,-0.02519512705822514,0.028104699766871126,0.1270843173043199,0.0,0.0,0.0,0.0,0.0,0.0,0.0,0.0,0.0,0.0,0.0,0.0,0.0,0.0,0.0,0.0,0.0,0.0,0.0,0.0,0.0,0.0,0.0,0.0,0.0,0.0,0.0,0.0,0.0,0.0,0.0,0.0,0.0,0.0,0.0,0.0
22400000000,22,400000000,Archimede_odom,Archimede_base_link,-13.875604880681205,19.56169327056328,342.23551065088327,-0.07890598129136495,0.033989208071041055,0.9962941039448807,0.004079006719450299,0.0,0.0,0.0,0.0,0.0,0.0,0.0,0.0,0.0,0.0,0.0,0.0,0.0,0.0,0.0,0.0,0.0,0.0,0.0,0.0,0.0,0.0,0.0,0.0,0.0,0.0,0.0,0.0,0.0,0.0,0.0,0.0,0.0,0.0,0.0,0.0,0.361491944389993,-0.07956305995777666,-0.008826072021318672,-0.024514741525670274,0.025714616822804254,0.14687391159383728,0.0,0.0,0.0,0.0,0.0,0.0,0.0,0.0,0.0,0.0,0.0,0.0,0.0,0.0,0.0,0.0,0.0,0.0,0.0,0.0,0.0,0.0,0.0,0.0,0.0,0.0,0.0,0.0,0.0,0.0,0.0,0.0,0.0,0.0,0.0,0.0
22500000000,22,500000000,Archimede_odom,Archimede_base_link,-13.910448829622933,19.56923132361852,342.2285957190601,-0.08030794555909725,0.033007998233511936,0.9962181815068152,-0.0032312177190556043,0.0,0.0,0.0,0.0,0.0,0.0,0.0,0.0,0.0,0.0,0.0,0.0,0.0,0.0,0.0,0.0,0.0,0.0,0.0,0.0,0.0,0.0,0.0,0.0,0.0,0.0,0.0,0.0,0.0,0.0,0.0,0.0,0.0,0.0,0.0,0.0,0.34937606142828304,-0.08040340907788242,-0.002899801290923847,-0.014106791516048817,0.03697371929414675,0.12344691670496424,0.0,0.0,0.0,0.0,0.0,0.0,0.0,0.0,0.0,0.0,0.0,0.0,0.0,0.0,0.0,0.0,0.0,0.0,0.0,0.0,0.0,0.0,0.0,0.0,0.0,0.0,0.0,0.0,0.0,0.0,0.0,0.0,0.0,0.0,0.0,0.0
22600000000,22,600000000,Archimede_odom,Archimede_base_link,-13.945773786437549,19.577295413217794,342.2217899488121,-0.08185386719334391,0.0319194771243611,0.9961096466179569,-0.006831055573691803,0.0,0.0,0.0,0.0,0.0,0.0,0.0,0.0,0.0,0.0,0.0,0.0,0.0,0.0,0.0,0.0,0.0,0.0,0.0,0.0,0.0,0.0,0.0,0.0,0.0,0.0,0.0,0.0,0.0,0.0,0.0,0.0,0.0,0.0,0.0,0.0,0.36343328288029003,-0.09060023087007778,-0.005881455366992194,-0.03646151787753519,0.030849077044568584,0.029263748771631924,0.0,0.0,0.0,0.0,0.0,0.0,0.0,0.0,0.0,0.0,0.0,0.0,0.0,0.0,0.0,0.0,0.0,0.0,0.0,0.0,0.0,0.0,0.0,0.0,0.0,0.0,0.0,0.0,0.0,0.0,0.0,0.0,0.0,0.0,0.0,0.0
22700000000,22,700000000,Archimede_odom,Archimede_base_link,-13.981673638257197,19.58538286524143,342.21485859591496,-0.08351430719659365,0.029990108694273057,0.9960305093036844,-0.0070127320084075045,0.0,0.0,0.0,0.0,0.0,0.0,0.0,0.0,0.0,0.0,0.0,0.0,0.0,0.0,0.0,0.0,0.0,0.0,0.0,0.0,0.0,0.0,0.0,0.0,0.0,0.0,0.0,0.0,0.0,0.0,0.0,0.0,0.0,0.0,0.0,0.0,0.3604521052294335,-0.07667843059713635,2.0199739165212505e-05,-0.02936803049616164,0.039963534600071716,0.0012480561250936106,0.0,0.0,0.0,0.0,0.0,0.0,0.0,0.0,0.0,0.0,0.0,0.0,0.0,0.0,0.0,0.0,0.0,0.0,0.0,0.0,0.0,0.0,0.0,0.0,0.0,0.0,0.0,0.0,0.0,0.0,0.0,0.0,0.0,0.0,0.0,0.0
22800000000,22,800000000,Archimede_odom,Archimede_base_link,-14.017356368748725,19.591085640183927,342.20839958661657,-0.08531241678669454,0.029036148889032765,0.9958953834698467,-0.008430823397148006,0.0,0.0,0.0,0.0,0.0,0.0,0.0,0.0,0.0,0.0,0.0,0.0,0.0,0.0,0.0,0.0,0.0,0.0,0.0,0.0,0.0,0.0,0.0,0.0,0.0,0.0,0.0,0.0,0.0,0.0,0.0,0.0,0.0,0.0,0.0,0.0,0.3618318233258474,-0.0575985199578283,-8.89637366026586e-05,-0.015328294815390813,0.0347593594238096,0.042889231585753945,0.0,0.0,0.0,0.0,0.0,0.0,0.0,0.0,0.0,0.0,0.0,0.0,0.0,0.0,0.0,0.0,0.0,0.0,0.0,0.0,0.0,0.0,0.0,0.0,0.0,0.0,0.0,0.0,0.0,0.0,0.0,0.0,0.0,0.0,0.0,0.0
22900000000,22,900000000,Archimede_odom,Archimede_base_link,-14.053098592653063,19.595609118910527,342.2018991061912,-0.08682321945263215,0.02878707403438051,0.9957418562367588,-0.011453762289885866,0.0,0.0,0.0,0.0,0.0,0.0,0.0,0.0,0.0,0.0,0.0,0.0,0.0,0.0,0.0,0.0,0.0,0.0,0.0,0.0,0.0,0.0,0.0,0.0,0.0,0.0,0.0,0.0,0.0,0.0,0.0,0.0,0.0,0.0,0.0,0.0,0.3621924094893439,-0.05269625455198038,0.00026334906066770487,-0.00553643403185187,0.030010035164198083,0.07042963782435985,0.0,0.0,0.0,0.0,0.0,0.0,0.0,0.0,0.0,0.0,0.0,0.0,0.0,0.0,0.0,0.0,0.0,0.0,0.0,0.0,0.0,0.0,0.0,0.0,0.0,0.0,0.0,0.0,0.0,0.0,0.0,0.0,0.0,0.0,0.0,0.0
23000000000,23,0,Archimede_odom,Archimede_base_link,-14.088937146311576,19.59972301915691,342.1949727145744,-0.08843959086596098,0.029301485758957135,0.995529098570874,-0.015545919028547864,0.0,0.0,0.0,0.0,0.0,0.0,0.0,0.0,0.0,0.0,0.0,0.0,0.0,0.0,0.0,0.0,0.0,0.0,0.0,0.0,0.0,0.0,0.0,0.0,0.0,0.0,0.0,0.0,0.0,0.0,0.0,0.0,0.0,0.0,0.0,0.0,0.3678299054646933,-0.05379111324451413,-0.004866773844106053,0.01039835723829757,0.0373867787705834,0.09105340656262786,0.0,0.0,0.0,0.0,0.0,0.0,0.0,0.0,0.0,0.0,0.0,0.0,0.0,0.0,0.0,0.0,0.0,0.0,0.0,0.0,0.0,0.0,0.0,0.0,0.0,0.0,0.0,0.0,0.0,0.0,0.0,0.0,0.0,0.0,0.0,0.0
23101000000,23,100000000,Archimede_odom,Archimede_base_link,-14.125126541798446,19.603319399631875,342.18781053116004,-0.09042170414341699,0.02966239801615545,0.9952544833857081,-0.02031184049708795,0.0,0.0,0.0,0.0,0.0,0.0,0.0,0.0,0.0,0.0,0.0,0.0,0.0,0.0,0.0,0.0,0.0,0.0,0.0,0.0,0.0,0.0,0.0,0.0,0.0,0.0,0.0,0.0,0.0,0.0,0.0,0.0,0.0,0.0,0.0,0.0,0.35844733243354543,-0.049093901632566495,0.0009387034903859009,-0.006980698161230724,0.034324259408673875,0.08678696588157925,0.0,0.0,0.0,0.0,0.0,0.0,0.0,0.0,0.0,0.0,0.0,0.0,0.0,0.0,0.0,0.0,0.0,0.0,0.0,0.0,0.0,0.0,0.0,0.0,0.0,0.0,0.0,0.0,0.0,0.0,0.0,0.0,0.0,0.0,0.0,0.0
23200000000,23,200000000,Archimede_odom,Archimede_base_link,-14.161303636328718,19.60684070143641,342.1809541480515,-0.09249641016165044,0.030157569043003558,0.9949936418322841,-0.022860180444443847,0.0,0.0,0.0,0.0,0.0,0.0,0.0,0.0,0.0,0.0,0.0,0.0,0.0,0.0,0.0,0.0,0.0,0.0,0.0,0.0,0.0,0.0,0.0,0.0,0.0,0.0,0.0,0.0,0.0,0.0,0.0,0.0,0.0,0.0,0.0,0.0,0.370886695454886,-0.055917418278550304,0.0011318326977986192,0.017453093409803715,0.050249782221655895,0.02424175076190749,0.0,0.0,0.0,0.0,0.0,0.0,0.0,0.0,0.0,0.0,0.0,0.0,0.0,0.0,0.0,0.0,0.0,0.0,0.0,0.0,0.0,0.0,0.0,0.0,0.0,0.0,0.0,0.0,0.0,0.0,0.0,0.0,0.0,0.0,0.0,0.0
23300000000,23,300000000,Archimede_odom,Archimede_base_link,-14.197845885532379,19.610349951121208,342.1738808255002,-0.09465913383417093,0.030512558983802535,0.9947785185423886,-0.022898278813811578,0.0,0.0,0.0,0.0,0.0,0.0,0.0,0.0,0.0,0.0,0.0,0.0,0.0,0.0,0.0,0.0,0.0,0.0,0.0,0.0,0.0,0.0,0.0,0.0,0.0,0.0,0.0,0.0,0.0,0.0,0.0,0.0,0.0,0.0,0.0,0.0,0.3710594273765027,-0.05411833104154995,0.0013336279955972062,0.006842031738559519,0.04177558327000996,-0.01740160986736674,0.0,0.0,0.0,0.0,0.0,0.0,0.0,0.0,0.0,0.0,0.0,0.0,0.0,0.0,0.0,0.0,0.0,0.0,0.0,0.0,0.0,0.0,0.0,0.0,0.0,0.0,0.0,0.0,0.0,0.0,0.0,0.0,0.0,0.0,0.0,0.0
23400000000,23,400000000,Archimede_odom,Archimede_base_link,-14.234961138834578,19.613890733471752,342.16660002851523,-0.09655545950893468,0.030230786611934016,0.994641275251349,-0.021257383334088335,0.0,0.0,0.0,0.0,0.0,0.0,0.0,0.0,0.0,0.0,0.0,0.0,0.0,0.0,0.0,0.0,0.0,0.0,0.0,0.0,0.0,0.0,0.0,0.0,0.0,0.0,0.0,0.0,0.0,0.0,0.0,0.0,0.0,0.0,0.0,0.0,0.3797238156465442,-0.05450755135613541,0.0021414835880950263,-0.007349174260052561,0.03388881837866168,-0.04693592640670251,0.0,0.0,0.0,0.0,0.0,0.0,0.0,0.0,0.0,0.0,0.0,0.0,0.0,0.0,0.0,0.0,0.0,0.0,0.0,0.0,0.0,0.0,0.0,0.0,0.0,0.0,0.0,0.0,0.0,0.0,0.0,0.0,0.0,0.0,0.0,0.0
23500000000,23,500000000,Archimede_odom,Archimede_base_link,-14.272631442265888,19.617634197387915,342.1591500333718,-0.09828964037778119,0.02948138714091015,0.9945506844286719,-0.018410065429396,0.0,0.0,0.0,0.0,0.0,0.0,0.0,0.0,0.0,0.0,0.0,0.0,0.0,0.0,0.0,0.0,0.0,0.0,0.0,0.0,0.0,0.0,0.0,0.0,0.0,0.0,0.0,0.0,0.0,0.0,0.0,0.0,0.0,0.0,0.0,0.0,0.3833972113575258,-0.05485529604094208,0.002964600649705822,-0.009526449909941878,0.0328155258752513,-0.06796639542610426,0.0,0.0,0.0,0.0,0.0,0.0,0.0,0.0,0.0,0.0,0.0,0.0,0.0,0.0,0.0,0.0,0.0,0.0,0.0,0.0,0.0,0.0,0.0,0.0,0.0,0.0,0.0,0.0,0.0,0.0,0.0,0.0,0.0,0.0,0.0,0.0
23600000000,23,600000000,Archimede_odom,Archimede_base_link,-14.310539461600554,19.621611375329742,342.151605590746,-0.10000203104734509,0.028558534643718003,0.9944685840898936,-0.014705072038296251,0.0,0.0,0.0,0.0,0.0,0.0,0.0,0.0,0.0,0.0,0.0,0.0,0.0,0.0,0.0,0.0,0.0,0.0,0.0,0.0,0.0,0.0,0.0,0.0,0.0,0.0,0.0,0.0,0.0,0.0,0.0,0.0,0.0,0.0,0.0,0.0,0.385615039104653,-0.054332870309392156,0.00387780172357347,-0.011014860435146457,0.03206654667883867,-0.0826910765213016,0.0,0.0,0.0,0.0,0.0,0.0,0.0,0.0,0.0,0.0,0.0,0.0,0.0,0.0,0.0,0.0,0.0,0.0,0.0,0.0,0.0,0.0,0.0,0.0,0.0,0.0,0.0,0.0,0.0,0.0,0.0,0.0,0.0,0.0,0.0,0.0
23700000000,23,700000000,Archimede_odom,Archimede_base_link,-14.348571699473423,19.62581092219025,342.1440002496985,-0.10169873252476597,0.02751502255111323,0.9943802594990379,-0.010401483331418342,0.0,0.0,0.0,0.0,0.0,0.0,0.0,0.0,0.0,0.0,0.0,0.0,0.0,0.0,0.0,0.0,0.0,0.0,0.0,0.0,0.0,0.0,0.0,0.0,0.0,0.0,0.0,0.0,0.0,0.0,0.0,0.0,0.0,0.0,0.0,0.0,0.3870139866825736,-0.05319316944342101,0.004851375880410308,-0.012024575626265627,0.031571890108864804,-0.09295220755078105,0.0,0.0,0.0,0.0,0.0,0.0,0.0,0.0,0.0,0.0,0.0,0.0,0.0,0.0,0.0,0.0,0.0,0.0,0.0,0.0,0.0,0.0,0.0,0.0,0.0,0.0,0.0,0.0,0.0,0.0,0.0,0.0,0.0,0.0,0.0,0.0
23800000000,23,800000000,Archimede_odom,Archimede_base_link,-14.386638519703771,19.63023396923089,342.13641966270575,-0.10332531715987608,0.02642536697268246,0.9942802588322261,-0.005687328959305472,0.0,0.0,0.0,0.0,0.0,0.0,0.0,0.0,0.0,0.0,0.0,0.0,0.0,0.0,0.0,0.0,0.0,0.0,0.0,0.0,0.0,0.0,0.0,0.0,0.0,0.0,0.0,0.0,0.0,0.0,0.0,0.0,0.0,0.0,0.0,0.0,0.385139960371419,-0.05166416388820562,0.008158679283390912,-0.007044053341186141,0.028010018829720797,-0.09871610152862173,0.0,0.0,0.0,0.0,0.0,0.0,0.0,0.0,0.0,0.0,0.0,0.0,0.0,0.0,0.0,0.0,0.0,0.0,0.0,0.0,0.0,0.0,0.0,0.0,0.0,0.0,0.0,0.0,0.0,0.0,0.0,0.0,0.0,0.0,0.0,0.0
23900000000,23,900000000,Archimede_odom,Archimede_base_link,-14.424040581532237,19.63469074055778,342.1290585345626,-0.10481588766559313,0.025862547972582514,0.9941544360473887,-0.0013098062979360718,0.0,0.0,0.0,0.0,0.0,0.0,0.0,0.0,0.0,0.0,0.0,0.0,0.0,0.0,0.0,0.0,0.0,0.0,0.0,0.0,0.0,0.0,0.0,0.0,0.0,0.0,0.0,0.0,0.0,0.0,0.0,0.0,0.0,0.0,0.0,0.0,0.3797649490871081,-0.04674374787239528,0.008433872659523422,-0.0015105090016159085,0.027877662647461172,-0.06331838261783525,0.0,0.0,0.0,0.0,0.0,0.0,0.0,0.0,0.0,0.0,0.0,0.0,0.0,0.0,0.0,0.0,0.0,0.0,0.0,0.0,0.0,0.0,0.0,0.0,0.0,0.0,0.0,0.0,0.0,0.0,0.0,0.0,0.0,0.0,0.0,0.0
24000000000,24,0,Archimede_odom,Archimede_base_link,-14.460353234553336,19.639117708401304,342.1220991359279,-0.1061866158808378,0.025929514520115923,0.9940068471304718,0.0015654846742747055,0.0,0.0,0.0,0.0,0.0,0.0,0.0,0.0,0.0,0.0,0.0,0.0,0.0,0.0,0.0,0.0,0.0,0.0,0.0,0.0,0.0,0.0,0.0,0.0,0.0,0.0,0.0,0.0,0.0,0.0,0.0,0.0,0.0,0.0,0.0,0.0,0.3694679544015294,-0.047591617653183836,0.011098022397952607,0.015633213447175807,0.03170205631730115,-0.06563885427996898,0.0,0.0,0.0,0.0,0.0,0.0,0.0,0.0,0.0,0.0,0.0,0.0,0.0,0.0,0.0,0.0,0.0,0.0,0.0,0.0,0.0,0.0,0.0,0.0,0.0,0.0,0.0,0.0,0.0,0.0,0.0,0.0,0.0,0.0,0.0,0.0
24100000000,24,100000000,Archimede_odom,Archimede_base_link,-14.496771556001692,19.6439046679092,342.11500887849445,-0.10747176265837519,0.025881355486555856,0.9938573457567761,0.005248995577867292,0.0,0.0,0.0,0.0,0.0,0.0,0.0,0.0,0.0,0.0,0.0,0.0,0.0,0.0,0.0,0.0,0.0,0.0,0.0,0.0,0.0,0.0,0.0,0.0,0.0,0.0,0.0,0.0,0.0,0.0,0.0,0.0,0.0,0.0,0.0,0.0,0.3689513874858502,-0.04593486971268602,0.005830195630350406,0.005835316994177721,0.009414592393183647,-0.08094877176478577,0.0,0.0,0.0,0.0,0.0,0.0,0.0,0.0,0.0,0.0,0.0,0.0,0.0,0.0,0.0,0.0,0.0,0.0,0.0,0.0,0.0,0.0,0.0,0.0,0.0,0.0,0.0,0.0,0.0,0.0,0.0,0.0,0.0,0.0,0.0,0.0
24200000000,24,200000000,Archimede_odom,Archimede_base_link,-14.533756264959365,19.648965871733907,342.10725789251774,-0.10805047296844562,0.025719272781620266,0.9937682769443525,0.009392871655278355,0.0,0.0,0.0,0.0,0.0,0.0,0.0,0.0,0.0,0.0,0.0,0.0,0.0,0.0,0.0,0.0,0.0,0.0,0.0,0.0,0.0,0.0,0.0,0.0,0.0,0.0,0.0,0.0,0.0,0.0,0.0,0.0,0.0,0.0,0.0,0.0,0.3842991816171205,-0.04753169512113632,0.006408496335153261,0.00548959137683268,0.009636157669160077,-0.08455611500247663,0.0,0.0,0.0,0.0,0.0,0.0,0.0,0.0,0.0,0.0,0.0,0.0,0.0,0.0,0.0,0.0,0.0,0.0,0.0,0.0,0.0,0.0,0.0,0.0,0.0,0.0,0.0,0.0,0.0,0.0,0.0,0.0,0.0,0.0,0.0,0.0
24300000000,24,300000000,Archimede_odom,Archimede_base_link,-14.571722074176634,19.654442026890045,342.09928300967283,-0.10863857057131722,0.025516652895289833,0.9936593990817151,0.013695255594815985,0.0,0.0,0.0,0.0,0.0,0.0,0.0,0.0,0.0,0.0,0.0,0.0,0.0,0.0,0.0,0.0,0.0,0.0,0.0,0.0,0.0,0.0,0.0,0.0,0.0,0.0,0.0,0.0,0.0,0.0,0.0,0.0,0.0,0.0,0.0,0.0,0.39177035893912493,-0.04767250872515821,0.0068947862902535625,0.00498621104900476,0.00967951828125515,-0.08760856129131739,0.0,0.0,0.0,0.0,0.0,0.0,0.0,0.0,0.0,0.0,0.0,0.0,0.0,0.0,0.0,0.0,0.0,0.0,0.0,0.0,0.0,0.0,0.0,0.0,0.0,0.0,0.0,0.0,0.0,0.0,0.0,0.0,0.0,0.0,0.0,0.0
24400000000,24,400000000,Archimede_odom,Archimede_base_link,-14.61014092658588,19.66021451631258,342.0911965844064,-0.10922728596624502,0.025274670840987102,0.9935299884968638,0.018131546314362697,0.0,0.0,0.0,0.0,0.0,0.0,0.0,0.0,0.0,0.0,0.0,0.0,0.0,0.0,0.0,0.0,0.0,0.0,0.0,0.0,0.0,0.0,0.0,0.0,0.0,0.0,0.0,0.0,0.0,0.0,0.0,0.0,0.0,0.0,0.0,0.0,0.39531667477687094,-0.04655495248297979,0.00731610129625766,0.004539410603552237,0.009616839952465647,-0.09008648827963432,0.0,0.0,0.0,0.0,0.0,0.0,0.0,0.0,0.0,0.0,0.0,0.0,0.0,0.0,0.0,0.0,0.0,0.0,0.0,0.0,0.0,0.0,0.0,0.0,0.0,0.0,0.0,0.0,0.0,0.0,0.0,0.0,0.0,0.0,0.0,0.0
24500000000,24,500000000,Archimede_odom,Archimede_base_link,-14.648507237237636,19.666066669368075,342.083111699414,-0.10969538910619872,0.024807224911233106,0.9933977264429177,0.022638027720745826,0.0,0.0,0.0,0.0,0.0,0.0,0.0,0.0,0.0,0.0,0.0,0.0,0.0,0.0,0.0,0.0,0.0,0.0,0.0,0.0,0.0,0.0,0.0,0.0,0.0,0.0,0.0,0.0,0.0,0.0,0.0,0.0,0.0,0.0,0.0,0.0,0.3916560537698909,-0.042298634896464765,0.0075040922213007715,-0.003640774689708197,0.004550041912731305,-0.0913593918089427,0.0,0.0,0.0,0.0,0.0,0.0,0.0,0.0,0.0,0.0,0.0,0.0,0.0,0.0,0.0,0.0,0.0,0.0,0.0,0.0,0.0,0.0,0.0,0.0,0.0,0.0,0.0,0.0,0.0,0.0,0.0,0.0,0.0,0.0,0.0,0.0
24600000000,24,600000000,Archimede_odom,Archimede_base_link,-14.686587275117187,19.67210306702026,342.0752880654148,-0.10995533349819815,0.024456348644890488,0.9932642296997868,0.027163976975931814,0.0,0.0,0.0,0.0,0.0,0.0,0.0,0.0,0.0,0.0,0.0,0.0,0.0,0.0,0.0,0.0,0.0,0.0,0.0,0.0,0.0,0.0,0.0,0.0,0.0,0.0,0.0,0.0,0.0,0.0,0.0,0.0,0.0,0.0,0.0,0.0,0.38828508642338966,-0.04319363756183445,0.010965461317476572,0.01289084111785557,0.005673243334677397,-0.08957098546527531,0.0,0.0,0.0,0.0,0.0,0.0,0.0,0.0,0.0,0.0,0.0,0.0,0.0,0.0,0.0,0.0,0.0,0.0,0.0,0.0,0.0,0.0,0.0,0.0,0.0,0.0,0.0,0.0,0.0,0.0,0.0,0.0,0.0,0.0,0.0,0.0
24700000000,24,700000000,Archimede_odom,Archimede_base_link,-14.723623779551616,19.677953521947835,342.0678151047079,-0.10971490134655598,0.023550049525222466,0.9931848257321956,0.03149503969172791,0.0,0.0,0.0,0.0,0.0,0.0,0.0,0.0,0.0,0.0,0.0,0.0,0.0,0.0,0.0,0.0,0.0,0.0,0.0,0.0,0.0,0.0,0.0,0.0,0.0,0.0,0.0,0.0,0.0,0.0,0.0,0.0,0.0,0.0,0.0,0.0,0.37896630948030163,-0.03758672397167363,0.010430576014913335,-0.006861367171468921,-0.006073830498419708,-0.08684505206433403,0.0,0.0,0.0,0.0,0.0,0.0,0.0,0.0,0.0,0.0,0.0,0.0,0.0,0.0,0.0,0.0,0.0,0.0,0.0,0.0,0.0,0.0,0.0,0.0,0.0,0.0,0.0,0.0,0.0,0.0,0.0,0.0,0.0,0.0,0.0,0.0
24800000000,24,800000000,Archimede_odom,Archimede_base_link,-14.760220617367029,19.683804822523594,342.0603184762909,-0.10936108840596093,0.022683838797782147,0.9931002868687315,0.03574095719623084,0.0,0.0,0.0,0.0,0.0,0.0,0.0,0.0,0.0,0.0,0.0,0.0,0.0,0.0,0.0,0.0,0.0,0.0,0.0,0.0,0.0,0.0,0.0,0.0,0.0,0.0,0.0,0.0,0.0,0.0,0.0,0.0,0.0,0.0,0.0,0.0,0.37717716623565,-0.03355047485811341,0.008825097087052392,-0.005121147365702633,-0.008228928626730423,-0.08582425318351124,0.0,0.0,0.0,0.0,0.0,0.0,0.0,0.0,0.0,0.0,0.0,0.0,0.0,0.0,0.0,0.0,0.0,0.0,0.0,0.0,0.0,0.0,0.0,0.0,0.0,0.0,0.0,0.0,0.0,0.0,0.0,0.0,0.0,0.0,0.0,0.0
24900000000,24,900000000,Archimede_odom,Archimede_base_link,-14.797165890403695,19.689740600661814,342.05273666021924,-0.10891646045923893,0.02167237486427596,0.9930089797716815,0.040008485369700836,0.0,0.0,0.0,0.0,0.0,0.0,0.0,0.0,0.0,0.0,0.0,0.0,0.0,0.0,0.0,0.0,0.0,0.0,0.0,0.0,0.0,0.0,0.0,0.0,0.0,0.0,0.0,0.0,0.0,0.0,0.0,0.0,0.0,0.0,0.0,0.0,0.37974234814548147,-0.030690552044515818,0.00840842820492238,-0.011117513019005685,-0.011714324926739086,-0.08727553553732185,0.0,0.0,0.0,0.0,0.0,0.0,0.0,0.0,0.0,0.0,0.0,0.0,0.0,0.0,0.0,0.0,0.0,0.0,0.0,0.0,0.0,0.0,0.0,0.0,0.0,0.0,0.0,0.0,0.0,0.0,0.0,0.0,0.0,0.0,0.0,0.0
25000000000,25,0,Archimede_odom,Archimede_base_link,-14.834094365401043,19.69571685779704,342.04477370877754,-0.10798008194487445,0.02065444765833618,0.9929491917705878,0.044335068030212484,0.0,0.0,0.0,0.0,0.0,0.0,0.0,0.0,0.0,0.0,0.0,0.0,0.0,0.0,0.0,0.0,0.0,0.0,0.0,0.0,0.0,0.0,0.0,0.0,0.0,0.0,0.0,0.0,0.0,0.0,0.0,0.0,0.0,0.0,0.0,0.0,0.3863298314385411,-0.028676940097116972,0.002143423793336723,-0.01068274624330012,-0.02654436924858864,-0.08686203131757621,0.0,0.0,0.0,0.0,0.0,0.0,0.0,0.0,0.0,0.0,0.0,0.0,0.0,0.0,0.0,0.0,0.0,0.0,0.0,0.0,0.0,0.0,0.0,0.0,0.0,0.0,0.0,0.0,0.0,0.0,0.0,0.0,0.0,0.0,0.0,0.0
25100000000,25,100000000,Archimede_odom,Archimede_base_link,-14.865668968866434,19.698582904918165,342.03793465045794,-0.10625664076038574,0.01891881537892044,0.9930643186057965,0.046635435357483324,0.0,0.0,0.0,0.0,0.0,0.0,0.0,0.0,0.0,0.0,0.0,0.0,0.0,0.0,0.0,0.0,0.0,0.0,0.0,0.0,0.0,0.0,0.0,0.0,0.0,0.0,0.0,0.0,0.0,0.0,0.0,0.0,0.0,0.0,0.0,0.0,0.33173268113009247,0.002952195986444312,0.0017685325596128235,-0.0748474428791163,-0.06496846011956829,-0.01183687796073405,0.0,0.0,0.0,0.0,0.0,0.0,0.0,0.0,0.0,0.0,0.0,0.0,0.0,0.0,0.0,0.0,0.0,0.0,0.0,0.0,0.0,0.0,0.0,0.0,0.0,0.0,0.0,0.0,0.0,0.0,0.0,0.0,0.0,0.0,0.0,0.0
25200000000,25,200000000,Archimede_odom,Archimede_base_link,-14.899680278147349,19.701598015284713,342.03067816891803,-0.10417639493095499,0.016906118382497146,0.9933168301751448,0.04672404938818222,0.0,0.0,0.0,0.0,0.0,0.0,0.0,0.0,0.0,0.0,0.0,0.0,0.0,0.0,0.0,0.0,0.0,0.0,0.0,0.0,0.0,0.0,0.0,0.0,0.0,0.0,0.0,0.0,0.0,0.0,0.0,0.0,0.0,0.0,0.0,0.0,0.360858334686528,-0.0007830557230561182,0.00022350731828315812,-0.007438686519197081,-0.0260627617073468,-0.002617161466826623,0.0,0.0,0.0,0.0,0.0,0.0,0.0,0.0,0.0,0.0,0.0,0.0,0.0,0.0,0.0,0.0,0.0,0.0,0.0,0.0,0.0,0.0,0.0,0.0,0.0,0.0,0.0,0.0,0.0,0.0,0.0,0.0,0.0,0.0,0.0,0.0
25301000000,25,300000000,Archimede_odom,Archimede_base_link,-14.931551152675892,19.70484365487396,342.02385562890527,-0.10410133119642462,0.018505802143468444,0.9932863417203995,0.04693284012144002,0.0,0.0,0.0,0.0,0.0,0.0,0.0,0.0,0.0,0.0,0.0,0.0,0.0,0.0,0.0,0.0,0.0,0.0,0.0,0.0,0.0,0.0,0.0,0.0,0.0,0.0,0.0,0.0,0.0,0.0,0.0,0.0,0.0,0.0,0.0,0.0,0.23080923170119583,-0.005766622058676568,8.366094655983234e-05,0.0650794185730175,0.025792221731833286,-0.0003282720449857824,0.0,0.0,0.0,0.0,0.0,0.0,0.0,0.0,0.0,0.0,0.0,0.0,0.0,0.0,0.0,0.0,0.0,0.0,0.0,0.0,0.0,0.0,0.0,0.0,0.0,0.0,0.0,0.0,0.0,0.0,0.0,0.0,0.0,0.0,0.0,0.0
25400000000,25,400000000,Archimede_odom,Archimede_base_link,-14.944375656478197,19.706065540669925,342.02110731356134,-0.10371834248280135,0.01847151389336782,0.993319428029886,0.047093762914927034,0.0,0.0,0.0,0.0,0.0,0.0,0.0,0.0,0.0,0.0,0.0,0.0,0.0,0.0,0.0,0.0,0.0,0.0,0.0,0.0,0.0,0.0,0.0,0.0,0.0,0.0,0.0,0.0,0.0,0.0,0.0,0.0,0.0,0.0,0.0,0.0,0.12808385622507734,0.0008548536192992757,-3.0784914247208316e-05,-0.022714007730065787,-0.021553828514139974,-0.0018506663725326674,0.0,0.0,0.0,0.0,0.0,0.0,0.0,0.0,0.0,0.0,0.0,0.0,0.0,0.0,0.0,0.0,0.0,0.0,0.0,0.0,0.0,0.0,0.0,0.0,0.0,0.0,0.0,0.0,0.0,0.0,0.0,0.0,0.0,0.0,0.0,0.0
25500000000,25,500000000,Archimede_odom,Archimede_base_link,-14.954764735453598,19.707205647472804,342.0189741078421,-0.10373942245062656,0.019303847882787575,0.9932960453563161,0.04720656697994207,0.0,0.0,0.0,0.0,0.0,0.0,0.0,0.0,0.0,0.0,0.0,0.0,0.0,0.0,0.0,0.0,0.0,0.0,0.0,0.0,0.0,0.0,0.0,0.0,0.0,0.0,0.0,0.0,0.0,0.0,0.0,0.0,0.0,0.0,0.0,0.0,0.01982008472570983,-0.004245772897080612,0.00037850442604374444,0.047693506719496334,0.026858281516072446,-8.666796626794881e-06,0.0,0.0,0.0,0.0,0.0,0.0,0.0,0.0,0.0,0.0,0.0,0.0,0.0,0.0,0.0,0.0,0.0,0.0,0.0,0.0,0.0,0.0,0.0,0.0,0.0,0.0,0.0,0.0,0.0,0.0,0.0,0.0,0.0,0.0,0.0,0.0
25600000000,25,600000000,Archimede_odom,Archimede_base_link,-14.956592190155348,19.707416431394126,342.01861915148737,-0.10363532613443562,0.0193035569160552,0.9933053688135739,0.047239137942257085,0.0,0.0,0.0,0.0,0.0,0.0,0.0,0.0,0.0,0.0,0.0,0.0,0.0,0.0,0.0,0.0,0.0,0.0,0.0,0.0,0.0,0.0,0.0,0.0,0.0,0.0,0.0,0.0,0.0,0.0,0.0,0.0,0.0,0.0,0.0,0.0,0.0017050407351157763,-0.0014041425423139428,5.6374003809495585e-05,0.015025471405352436,0.00901250306241907,4.366356459703483e-05,0.0,0.0,0.0,0.0,0.0,0.0,0.0,0.0,0.0,0.0,0.0,0.0,0.0,0.0,0.0,0.0,0.0,0.0,0.0,0.0,0.0,0.0,0.0,0.0,0.0,0.0,0.0,0.0,0.0,0.0,0.0,0.0,0.0,0.0,0.0,0.0
25700000000,25,700000000,Archimede_odom,Archimede_base_link,-14.95711338917215,19.707551281893373,342.01851628748744,-0.1037471861687808,0.019555250329948624,0.9932860883988214,0.04729545580668625,0.0,0.0,0.0,0.0,0.0,0.0,0.0,0.0,0.0,0.0,0.0,0.0,0.0,0.0,0.0,0.0,0.0,0.0,0.0,0.0,0.0,0.0,0.0,0.0,0.0,0.0,0.0,0.0,0.0,0.0,0.0,0.0,0.0,0.0,0.0,0.0,0.008554222367393408,-0.0007234383452694412,0.00017521975169447154,0.0,0.0,0.0,0.0,0.0,0.0,0.0,0.0,0.0,0.0,0.0,0.0,0.0,0.0,0.0,0.0,0.0,0.0,0.0,0.0,0.0,0.0,0.0,0.0,0.0,0.0,0.0,0.0,0.0,0.0,0.0,0.0,0.0,0.0,0.0,0.0,0.0,0.0,0.0
25800000000,25,800000000,Archimede_odom,Archimede_base_link,-14.957995660587404,19.707705522611725,342.0183429438919,-0.10371260351176298,0.01957026963758301,0.9932859543138247,0.04736785177732362,0.0,0.0,0.0,0.0,0.0,0.0,0.0,0.0,0.0,0.0,0.0,0.0,0.0,0.0,0.0,0.0,0.0,0.0,0.0,0.0,0.0,0.0,0.0,0.0,0.0,0.0,0.0,0.0,0.0,0.0,0.0,0.0,0.0,0.0,0.0,0.0,0.009334654192010591,-0.0007219635985661503,0.0001843514258524505,0.0,0.0,0.0,0.0,0.0,0.0,0.0,0.0,0.0,0.0,0.0,0.0,0.0,0.0,0.0,0.0,0.0,0.0,0.0,0.0,0.0,0.0,0.0,0.0,0.0,0.0,0.0,0.0,0.0,0.0,0.0,0.0,0.0,0.0,0.0,0.0,0.0,0.0,0.0
25900000000,25,900000000,Archimede_odom,Archimede_base_link,-14.958902195297023,19.707862352273473,342.0181645203724,-0.10367703262290477,0.019586206605318783,0.9932859267226312,0.047439658431387394,0.0,0.0,0.0,0.0,0.0,0.0,0.0,0.0,0.0,0.0,0.0,0.0,0.0,0.0,0.0,0.0,0.0,0.0,0.0,0.0,0.0,0.0,0.0,0.0,0.0,0.0,0.0,0.0,0.0,0.0,0.0,0.0,0.0,0.0,0.0,0.0,0.009345027647319001,-0.000720970169349192,0.00018134620965213857,0.0,0.0,0.0,0.0,0.0,0.0,0.0,0.0,0.0,0.0,0.0,0.0,0.0,0.0,0.0,0.0,0.0,0.0,0.0,0.0,0.0,0.0,0.0,0.0,0.0,0.0,0.0,0.0,0.0,0.0,0.0,0.0,0.0,0.0,0.0,0.0,0.0,0.0,0.0
26000000000,26,0,Archimede_odom,Archimede_base_link,-14.959809132958553,19.7080192594718,342.0179858585994,-0.10364140811108291,0.01960210191819595,0.993285899192839,0.04751145745832191,0.0,0.0,0.0,0.0,0.0,0.0,0.0,0.0,0.0,0.0,0.0,0.0,0.0,0.0,0.0,0.0,0.0,0.0,0.0,0.0,0.0,0.0,0.0,0.0,0.0,0.0,0.0,0.0,0.0,0.0,0.0,0.0,0.0,0.0,0.0,0.0,0.009347357738564521,-0.000720206754797704,0.00017979039726582997,0.0,0.0,0.0,0.0,0.0,0.0,0.0,0.0,0.0,0.0,0.0,0.0,0.0,0.0,0.0,0.0,0.0,0.0,0.0,0.0,0.0,0.0,0.0,0.0,0.0,0.0,0.0,0.0,0.0,0.0,0.0,0.0,0.0,0.0,0.0,0.0,0.0,0.0,0.0
26100000000,26,100000000,Archimede_odom,Archimede_base_link,-14.960728508729629,19.708178657363746,342.01780470026483,-0.10360530769044389,0.019618374813688933,0.9932859277528338,0.04758282585377409,0.0,0.0,0.0,0.0,0.0,0.0,0.0,0.0,0.0,0.0,0.0,0.0,0.0,0.0,0.0,0.0,0.0,0.0,0.0,0.0,0.0,0.0,0.0,0.0,0.0,0.0,0.0,0.0,0.0,0.0,0.0,0.0,0.0,0.0,0.0,0.0,0.009515908404496766,-0.0007395657158022599,0.00018221058407640219,0.0,0.0,0.0,0.0,0.0,0.0,0.0,0.0,0.0,0.0,0.0,0.0,0.0,0.0,0.0,0.0,0.0,0.0,0.0,0.0,0.0,0.0,0.0,0.0,0.0,0.0,0.0,0.0,0.0,0.0,0.0,0.0,0.0,0.0,0.0,0.0,0.0,0.0,0.0
26200000000,26,200000000,Archimede_odom,Archimede_base_link,-14.961650522071903,19.708337408752676,342.01762305828044,-0.103569104420491,0.019634861293595644,0.9932859543810102,0.047654230252143624,0.0,0.0,0.0,0.0,0.0,0.0,0.0,0.0,0.0,0.0,0.0,0.0,0.0,0.0,0.0,0.0,0.0,0.0,0.0,0.0,0.0,0.0,0.0,0.0,0.0,0.0,0.0,0.0,0.0,0.0,0.0,0.0,0.0,0.0,0.0,0.0,0.009286071559186126,-0.000697611759965084,0.00017661774031283068,0.0,0.0,0.0,0.0,0.0,0.0,0.0,0.0,0.0,0.0,0.0,0.0,0.0,0.0,0.0,0.0,0.0,0.0,0.0,0.0,0.0,0.0,0.0,0.0,0.0,0.0,0.0,0.0,0.0,0.0,0.0,0.0,0.0,0.0,0.0,0.0,0.0,0.0,0.0
26300000000,26,300000000,Archimede_odom,Archimede_base_link,-14.962549506947086,19.70849329390652,342.01744583457054,-0.10353373847441029,0.019650367923150176,0.9932858715960468,0.04772635881437963,0.0,0.0,0.0,0.0,0.0,0.0,0.0,0.0,0.0,0.0,0.0,0.0,0.0,0.0,0.0,0.0,0.0,0.0,0.0,0.0,0.0,0.0,0.0,0.0,0.0,0.0,0.0,0.0,0.0,0.0,0.0,0.0,0.0,0.0,0.0,0.0,0.009337651523823277,-0.0007175308984022747,0.0001771389532280706,0.0,0.0,0.0,0.0,0.0,0.0,0.0,0.0,0.0,0.0,0.0,0.0,0.0,0.0,0.0,0.0,0.0,0.0,0.0,0.0,0.0,0.0,0.0,0.0,0.0,0.0,0.0,0.0,0.0,0.0,0.0,0.0,0.0,0.0,0.0,0.0,0.0,0.0,0.0
26400000000,26,400000000,Archimede_odom,Archimede_base_link,-14.963454533746848,19.70865030659186,342.0172674230495,-0.10349814147254327,0.019666045980356206,0.9932858046002715,0.04779844900014138,0.0,0.0,0.0,0.0,0.0,0.0,0.0,0.0,0.0,0.0,0.0,0.0,0.0,0.0,0.0,0.0,0.0,0.0,0.0,0.0,0.0,0.0,0.0,0.0,0.0,0.0,0.0,0.0,0.0,0.0,0.0,0.0,0.0,0.0,0.0,0.0,0.009274080934662502,-0.00073455022778393,0.00017476369821916755,0.0,0.0,0.0,0.0,0.0,0.0,0.0,0.0,0.0,0.0,0.0,0.0,0.0,0.0,0.0,0.0,0.0,0.0,0.0,0.0,0.0,0.0,0.0,0.0,0.0,0.0,0.0,0.0,0.0,0.0,0.0,0.0,0.0,0.0,0.0,0.0,0.0,0.0,0.0
26500000000,26,500000000,Archimede_odom,Archimede_base_link,-14.964362464478342,19.708807446625265,342.0170884659962,-0.10346243869532362,0.019681898255549748,0.99328575048742,0.047870288686382434,0.0,0.0,0.0,0.0,0.0,0.0,0.0,0.0,0.0,0.0,0.0,0.0,0.0,0.0,0.0,0.0,0.0,0.0,0.0,0.0,0.0,0.0,0.0,0.0,0.0,0.0,0.0,0.0,0.0,0.0,0.0,0.0,0.0,0.0,0.0,0.0,0.00936646498064965,-0.0006990307039033265,0.00017642494155323745,0.0,0.0,0.0,0.0,0.0,0.0,0.0,0.0,0.0,0.0,0.0,0.0,0.0,0.0,0.0,0.0,0.0,0.0,0.0,0.0,0.0,0.0,0.0,0.0,0.0,0.0,0.0,0.0,0.0,0.0,0.0,0.0,0.0,0.0,0.0,0.0,0.0,0.0,0.0
26600000000,26,600000000,Archimede_odom,Archimede_base_link,-14.965261361627752,19.70896336815393,342.01691124403516,-0.10342705836828243,0.01969734163905788,0.9932856402168272,0.047942624757995086,0.0,0.0,0.0,0.0,0.0,0.0,0.0,0.0,0.0,0.0,0.0,0.0,0.0,0.0,0.0,0.0,0.0,0.0,0.0,0.0,0.0,0.0,0.0,0.0,0.0,0.0,0.0,0.0,0.0,0.0,0.0,0.0,0.0,0.0,0.0,0.0,0.009323935810316781,-0.0006978259419703987,0.0001748894187510663,0.0,0.0,0.0,0.0,0.0,0.0,0.0,0.0,0.0,0.0,0.0,0.0,0.0,0.0,0.0,0.0,0.0,0.0,0.0,0.0,0.0,0.0,0.0,0.0,0.0,0.0,0.0,0.0,0.0,0.0,0.0,0.0,0.0,0.0,0.0,0.0,0.0,0.0,0.0
26700000000,26,700000000,Archimede_odom,Archimede_base_link,-14.966154765081184,19.709118376435203,342.01673508532036,-0.10339187341228441,0.019712557046437047,0.9932854925755001,0.04801526680166509,0.0,0.0,0.0,0.0,0.0,0.0,0.0,0.0,0.0,0.0,0.0,0.0,0.0,0.0,0.0,0.0,0.0,0.0,0.0,0.0,0.0,0.0,0.0,0.0,0.0,0.0,0.0,0.0,0.0,0.0,0.0,0.0,0.0,0.0,0.0,0.0,0.009135732848836,-0.000695137723951451,0.00017012556167336697,0.0,0.0,0.0,0.0,0.0,0.0,0.0,0.0,0.0,0.0,0.0,0.0,0.0,0.0,0.0,0.0,0.0,0.0,0.0,0.0,0.0,0.0,0.0,0.0,0.0,0.0,0.0,0.0,0.0,0.0,0.0,0.0,0.0,0.0,0.0,0.0,0.0,0.0,0.0
26800000000,26,800000000,Archimede_odom,Archimede_base_link,-14.967044170730604,19.70927303878649,342.016559688382,-0.10335683227397188,0.019727592405116786,0.9932853252891434,0.048087939084851275,0.0,0.0,0.0,0.0,0.0,0.0,0.0,0.0,0.0,0.0,0.0,0.0,0.0,0.0,0.0,0.0,0.0,0.0,0.0,0.0,0.0,0.0,0.0,0.0,0.0,0.0,0.0,0.0,0.0,0.0,0.0,0.0,0.0,0.0,0.0,0.0,0.009219266007458825,-0.0007147168612161678,0.00017126214381614683,0.0,0.0,0.0,0.0,0.0,0.0,0.0,0.0,0.0,0.0,0.0,0.0,0.0,0.0,0.0,0.0,0.0,0.0,0.0,0.0,0.0,0.0,0.0,0.0,0.0,0.0,0.0,0.0,0.0,0.0,0.0,0.0,0.0,0.0,0.0,0.0,0.0,0.0,0.0
26900000000,26,900000000,Archimede_odom,Archimede_base_link,-14.967967915813329,19.709433890605457,342.0163775938887,-0.10332052135793628,0.019743815847331547,0.9932853149990657,0.048159470608777843,0.0,0.0,0.0,0.0,0.0,0.0,0.0,0.0,0.0,0.0,0.0,0.0,0.0,0.0,0.0,0.0,0.0,0.0,0.0,0.0,0.0,0.0,0.0,0.0,0.0,0.0,0.0,0.0,0.0,0.0,0.0,0.0,0.0,0.0,0.0,0.0,0.009557244321175648,-0.0007346582367662757,0.00017762190894349798,0.0,0.0,0.0,0.0,0.0,0.0,0.0,0.0,0.0,0.0,0.0,0.0,0.0,0.0,0.0,0.0,0.0,0.0,0.0,0.0,0.0,0.0,0.0,0.0,0.0,0.0,0.0,0.0,0.0,0.0,0.0,0.0,0.0,0.0,0.0,0.0,0.0,0.0,0.0
27000000000,27,0,Archimede_odom,Archimede_base_link,-14.968894587090084,19.709594261139273,342.0161949763963,-0.10328410235007006,0.019760264408309594,0.9932853066521579,0.048230962474147654,0.0,0.0,0.0,0.0,0.0,0.0,0.0,0.0,0.0,0.0,0.0,0.0,0.0,0.0,0.0,0.0,0.0,0.0,0.0,0.0,0.0,0.0,0.0,0.0,0.0,0.0,0.0,0.0,0.0,0.0,0.0,0.0,0.0,0.0,0.0,0.0,0.009545662908254277,-0.0007159904399020895,0.00017679287467406774,0.0,0.0,0.0,0.0,0.0,0.0,0.0,0.0,0.0,0.0,0.0,0.0,0.0,0.0,0.0,0.0,0.0,0.0,0.0,0.0,0.0,0.0,0.0,0.0,0.0,0.0,0.0,0.0,0.0,0.0,0.0,0.0,0.0,0.0,0.0,0.0,0.0,0.0,0.0
27100000000,27,100000000,Archimede_odom,Archimede_base_link,-14.969821269218404,19.709754840378018,342.0160123445256,-0.10324767726124665,0.01977667427832141,0.9932852916691867,0.04830248076760941,0.0,0.0,0.0,0.0,0.0,0.0,0.0,0.0,0.0,0.0,0.0,0.0,0.0,0.0,0.0,0.0,0.0,0.0,0.0,0.0,0.0,0.0,0.0,0.0,0.0,0.0,0.0,0.0,0.0,0.0,0.0,0.0,0.0,0.0,0.0,0.0,0.009554869798356378,-0.0007142129821224102,0.0001763358341849518,0.0,0.0,0.0,0.0,0.0,0.0,0.0,0.0,0.0,0.0,0.0,0.0,0.0,0.0,0.0,0.0,0.0,0.0,0.0,0.0,0.0,0.0,0.0,0.0,0.0,0.0,0.0,0.0,0.0,0.0,0.0,0.0,0.0,0.0,0.0,0.0,0.0,0.0,0.0
27200000000,27,200000000,Archimede_odom,Archimede_base_link,-14.970748286395066,19.709915554963807,342.01582964048475,-0.10321123364119301,0.019793066420509396,0.9932852689239751,0.048374066508439825,0.0,0.0,0.0,0.0,0.0,0.0,0.0,0.0,0.0,0.0,0.0,0.0,0.0,0.0,0.0,0.0,0.0,0.0,0.0,0.0,0.0,0.0,0.0,0.0,0.0,0.0,0.0,0.0,0.0,0.0,0.0,0.0,0.0,0.0,0.0,0.0,0.009549984836652727,-0.000733489942314129,0.00017532669682559558,0.0,0.0,0.0,0.0,0.0,0.0,0.0,0.0,0.0,0.0,0.0,0.0,0.0,0.0,0.0,0.0,0.0,0.0,0.0,0.0,0.0,0.0,0.0,0.0,0.0,0.0,0.0,0.0,0.0,0.0,0.0,0.0,0.0,0.0,0.0,0.0,0.0,0.0,0.0
27300000000,27,300000000,Archimede_odom,Archimede_base_link,-14.971675695876291,19.710076381390603,342.015646855842,-0.10317477061758068,0.01980945527010078,0.9932852406233035,0.04844567008327843,0.0,0.0,0.0,0.0,0.0,0.0,0.0,0.0,0.0,0.0,0.0,0.0,0.0,0.0,0.0,0.0,0.0,0.0,0.0,0.0,0.0,0.0,0.0,0.0,0.0,0.0,0.0,0.0,0.0,0.0,0.0,0.0,0.0,0.0,0.0,0.0,0.009558050743111205,-0.0007331327918902345,0.00017481120134454778,0.0,0.0,0.0,0.0,0.0,0.0,0.0,0.0,0.0,0.0,0.0,0.0,0.0,0.0,0.0,0.0,0.0,0.0,0.0,0.0,0.0,0.0,0.0,0.0,0.0,0.0,0.0,0.0,0.0,0.0,0.0,0.0,0.0,0.0,0.0,0.0,0.0,0.0,0.0
27400000000,27,400000000,Archimede_odom,Archimede_base_link,-14.972603215935814,19.710237267847262,342.01546404502636,-0.10313829800814615,0.01982582701537661,0.9932852043198095,0.04851732625046229,0.0,0.0,0.0,0.0,0.0,0.0,0.0,0.0,0.0,0.0,0.0,0.0,0.0,0.0,0.0,0.0,0.0,0.0,0.0,0.0,0.0,0.0,0.0,0.0,0.0,0.0,0.0,0.0,0.0,0.0,0.0,0.0,0.0,0.0,0.0,0.0,0.009540246983943642,-0.0007307159862893106,0.00017375710164941883,0.0,0.0,0.0,0.0,0.0,0.0,0.0,0.0,0.0,0.0,0.0,0.0,0.0,0.0,0.0,0.0,0.0,0.0,0.0,0.0,0.0,0.0,0.0,0.0,0.0,0.0,0.0,0.0,0.0,0.0,0.0,0.0,0.0,0.0,0.0,0.0,0.0,0.0,0.0
27500000000,27,500000000,Archimede_odom,Archimede_base_link,-14.973528883711777,19.710397917226018,342.01528158976095,-0.10310188972593715,0.019842118826919743,0.9932851543547231,0.04858901927301111,0.0,0.0,0.0,0.0,0.0,0.0,0.0,0.0,0.0,0.0,0.0,0.0,0.0,0.0,0.0,0.0,0.0,0.0,0.0,0.0,0.0,0.0,0.0,0.0,0.0,0.0,0.0,0.0,0.0,0.0,0.0,0.0,0.0,0.0,0.0,0.0,0.00954490499695312,-0.0007306935574890258,0.00017318602132472907,0.0,0.0,0.0,0.0,0.0,0.0,0.0,0.0,0.0,0.0,0.0,0.0,0.0,0.0,0.0,0.0,0.0,0.0,0.0,0.0,0.0,0.0,0.0,0.0,0.0,0.0,0.0,0.0,0.0,0.0,0.0,0.0,0.0,0.0,0.0,0.0,0.0,0.0,0.0
27600000000,27,600000000,Archimede_odom,Archimede_base_link,-14.974454945892235,19.710558672315187,342.01509905386814,-0.10306546205905343,0.019858408750507133,0.9932850989254647,0.048660727338187944,0.0,0.0,0.0,0.0,0.0,0.0,0.0,0.0,0.0,0.0,0.0,0.0,0.0,0.0,0.0,0.0,0.0,0.0,0.0,0.0,0.0,0.0,0.0,0.0,0.0,0.0,0.0,0.0,0.0,0.0,0.0,0.0,0.0,0.0,0.0,0.0,0.009549525409454435,-0.0007299924579868788,0.00017259290985743655,0.0,0.0,0.0,0.0,0.0,0.0,0.0,0.0,0.0,0.0,0.0,0.0,0.0,0.0,0.0,0.0,0.0,0.0,0.0,0.0,0.0,0.0,0.0,0.0,0.0,0.0,0.0,0.0,0.0,0.0,0.0,0.0,0.0,0.0,0.0,0.0,0.0,0.0,0.0
27700000000,27,700000000,Archimede_odom,Archimede_base_link,-14.97538130772506,19.710719526957064,342.01491645498413,-0.10302901814085663,0.019874689782327287,0.9932850370278454,0.04873246703768656,0.0,0.0,0.0,0.0,0.0,0.0,0.0,0.0,0.0,0.0,0.0,0.0,0.0,0.0,0.0,0.0,0.0,0.0,0.0,0.0,0.0,0.0,0.0,0.0,0.0,0.0,0.0,0.0,0.0,0.0,0.0,0.0,0.0,0.0,0.0,0.0,0.009551723572468208,-0.0007293715065184172,0.00017194498126608718,0.0,0.0,0.0,0.0,0.0,0.0,0.0,0.0,0.0,0.0,0.0,0.0,0.0,0.0,0.0,0.0,0.0,0.0,0.0,0.0,0.0,0.0,0.0,0.0,0.0,0.0,0.0,0.0,0.0,0.0,0.0,0.0,0.0,0.0,0.0,0.0,0.0,0.0,0.0
